order_id,order_date,customer_id,product_id,quantity,unit_price,order_status,sales_person,channel
O000001,2025-11-03,C0083,P1007,4,1070.79,已完成,刘洋,经销
O000002,2025-12-12,C0013,P1011,9,461.15,已完成,刘洋,经销
O000003,2025-03-22,C0033,P1010,4,608.12,已完成,王强,直销
O000004,2025-07-10,C0103,P1007,10,1066.34,已完成,赵磊,直销
O000005,2025-08-03,C0064,P1015,94,75.25,已完成,陈敏,老客户复购
O000006,2025-08-05,C0035,P1008,43,718.69,已完成,刘洋,老客户复购
O000007,2025-01-09,C0094,P1003,11,1567.33,已完成,陈敏,展会线索
O000008,2025-09-18,C0112,P1010,30,632.62,已完成,王强,展会线索
O000009,2025-02-17,C0045,P1010,39,614.62,已完成,陈敏,经销
O000010,2025-08-15,C0016,P1011,3,505.19,已完成,刘洋,老客户复购
O000011,2025-10-10,C0064,P1006,10,2160.22,已完成,赵磊,展会线索
O000012,2025-08-29,C0039,P1007,5,950.05,已完成,刘洋,老客户复购
O000013,2025-02-05,C0114,P1009,24,724.78,已完成,李娜,直销
O000014,2025-05-14,C0056,P1003,11,1530.9,已完成,陈敏,经销
O000015,2025-07-09,C0014,P1003,13,1556.17,已完成,赵磊,展会线索
O000016,2025-05-17,C0060,P1011,44,468.68,已完成,陈敏,老客户复购
O000017,2025-04-06,C0067,P1006,17,2352.36,已完成,李娜,老客户复购
O000018,2025-04-23,C0019,P1016,68,100.78,已完成,王强,老客户复购
O000019,2025-08-12,C0110,P1003,2,1616.23,已完成,刘洋,老客户复购
O000020,2025-09-04,C0081,P1012,19,336.25,已完成,赵磊,经销
O000021,2025-07-17,C0049,P1013,18,155.38,已完成,刘洋,展会线索
O000022,2025-12-15,C0104,P1005,4,1373.16,已完成,李娜,展会线索
O000023,2025-12-18,C0013,P1015,49,77.04,已完成,陈敏,展会线索
O000024,2025-05-31,C0065,P1011,9,481.62,已完成,张伟,老客户复购
O000025,2025-03-01,C0033,P1016,21,100.31,已完成,刘洋,经销
O000026,2025-08-21,C0044,P1011,5,511.28,已完成,赵磊,老客户复购
O000027,2025-04-26,C0011,P1003,6,1521.16,已完成,赵磊,老客户复购
O000028,2025-04-09,C0118,P1004,14,708.91,已完成,刘洋,老客户复购
O000029,2025-06-18,C0023,P1001,14,771.9,已完成,陈敏,老客户复购
O000030,2025-05-15,C0087,P1004,16,679.57,已完成,李娜,直销
O000031,2025-08-26,C0072,P1016,60,99.22,已完成,王强,直销
O000032,2025-10-13,C0079,P1010,35,588.49,已完成,刘洋,经销
O000033,2025-02-04,C0094,P1001,12,819.64,已完成,刘洋,展会线索
O000034,2025-04-09,C0091,P1015,102,82.29,已完成,赵磊,老客户复购
O000035,2025-04-26,C0037,P1006,1,2150.77,退货,李娜,老客户复购
O000036,2025-08-11,C0103,P1015,55,79.99,已完成,李娜,老客户复购
O000037,2025-05-07,C0063,P1013,19,175.76,已完成,赵磊,经销
O000038,2025-02-08,C0037,P1012,37,347.12,已完成,张伟,老客户复购
O000039,2025-11-09,C0076,P1003,8,1563.4,已完成,李娜,展会线索
O000040,2025-05-23,C0046,P1002,17,981.95,已完成,张伟,老客户复购
O000041,2025-04-11,C0064,P1012,7,357.41,已完成,陈敏,老客户复购
O000042,2025-12-16,C0065,P1010,18,573.12,已完成,张伟,老客户复购
O000043,2025-05-25,C0049,P1006,5,2124.79,已取消,陈敏,直销
O000044,2025-05-09,C0022,P1002,2,1000.92,已完成,陈敏,展会线索
O000045,2025-08-25,C0035,P1015,112,84.24,已完成,刘洋,直销
O000046,2025-03-17,C0069,P1002,14,969.23,已完成,赵磊,老客户复购
O000047,2025-07-23,C0003,P1012,23,365.43,已完成,李娜,直销
O000048,2025-01-23,C0007,P1015,109,79.6,已完成,陈敏,经销
O000049,2025-04-06,C0104,P1010,6,618.79,已完成,陈敏,展会线索
O000050,2025-06-09,C0114,P1009,37,709.6,已完成,王强,展会线索
O000051,2025-04-11,C0076,P1013,42,152.78,已完成,赵磊,直销
O000052,2025-04-05,C0047,P1001,3,750.88,已完成,刘洋,直销
O000053,2025-03-31,C0042,P1004,7,681.15,已取消,李娜,经销
O000054,2025-08-05,C0098,P1004,10,686.13,已完成,张伟,经销
O000055,2025-04-09,C0051,P1005,7,1447.19,已完成,赵磊,直销
O000056,2025-09-25,C0053,P1012,27,357.56,已完成,陈敏,展会线索
O000057,2025-03-25,C0101,P1004,17,676.98,已完成,陈敏,老客户复购
O000058,2025-09-22,C0040,P1015,61,83.6,已完成,王强,老客户复购
O000059,2025-04-09,C0074,P1008,23,749.2,已完成,陈敏,直销
O000060,2025-04-19,C0113,P1016,23,92.49,已完成,王强,经销
O000061,2025-08-23,C0085,P1016,18,102.16,已完成,赵磊,经销
O000062,2025-01-07,C0052,P1003,9,1659.07,已完成,王强,经销
O000063,2025-06-14,C0030,P1009,3,704.54,已完成,李娜,老客户复购
O000064,2025-10-28,C0092,P1005,12,1444.28,已完成,赵磊,老客户复购
O000065,2025-02-08,C0053,P1004,8,681.11,已完成,陈敏,老客户复购
O000066,2025-12-14,C0117,P1005,17,1346.78,已完成,王强,展会线索
O000067,2025-02-27,C0002,P1016,70,87.65,已完成,赵磊,直销
O000068,2025-09-09,C0010,P1008,22,654.21,已完成,刘洋,老客户复购
O000069,2025-05-23,C0056,P1010,5,576.93,已完成,张伟,直销
O000070,2025-08-12,C0008,P1006,8,2293.67,已完成,刘洋,直销
O000071,2025-11-12,C0071,P1001,9,731.45,退货,刘洋,老客户复购
O000072,2025-07-20,C0038,P1012,30,358.66,已完成,李娜,展会线索
O000073,2025-03-23,C0051,P1009,27,695.2,已完成,陈敏,老客户复购
O000074,2025-12-31,C0021,P1006,1,2389.94,已完成,赵磊,展会线索
O000075,2025-10-09,C0047,P1016,36,87.89,已完成,陈敏,直销
O000076,2025-11-07,C0105,P1012,33,356.47,已完成,陈敏,老客户复购
O000077,2025-02-22,C0114,P1013,19,166.31,已完成,张伟,经销
O000078,2025-06-22,C0074,P1003,17,1649.52,已完成,刘洋,展会线索
O000079,2025-02-08,C0081,P1008,5,715.41,已完成,陈敏,直销
O000080,2025-08-10,C0097,P1009,25,664.48,已完成,王强,老客户复购
O000081,2025-04-13,C0018,P1001,6,749.05,已完成,陈敏,直销
O000082,2025-11-04,C0066,P1007,15,1019.48,已完成,赵磊,展会线索
O000083,2025-05-13,C0097,P1007,17,930.98,已完成,李娜,老客户复购
O000084,2025-02-03,C0075,P1005,11,1447.07,已完成,陈敏,展会线索
O000085,2025-05-31,C0017,P1002,16,1038.49,已完成,李娜,老客户复购
O000086,2025-07-14,C0106,P1008,34,656.54,已完成,王强,展会线索
O000087,2025-01-05,C0043,P1005,6,1342.73,已完成,陈敏,直销
O000088,2025-02-03,C0017,P1005,9,1383.1,已完成,刘洋,经销
O000089,2025-02-25,C0106,P1014,70,39.95,已完成,王强,直销
O000090,2025-12-21,C0024,P1003,14,1629.09,已完成,张伟,经销
O000091,2025-12-31,C0009,P1002,7,1042.83,退货,张伟,展会线索
O000092,2025-10-01,C0056,P1008,17,682.68,已取消,刘洋,经销
O000093,2025-02-08,C0040,P1003,12,1572.39,已完成,刘洋,老客户复购
O000094,2025-03-08,C0079,P1007,4,972.18,已完成,王强,展会线索
O000095,2025-08-24,C0017,P1004,6,731.54,已完成,陈敏,经销
O000096,2025-11-11,C0119,P1009,35,665.97,已完成,李娜,展会线索
O000097,2025-04-22,C0021,P1003,9,1510.14,已完成,赵磊,经销
O000098,2025-02-05,C0120,P1014,93,39.93,已完成,王强,展会线索
O000099,2025-04-04,C0022,P1010,4,615.48,已完成,赵磊,老客户复购
O000100,2025-10-27,C0026,P1016,77,93.29,已完成,王强,老客户复购
O000101,2025-02-16,C0085,P1012,40,369.04,已完成,赵磊,展会线索
O000102,2025-09-16,C0007,P1005,10,1442.99,已完成,陈敏,展会线索
O000103,2025-06-17,C0098,P1004,5,678.77,已完成,赵磊,展会线索
O000104,2025-02-07,C0050,P1005,17,1482.65,已完成,王强,经销
O000105,2025-05-17,C0026,P1005,1,1354.84,退货,李娜,展会线索
O000106,2025-11-24,C0101,P1012,32,377.2,已完成,陈敏,直销
O000107,2025-03-19,C0064,P1005,13,1373.84,已完成,陈敏,展会线索
O000108,2025-04-14,C0046,P1007,6,1032.95,已完成,刘洋,经销
O000109,2025-05-25,C0109,P1005,14,1294.39,已完成,张伟,经销
O000110,2025-07-17,C0114,P1010,10,623.14,已完成,赵磊,老客户复购
O000111,2025-10-16,C0065,P1014,45,39.37,已完成,陈敏,直销
O000112,2025-10-16,C0005,P1009,12,647.31,已完成,陈敏,直销
O000113,2025-06-08,C0047,P1007,15,917.39,已完成,陈敏,经销
O000114,2025-11-28,C0094,P1001,4,791.01,已完成,王强,老客户复购
O000115,2025-01-11,C0116,P1005,6,1423.6,已完成,陈敏,直销
O000116,2025-08-06,C0071,P1007,1,1007.95,已完成,刘洋,展会线索
O000117,2025-12-22,C0111,P1012,39,326.64,已取消,刘洋,展会线索
O000118,2025-02-20,C0090,P1015,95,86.16,已完成,张伟,直销
O000119,2025-12-12,C0103,P1002,1,1059.95,已完成,刘洋,老客户复购
O000120,2025-05-29,C0047,P1011,12,432.6,退货,刘洋,直销
O000121,2025-03-04,C0051,P1013,40,167.94,已完成,张伟,直销
O000122,2025-01-17,C0071,P1001,7,691.19,已完成,刘洋,老客户复购
O000123,2025-10-12,C0070,P1010,30,620.11,已完成,张伟,老客户复购
O000124,2025-12-27,C0020,P1006,8,2275.63,已完成,王强,老客户复购
O000125,2025-08-03,C0052,P1012,34,365.26,已完成,李娜,经销
O000126,2025-05-24,C0068,P1001,14,803.34,已完成,赵磊,经销
O000127,2025-04-23,C0049,P1008,6,716.27,已完成,张伟,展会线索
O000128,2025-10-15,C0034,P1014,43,35.76,已完成,李娜,展会线索
O000129,2025-06-27,C0105,P1006,3,2203.62,已完成,李娜,经销
O000130,2025-02-23,C0042,P1009,35,704.06,已完成,王强,展会线索
O000131,2025-03-29,C0087,P1013,18,168.74,已完成,张伟,展会线索
O000132,2025-08-11,C0040,P1002,10,986.47,已完成,刘洋,经销
O000133,2025-02-05,C0079,P1011,3,452.94,已完成,王强,老客户复购
O000134,2025-07-14,C0072,P1004,5,670.86,已完成,陈敏,老客户复购
O000135,2025-02-22,C0037,P1015,95,73.66,已完成,王强,经销
O000136,2025-02-28,C0108,P1012,19,365.81,退货,陈敏,直销
O000137,2025-08-25,C0049,P1003,11,1433.12,已完成,赵磊,老客户复购
O000138,2025-04-08,C0034,P1001,10,714.25,已完成,刘洋,老客户复购
O000139,2025-06-02,C0061,P1011,44,478.87,已完成,刘洋,展会线索
O000140,2025-08-07,C0073,P1009,9,668.75,已完成,赵磊,直销
O000141,2025-07-09,C0063,P1001,11,765.21,已完成,刘洋,展会线索
O000142,2025-01-29,C0048,P1004,4,641.75,已完成,王强,经销
O000143,2025-04-08,C0049,P1015,31,74.68,已完成,王强,经销
O000144,2025-05-28,C0021,P1013,19,161.11,已完成,赵磊,老客户复购
O000145,2025-06-03,C0058,P1005,8,1466.57,已完成,刘洋,经销
O000146,2025-02-11,C0057,P1001,5,720.36,已完成,刘洋,直销
O000147,2025-01-12,C0045,P1002,17,983.24,已完成,陈敏,直销
O000148,2025-10-30,C0011,P1015,92,80.67,已完成,刘洋,经销
O000149,2025-07-17,C0118,P1014,21,39.77,已完成,王强,老客户复购
O000150,2025-02-16,C0006,P1009,19,660.01,已完成,李娜,经销
O000151,2025-09-27,C0016,P1011,10,516.47,已完成,赵磊,老客户复购
O000152,2025-04-13,C0005,P1009,37,702.92,已完成,王强,经销
O000153,2025-06-20,C0042,P1011,41,486.8,已完成,陈敏,老客户复购
O000154,2025-07-29,C0064,P1006,12,2108.24,已完成,王强,直销
O000155,2025-09-08,C0106,P1008,34,645.63,已完成,张伟,经销
O000156,2025-01-29,C0093,P1006,12,2434.51,已完成,李娜,展会线索
O000157,2025-09-23,C0012,P1005,5,1467.1,已取消,赵磊,老客户复购
O000158,2025-06-07,C0104,P1011,39,474.44,已完成,陈敏,直销
O000159,2025-03-14,C0014,P1006,4,2390.92,已完成,张伟,展会线索
O000160,2025-07-17,C0118,P1014,97,40.69,已完成,刘洋,老客户复购
O000161,2025-02-21,C0009,P1006,13,2322.99,已完成,刘洋,老客户复购
O000162,2025-08-29,C0116,P1013,7,163.45,已完成,李娜,展会线索
O000163,2025-04-09,C0073,P1008,44,743.2,已完成,赵磊,老客户复购
O000164,2025-01-03,C0099,P1003,15,1613.33,已完成,李娜,直销
O000165,2025-09-24,C0106,P1004,9,689.48,已完成,陈敏,老客户复购
O000166,2025-02-09,C0113,P1011,36,454.8,已完成,张伟,经销
O000167,2025-06-25,C0061,P1002,16,1042.46,已完成,张伟,老客户复购
O000168,2025-02-09,C0107,P1008,5,699.87,退货,张伟,直销
O000169,2025-08-25,C0089,P1008,18,715.27,已完成,赵磊,经销
O000170,2025-06-18,C0041,P1003,10,1553.63,已完成,王强,展会线索
O000171,2025-05-13,C0107,P1013,33,151.39,已完成,刘洋,经销
O000172,2025-06-07,C0110,P1001,2,811.84,已完成,刘洋,直销
O000173,2025-08-12,C0011,P1005,9,1299.77,已完成,赵磊,展会线索
O000174,2025-12-10,C0100,P1002,7,972.4,已取消,王强,直销
O000175,2025-03-01,C0023,P1012,24,337.23,已完成,李娜,展会线索
O000176,2025-08-07,C0021,P1012,19,335.27,已完成,李娜,老客户复购
O000177,2025-07-29,C0106,P1016,38,94.99,已完成,刘洋,老客户复购
O000178,2025-01-07,C0009,P1013,17,175.3,已完成,刘洋,老客户复购
O000179,2025-08-14,C0120,P1006,13,2255.59,已完成,王强,经销
O000180,2025-03-16,C0028,P1002,14,911.59,已取消,陈敏,直销
O000181,2025-08-24,C0004,P1011,18,511.33,已完成,刘洋,直销
O000182,2025-09-14,C0040,P1011,36,482.18,已完成,王强,经销
O000183,2025-01-12,C0068,P1007,8,997.16,退货,赵磊,经销
O000184,2025-01-08,C0094,P1013,9,172.3,已完成,赵磊,经销
O000185,2025-11-12,C0117,P1003,15,1430.18,已完成,李娜,老客户复购
O000186,2025-08-24,C0031,P1008,24,663.38,已完成,赵磊,直销
O000187,2025-03-05,C0056,P1001,14,772.49,已完成,李娜,经销
O000188,2025-08-05,C0104,P1012,10,373.83,已完成,李娜,直销
O000189,2025-03-17,C0119,P1002,16,972.84,已完成,张伟,经销
O000190,2025-08-30,C0040,P1008,35,757.91,已完成,李娜,老客户复购
O000191,2025-06-03,C0049,P1002,7,981.77,已完成,王强,直销
O000192,2025-04-16,C0022,P1002,11,990.09,已完成,陈敏,直销
O000193,2025-03-14,C0007,P1008,14,757.14,已完成,陈敏,展会线索
O000194,2025-11-14,C0075,P1007,11,1066.34,已完成,赵磊,直销
O000195,2025-01-03,C0006,P1003,14,1419.0,已完成,李娜,直销
O000196,2025-01-25,C0106,P1003,14,1442.91,已完成,刘洋,老客户复购
O000197,2025-07-02,C0006,P1003,6,1452.01,已完成,张伟,直销
O000198,2025-12-27,C0061,P1002,3,999.12,退货,陈敏,展会线索
O000199,2025-11-28,C0023,P1015,67,78.8,已完成,陈敏,展会线索
O000200,2025-12-30,C0094,P1007,17,1030.52,已完成,张伟,老客户复购
O000201,2025-12-20,C0060,P1013,36,172.79,已完成,张伟,经销
O000202,2025-07-05,C0111,P1003,13,1571.29,已完成,刘洋,老客户复购
O000203,2025-10-09,C0087,P1014,96,41.3,已完成,赵磊,老客户复购
O000204,2025-10-20,C0104,P1007,15,1037.94,已完成,赵磊,展会线索
O000205,2025-08-19,C0021,P1006,2,2103.73,已完成,刘洋,直销
O000206,2025-06-13,C0117,P1007,11,954.02,已完成,刘洋,经销
O000207,2025-04-03,C0042,P1013,3,169.55,已完成,李娜,展会线索
O000208,2025-11-09,C0021,P1003,11,1537.48,已完成,陈敏,展会线索
O000209,2025-04-30,C0098,P1009,17,642.42,已完成,张伟,老客户复购
O000210,2025-11-30,C0008,P1008,22,685.83,已完成,刘洋,老客户复购
O000211,2025-09-02,C0011,P1002,14,944.82,已完成,李娜,展会线索
O000212,2025-09-08,C0001,P1015,59,86.64,已完成,张伟,直销
O000213,2025-06-27,C0043,P1008,25,721.51,已完成,刘洋,老客户复购
O000214,2025-08-22,C0089,P1003,1,1437.81,已完成,赵磊,直销
O000215,2025-03-27,C0032,P1010,28,574.64,已完成,赵磊,老客户复购
O000216,2025-01-26,C0105,P1009,14,705.32,已完成,陈敏,老客户复购
O000217,2025-01-01,C0027,P1010,7,616.62,已完成,陈敏,直销
O000218,2025-07-11,C0007,P1016,50,104.28,已取消,赵磊,老客户复购
O000219,2025-06-08,C0090,P1013,40,167.64,已完成,赵磊,经销
O000220,2025-03-23,C0107,P1004,13,626.54,已完成,陈敏,经销
O000221,2025-03-30,C0041,P1010,9,615.85,已完成,王强,老客户复购
O000222,2025-11-01,C0066,P1006,6,2312.63,已完成,王强,经销
O000223,2025-11-26,C0092,P1007,8,1031.0,已完成,赵磊,直销
O000224,2025-06-03,C0014,P1002,16,1000.1,已完成,刘洋,老客户复购
O000225,2025-12-09,C0099,P1011,23,484.98,已完成,王强,老客户复购
O000226,2025-05-04,C0116,P1010,17,595.36,已取消,王强,直销
O000227,2025-11-30,C0060,P1004,14,683.5,已完成,李娜,展会线索
O000228,2025-05-24,C0012,P1011,4,484.87,已完成,刘洋,直销
O000229,2025-09-20,C0083,P1003,13,1565.23,已完成,赵磊,经销
O000230,2025-10-25,C0111,P1006,7,2210.59,已完成,陈敏,老客户复购
O000231,2025-02-16,C0115,P1009,23,631.01,已完成,王强,老客户复购
O000232,2025-01-10,C0023,P1005,10,1347.19,已完成,赵磊,直销
O000233,2025-10-20,C0038,P1011,38,491.71,已完成,李娜,经销
O000234,2025-06-13,C0020,P1006,5,2317.12,已完成,张伟,直销
O000235,2025-04-29,C0065,P1003,5,1526.35,已完成,刘洋,展会线索
O000236,2025-05-18,C0033,P1010,27,639.6,已完成,陈敏,展会线索
O000237,2025-11-19,C0055,P1006,9,2230.18,已完成,赵磊,直销
O000238,2025-01-19,C0074,P1005,7,1472.4,已完成,张伟,老客户复购
O000239,2025-06-13,C0024,P1005,6,1417.58,已完成,赵磊,展会线索
O000240,2025-05-10,C0081,P1001,8,750.42,已完成,王强,直销
O000241,2025-02-27,C0041,P1010,25,605.51,已完成,赵磊,直销
O000242,2025-10-13,C0041,P1009,38,729.98,已完成,王强,经销
O000243,2025-11-07,C0065,P1002,16,932.76,已完成,王强,老客户复购
O000244,2025-01-03,C0113,P1003,8,1551.89,已完成,张伟,展会线索
O000245,2025-11-17,C0103,P1008,8,716.06,已完成,李娜,经销
O000246,2025-09-29,C0062,P1002,14,923.58,已完成,刘洋,经销
O000247,2025-12-27,C0011,P1015,82,80.86,已完成,刘洋,老客户复购
O000248,2025-06-03,C0074,P1008,37,751.47,已完成,刘洋,直销
O000249,2025-09-01,C0027,P1015,51,83.35,已完成,陈敏,直销
O000250,2025-06-07,C0087,P1002,7,1007.0,已完成,赵磊,展会线索
O000251,2025-03-07,C0020,P1003,14,1533.0,已完成,刘洋,展会线索
O000252,2025-10-08,C0059,P1004,14,693.44,已完成,陈敏,直销
O000253,2025-01-25,C0081,P1002,2,924.23,已取消,李娜,展会线索
O000254,2025-01-12,C0117,P1006,13,2357.93,已完成,王强,直销
O000255,2025-06-09,C0027,P1009,25,678.16,已完成,张伟,经销
O000256,2025-09-23,C0027,P1007,15,1074.69,已完成,陈敏,直销
O000257,2025-11-25,C0095,P1004,7,718.16,已完成,王强,老客户复购
O000258,2025-04-13,C0029,P1003,4,1615.66,已完成,李娜,直销
O000259,2025-04-26,C0050,P1010,37,604.91,已完成,张伟,经销
O000260,2025-08-17,C0048,P1016,64,92.97,已完成,王强,老客户复购
O000261,2025-03-20,C0071,P1011,41,451.84,已完成,刘洋,经销
O000262,2025-08-01,C0025,P1001,4,713.46,已完成,李娜,老客户复购
O000263,2025-11-04,C0033,P1002,4,1059.46,已完成,赵磊,经销
O000264,2025-08-15,C0046,P1006,6,2382.81,已完成,刘洋,直销
O000265,2025-07-11,C0096,P1004,1,622.78,已完成,刘洋,展会线索
O000266,2025-08-30,C0006,P1014,30,38.09,已完成,赵磊,展会线索
O000267,2025-08-02,C0077,P1009,25,692.43,已完成,赵磊,老客户复购
O000268,2025-03-28,C0083,P1001,11,799.38,已完成,刘洋,老客户复购
O000269,2025-01-17,C0116,P1011,33,485.95,已完成,张伟,展会线索
O000270,2025-01-28,C0044,P1006,5,2441.72,已完成,王强,老客户复购
O000271,2025-02-07,C0011,P1008,19,708.01,已完成,王强,直销
O000272,2025-02-18,C0032,P1004,9,647.87,已完成,陈敏,直销
O000273,2025-09-23,C0097,P1004,8,658.0,已完成,王强,直销
O000274,2025-10-15,C0075,P1002,10,1010.14,已完成,张伟,展会线索
O000275,2025-06-02,C0046,P1008,27,709.81,已完成,赵磊,直销
O000276,2025-06-21,C0025,P1014,30,39.69,已完成,赵磊,经销
O000277,2025-09-25,C0112,P1004,13,687.78,已完成,陈敏,经销
O000278,2025-08-26,C0094,P1010,13,602.24,已取消,陈敏,直销
O000279,2025-12-14,C0006,P1003,15,1596.65,已完成,王强,直销
O000280,2025-03-29,C0043,P1006,5,2271.5,已完成,李娜,直销
O000281,2025-01-19,C0020,P1002,12,990.25,已完成,陈敏,展会线索
O000282,2025-12-28,C0067,P1012,7,379.09,已完成,赵磊,经销
O000283,2025-11-16,C0097,P1003,10,1567.19,已完成,王强,展会线索
O000284,2025-03-07,C0044,P1012,38,349.76,已完成,王强,直销
O000285,2025-07-28,C0002,P1012,22,326.48,已完成,刘洋,老客户复购
O000286,2025-11-08,C0062,P1002,15,985.38,已完成,张伟,展会线索
O000287,2025-08-15,C0018,P1010,42,536.77,已完成,刘洋,经销
O000288,2025-07-07,C0097,P1002,7,975.41,已完成,赵磊,经销
O000289,2025-12-02,C0029,P1011,26,503.14,已完成,王强,展会线索
O000290,2025-03-01,C0040,P1010,21,587.61,已完成,刘洋,直销
O000291,2025-04-27,C0096,P1008,38,705.0,已完成,陈敏,老客户复购
O000292,2025-11-15,C0028,P1009,13,637.1,已完成,刘洋,直销
O000293,2025-07-17,C0077,P1012,29,362.5,已完成,陈敏,老客户复购
O000294,2025-12-25,C0069,P1009,12,641.71,已完成,王强,经销
O000295,2025-09-11,C0071,P1011,21,458.24,已取消,王强,展会线索
O000296,2025-12-15,C0057,P1007,10,1006.34,已完成,李娜,经销
O000297,2025-05-06,C0088,P1007,1,1055.56,已完成,张伟,直销
O000298,2025-06-23,C0075,P1002,4,979.71,已完成,赵磊,经销
O000299,2025-12-08,C0033,P1004,14,689.62,已完成,李娜,经销
O000300,2025-04-16,C0103,P1004,9,704.97,已完成,刘洋,经销
O000301,2025-09-07,C0068,P1005,1,1472.3,已完成,张伟,展会线索
O000302,2025-06-09,C0081,P1016,24,91.9,已完成,刘洋,经销
O000303,2025-05-22,C0089,P1016,91,95.93,已取消,赵磊,老客户复购
O000304,2025-11-01,C0057,P1016,21,92.7,已完成,陈敏,经销
O000305,2025-07-15,C0051,P1002,1,1027.49,已完成,王强,展会线索
O000306,2025-02-12,C0009,P1011,19,500.27,已完成,李娜,老客户复购
O000307,2025-11-26,C0021,P1015,66,77.18,已完成,赵磊,展会线索
O000308,2025-05-05,C0091,P1004,15,685.54,已完成,王强,展会线索
O000309,2025-07-11,C0097,P1007,7,966.91,已完成,陈敏,经销
O000310,2025-08-02,C0003,P1002,15,1060.86,已完成,赵磊,经销
O000311,2025-06-17,C0119,P1012,4,368.52,已完成,张伟,展会线索
O000312,2025-04-07,C0048,P1012,41,356.52,已完成,赵磊,直销
O000313,2025-07-16,C0117,P1003,10,1477.18,已完成,赵磊,直销
O000314,2025-03-26,C0039,P1010,17,574.36,已完成,李娜,老客户复购
O000315,2025-09-25,C0021,P1009,5,625.95,已完成,赵磊,经销
O000316,2025-08-08,C0026,P1003,5,1568.23,已完成,张伟,经销
O000317,2025-09-03,C0104,P1002,11,1025.78,已完成,王强,直销
O000318,2025-01-21,C0088,P1005,6,1499.59,已完成,陈敏,老客户复购
O000319,2025-11-21,C0067,P1008,27,753.93,已完成,张伟,老客户复购
O000320,2025-08-15,C0024,P1013,40,170.97,已完成,王强,直销
O000321,2025-12-30,C0057,P1005,2,1389.28,已完成,刘洋,老客户复购
O000322,2025-10-04,C0015,P1002,1,912.92,已完成,李娜,直销
O000323,2025-12-04,C0091,P1010,24,594.74,已完成,陈敏,经销
O000324,2025-12-13,C0077,P1002,16,937.22,已完成,陈敏,展会线索
O000325,2025-02-16,C0023,P1013,3,166.75,已完成,张伟,直销
O000326,2025-01-04,C0105,P1003,15,1522.33,已完成,李娜,展会线索
O000327,2025-10-29,C0092,P1014,26,41.8,已完成,王强,经销
O000328,2025-07-29,C0079,P1013,29,151.02,已完成,张伟,经销
O000329,2025-02-07,C0029,P1005,3,1425.16,已完成,赵磊,展会线索
O000330,2025-10-08,C0052,P1001,6,772.1,已完成,陈敏,直销
O000331,2025-10-02,C0098,P1001,7,770.19,已完成,赵磊,经销
O000332,2025-05-01,C0035,P1013,16,165.95,已完成,王强,展会线索
O000333,2025-10-13,C0007,P1009,27,721.2,已完成,王强,经销
O000334,2025-11-30,C0091,P1001,4,772.15,已完成,李娜,直销
O000335,2025-03-27,C0108,P1003,16,1573.32,已完成,王强,直销
O000336,2025-02-04,C0034,P1012,23,322.67,已取消,赵磊,直销
O000337,2025-06-21,C0015,P1002,9,998.77,已完成,陈敏,直销
O000338,2025-03-06,C0003,P1011,42,486.88,已完成,王强,老客户复购
O000339,2025-12-27,C0042,P1003,8,1677.67,已完成,王强,直销
O000340,2025-06-28,C0030,P1008,30,741.3,已完成,刘洋,直销
O000341,2025-07-13,C0034,P1007,9,978.1,已完成,刘洋,老客户复购
O000342,2025-06-02,C0001,P1001,6,755.22,已完成,王强,老客户复购
O000343,2025-04-03,C0058,P1010,16,618.5,已完成,李娜,展会线索
O000344,2025-05-21,C0065,P1013,10,150.96,退货,陈敏,经销
O000345,2025-12-07,C0054,P1003,10,1581.27,已完成,张伟,展会线索
O000346,2025-02-06,C0035,P1013,23,167.93,已完成,李娜,直销
O000347,2025-07-11,C0085,P1016,86,103.7,已完成,张伟,老客户复购
O000348,2025-01-19,C0050,P1014,118,41.21,已取消,赵磊,展会线索
O000349,2025-04-13,C0115,P1011,27,435.41,退货,赵磊,展会线索
O000350,2025-08-03,C0006,P1013,20,156.69,已完成,刘洋,经销
O000351,2025-03-23,C0012,P1009,42,716.51,已完成,张伟,老客户复购
O000352,2025-05-23,C0091,P1006,9,2361.43,已完成,王强,展会线索
O000353,2025-07-29,C0018,P1002,7,985.61,已完成,刘洋,展会线索
O000354,2025-01-02,C0064,P1013,32,148.96,已完成,陈敏,老客户复购
O000355,2025-08-23,C0060,P1009,28,655.35,退货,陈敏,展会线索
O000356,2025-10-06,C0099,P1001,11,741.97,已完成,赵磊,老客户复购
O000357,2025-05-02,C0072,P1003,3,1596.84,已完成,刘洋,展会线索
O000358,2025-01-23,C0040,P1009,38,693.58,已完成,赵磊,经销
O000359,2025-06-05,C0053,P1002,1,1010.86,已完成,王强,直销
O000360,2025-05-06,C0073,P1002,5,997.21,已完成,刘洋,老客户复购
O000361,2025-11-17,C0014,P1003,5,1559.63,已完成,赵磊,展会线索
O000362,2025-02-14,C0048,P1001,11,703.3,已完成,陈敏,老客户复购
O000363,2025-11-11,C0019,P1007,10,1066.83,已完成,刘洋,老客户复购
O000364,2025-12-23,C0058,P1006,9,2512.9,已完成,陈敏,老客户复购
O000365,2025-04-19,C0117,P1012,7,344.55,已完成,张伟,直销
O000366,2025-12-08,C0031,P1013,5,154.1,已完成,陈敏,老客户复购
O000367,2025-12-07,C0043,P1004,12,656.71,已完成,刘洋,经销
O000368,2025-10-07,C0120,P1002,2,945.37,已取消,李娜,展会线索
O000369,2025-09-09,C0038,P1005,5,1466.91,已完成,张伟,经销
O000370,2025-04-11,C0066,P1003,2,1644.39,已完成,王强,老客户复购
O000371,2025-05-29,C0091,P1008,7,663.99,已完成,赵磊,直销
O000372,2025-01-12,C0117,P1015,35,77.4,已完成,刘洋,展会线索
O000373,2025-07-02,C0046,P1004,1,709.82,已取消,王强,展会线索
O000374,2025-07-11,C0061,P1009,16,697.62,已完成,赵磊,经销
O000375,2025-08-27,C0069,P1015,57,75.91,已完成,陈敏,老客户复购
O000376,2025-12-03,C0103,P1014,28,40.11,已完成,李娜,直销
O000377,2025-07-08,C0112,P1001,11,814.72,已完成,李娜,展会线索
O000378,2025-10-04,C0044,P1012,26,374.12,已完成,赵磊,直销
O000379,2025-06-12,C0120,P1011,42,433.19,已完成,王强,展会线索
O000380,2025-01-25,C0077,P1001,13,772.62,已完成,赵磊,老客户复购
O000381,2025-05-07,C0107,P1011,42,475.95,已完成,陈敏,经销
O000382,2025-09-17,C0050,P1001,3,791.47,已完成,张伟,展会线索
O000383,2025-10-17,C0001,P1002,6,1006.52,已完成,刘洋,展会线索
O000384,2025-08-22,C0031,P1007,2,949.11,退货,刘洋,老客户复购
O000385,2025-10-17,C0035,P1012,16,354.68,已完成,刘洋,直销
O000386,2025-08-19,C0059,P1003,9,1413.76,已完成,王强,老客户复购
O000387,2025-10-02,C0079,P1002,17,1003.47,已完成,刘洋,经销
O000388,2025-02-23,C0010,P1011,16,446.48,已完成,赵磊,经销
O000389,2025-12-01,C0066,P1008,15,760.21,已完成,李娜,经销
O000390,2025-10-17,C0018,P1010,13,564.62,已完成,陈敏,直销
O000391,2025-08-29,C0062,P1001,6,743.93,已完成,赵磊,老客户复购
O000392,2025-11-21,C0114,P1002,11,1055.9,已完成,赵磊,经销
O000393,2025-06-11,C0039,P1012,17,338.68,已完成,张伟,直销
O000394,2025-02-25,C0117,P1002,1,1000.64,已完成,刘洋,展会线索
O000395,2025-06-24,C0021,P1011,15,449.12,已完成,陈敏,直销
O000396,2025-10-08,C0037,P1002,12,908.27,已完成,王强,直销
O000397,2025-12-25,C0061,P1006,15,2320.93,已完成,刘洋,老客户复购
O000398,2025-12-27,C0007,P1012,20,368.06,已完成,赵磊,经销
O000399,2025-05-17,C0080,P1007,1,1057.07,已完成,李娜,展会线索
O000400,2025-08-04,C0113,P1002,3,975.73,已完成,张伟,直销
O000401,2025-11-06,C0025,P1014,116,35.92,已完成,王强,经销
O000402,2025-05-18,C0066,P1002,10,979.83,已完成,刘洋,经销
O000403,2025-12-03,C0017,P1006,3,2385.43,已完成,赵磊,老客户复购
O000404,2025-01-24,C0088,P1013,28,173.1,已完成,王强,经销
O000405,2025-06-24,C0028,P1002,12,897.3,已完成,赵磊,老客户复购
O000406,2025-08-10,C0045,P1003,7,1599.1,已完成,王强,直销
O000407,2025-01-07,C0043,P1005,16,1392.62,已完成,李娜,经销
O000408,2025-08-16,C0103,P1001,11,811.67,已完成,赵磊,老客户复购
O000409,2025-02-14,C0049,P1004,3,696.81,已完成,赵磊,直销
O000410,2025-07-24,C0091,P1007,4,1016.8,已完成,张伟,直销
O000411,2025-04-06,C0079,P1010,34,561.88,已完成,刘洋,老客户复购
O000412,2025-07-18,C0018,P1010,12,555.21,已完成,赵磊,展会线索
O000413,2025-12-26,C0110,P1003,11,1576.32,已完成,张伟,展会线索
O000414,2025-08-04,C0088,P1008,33,746.22,已完成,赵磊,老客户复购
O000415,2025-01-05,C0061,P1003,1,1679.11,已完成,王强,展会线索
O000416,2025-03-02,C0115,P1016,15,96.93,已完成,刘洋,展会线索
O000417,2025-07-21,C0023,P1007,3,962.25,已完成,张伟,直销
O000418,2025-08-23,C0082,P1002,11,1001.83,已完成,陈敏,展会线索
O000419,2025-03-11,C0014,P1010,28,588.0,已完成,王强,经销
O000420,2025-10-01,C0073,P1001,6,792.56,已完成,刘洋,老客户复购
O000421,2025-12-20,C0085,P1006,16,2511.42,已完成,王强,展会线索
O000422,2025-01-08,C0094,P1004,1,703.08,已完成,王强,直销
O000423,2025-08-30,C0094,P1007,9,1060.75,已完成,陈敏,直销
O000424,2025-06-05,C0029,P1010,26,629.54,已完成,李娜,经销
O000425,2025-04-01,C0032,P1004,3,709.45,已完成,王强,展会线索
O000426,2025-09-05,C0120,P1015,10,80.21,已完成,陈敏,经销
O000427,2025-04-27,C0005,P1001,7,782.94,已取消,李娜,老客户复购
O000428,2025-04-26,C0048,P1009,20,632.06,已取消,刘洋,老客户复购
O000429,2025-12-31,C0118,P1001,11,806.06,已完成,李娜,展会线索
O000430,2025-10-05,C0105,P1004,4,686.43,退货,陈敏,展会线索
O000431,2025-04-09,C0040,P1013,9,176.47,已完成,陈敏,直销
O000432,2025-05-12,C0100,P1014,118,38.66,已完成,陈敏,展会线索
O000433,2025-04-13,C0005,P1010,29,590.98,已取消,李娜,老客户复购
O000434,2025-07-14,C0013,P1013,38,166.96,已完成,王强,展会线索
O000435,2025-11-19,C0063,P1007,13,985.72,已完成,刘洋,展会线索
O000436,2025-11-09,C0072,P1001,6,738.03,已完成,张伟,直销
O000437,2025-03-26,C0038,P1003,15,1566.19,已完成,王强,老客户复购
O000438,2025-08-27,C0051,P1012,32,360.47,已完成,王强,直销
O000439,2025-07-25,C0017,P1005,15,1476.87,已完成,赵磊,经销
O000440,2025-08-01,C0066,P1002,16,985.81,已完成,王强,直销
O000441,2025-06-11,C0095,P1009,13,708.65,已完成,陈敏,老客户复购
O000442,2025-02-17,C0037,P1011,23,479.42,已完成,赵磊,直销
O000443,2025-02-20,C0045,P1015,97,76.71,已完成,张伟,展会线索
O000444,2025-07-17,C0112,P1011,41,511.02,已完成,王强,老客户复购
O000445,2025-06-18,C0025,P1005,6,1281.84,已完成,李娜,展会线索
O000446,2025-02-18,C0088,P1008,3,719.74,已完成,张伟,直销
O000447,2025-12-18,C0089,P1006,11,2104.43,已完成,王强,展会线索
O000448,2025-09-27,C0103,P1002,6,1029.65,已完成,李娜,经销
O000449,2025-07-12,C0038,P1007,8,999.04,已完成,赵磊,老客户复购
O000450,2025-07-23,C0029,P1013,27,165.0,已完成,赵磊,老客户复购
O000451,2025-01-22,C0081,P1012,9,361.57,已完成,赵磊,展会线索
O000452,2025-03-24,C0076,P1004,8,663.4,已完成,王强,展会线索
O000453,2025-11-27,C0024,P1006,6,2369.98,已完成,王强,老客户复购
O000454,2025-04-28,C0031,P1005,16,1372.88,已完成,陈敏,老客户复购
O000455,2025-02-16,C0047,P1016,93,94.8,已完成,刘洋,直销
O000456,2025-05-08,C0092,P1002,10,1064.15,已完成,王强,经销
O000457,2025-07-21,C0023,P1016,78,93.09,已完成,赵磊,展会线索
O000458,2025-08-07,C0064,P1001,3,734.31,已完成,刘洋,展会线索
O000459,2025-05-04,C0066,P1011,28,499.85,已完成,刘洋,经销
O000460,2025-08-18,C0009,P1006,12,2397.24,已完成,刘洋,直销
O000461,2025-11-05,C0002,P1016,88,92.6,已完成,陈敏,老客户复购
O000462,2025-11-22,C0039,P1004,2,697.61,已完成,陈敏,经销
O000463,2025-09-23,C0075,P1003,16,1539.03,已完成,赵磊,展会线索
O000464,2025-01-25,C0007,P1010,6,636.71,已完成,刘洋,直销
O000465,2025-05-18,C0049,P1013,44,153.17,已完成,赵磊,经销
O000466,2025-11-26,C0002,P1006,3,2125.8,已完成,刘洋,展会线索
O000467,2025-09-28,C0099,P1008,29,714.72,已完成,王强,经销
O000468,2025-02-10,C0031,P1011,42,481.69,已完成,赵磊,老客户复购
O000469,2025-02-16,C0004,P1005,14,1406.53,已完成,刘洋,老客户复购
O000470,2025-03-02,C0052,P1003,1,1637.13,已完成,李娜,经销
O000471,2025-05-18,C0107,P1005,4,1349.56,已完成,王强,经销
O000472,2025-12-24,C0091,P1011,10,454.71,已取消,王强,老客户复购
O000473,2025-04-17,C0065,P1004,1,673.51,已完成,刘洋,展会线索
O000474,2025-12-07,C0050,P1013,40,169.21,已完成,王强,老客户复购
O000475,2025-02-06,C0095,P1006,11,2428.21,已完成,赵磊,展会线索
O000476,2025-05-15,C0008,P1007,4,1014.89,已完成,陈敏,老客户复购
O000477,2025-08-30,C0050,P1015,94,80.47,已取消,李娜,老客户复购
O000478,2025-01-21,C0091,P1011,22,480.93,已完成,刘洋,直销
O000479,2025-05-20,C0032,P1008,25,674.82,已完成,陈敏,老客户复购
O000480,2025-12-10,C0096,P1004,5,646.68,已完成,李娜,经销
O000481,2025-10-22,C0030,P1004,9,669.87,已完成,王强,老客户复购
O000482,2025-04-28,C0097,P1014,85,39.35,已完成,赵磊,经销
O000483,2025-08-02,C0037,P1007,13,946.85,已完成,刘洋,经销
O000484,2025-02-14,C0021,P1001,2,763.72,已完成,张伟,直销
O000485,2025-09-03,C0011,P1001,11,772.57,已完成,刘洋,展会线索
O000486,2025-04-25,C0028,P1008,30,654.28,已完成,李娜,直销
O000487,2025-05-07,C0030,P1003,8,1595.95,已取消,李娜,展会线索
O000488,2025-01-19,C0082,P1006,10,2247.7,已完成,陈敏,展会线索
O000489,2025-09-03,C0069,P1001,15,729.31,已完成,王强,老客户复购
O000490,2025-10-22,C0019,P1011,9,477.71,已完成,张伟,直销
O000491,2025-11-10,C0062,P1006,17,2352.42,已完成,李娜,直销
O000492,2025-07-26,C0107,P1003,16,1549.19,已完成,李娜,展会线索
O000493,2025-11-17,C0057,P1013,43,169.33,已完成,李娜,直销
O000494,2025-07-25,C0062,P1013,43,158.4,退货,陈敏,展会线索
O000495,2025-01-30,C0079,P1001,16,691.97,已完成,刘洋,老客户复购
O000496,2025-08-27,C0066,P1016,101,100.2,已完成,张伟,老客户复购
O000497,2025-11-29,C0098,P1006,10,2284.44,已完成,张伟,老客户复购
O000498,2025-11-16,C0074,P1011,6,493.54,已完成,刘洋,展会线索
O000499,2025-04-17,C0113,P1005,2,1339.01,已完成,李娜,展会线索
O000500,2025-05-04,C0013,P1002,16,997.58,已完成,张伟,老客户复购
O000501,2025-12-23,C0064,P1005,17,1290.57,已完成,陈敏,老客户复购
O000502,2025-02-28,C0022,P1003,6,1648.49,已完成,张伟,老客户复购
O000503,2025-10-04,C0080,P1014,110,40.96,已完成,赵磊,经销
O000504,2025-09-26,C0087,P1006,8,2365.54,已完成,刘洋,展会线索
O000505,2025-04-04,C0105,P1011,13,487.43,已完成,赵磊,老客户复购
O000506,2025-12-12,C0056,P1015,71,83.8,已完成,刘洋,直销
O000507,2025-08-10,C0028,P1008,34,701.36,已完成,李娜,展会线索
O000508,2025-12-22,C0100,P1001,15,798.59,已完成,李娜,直销
O000509,2025-12-06,C0094,P1012,35,364.06,已完成,李娜,展会线索
O000510,2025-03-11,C0051,P1014,88,41.02,已完成,王强,老客户复购
O000511,2025-08-05,C0109,P1014,113,37.8,已完成,赵磊,直销
O000512,2025-09-15,C0091,P1012,40,364.41,已完成,王强,经销
O000513,2025-10-14,C0097,P1010,5,552.62,已完成,张伟,展会线索
O000514,2025-09-10,C0040,P1015,84,81.99,已完成,陈敏,老客户复购
O000515,2025-10-31,C0039,P1001,14,755.73,已完成,刘洋,老客户复购
O000516,2025-07-02,C0102,P1009,37,728.49,已完成,李娜,经销
O000517,2025-12-05,C0070,P1016,28,95.11,已取消,陈敏,经销
O000518,2025-10-03,C0069,P1013,13,164.76,已完成,赵磊,老客户复购
O000519,2025-11-11,C0057,P1006,4,2428.44,已完成,赵磊,展会线索
O000520,2025-01-14,C0007,P1007,11,997.93,已完成,刘洋,经销
O000521,2025-12-11,C0079,P1004,1,667.74,已完成,刘洋,直销
O000522,2025-08-02,C0070,P1007,14,1021.8,已完成,赵磊,老客户复购
O000523,2025-02-28,C0085,P1013,22,177.51,已完成,赵磊,直销
O000524,2025-04-04,C0107,P1009,40,618.25,已完成,赵磊,经销
O000525,2025-12-30,C0044,P1001,8,756.72,已完成,李娜,经销
O000526,2025-12-06,C0107,P1013,9,168.98,已完成,赵磊,展会线索
O000527,2025-06-04,C0090,P1004,9,737.84,已完成,李娜,展会线索
O000528,2025-08-27,C0074,P1009,17,722.67,已完成,赵磊,展会线索
O000529,2025-08-19,C0054,P1006,17,2483.99,已完成,陈敏,经销
O000530,2025-01-11,C0096,P1006,2,2117.27,已完成,陈敏,直销
O000531,2025-02-21,C0054,P1008,39,749.67,已完成,刘洋,老客户复购
O000532,2025-02-25,C0020,P1003,8,1411.18,已完成,陈敏,老客户复购
O000533,2025-01-28,C0044,P1010,34,638.9,已完成,刘洋,经销
O000534,2025-12-04,C0043,P1013,25,167.86,已完成,张伟,展会线索
O000535,2025-10-29,C0098,P1002,6,969.26,已完成,张伟,直销
O000536,2025-04-22,C0023,P1013,3,169.86,已取消,张伟,展会线索
O000537,2025-04-16,C0035,P1005,13,1416.54,已完成,陈敏,经销
O000538,2025-04-16,C0039,P1008,41,707.65,已完成,刘洋,展会线索
O000539,2025-08-06,C0025,P1007,16,968.76,已完成,陈敏,展会线索
O000540,2025-11-23,C0015,P1012,18,340.09,已完成,陈敏,展会线索
O000541,2025-11-14,C0109,P1014,110,39.29,已完成,刘洋,经销
O000542,2025-09-27,C0079,P1003,7,1552.76,已完成,王强,直销
O000543,2025-07-10,C0069,P1003,3,1607.7,已完成,赵磊,展会线索
O000544,2025-04-06,C0113,P1016,81,96.67,已完成,刘洋,经销
O000545,2025-09-13,C0011,P1008,33,669.51,已完成,张伟,老客户复购
O000546,2025-05-07,C0028,P1003,7,1554.74,已完成,刘洋,展会线索
O000547,2025-04-24,C0007,P1005,17,1390.94,已完成,李娜,经销
O000548,2025-09-30,C0037,P1003,13,1526.91,已完成,李娜,老客户复购
O000549,2025-04-21,C0110,P1007,17,1054.83,已完成,刘洋,直销
O000550,2025-09-03,C0053,P1009,41,728.28,已完成,刘洋,展会线索
O000551,2025-12-04,C0022,P1001,16,776.44,已完成,张伟,经销
O000552,2025-07-20,C0057,P1012,25,366.43,已完成,张伟,直销
O000553,2025-05-17,C0103,P1003,3,1649.04,已完成,刘洋,直销
O000554,2025-05-20,C0088,P1002,8,1004.78,已完成,张伟,展会线索
O000555,2025-08-20,C0025,P1001,7,762.12,已完成,赵磊,经销
O000556,2025-08-09,C0104,P1013,8,168.25,已完成,张伟,经销
O000557,2025-11-06,C0011,P1004,11,644.77,已完成,王强,经销
O000558,2025-04-14,C0113,P1004,17,632.74,已完成,刘洋,老客户复购
O000559,2025-02-07,C0114,P1014,77,40.25,已完成,刘洋,老客户复购
O000560,2025-09-26,C0002,P1011,43,458.6,已完成,李娜,经销
O000561,2025-09-09,C0042,P1001,1,758.34,已完成,王强,直销
O000562,2025-07-27,C0056,P1003,9,1517.26,已完成,赵磊,经销
O000563,2025-05-22,C0056,P1014,76,40.03,已完成,陈敏,展会线索
O000564,2025-10-09,C0079,P1004,3,626.08,已完成,王强,展会线索
O000565,2025-04-23,C0001,P1003,12,1598.6,已完成,王强,展会线索
O000566,2025-12-06,C0092,P1004,16,718.09,已完成,王强,展会线索
O000567,2025-06-07,C0114,P1009,22,721.61,已完成,赵磊,展会线索
O000568,2025-10-21,C0083,P1015,119,83.77,已完成,李娜,老客户复购
O000569,2025-03-11,C0109,P1005,15,1356.06,已完成,李娜,展会线索
O000570,2025-08-15,C0069,P1010,5,618.07,已完成,赵磊,展会线索
O000571,2025-07-19,C0101,P1012,7,352.89,已取消,赵磊,经销
O000572,2025-08-25,C0071,P1003,16,1544.53,已完成,王强,经销
O000573,2025-09-24,C0065,P1002,13,932.2,已完成,张伟,展会线索
O000574,2025-08-08,C0119,P1004,15,646.82,已完成,张伟,经销
O000575,2025-10-05,C0029,P1009,3,677.26,已完成,陈敏,直销
O000576,2025-12-01,C0100,P1007,13,945.8,已完成,李娜,经销
O000577,2025-03-31,C0020,P1013,16,160.46,已完成,王强,老客户复购
O000578,2025-03-13,C0098,P1013,29,159.17,已取消,张伟,经销
O000579,2025-03-01,C0016,P1015,58,82.44,已取消,刘洋,直销
O000580,2025-01-20,C0032,P1010,20,611.99,已完成,陈敏,经销
O000581,2025-02-13,C0015,P1009,37,641.81,已完成,刘洋,经销
O000582,2025-05-02,C0102,P1012,19,379.69,已完成,李娜,老客户复购
O000583,2025-06-13,C0051,P1010,16,599.89,已完成,陈敏,展会线索
O000584,2025-10-23,C0021,P1013,6,152.21,已完成,王强,老客户复购
O000585,2025-10-14,C0013,P1004,15,660.66,已完成,赵磊,展会线索
O000586,2025-09-21,C0007,P1007,7,1041.94,已完成,刘洋,展会线索
O000587,2025-08-18,C0065,P1011,31,459.1,已完成,王强,经销
O000588,2025-05-31,C0102,P1008,6,750.26,已完成,陈敏,直销
O000589,2025-09-28,C0060,P1008,39,734.87,已完成,李娜,经销
O000590,2025-11-19,C0101,P1011,34,516.23,已完成,赵磊,展会线索
O000591,2025-08-02,C0100,P1006,1,2263.78,已完成,李娜,老客户复购
O000592,2025-09-08,C0095,P1016,85,101.23,已完成,赵磊,经销
O000593,2025-08-21,C0025,P1001,15,735.64,已完成,刘洋,老客户复购
O000594,2025-10-08,C0021,P1003,16,1563.68,已完成,陈敏,展会线索
O000595,2025-11-10,C0042,P1012,27,371.73,已完成,刘洋,老客户复购
O000596,2025-04-09,C0030,P1013,24,159.64,已完成,刘洋,展会线索
O000597,2025-03-05,C0035,P1001,11,782.17,已完成,赵磊,直销
O000598,2025-07-06,C0071,P1001,12,711.73,已完成,张伟,直销
O000599,2025-07-07,C0049,P1016,11,93.63,已完成,陈敏,经销
O000600,2025-03-13,C0109,P1005,14,1270.61,已完成,李娜,直销
O000601,2025-02-12,C0098,P1003,4,1488.2,已完成,张伟,经销
O000602,2025-10-11,C0007,P1010,39,589.01,已完成,王强,直销
O000603,2025-06-29,C0061,P1006,3,2403.04,已完成,刘洋,展会线索
O000604,2025-04-16,C0027,P1004,6,695.88,已完成,张伟,直销
O000605,2025-05-26,C0008,P1001,13,739.66,已完成,陈敏,直销
O000606,2025-08-09,C0043,P1005,15,1372.63,已完成,刘洋,老客户复购
O000607,2025-03-11,C0106,P1012,22,356.62,已完成,王强,直销
O000608,2025-12-09,C0090,P1005,4,1406.51,已完成,刘洋,展会线索
O000609,2025-04-16,C0062,P1002,10,977.55,已完成,李娜,直销
O000610,2025-07-08,C0078,P1016,41,95.5,已完成,赵磊,经销
O000611,2025-11-12,C0081,P1007,16,1015.76,已完成,赵磊,老客户复购
O000612,2025-05-09,C0017,P1002,7,979.97,已完成,王强,展会线索
O000613,2025-08-13,C0061,P1003,15,1569.02,已完成,陈敏,展会线索
O000614,2025-10-07,C0062,P1001,11,752.62,已完成,刘洋,经销
O000615,2025-01-12,C0020,P1014,63,39.02,已完成,张伟,直销
O000616,2025-01-30,C0047,P1002,10,924.33,已完成,陈敏,展会线索
O000617,2025-12-27,C0079,P1004,16,626.7,已完成,张伟,直销
O000618,2025-10-10,C0089,P1005,2,1276.42,已完成,张伟,展会线索
O000619,2025-01-10,C0011,P1004,7,652.87,已完成,刘洋,老客户复购
O000620,2025-06-08,C0098,P1006,15,2336.58,已完成,张伟,直销
O000621,2025-10-07,C0045,P1008,39,737.32,已完成,刘洋,展会线索
O000622,2025-11-28,C0020,P1013,38,165.01,已完成,张伟,老客户复购
O000623,2025-08-05,C0038,P1013,22,177.28,已完成,赵磊,直销
O000624,2025-05-03,C0011,P1015,30,78.51,已完成,王强,直销
O000625,2025-07-17,C0083,P1014,96,41.02,已取消,赵磊,经销
O000626,2025-02-13,C0112,P1007,12,1043.29,已完成,刘洋,展会线索
O000627,2025-04-14,C0036,P1004,11,673.53,已取消,王强,经销
O000628,2025-03-24,C0019,P1002,8,1062.24,已完成,赵磊,展会线索
O000629,2025-10-12,C0011,P1008,24,727.6,已完成,赵磊,老客户复购
O000630,2025-03-13,C0013,P1004,11,673.87,已完成,刘洋,经销
O000631,2025-02-23,C0106,P1016,55,91.01,已完成,刘洋,直销
O000632,2025-05-09,C0049,P1010,8,586.42,已完成,王强,直销
O000633,2025-07-07,C0017,P1009,14,705.08,已完成,李娜,直销
O000634,2025-08-31,C0061,P1011,15,503.02,已完成,赵磊,展会线索
O000635,2025-04-21,C0075,P1013,21,166.07,已取消,王强,直销
O000636,2025-04-25,C0059,P1009,30,667.17,已完成,陈敏,展会线索
O000637,2025-09-25,C0058,P1001,11,797.85,已完成,赵磊,展会线索
O000638,2025-10-02,C0083,P1004,6,715.64,已完成,刘洋,展会线索
O000639,2025-11-24,C0071,P1011,9,460.44,已完成,赵磊,老客户复购
O000640,2025-06-03,C0094,P1005,5,1373.73,已完成,刘洋,直销
O000641,2025-03-30,C0102,P1004,4,699.06,已完成,李娜,展会线索
O000642,2025-01-11,C0045,P1008,25,694.82,已完成,刘洋,经销
O000643,2025-02-23,C0057,P1001,14,799.75,已完成,王强,老客户复购
O000644,2025-07-27,C0015,P1015,54,81.44,已完成,张伟,老客户复购
O000645,2025-04-16,C0075,P1009,40,697.58,已完成,王强,直销
O000646,2025-12-03,C0116,P1002,10,1003.04,已完成,李娜,展会线索
O000647,2025-11-04,C0037,P1003,2,1528.88,已完成,赵磊,展会线索
O000648,2025-09-17,C0066,P1009,11,674.74,已完成,张伟,老客户复购
O000649,2025-10-19,C0065,P1001,14,704.46,已完成,赵磊,老客户复购
O000650,2025-12-21,C0020,P1006,4,2254.61,已完成,张伟,老客户复购
O000651,2025-02-08,C0062,P1003,11,1586.96,已完成,张伟,经销
O000652,2025-03-31,C0035,P1015,10,81.7,已完成,李娜,展会线索
O000653,2025-03-11,C0074,P1012,21,366.87,已完成,王强,老客户复购
O000654,2025-09-06,C0109,P1002,12,897.94,已完成,李娜,直销
O000655,2025-11-28,C0099,P1004,15,653.21,已完成,王强,展会线索
O000656,2025-10-01,C0074,P1014,117,41.75,已完成,张伟,老客户复购
O000657,2025-04-05,C0100,P1013,20,156.81,已完成,李娜,展会线索
O000658,2025-06-21,C0113,P1007,16,919.24,已完成,李娜,展会线索
O000659,2025-06-28,C0076,P1009,24,663.12,已完成,王强,直销
O000660,2025-11-26,C0066,P1005,7,1428.98,已取消,王强,展会线索
O000661,2025-12-14,C0031,P1009,14,655.21,已完成,王强,展会线索
O000662,2025-01-08,C0103,P1002,4,979.14,已完成,刘洋,经销
O000663,2025-01-16,C0069,P1013,16,157.33,已完成,赵磊,经销
O000664,2025-04-12,C0100,P1014,110,39.73,已完成,李娜,展会线索
O000665,2025-07-19,C0037,P1001,12,764.4,已取消,王强,展会线索
O000666,2025-11-30,C0031,P1005,11,1381.85,已取消,李娜,老客户复购
O000667,2025-07-09,C0047,P1008,20,654.54,已完成,陈敏,老客户复购
O000668,2025-02-25,C0050,P1007,8,1043.59,已完成,赵磊,经销
O000669,2025-09-06,C0013,P1015,17,76.85,已完成,赵磊,经销
O000670,2025-09-26,C0022,P1001,15,766.89,已完成,赵磊,直销
O000671,2025-06-24,C0112,P1001,15,777.13,已取消,陈敏,经销
O000672,2025-11-05,C0083,P1016,54,97.27,已完成,王强,直销
O000673,2025-08-02,C0023,P1012,20,361.92,已完成,陈敏,展会线索
O000674,2025-10-16,C0102,P1012,39,372.75,已完成,王强,经销
O000675,2025-03-21,C0082,P1009,24,669.18,已完成,李娜,展会线索
O000676,2025-02-15,C0002,P1011,24,487.04,已完成,张伟,展会线索
O000677,2025-03-06,C0044,P1004,11,718.72,退货,陈敏,展会线索
O000678,2025-05-26,C0069,P1003,7,1506.98,已完成,刘洋,展会线索
O000679,2025-10-30,C0003,P1005,16,1445.0,已完成,王强,直销
O000680,2025-04-19,C0051,P1003,8,1627.89,已完成,李娜,老客户复购
O000681,2025-04-11,C0111,P1001,9,718.57,已完成,赵磊,直销
O000682,2025-11-27,C0035,P1011,13,499.0,已完成,刘洋,展会线索
O000683,2025-12-21,C0009,P1001,17,777.97,已取消,王强,展会线索
O000684,2025-01-01,C0025,P1001,11,718.28,已完成,张伟,老客户复购
O000685,2025-07-30,C0075,P1004,9,710.42,已完成,刘洋,经销
O000686,2025-08-24,C0096,P1006,13,2226.12,已完成,陈敏,展会线索
O000687,2025-02-17,C0023,P1011,12,466.67,已完成,赵磊,经销
O000688,2025-09-01,C0045,P1009,6,696.78,已完成,张伟,展会线索
O000689,2025-07-28,C0003,P1002,5,1021.41,已完成,陈敏,直销
O000690,2025-09-15,C0099,P1001,13,790.31,已完成,刘洋,经销
O000691,2025-07-10,C0030,P1014,20,40.85,已完成,王强,展会线索
O000692,2025-05-21,C0082,P1003,9,1468.53,已完成,赵磊,展会线索
O000693,2025-10-06,C0075,P1012,23,380.87,已完成,张伟,展会线索
O000694,2025-08-11,C0084,P1016,117,95.72,已完成,陈敏,老客户复购
O000695,2025-05-02,C0069,P1003,6,1506.4,已完成,张伟,直销
O000696,2025-12-06,C0091,P1003,15,1566.6,已完成,王强,直销
O000697,2025-01-15,C0092,P1014,64,39.48,已完成,李娜,经销
O000698,2025-01-30,C0042,P1001,15,771.19,已完成,赵磊,经销
O000699,2025-03-21,C0098,P1013,15,160.37,已完成,陈敏,展会线索
O000700,2025-01-06,C0084,P1015,38,81.74,已完成,陈敏,经销
O000701,2025-11-27,C0062,P1002,2,917.31,已完成,刘洋,展会线索
O000702,2025-03-31,C0011,P1011,41,481.3,已完成,刘洋,经销
O000703,2025-08-12,C0095,P1012,3,369.6,已完成,陈敏,展会线索
O000704,2025-02-04,C0106,P1003,8,1595.54,已完成,李娜,经销
O000705,2025-06-21,C0025,P1013,44,152.65,已完成,刘洋,直销
O000706,2025-07-06,C0074,P1007,5,1074.46,已完成,赵磊,经销
O000707,2025-04-09,C0103,P1010,33,592.28,已完成,李娜,展会线索
O000708,2025-12-04,C0050,P1014,88,39.21,已完成,刘洋,展会线索
O000709,2025-09-04,C0034,P1004,15,627.58,已完成,刘洋,老客户复购
O000710,2025-07-08,C0018,P1001,17,693.33,已完成,赵磊,展会线索
O000711,2025-11-30,C0043,P1008,9,706.87,已完成,王强,老客户复购
O000712,2025-02-07,C0009,P1006,2,2312.66,已完成,赵磊,经销
O000713,2025-04-03,C0057,P1006,3,2363.36,已完成,刘洋,老客户复购
O000714,2025-09-30,C0035,P1001,4,788.86,已完成,赵磊,直销
O000715,2025-11-21,C0033,P1001,9,793.03,已完成,王强,直销
O000716,2025-11-18,C0001,P1014,73,39.99,已完成,张伟,经销
O000717,2025-09-08,C0009,P1011,3,483.03,已完成,李娜,展会线索
O000718,2025-05-05,C0043,P1005,1,1317.83,已完成,李娜,展会线索
O000719,2025-03-11,C0014,P1003,10,1485.88,已完成,陈敏,经销
O000720,2025-07-01,C0043,P1006,7,2387.71,已完成,陈敏,老客户复购
O000721,2025-07-01,C0002,P1012,6,341.4,已完成,王强,展会线索
O000722,2025-10-23,C0035,P1012,6,382.79,已完成,王强,直销
O000723,2025-11-30,C0104,P1005,10,1401.8,已完成,李娜,展会线索
O000724,2025-11-24,C0038,P1004,15,685.45,已取消,赵磊,展会线索
O000725,2025-11-12,C0051,P1005,11,1489.81,已完成,陈敏,展会线索
O000726,2025-04-08,C0103,P1005,17,1412.28,已完成,陈敏,展会线索
O000727,2025-10-05,C0087,P1004,12,674.87,已完成,赵磊,直销
O000728,2025-12-07,C0066,P1001,1,769.71,已完成,李娜,老客户复购
O000729,2025-03-02,C0060,P1003,1,1474.95,已完成,李娜,老客户复购
O000730,2025-07-06,C0107,P1003,7,1579.62,已完成,陈敏,展会线索
O000731,2025-07-25,C0066,P1002,2,994.15,已完成,张伟,直销
O000732,2025-11-22,C0080,P1006,1,2330.78,已完成,赵磊,老客户复购
O000733,2025-02-14,C0024,P1015,86,86.5,已完成,张伟,展会线索
O000734,2025-02-05,C0023,P1006,5,2225.36,已完成,陈敏,直销
O000735,2025-03-28,C0075,P1007,3,1041.21,已完成,刘洋,经销
O000736,2025-06-18,C0065,P1011,34,488.07,已完成,张伟,展会线索
O000737,2025-03-02,C0039,P1010,41,596.13,已完成,张伟,展会线索
O000738,2025-05-06,C0031,P1006,15,2289.53,已完成,张伟,经销
O000739,2025-02-10,C0064,P1012,30,340.77,已完成,刘洋,老客户复购
O000740,2025-05-10,C0047,P1008,15,700.4,已完成,赵磊,展会线索
O000741,2025-07-22,C0008,P1009,40,654.71,已完成,李娜,经销
O000742,2025-04-07,C0012,P1014,11,40.43,已完成,张伟,老客户复购
O000743,2025-11-20,C0112,P1003,16,1623.69,已完成,赵磊,经销
O000744,2025-07-02,C0035,P1002,17,996.77,已完成,刘洋,老客户复购
O000745,2025-03-23,C0026,P1014,38,40.36,已完成,王强,直销
O000746,2025-02-16,C0107,P1001,15,708.73,已完成,陈敏,直销
O000747,2025-12-12,C0112,P1006,14,2507.96,退货,刘洋,经销
O000748,2025-10-25,C0067,P1004,12,725.88,已完成,李娜,经销
O000749,2025-02-24,C0102,P1016,109,103.8,已完成,王强,经销
O000750,2025-07-08,C0091,P1006,10,2214.68,已完成,刘洋,展会线索
O000751,2025-12-14,C0075,P1007,7,1052.66,已完成,赵磊,老客户复购
O000752,2025-07-18,C0060,P1001,3,796.5,已完成,陈敏,展会线索
O000753,2025-04-18,C0058,P1014,53,40.94,已完成,张伟,展会线索
O000754,2025-08-24,C0016,P1003,4,1545.97,已完成,王强,老客户复购
O000755,2025-07-24,C0081,P1013,4,163.83,已完成,陈敏,老客户复购
O000756,2025-09-25,C0085,P1013,16,171.48,已完成,刘洋,直销
O000757,2025-05-14,C0061,P1003,12,1662.06,已完成,陈敏,老客户复购
O000758,2025-03-12,C0067,P1009,22,724.09,已完成,赵磊,展会线索
O000759,2025-03-10,C0023,P1006,5,2354.03,已完成,陈敏,经销
O000760,2025-04-03,C0036,P1008,10,720.41,已完成,王强,老客户复购
O000761,2025-02-04,C0038,P1004,10,733.51,已完成,赵磊,经销
O000762,2025-06-18,C0100,P1002,3,995.57,已完成,陈敏,老客户复购
O000763,2025-01-04,C0023,P1011,23,489.01,已完成,张伟,直销
O000764,2025-05-10,C0016,P1011,8,481.23,已完成,陈敏,直销
O000765,2025-05-20,C0061,P1008,13,707.99,已完成,李娜,展会线索
O000766,2025-04-22,C0024,P1002,12,1025.92,已完成,陈敏,经销
O000767,2025-12-08,C0067,P1005,7,1488.25,退货,李娜,老客户复购
O000768,2025-10-21,C0005,P1007,12,945.58,已完成,王强,直销
O000769,2025-02-20,C0090,P1007,10,1045.45,已完成,王强,直销
O000770,2025-02-26,C0030,P1007,12,993.15,已完成,刘洋,经销
O000771,2025-06-29,C0047,P1016,34,87.56,已完成,刘洋,老客户复购
O000772,2025-12-09,C0016,P1001,8,819.88,已完成,李娜,展会线索
O000773,2025-08-17,C0006,P1007,14,975.99,已完成,刘洋,直销
O000774,2025-11-05,C0013,P1012,13,353.92,已完成,陈敏,直销
O000775,2025-01-13,C0085,P1004,5,692.23,已完成,李娜,展会线索
O000776,2025-07-27,C0040,P1015,62,80.11,已完成,刘洋,老客户复购
O000777,2025-07-01,C0032,P1005,8,1327.16,已完成,陈敏,经销
O000778,2025-04-18,C0117,P1005,12,1373.86,已完成,李娜,展会线索
O000779,2025-03-29,C0043,P1001,9,771.83,已完成,张伟,直销
O000780,2025-11-26,C0087,P1004,14,693.5,已完成,王强,经销
O000781,2025-02-09,C0049,P1004,15,681.25,已完成,李娜,经销
O000782,2025-01-11,C0084,P1015,32,81.73,已完成,赵磊,直销
O000783,2025-08-07,C0103,P1003,16,1588.39,已完成,李娜,展会线索
O000784,2025-06-08,C0003,P1001,12,779.45,已完成,李娜,经销
O000785,2025-01-09,C0065,P1014,63,36.23,已完成,赵磊,展会线索
O000786,2025-08-14,C0092,P1015,67,82.01,已完成,张伟,直销
O000787,2025-02-02,C0027,P1010,39,636.33,已完成,张伟,展会线索
O000788,2025-06-15,C0038,P1006,10,2363.48,已完成,陈敏,老客户复购
O000789,2025-10-19,C0118,P1005,4,1453.53,已完成,李娜,老客户复购
O000790,2025-03-04,C0079,P1004,14,668.5,已完成,李娜,老客户复购
O000791,2025-07-26,C0036,P1015,78,81.45,已完成,刘洋,直销
O000792,2025-09-30,C0049,P1001,3,752.64,已完成,刘洋,老客户复购
O000793,2025-10-21,C0097,P1001,9,712.55,已完成,赵磊,经销
O000794,2025-08-20,C0080,P1001,15,822.42,已完成,王强,直销
O000795,2025-08-04,C0057,P1005,15,1449.58,已完成,李娜,展会线索
O000796,2025-07-14,C0085,P1002,17,988.87,已完成,李娜,展会线索
O000797,2025-02-13,C0026,P1013,22,168.89,已完成,张伟,直销
O000798,2025-05-25,C0058,P1013,32,172.13,退货,王强,经销
O000799,2025-11-04,C0118,P1003,12,1549.14,已完成,赵磊,展会线索
O000800,2025-02-24,C0119,P1007,13,967.01,已完成,刘洋,经销
O000801,2025-05-08,C0007,P1002,17,1004.86,已完成,张伟,直销
O000802,2025-09-22,C0007,P1001,8,782.77,已完成,张伟,老客户复购
O000803,2025-06-10,C0015,P1009,31,695.74,已完成,张伟,展会线索
O000804,2025-04-05,C0107,P1014,67,40.33,已完成,刘洋,展会线索
O000805,2025-08-26,C0062,P1007,5,971.3,已完成,陈敏,直销
O000806,2025-04-03,C0100,P1011,5,474.93,已完成,赵磊,经销
O000807,2025-06-02,C0054,P1007,12,990.37,已完成,王强,直销
O000808,2025-07-17,C0041,P1009,25,719.26,已完成,李娜,经销
O000809,2025-04-28,C0021,P1015,29,72.75,已完成,陈敏,直销
O000810,2025-03-03,C0084,P1011,41,511.77,已完成,陈敏,经销
O000811,2025-02-08,C0050,P1003,6,1557.08,已完成,张伟,展会线索
O000812,2025-10-12,C0029,P1008,16,718.63,已完成,赵磊,直销
O000813,2025-07-29,C0045,P1012,37,335.79,已完成,刘洋,经销
O000814,2025-09-22,C0095,P1007,3,1036.4,已完成,刘洋,经销
O000815,2025-11-17,C0024,P1012,12,358.32,已完成,李娜,展会线索
O000816,2025-12-08,C0055,P1016,36,100.01,已取消,赵磊,老客户复购
O000817,2025-03-23,C0105,P1009,36,672.55,已完成,李娜,老客户复购
O000818,2025-07-20,C0031,P1016,44,93.37,已完成,张伟,直销
O000819,2025-06-16,C0117,P1006,12,2151.81,已完成,陈敏,老客户复购
O000820,2025-10-31,C0090,P1001,4,811.1,已完成,王强,直销
O000821,2025-12-17,C0061,P1005,10,1411.6,已完成,赵磊,老客户复购
O000822,2025-03-15,C0064,P1010,19,585.42,已完成,赵磊,经销
O000823,2025-09-09,C0047,P1007,2,973.34,已完成,王强,直销
O000824,2025-02-13,C0083,P1012,39,364.99,已完成,刘洋,直销
O000825,2025-03-15,C0016,P1001,16,767.78,已完成,赵磊,直销
O000826,2025-05-18,C0036,P1003,6,1650.01,已完成,张伟,经销
O000827,2025-07-24,C0045,P1006,4,2307.38,已完成,王强,展会线索
O000828,2025-12-23,C0009,P1004,12,701.4,已取消,李娜,直销
O000829,2025-05-21,C0044,P1011,42,483.05,已完成,刘洋,展会线索
O000830,2025-03-18,C0050,P1005,11,1484.69,已完成,李娜,展会线索
O000831,2025-11-19,C0037,P1006,5,2390.55,已完成,王强,老客户复购
O000832,2025-06-30,C0069,P1008,12,711.37,已完成,赵磊,老客户复购
O000833,2025-06-22,C0001,P1004,11,720.1,已完成,刘洋,直销
O000834,2025-04-26,C0063,P1001,11,784.28,已完成,赵磊,直销
O000835,2025-01-20,C0040,P1004,12,682.12,已取消,张伟,展会线索
O000836,2025-04-01,C0075,P1004,15,715.05,已完成,王强,老客户复购
O000837,2025-02-21,C0033,P1012,7,350.74,已完成,陈敏,直销
O000838,2025-08-31,C0037,P1008,44,728.52,已完成,王强,老客户复购
O000839,2025-01-16,C0014,P1002,2,947.93,已完成,李娜,展会线索
O000840,2025-04-02,C0105,P1013,26,166.38,已完成,陈敏,经销
O000841,2025-05-08,C0055,P1014,68,39.82,已完成,赵磊,经销
O000842,2025-08-12,C0086,P1002,9,954.58,已完成,陈敏,直销
O000843,2025-02-08,C0120,P1004,11,676.11,已完成,王强,直销
O000844,2025-01-21,C0050,P1005,2,1379.55,已取消,张伟,展会线索
O000845,2025-07-12,C0063,P1008,30,764.6,已完成,刘洋,老客户复购
O000846,2025-07-10,C0045,P1013,12,163.75,已完成,赵磊,经销
O000847,2025-07-08,C0114,P1004,4,707.4,已完成,张伟,经销
O000848,2025-06-26,C0118,P1010,28,622.52,已完成,张伟,直销
O000849,2025-08-24,C0008,P1005,15,1399.81,已取消,赵磊,展会线索
O000850,2025-02-16,C0108,P1007,11,989.43,已完成,王强,展会线索
O000851,2025-07-05,C0069,P1002,11,1006.73,退货,张伟,直销
O000852,2025-01-21,C0032,P1010,23,611.92,已完成,刘洋,展会线索
O000853,2025-01-31,C0076,P1008,11,706.89,已完成,赵磊,直销
O000854,2025-03-21,C0105,P1003,5,1610.1,已完成,李娜,经销
O000855,2025-12-02,C0064,P1002,14,962.8,已完成,王强,展会线索
O000856,2025-04-01,C0034,P1001,17,743.69,已完成,刘洋,老客户复购
O000857,2025-02-11,C0026,P1005,14,1387.18,已完成,王强,经销
O000858,2025-03-28,C0076,P1003,3,1470.44,已完成,李娜,经销
O000859,2025-11-10,C0085,P1013,14,173.03,已完成,赵磊,直销
O000860,2025-07-31,C0078,P1004,1,659.91,已完成,李娜,展会线索
O000861,2025-09-16,C0086,P1003,12,1474.99,已完成,陈敏,直销
O000862,2025-02-04,C0118,P1003,8,1559.64,已完成,李娜,展会线索
O000863,2025-09-28,C0083,P1009,17,700.01,已完成,王强,直销
O000864,2025-03-16,C0037,P1004,10,687.83,已完成,刘洋,老客户复购
O000865,2025-07-23,C0033,P1014,110,42.48,已完成,刘洋,直销
O000866,2025-05-12,C0066,P1011,34,503.16,已完成,王强,经销
O000867,2025-04-22,C0100,P1005,16,1333.26,已完成,李娜,老客户复购
O000868,2025-01-22,C0056,P1011,39,498.87,已完成,张伟,老客户复购
O000869,2025-06-30,C0021,P1002,2,980.45,已完成,李娜,直销
O000870,2025-02-08,C0014,P1003,17,1608.8,已取消,陈敏,经销
O000871,2025-02-18,C0021,P1011,16,491.78,已完成,张伟,经销
O000872,2025-01-02,C0014,P1012,39,352.9,已完成,张伟,经销
O000873,2025-09-27,C0054,P1004,17,679.87,已完成,陈敏,老客户复购
O000874,2025-03-10,C0106,P1011,35,485.15,已完成,刘洋,直销
O000875,2025-01-29,C0077,P1011,17,486.64,已完成,王强,直销
O000876,2025-09-17,C0076,P1002,12,1012.03,已完成,张伟,经销
O000877,2025-04-24,C0073,P1002,13,955.28,已完成,陈敏,经销
O000878,2025-04-22,C0120,P1003,4,1540.45,已完成,王强,直销
O000879,2025-01-08,C0062,P1012,7,362.87,已完成,陈敏,直销
O000880,2025-05-06,C0064,P1003,3,1458.33,已完成,赵磊,展会线索
O000881,2025-03-03,C0051,P1008,15,759.49,已完成,陈敏,展会线索
O000882,2025-05-10,C0009,P1001,12,808.56,已完成,刘洋,展会线索
O000883,2025-03-10,C0055,P1011,27,458.86,已完成,李娜,经销
O000884,2025-02-24,C0037,P1001,6,745.09,已完成,陈敏,经销
O000885,2025-01-11,C0076,P1006,4,2105.97,已完成,赵磊,经销
O000886,2025-07-06,C0056,P1005,8,1340.69,已完成,陈敏,展会线索
O000887,2025-10-08,C0081,P1005,8,1419.78,已完成,陈敏,直销
O000888,2025-01-27,C0056,P1008,44,679.94,已完成,陈敏,经销
O000889,2025-08-17,C0089,P1003,7,1448.53,已完成,刘洋,经销
O000890,2025-08-08,C0009,P1009,7,684.96,已完成,赵磊,直销
O000891,2025-10-06,C0007,P1011,32,513.79,退货,刘洋,老客户复购
O000892,2025-06-25,C0060,P1008,8,722.56,已完成,陈敏,老客户复购
O000893,2025-03-13,C0075,P1002,6,1056.37,已完成,赵磊,老客户复购
O000894,2025-05-20,C0076,P1008,25,652.72,已完成,李娜,直销
O000895,2025-08-01,C0055,P1012,11,369.17,已完成,李娜,直销
O000896,2025-02-20,C0113,P1002,3,1018.17,已完成,王强,直销
O000897,2025-07-11,C0071,P1002,7,1015.37,已完成,陈敏,老客户复购
O000898,2025-05-01,C0087,P1012,29,349.75,已完成,李娜,经销
O000899,2025-10-24,C0041,P1004,16,687.76,已完成,刘洋,经销
O000900,2025-11-10,C0027,P1003,15,1598.59,已完成,刘洋,直销
O000901,2025-11-26,C0014,P1011,4,495.57,已完成,李娜,展会线索
O000902,2025-08-20,C0019,P1002,14,1047.97,已完成,李娜,经销
O000903,2025-12-12,C0109,P1010,23,564.47,已完成,王强,老客户复购
O000904,2025-07-17,C0064,P1001,13,754.1,已完成,张伟,老客户复购
O000905,2025-03-17,C0099,P1003,14,1519.91,已取消,赵磊,经销
O000906,2025-09-24,C0023,P1009,4,685.87,已完成,李娜,展会线索
O000907,2025-06-14,C0119,P1008,13,711.27,已完成,李娜,展会线索
O000908,2025-08-15,C0007,P1009,7,729.45,已完成,张伟,经销
O000909,2025-11-13,C0010,P1011,4,445.0,已完成,张伟,展会线索
O000910,2025-11-19,C0079,P1003,13,1526.48,已完成,赵磊,经销
O000911,2025-10-18,C0063,P1001,7,770.16,已完成,王强,经销
O000912,2025-11-05,C0113,P1003,8,1433.16,已完成,王强,直销
O000913,2025-01-16,C0012,P1006,13,2296.67,已完成,赵磊,经销
O000914,2025-09-11,C0033,P1013,11,164.14,已完成,赵磊,老客户复购
O000915,2025-07-07,C0044,P1012,38,352.82,已取消,王强,展会线索
O000916,2025-11-26,C0106,P1002,7,900.74,已完成,王强,老客户复购
O000917,2025-08-15,C0021,P1011,25,467.39,已完成,李娜,展会线索
O000918,2025-10-04,C0113,P1008,19,686.6,已完成,陈敏,老客户复购
O000919,2025-06-30,C0061,P1007,14,987.4,已完成,赵磊,老客户复购
O000920,2025-07-08,C0088,P1014,79,41.9,已完成,赵磊,经销
O000921,2025-07-15,C0118,P1012,13,359.8,已完成,刘洋,老客户复购
O000922,2025-03-21,C0083,P1013,18,171.14,已完成,刘洋,直销
O000923,2025-06-27,C0041,P1004,9,705.61,已取消,赵磊,展会线索
O000924,2025-05-17,C0086,P1001,3,777.75,已完成,赵磊,直销
O000925,2025-04-11,C0026,P1011,17,481.69,已完成,王强,经销
O000926,2025-07-18,C0044,P1011,26,481.09,已完成,张伟,展会线索
O000927,2025-08-20,C0030,P1002,13,970.29,已完成,刘洋,直销
O000928,2025-04-26,C0066,P1004,9,716.02,已完成,王强,经销
O000929,2025-12-28,C0064,P1003,3,1571.52,已完成,张伟,老客户复购
O000930,2025-04-10,C0088,P1002,15,1005.12,已完成,王强,经销
O000931,2025-04-24,C0025,P1004,15,676.34,已完成,张伟,老客户复购
O000932,2025-02-28,C0097,P1007,2,1008.43,已完成,张伟,直销
O000933,2025-02-19,C0004,P1006,9,2504.58,已完成,陈敏,展会线索
O000934,2025-06-30,C0088,P1007,11,985.24,已取消,陈敏,展会线索
O000935,2025-07-30,C0081,P1007,12,990.12,已完成,王强,展会线索
O000936,2025-11-30,C0056,P1003,3,1481.24,已完成,陈敏,经销
O000937,2025-08-31,C0035,P1005,2,1487.22,已完成,张伟,直销
O000938,2025-01-12,C0025,P1004,17,625.68,已完成,王强,老客户复购
O000939,2025-06-07,C0098,P1012,26,360.65,已取消,张伟,老客户复购
O000940,2025-10-07,C0025,P1016,88,89.01,已完成,陈敏,经销
O000941,2025-02-13,C0012,P1015,113,84.59,已完成,赵磊,直销
O000942,2025-08-22,C0012,P1015,37,82.92,已完成,赵磊,展会线索
O000943,2025-05-16,C0061,P1002,8,1001.27,已完成,陈敏,经销
O000944,2025-12-20,C0020,P1005,15,1390.92,已完成,陈敏,经销
O000945,2025-04-02,C0098,P1005,14,1322.91,已完成,王强,经销
O000946,2025-12-30,C0048,P1009,30,654.31,退货,陈敏,老客户复购
O000947,2025-09-07,C0103,P1010,13,607.8,已完成,王强,经销
O000948,2025-10-17,C0066,P1011,20,480.19,已完成,陈敏,展会线索
O000949,2025-03-19,C0011,P1007,15,900.86,已完成,王强,直销
O000950,2025-05-27,C0075,P1010,16,596.39,已完成,王强,展会线索
O000951,2025-09-16,C0024,P1007,16,1029.29,已完成,张伟,经销
O000952,2025-08-09,C0114,P1010,4,609.66,已完成,王强,直销
O000953,2025-07-19,C0033,P1005,15,1482.49,已完成,张伟,老客户复购
O000954,2025-06-04,C0009,P1005,8,1389.57,已完成,陈敏,展会线索
O000955,2025-10-25,C0056,P1002,3,1040.14,已完成,王强,直销
O000956,2025-08-30,C0107,P1005,14,1308.82,已完成,陈敏,经销
O000957,2025-01-08,C0003,P1010,40,615.98,已完成,陈敏,老客户复购
O000958,2025-02-03,C0064,P1012,19,341.43,已完成,张伟,老客户复购
O000959,2025-08-09,C0035,P1015,102,83.52,已完成,王强,经销
O000960,2025-09-19,C0075,P1007,1,989.4,已完成,赵磊,直销
O000961,2025-08-21,C0050,P1007,17,985.72,已完成,刘洋,直销
O000962,2025-02-08,C0052,P1002,8,1017.28,已完成,王强,展会线索
O000963,2025-09-25,C0031,P1010,33,594.71,退货,赵磊,经销
O000964,2025-05-15,C0034,P1016,106,99.27,已完成,陈敏,展会线索
O000965,2025-01-07,C0005,P1009,44,707.9,已取消,刘洋,展会线索
O000966,2025-12-20,C0114,P1010,38,631.8,已完成,李娜,展会线索
O000967,2025-04-03,C0033,P1012,17,355.08,已完成,陈敏,直销
O000968,2025-05-20,C0075,P1003,16,1637.81,已完成,赵磊,经销
O000969,2025-04-19,C0101,P1016,116,96.19,已完成,陈敏,经销
O000970,2025-04-09,C0108,P1011,34,497.75,已取消,李娜,经销
O000971,2025-03-27,C0011,P1006,1,2391.51,已完成,李娜,直销
O000972,2025-06-04,C0041,P1006,10,2393.36,已完成,刘洋,展会线索
O000973,2025-04-24,C0106,P1001,8,737.1,已完成,刘洋,经销
O000974,2025-03-31,C0027,P1003,17,1556.54,已完成,王强,老客户复购
O000975,2025-04-06,C0111,P1012,34,359.44,已完成,张伟,直销
O000976,2025-08-14,C0033,P1006,5,2504.88,已完成,陈敏,老客户复购
O000977,2025-12-12,C0023,P1011,12,491.37,已完成,赵磊,展会线索
O000978,2025-05-13,C0047,P1015,102,75.23,已完成,张伟,展会线索
O000979,2025-10-03,C0005,P1009,36,644.51,已完成,李娜,经销
O000980,2025-02-23,C0074,P1001,17,754.3,已完成,赵磊,直销
O000981,2025-04-28,C0075,P1006,6,2447.2,已取消,赵磊,直销
O000982,2025-06-07,C0114,P1004,13,708.23,已完成,赵磊,老客户复购
O000983,2025-08-16,C0088,P1003,11,1633.4,已完成,王强,展会线索
O000984,2025-10-17,C0092,P1010,42,613.88,已完成,赵磊,展会线索
O000985,2025-03-23,C0044,P1006,15,2339.37,已完成,王强,展会线索
O000986,2025-06-20,C0052,P1011,14,475.51,已完成,赵磊,展会线索
O000987,2025-02-18,C0117,P1002,7,992.67,已完成,王强,经销
O000988,2025-08-13,C0119,P1013,11,168.98,已完成,陈敏,老客户复购
O000989,2025-05-21,C0104,P1011,41,481.89,已完成,张伟,老客户复购
O000990,2025-11-27,C0062,P1003,13,1448.27,已完成,王强,老客户复购
O000991,2025-02-03,C0029,P1003,2,1679.38,已完成,陈敏,直销
O000992,2025-05-04,C0102,P1005,13,1483.65,退货,李娜,经销
O000993,2025-03-02,C0028,P1015,92,81.49,已完成,刘洋,展会线索
O000994,2025-10-02,C0076,P1016,66,90.38,已完成,王强,老客户复购
O000995,2025-06-02,C0084,P1010,8,592.41,已完成,赵磊,直销
O000996,2025-11-29,C0060,P1004,3,671.11,已完成,李娜,展会线索
O000997,2025-04-03,C0035,P1013,19,167.59,已完成,赵磊,老客户复购
O000998,2025-09-17,C0044,P1011,15,502.22,已完成,赵磊,经销
O000999,2025-06-16,C0001,P1001,4,797.78,已完成,刘洋,展会线索
O001000,2025-04-30,C0034,P1005,3,1419.15,已完成,赵磊,直销
O001001,2025-05-04,C0062,P1006,17,2115.49,已完成,李娜,直销
O001002,2025-11-30,C0038,P1006,17,2461.22,已完成,陈敏,直销
O001003,2025-06-05,C0094,P1014,49,40.93,已完成,刘洋,经销
O001004,2025-07-22,C0064,P1007,10,965.91,已完成,陈敏,展会线索
O001005,2025-02-12,C0025,P1002,13,979.22,已完成,张伟,直销
O001006,2025-12-27,C0025,P1005,8,1274.12,已完成,陈敏,展会线索
O001007,2025-09-03,C0095,P1012,38,359.15,已完成,陈敏,老客户复购
O001008,2025-02-08,C0054,P1013,33,172.92,已完成,王强,直销
O001009,2025-06-01,C0056,P1009,43,656.11,已完成,陈敏,直销
O001010,2025-10-26,C0061,P1014,72,40.8,已完成,赵磊,经销
O001011,2025-10-30,C0108,P1006,15,2486.73,已完成,刘洋,经销
O001012,2025-12-26,C0071,P1008,9,651.43,已完成,王强,展会线索
O001013,2025-10-17,C0044,P1012,23,374.57,已完成,刘洋,直销
O001014,2025-10-05,C0049,P1012,35,358.81,已完成,李娜,经销
O001015,2025-12-17,C0069,P1009,15,677.51,已完成,张伟,经销
O001016,2025-08-26,C0106,P1012,37,350.81,已完成,王强,老客户复购
O001017,2025-10-22,C0037,P1011,5,479.99,已完成,陈敏,老客户复购
O001018,2025-02-11,C0098,P1008,34,714.48,已完成,李娜,展会线索
O001019,2025-04-16,C0037,P1009,41,630.93,已完成,赵磊,展会线索
O001020,2025-04-20,C0099,P1015,62,78.74,已完成,张伟,老客户复购
O001021,2025-04-15,C0054,P1003,10,1664.25,已完成,赵磊,老客户复购
O001022,2025-05-06,C0031,P1007,16,908.07,已完成,张伟,展会线索
O001023,2025-06-14,C0005,P1009,24,708.37,已完成,王强,老客户复购
O001024,2025-10-13,C0058,P1001,11,819.14,已完成,王强,老客户复购
O001025,2025-05-12,C0086,P1003,2,1601.86,已完成,赵磊,经销
O001026,2025-02-04,C0105,P1007,1,1018.51,已完成,赵磊,展会线索
O001027,2025-11-21,C0036,P1008,43,738.16,已完成,刘洋,经销
O001028,2025-04-15,C0023,P1014,18,37.95,已完成,刘洋,展会线索
O001029,2025-03-11,C0009,P1016,71,103.48,退货,王强,展会线索
O001030,2025-12-01,C0033,P1004,4,714.55,已完成,刘洋,直销
O001031,2025-04-14,C0021,P1001,10,722.02,已完成,赵磊,经销
O001032,2025-03-06,C0073,P1004,10,706.62,已完成,刘洋,经销
O001033,2025-02-02,C0066,P1013,22,168.76,已完成,刘洋,展会线索
O001034,2025-08-29,C0032,P1016,118,91.75,已完成,刘洋,老客户复购
O001035,2025-05-19,C0076,P1005,17,1328.92,已完成,李娜,经销
O001036,2025-11-11,C0023,P1002,17,989.77,已完成,陈敏,经销
O001037,2025-05-12,C0065,P1015,12,77.39,已完成,刘洋,经销
O001038,2025-02-12,C0094,P1012,4,351.59,已取消,王强,直销
O001039,2025-01-01,C0050,P1015,22,82.19,已完成,李娜,老客户复购
O001040,2025-11-21,C0021,P1005,11,1423.72,已完成,王强,老客户复购
O001041,2025-11-09,C0087,P1011,32,513.68,已完成,王强,展会线索
O001042,2025-03-09,C0062,P1006,4,2374.17,已完成,陈敏,直销
O001043,2025-06-28,C0003,P1005,11,1467.52,已完成,赵磊,直销
O001044,2025-07-18,C0010,P1014,28,36.79,已完成,李娜,直销
O001045,2025-02-16,C0048,P1003,16,1458.98,已完成,陈敏,老客户复购
O001046,2025-10-14,C0075,P1005,8,1408.38,已完成,李娜,经销
O001047,2025-06-17,C0085,P1001,1,766.76,退货,王强,展会线索
O001048,2025-05-18,C0001,P1015,21,81.97,退货,陈敏,经销
O001049,2025-09-10,C0062,P1007,15,959.21,已完成,刘洋,经销
O001050,2025-04-14,C0001,P1004,8,675.97,已完成,陈敏,老客户复购
O001051,2025-12-08,C0030,P1012,11,371.08,已完成,李娜,老客户复购
O001052,2025-05-19,C0113,P1010,13,584.75,已完成,张伟,展会线索
O001053,2025-12-24,C0050,P1015,100,80.85,已完成,李娜,经销
O001054,2025-07-24,C0080,P1005,9,1462.61,已完成,张伟,经销
O001055,2025-11-29,C0062,P1002,17,934.81,已完成,刘洋,展会线索
O001056,2025-09-23,C0092,P1004,9,729.45,已完成,陈敏,展会线索
O001057,2025-12-18,C0036,P1013,15,173.62,已完成,赵磊,经销
O001058,2025-07-28,C0058,P1006,3,2399.47,已完成,张伟,老客户复购
O001059,2025-02-28,C0082,P1011,35,488.61,已完成,赵磊,经销
O001060,2025-04-02,C0017,P1013,35,175.79,已完成,张伟,经销
O001061,2025-08-22,C0074,P1001,12,783.33,已完成,王强,老客户复购
O001062,2025-03-29,C0006,P1003,1,1571.09,已完成,陈敏,老客户复购
O001063,2025-12-09,C0106,P1001,8,690.92,已完成,张伟,老客户复购
O001064,2025-09-28,C0043,P1011,16,475.33,已取消,陈敏,老客户复购
O001065,2025-01-10,C0043,P1009,29,666.21,已完成,刘洋,经销
O001066,2025-03-24,C0044,P1005,3,1480.7,已完成,陈敏,老客户复购
O001067,2025-05-11,C0002,P1003,2,1411.28,已完成,李娜,展会线索
O001068,2025-01-13,C0011,P1005,17,1397.26,已完成,李娜,经销
O001069,2025-05-21,C0074,P1007,11,1051.09,已完成,张伟,经销
O001070,2025-08-31,C0081,P1004,9,690.45,已完成,刘洋,直销
O001071,2025-04-04,C0056,P1008,22,706.73,已完成,刘洋,老客户复购
O001072,2025-07-20,C0020,P1015,98,80.45,已完成,赵磊,直销
O001073,2025-07-28,C0060,P1013,7,160.35,已完成,张伟,直销
O001074,2025-04-04,C0016,P1012,16,368.19,已完成,张伟,直销
O001075,2025-07-26,C0064,P1011,16,459.47,已完成,陈敏,展会线索
O001076,2025-03-13,C0061,P1002,3,1027.33,已完成,赵磊,老客户复购
O001077,2025-12-28,C0098,P1001,1,746.78,已完成,李娜,经销
O001078,2025-06-09,C0050,P1007,2,1043.13,已完成,刘洋,直销
O001079,2025-07-06,C0035,P1001,9,818.4,已完成,刘洋,直销
O001080,2025-05-18,C0072,P1013,20,172.37,已完成,王强,经销
O001081,2025-07-23,C0026,P1015,83,75.67,已完成,张伟,直销
O001082,2025-04-15,C0031,P1013,41,153.12,已完成,张伟,展会线索
O001083,2025-10-26,C0024,P1008,14,752.68,已完成,李娜,老客户复购
O001084,2025-04-02,C0015,P1012,42,359.08,已完成,李娜,老客户复购
O001085,2025-08-10,C0093,P1001,11,806.1,已完成,王强,经销
O001086,2025-01-30,C0021,P1007,10,923.35,已完成,陈敏,经销
O001087,2025-09-26,C0094,P1010,23,627.67,已完成,陈敏,老客户复购
O001088,2025-06-12,C0076,P1014,118,37.15,已完成,张伟,直销
O001089,2025-08-11,C0035,P1013,17,175.36,已完成,赵磊,展会线索
O001090,2025-09-01,C0036,P1011,40,491.13,已完成,张伟,直销
O001091,2025-03-14,C0075,P1010,8,626.64,已完成,张伟,老客户复购
O001092,2025-10-26,C0107,P1005,13,1389.14,已完成,陈敏,老客户复购
O001093,2025-09-30,C0118,P1002,4,999.82,已完成,张伟,直销
O001094,2025-03-30,C0062,P1009,37,676.18,已完成,张伟,老客户复购
O001095,2025-08-28,C0099,P1008,43,688.83,已完成,刘洋,老客户复购
O001096,2025-12-05,C0045,P1002,10,967.35,已完成,张伟,直销
O001097,2025-09-18,C0032,P1006,7,2264.09,已完成,张伟,直销
O001098,2025-10-23,C0104,P1012,29,368.52,已完成,刘洋,经销
O001099,2025-02-16,C0114,P1004,11,708.4,已完成,陈敏,老客户复购
O001100,2025-08-09,C0104,P1002,14,1010.6,已完成,张伟,老客户复购
O001101,2025-04-13,C0007,P1008,33,723.48,已完成,李娜,直销
O001102,2025-09-27,C0081,P1006,14,2136.19,已完成,陈敏,老客户复购
O001103,2025-06-04,C0100,P1001,7,784.92,已完成,刘洋,展会线索
O001104,2025-06-06,C0054,P1013,24,172.33,已完成,刘洋,经销
O001105,2025-02-25,C0006,P1011,15,451.97,已完成,刘洋,直销
O001106,2025-07-17,C0001,P1012,24,352.25,退货,李娜,直销
O001107,2025-05-08,C0044,P1005,4,1387.16,已完成,赵磊,展会线索
O001108,2025-07-21,C0106,P1004,13,668.31,已完成,刘洋,展会线索
O001109,2025-02-28,C0107,P1008,43,688.0,已完成,陈敏,老客户复购
O001110,2025-02-25,C0103,P1011,8,477.34,已完成,刘洋,经销
O001111,2025-08-22,C0109,P1010,31,594.4,已完成,陈敏,直销
O001112,2025-03-02,C0107,P1001,3,734.02,已完成,陈敏,直销
O001113,2025-10-20,C0117,P1008,18,639.87,已完成,刘洋,老客户复购
O001114,2025-07-11,C0006,P1010,3,599.32,已完成,刘洋,经销
O001115,2025-03-30,C0049,P1003,10,1453.55,退货,刘洋,老客户复购
O001116,2025-02-01,C0067,P1003,3,1614.4,已完成,刘洋,直销
O001117,2025-05-15,C0112,P1003,11,1677.07,已完成,刘洋,经销
O001118,2025-01-17,C0063,P1004,9,713.48,已完成,刘洋,展会线索
O001119,2025-10-10,C0041,P1001,4,763.61,已完成,赵磊,直销
O001120,2025-05-27,C0119,P1015,31,78.15,已完成,李娜,展会线索
O001121,2025-12-22,C0048,P1003,8,1504.0,已完成,李娜,直销
O001122,2025-07-08,C0014,P1011,44,482.8,已完成,王强,经销
O001123,2025-11-09,C0033,P1003,13,1624.75,已完成,王强,直销
O001124,2025-04-14,C0094,P1013,4,173.25,已完成,赵磊,展会线索
O001125,2025-03-21,C0003,P1005,7,1456.28,已完成,李娜,直销
O001126,2025-02-16,C0067,P1011,18,479.89,已完成,赵磊,展会线索
O001127,2025-11-01,C0038,P1010,14,616.36,已完成,陈敏,展会线索
O001128,2025-02-28,C0081,P1016,64,88.21,已完成,陈敏,直销
O001129,2025-02-14,C0032,P1013,23,160.81,已完成,陈敏,直销
O001130,2025-04-23,C0011,P1011,42,443.66,已完成,张伟,直销
O001131,2025-04-26,C0057,P1005,17,1442.14,已完成,赵磊,老客户复购
O001132,2025-01-23,C0036,P1007,12,1061.46,已完成,赵磊,经销
O001133,2025-03-30,C0035,P1002,4,1020.68,已完成,陈敏,老客户复购
O001134,2025-06-25,C0086,P1008,25,683.63,已完成,张伟,经销
O001135,2025-10-09,C0054,P1004,11,729.72,已完成,王强,展会线索
O001136,2025-09-01,C0029,P1004,17,728.06,已完成,王强,展会线索
O001137,2025-02-13,C0046,P1005,17,1480.51,已完成,刘洋,经销
O001138,2025-06-10,C0099,P1001,16,775.84,已完成,王强,老客户复购
O001139,2025-02-21,C0081,P1001,13,720.86,已完成,王强,直销
O001140,2025-03-28,C0087,P1004,2,700.67,已完成,李娜,展会线索
O001141,2025-11-23,C0014,P1006,7,2431.56,已完成,刘洋,展会线索
O001142,2025-05-12,C0102,P1002,5,1052.69,已完成,赵磊,经销
O001143,2025-02-08,C0040,P1009,35,680.33,已完成,陈敏,经销
O001144,2025-09-05,C0015,P1009,33,631.96,已完成,李娜,老客户复购
O001145,2025-05-11,C0040,P1011,44,497.89,已完成,陈敏,直销
O001146,2025-08-14,C0071,P1008,15,663.67,已取消,刘洋,直销
O001147,2025-03-30,C0028,P1007,7,1002.26,已完成,陈敏,展会线索
O001148,2025-10-08,C0024,P1001,14,782.02,已完成,赵磊,经销
O001149,2025-01-17,C0095,P1004,3,680.32,已取消,张伟,直销
O001150,2025-09-21,C0065,P1004,1,636.24,已完成,陈敏,展会线索
O001151,2025-04-20,C0081,P1002,1,944.22,已取消,李娜,经销
O001152,2025-11-24,C0008,P1013,24,166.4,已完成,李娜,直销
O001153,2025-02-02,C0091,P1001,4,756.52,已完成,赵磊,老客户复购
O001154,2025-04-07,C0081,P1006,9,2307.96,已完成,陈敏,展会线索
O001155,2025-10-28,C0051,P1011,35,475.89,退货,刘洋,经销
O001156,2025-03-21,C0109,P1002,8,1019.77,已完成,王强,老客户复购
O001157,2025-06-17,C0023,P1012,33,359.64,已完成,李娜,经销
O001158,2025-09-29,C0094,P1013,43,165.84,已完成,刘洋,老客户复购
O001159,2025-12-11,C0103,P1007,16,1024.36,已完成,赵磊,老客户复购
O001160,2025-03-05,C0117,P1003,5,1550.39,已完成,赵磊,经销
O001161,2025-08-02,C0079,P1014,114,36.19,已完成,赵磊,老客户复购
O001162,2025-06-22,C0074,P1005,3,1480.96,已完成,刘洋,经销
O001163,2025-08-30,C0076,P1001,10,719.88,退货,刘洋,经销
O001164,2025-05-08,C0027,P1012,19,366.81,已完成,刘洋,老客户复购
O001165,2025-09-15,C0095,P1001,11,810.42,已完成,王强,展会线索
O001166,2025-09-17,C0014,P1011,43,483.67,已完成,刘洋,展会线索
O001167,2025-03-10,C0037,P1004,6,671.48,已完成,赵磊,老客户复购
O001168,2025-10-20,C0043,P1012,10,356.2,已完成,陈敏,直销
O001169,2025-12-19,C0117,P1001,8,738.8,已完成,张伟,展会线索
O001170,2025-08-20,C0090,P1007,11,998.12,已完成,刘洋,直销
O001171,2025-11-26,C0090,P1002,3,1034.01,已完成,李娜,老客户复购
O001172,2025-04-25,C0103,P1014,106,39.98,已完成,李娜,直销
O001173,2025-04-01,C0067,P1011,41,473.94,已完成,王强,经销
O001174,2025-07-30,C0003,P1002,13,1012.81,已完成,张伟,老客户复购
O001175,2025-04-22,C0008,P1002,6,1039.4,已完成,张伟,经销
O001176,2025-11-02,C0050,P1003,16,1671.03,已完成,赵磊,展会线索
O001177,2025-03-16,C0085,P1007,8,999.08,已完成,刘洋,老客户复购
O001178,2025-12-02,C0106,P1008,28,698.74,已完成,张伟,展会线索
O001179,2025-04-22,C0082,P1002,9,900.98,已完成,刘洋,老客户复购
O001180,2025-10-25,C0081,P1002,9,1006.27,已取消,张伟,直销
O001181,2025-06-19,C0091,P1004,6,617.46,已完成,李娜,展会线索
O001182,2025-09-26,C0048,P1011,9,449.37,已完成,刘洋,老客户复购
O001183,2025-09-26,C0087,P1007,1,1010.26,已完成,赵磊,经销
O001184,2025-07-21,C0042,P1012,37,364.22,已完成,李娜,老客户复购
O001185,2025-08-16,C0107,P1001,8,726.3,已完成,刘洋,直销
O001186,2025-09-10,C0082,P1006,1,2292.31,已完成,李娜,直销
O001187,2025-08-15,C0019,P1013,25,166.65,已完成,陈敏,老客户复购
O001188,2025-08-22,C0039,P1002,5,926.11,已完成,李娜,经销
O001189,2025-06-04,C0003,P1003,17,1628.63,已完成,王强,直销
O001190,2025-01-31,C0063,P1004,1,715.66,已完成,刘洋,经销
O001191,2025-01-18,C0047,P1006,10,2351.67,已完成,王强,直销
O001192,2025-09-24,C0041,P1008,27,725.98,已完成,刘洋,老客户复购
O001193,2025-06-15,C0064,P1010,5,586.21,已完成,赵磊,老客户复购
O001194,2025-07-25,C0050,P1003,13,1547.95,已完成,刘洋,老客户复购
O001195,2025-09-13,C0102,P1007,7,1068.02,已完成,李娜,直销
O001196,2025-09-28,C0102,P1008,39,727.04,已完成,李娜,展会线索
O001197,2025-12-27,C0107,P1006,16,2269.61,已完成,陈敏,直销
O001198,2025-08-08,C0118,P1003,4,1590.74,已完成,李娜,老客户复购
O001199,2025-05-15,C0114,P1014,75,42.19,已完成,王强,经销
O001200,2025-01-04,C0048,P1006,11,2251.36,已取消,赵磊,展会线索
O001201,2025-07-24,C0100,P1003,11,1566.06,退货,刘洋,直销
O001202,2025-08-29,C0062,P1012,37,351.34,已完成,王强,展会线索
O001203,2025-01-21,C0107,P1009,21,680.08,已完成,刘洋,经销
O001204,2025-08-31,C0038,P1004,15,725.48,已取消,刘洋,老客户复购
O001205,2025-01-15,C0007,P1001,9,800.93,已完成,张伟,展会线索
O001206,2025-09-01,C0014,P1006,17,2409.77,已完成,刘洋,老客户复购
O001207,2025-04-21,C0013,P1002,4,971.92,已完成,赵磊,老客户复购
O001208,2025-06-10,C0016,P1007,6,1065.77,已完成,赵磊,展会线索
O001209,2025-07-01,C0109,P1003,17,1597.37,已完成,王强,经销
O001210,2025-11-07,C0081,P1005,7,1375.64,已完成,张伟,直销
O001211,2025-12-24,C0064,P1010,30,552.81,已完成,赵磊,直销
O001212,2025-08-09,C0033,P1016,102,96.39,已完成,李娜,经销
O001213,2025-01-29,C0052,P1014,100,39.26,已完成,陈敏,直销
O001214,2025-05-02,C0063,P1002,9,1049.42,已完成,刘洋,展会线索
O001215,2025-05-07,C0075,P1012,29,356.94,已完成,张伟,经销
O001216,2025-07-10,C0103,P1004,8,727.61,已完成,刘洋,老客户复购
O001217,2025-07-23,C0074,P1008,4,717.14,已完成,张伟,直销
O001218,2025-09-06,C0085,P1011,20,503.63,已完成,王强,直销
O001219,2025-09-06,C0050,P1001,13,758.58,已完成,李娜,老客户复购
O001220,2025-03-19,C0056,P1010,37,578.15,已完成,陈敏,展会线索
O001221,2025-01-31,C0034,P1011,44,483.1,已完成,张伟,展会线索
O001222,2025-01-29,C0056,P1011,36,478.79,已完成,赵磊,直销
O001223,2025-11-22,C0008,P1009,44,700.5,已完成,赵磊,直销
O001224,2025-03-23,C0034,P1012,29,363.56,已完成,赵磊,直销
O001225,2025-04-24,C0107,P1002,1,983.56,已完成,张伟,老客户复购
O001226,2025-03-17,C0018,P1002,12,991.84,已取消,张伟,老客户复购
O001227,2025-05-16,C0030,P1007,7,1039.51,已完成,王强,直销
O001228,2025-09-08,C0114,P1002,2,1023.53,已完成,陈敏,展会线索
O001229,2025-09-07,C0031,P1002,1,980.85,已完成,刘洋,直销
O001230,2025-07-05,C0074,P1009,17,728.02,已完成,赵磊,经销
O001231,2025-09-22,C0090,P1014,45,41.41,已完成,陈敏,老客户复购
O001232,2025-03-15,C0029,P1003,13,1603.33,已取消,李娜,老客户复购
O001233,2025-11-27,C0040,P1014,83,39.66,已完成,刘洋,老客户复购
O001234,2025-08-23,C0098,P1012,27,357.19,已取消,张伟,经销
O001235,2025-04-25,C0052,P1003,14,1556.52,已完成,张伟,展会线索
O001236,2025-04-20,C0050,P1004,7,693.7,已完成,张伟,老客户复购
O001237,2025-04-22,C0036,P1010,13,639.44,已完成,刘洋,老客户复购
O001238,2025-05-03,C0113,P1013,36,161.35,已完成,刘洋,经销
O001239,2025-07-16,C0096,P1002,4,981.49,已完成,李娜,老客户复购
O001240,2025-07-27,C0016,P1011,12,489.46,已完成,李娜,直销
O001241,2025-07-10,C0038,P1012,27,357.67,已完成,赵磊,展会线索
O001242,2025-05-03,C0114,P1012,37,373.42,已完成,张伟,老客户复购
O001243,2025-09-29,C0069,P1007,17,978.34,已完成,王强,直销
O001244,2025-07-02,C0098,P1002,1,987.45,已完成,赵磊,展会线索
O001245,2025-11-07,C0080,P1014,10,39.82,已取消,王强,经销
O001246,2025-10-08,C0105,P1004,11,665.56,已完成,李娜,直销
O001247,2025-04-30,C0031,P1015,19,73.87,已完成,张伟,经销
O001248,2025-07-29,C0027,P1005,16,1470.44,已完成,陈敏,老客户复购
O001249,2025-03-21,C0009,P1003,3,1675.13,已完成,王强,经销
O001250,2025-12-12,C0032,P1002,2,1038.93,已完成,王强,老客户复购
O001251,2025-03-21,C0003,P1008,19,723.42,已取消,李娜,直销
O001252,2025-08-27,C0037,P1011,36,486.48,已完成,李娜,展会线索
O001253,2025-08-15,C0070,P1016,88,93.23,已完成,王强,经销
O001254,2025-05-29,C0064,P1005,5,1262.9,已完成,王强,展会线索
O001255,2025-04-24,C0080,P1011,17,502.82,已完成,王强,老客户复购
O001256,2025-10-18,C0097,P1014,103,38.73,已完成,张伟,经销
O001257,2025-06-03,C0014,P1003,7,1486.6,已完成,张伟,老客户复购
O001258,2025-06-08,C0059,P1014,40,35.7,已完成,李娜,经销
O001259,2025-12-23,C0075,P1011,16,494.92,已完成,刘洋,直销
O001260,2025-12-22,C0090,P1007,17,1019.62,已完成,张伟,直销
O001261,2025-09-22,C0003,P1011,8,499.13,已完成,赵磊,展会线索
O001262,2025-09-07,C0081,P1014,94,39.08,已完成,李娜,直销
O001263,2025-03-10,C0064,P1013,37,163.21,已完成,赵磊,展会线索
O001264,2025-10-28,C0096,P1004,15,666.61,已完成,李娜,老客户复购
O001265,2025-08-31,C0042,P1006,3,2432.08,已完成,赵磊,老客户复购
O001266,2025-11-10,C0074,P1006,3,2487.16,已完成,赵磊,直销
O001267,2025-12-13,C0014,P1003,8,1507.11,已完成,赵磊,直销
O001268,2025-12-02,C0085,P1008,42,729.95,已完成,赵磊,经销
O001269,2025-09-02,C0053,P1012,6,381.08,已完成,李娜,展会线索
O001270,2025-02-26,C0069,P1003,13,1631.0,已完成,赵磊,经销
O001271,2025-01-31,C0006,P1011,10,471.33,已完成,陈敏,老客户复购
O001272,2025-06-20,C0102,P1007,17,1000.74,已完成,陈敏,经销
O001273,2025-06-30,C0058,P1008,26,707.73,已完成,王强,经销
O001274,2025-08-01,C0085,P1010,43,628.52,已完成,李娜,老客户复购
O001275,2025-03-06,C0059,P1011,17,460.6,已完成,陈敏,直销
O001276,2025-05-19,C0029,P1009,10,690.24,已完成,刘洋,老客户复购
O001277,2025-12-09,C0104,P1004,12,718.87,已完成,赵磊,老客户复购
O001278,2025-08-26,C0074,P1002,4,994.91,已完成,王强,经销
O001279,2025-06-17,C0056,P1013,7,165.72,已完成,陈敏,老客户复购
O001280,2025-01-14,C0056,P1003,7,1472.86,已完成,张伟,老客户复购
O001281,2025-07-06,C0056,P1016,56,100.85,已完成,李娜,展会线索
O001282,2025-09-09,C0040,P1003,9,1560.12,已完成,王强,展会线索
O001283,2025-04-06,C0110,P1006,4,2355.54,已完成,赵磊,直销
O001284,2025-07-27,C0017,P1003,11,1544.86,已完成,李娜,展会线索
O001285,2025-01-28,C0031,P1007,15,992.3,已完成,张伟,老客户复购
O001286,2025-12-14,C0051,P1003,14,1576.53,已完成,李娜,经销
O001287,2025-03-21,C0035,P1014,58,41.53,已完成,刘洋,直销
O001288,2025-02-25,C0090,P1003,1,1568.05,已完成,陈敏,老客户复购
O001289,2025-02-09,C0034,P1012,32,333.62,已完成,陈敏,展会线索
O001290,2025-04-25,C0002,P1003,16,1440.74,已完成,赵磊,经销
O001291,2025-04-03,C0082,P1008,41,639.65,已完成,陈敏,直销
O001292,2025-01-09,C0051,P1004,12,682.35,已完成,李娜,经销
O001293,2025-03-17,C0011,P1012,19,361.72,已完成,赵磊,直销
O001294,2025-09-01,C0041,P1006,1,2333.94,已完成,李娜,直销
O001295,2025-12-01,C0074,P1015,102,84.49,已完成,李娜,展会线索
O001296,2025-03-01,C0111,P1004,11,675.37,已完成,赵磊,直销
O001297,2025-02-17,C0051,P1007,3,1025.19,已完成,刘洋,老客户复购
O001298,2025-03-03,C0097,P1010,9,536.28,已取消,李娜,展会线索
O001299,2025-01-04,C0048,P1010,27,535.95,已完成,陈敏,展会线索
O001300,2025-10-20,C0065,P1005,14,1336.69,已完成,陈敏,经销
O001301,2025-07-16,C0017,P1013,42,168.75,已完成,李娜,老客户复购
O001302,2025-08-09,C0013,P1014,118,37.98,已完成,刘洋,老客户复购
O001303,2025-10-25,C0083,P1001,4,807.52,已取消,赵磊,直销
O001304,2025-11-15,C0117,P1011,9,461.75,已完成,陈敏,经销
O001305,2025-09-12,C0034,P1006,4,2183.38,已完成,李娜,展会线索
O001306,2025-07-17,C0082,P1003,5,1449.52,已完成,赵磊,直销
O001307,2025-05-11,C0107,P1003,17,1434.22,已完成,赵磊,直销
O001308,2025-04-15,C0063,P1010,21,592.45,已完成,赵磊,直销
O001309,2025-02-14,C0090,P1008,39,703.3,已完成,刘洋,经销
O001310,2025-10-09,C0061,P1012,32,354.76,已完成,赵磊,直销
O001311,2025-04-15,C0060,P1002,9,1040.2,已完成,刘洋,展会线索
O001312,2025-11-10,C0109,P1006,6,2129.73,已完成,王强,直销
O001313,2025-09-10,C0120,P1003,3,1411.15,已完成,陈敏,经销
O001314,2025-03-30,C0105,P1004,15,683.74,已取消,陈敏,展会线索
O001315,2025-08-25,C0036,P1012,5,381.28,已完成,刘洋,直销
O001316,2025-03-31,C0101,P1006,5,2416.73,已完成,王强,展会线索
O001317,2025-04-30,C0054,P1002,12,1039.46,已完成,张伟,老客户复购
O001318,2025-02-13,C0071,P1005,4,1289.92,已完成,赵磊,展会线索
O001319,2025-04-19,C0060,P1016,28,96.78,已完成,张伟,直销
O001320,2025-01-10,C0002,P1003,14,1450.56,已完成,张伟,直销
O001321,2025-11-07,C0027,P1001,16,787.91,已完成,李娜,老客户复购
O001322,2025-05-27,C0019,P1001,13,823.01,已完成,张伟,经销
O001323,2025-11-02,C0071,P1004,5,661.24,已完成,赵磊,老客户复购
O001324,2025-12-19,C0033,P1001,10,752.36,已完成,赵磊,展会线索
O001325,2025-07-19,C0058,P1009,30,690.82,已完成,赵磊,老客户复购
O001326,2025-08-02,C0091,P1014,73,35.97,退货,陈敏,经销
O001327,2025-08-14,C0062,P1011,37,483.31,已完成,赵磊,展会线索
O001328,2025-06-14,C0109,P1013,26,153.29,已完成,赵磊,展会线索
O001329,2025-07-23,C0102,P1010,26,604.25,已完成,王强,老客户复购
O001330,2025-07-19,C0098,P1007,8,987.2,已完成,陈敏,经销
O001331,2025-02-12,C0012,P1009,30,678.69,已完成,刘洋,直销
O001332,2025-03-02,C0063,P1007,4,991.95,已完成,陈敏,经销
O001333,2025-01-02,C0091,P1003,17,1595.22,已完成,赵磊,展会线索
O001334,2025-04-12,C0040,P1003,16,1646.53,已完成,赵磊,直销
O001335,2025-06-08,C0109,P1003,1,1458.4,已完成,刘洋,直销
O001336,2025-02-16,C0032,P1004,12,669.17,已完成,李娜,展会线索
O001337,2025-09-18,C0030,P1012,44,340.79,已取消,陈敏,直销
O001338,2025-01-29,C0069,P1007,10,1010.21,已完成,李娜,老客户复购
O001339,2025-09-18,C0117,P1007,16,961.33,已完成,张伟,展会线索
O001340,2025-02-27,C0059,P1012,42,326.39,已取消,陈敏,老客户复购
O001341,2025-03-29,C0035,P1003,9,1544.01,已完成,赵磊,直销
O001342,2025-03-21,C0011,P1001,12,756.03,已取消,李娜,展会线索
O001343,2025-01-07,C0070,P1005,6,1440.77,已完成,李娜,老客户复购
O001344,2025-11-26,C0051,P1006,6,2481.66,已完成,赵磊,经销
O001345,2025-07-03,C0087,P1008,41,719.52,已完成,刘洋,直销
O001346,2025-09-02,C0007,P1009,36,704.26,已完成,刘洋,直销
O001347,2025-04-10,C0089,P1015,27,79.11,退货,张伟,老客户复购
O001348,2025-06-26,C0058,P1001,9,818.19,已完成,王强,展会线索
O001349,2025-01-19,C0074,P1002,7,1000.82,已完成,李娜,直销
O001350,2025-02-15,C0087,P1013,10,171.36,已完成,张伟,直销
O001351,2025-11-29,C0028,P1002,7,909.24,已完成,刘洋,老客户复购
O001352,2025-08-22,C0111,P1003,14,1494.11,已完成,王强,经销
O001353,2025-12-01,C0099,P1011,40,472.5,已完成,李娜,展会线索
O001354,2025-11-16,C0034,P1013,33,154.91,已取消,赵磊,直销
O001355,2025-07-10,C0040,P1009,25,702.18,已完成,陈敏,直销
O001356,2025-05-06,C0095,P1012,16,370.94,已完成,赵磊,老客户复购
O001357,2025-10-09,C0052,P1003,14,1656.59,已完成,张伟,老客户复购
O001358,2025-12-03,C0063,P1013,15,171.44,已完成,赵磊,老客户复购
O001359,2025-10-20,C0079,P1007,11,973.03,已完成,陈敏,展会线索
O001360,2025-10-06,C0044,P1002,13,999.76,已完成,王强,展会线索
O001361,2025-11-02,C0079,P1002,8,934.33,已完成,赵磊,直销
O001362,2025-07-07,C0015,P1004,8,634.7,已完成,王强,直销
O001363,2025-01-13,C0031,P1009,18,626.06,已完成,李娜,经销
O001364,2025-06-15,C0042,P1005,10,1444.75,已完成,陈敏,老客户复购
O001365,2025-09-09,C0024,P1010,27,627.7,已完成,张伟,老客户复购
O001366,2025-06-15,C0052,P1008,6,738.77,已完成,张伟,展会线索
O001367,2025-01-20,C0022,P1011,24,503.64,已完成,王强,直销
O001368,2025-07-20,C0079,P1010,13,562.46,已完成,李娜,展会线索
O001369,2025-06-21,C0083,P1008,37,715.74,已完成,李娜,老客户复购
O001370,2025-12-09,C0076,P1002,13,908.66,已完成,刘洋,经销
O001371,2025-03-20,C0032,P1011,17,467.57,已完成,李娜,经销
O001372,2025-01-20,C0021,P1002,1,941.02,已完成,王强,经销
O001373,2025-09-26,C0012,P1012,8,376.8,已完成,李娜,老客户复购
O001374,2025-02-20,C0097,P1002,4,959.84,已完成,张伟,直销
O001375,2025-07-15,C0098,P1005,16,1416.22,已取消,刘洋,展会线索
O001376,2025-09-03,C0067,P1001,10,803.74,已完成,赵磊,直销
O001377,2025-01-10,C0119,P1002,2,987.81,已完成,王强,老客户复购
O001378,2025-12-16,C0053,P1016,17,102.69,已完成,赵磊,老客户复购
O001379,2025-06-17,C0069,P1015,27,78.37,已完成,赵磊,老客户复购
O001380,2025-04-09,C0112,P1013,30,174.02,已完成,赵磊,经销
O001381,2025-05-21,C0113,P1005,2,1344.35,已完成,陈敏,展会线索
O001382,2025-11-16,C0102,P1011,14,507.07,已取消,张伟,老客户复购
O001383,2025-12-09,C0091,P1012,37,334.53,已完成,刘洋,经销
O001384,2025-04-28,C0118,P1003,10,1641.45,已完成,张伟,展会线索
O001385,2025-07-07,C0110,P1012,24,362.24,已完成,张伟,直销
O001386,2025-04-09,C0017,P1003,16,1580.94,已完成,陈敏,直销
O001387,2025-03-10,C0061,P1004,12,708.35,已完成,赵磊,老客户复购
O001388,2025-10-31,C0068,P1006,8,2417.6,已完成,王强,经销
O001389,2025-06-16,C0109,P1006,13,2272.59,已完成,赵磊,老客户复购
O001390,2025-02-24,C0115,P1004,5,674.61,已完成,陈敏,展会线索
O001391,2025-04-07,C0097,P1007,16,976.0,已完成,刘洋,老客户复购
O001392,2025-09-07,C0073,P1001,6,752.51,已完成,陈敏,老客户复购
O001393,2025-05-05,C0102,P1012,44,366.23,已完成,赵磊,经销
O001394,2025-06-22,C0038,P1010,7,602.14,退货,刘洋,经销
O001395,2025-10-02,C0041,P1003,3,1658.87,已完成,刘洋,老客户复购
O001396,2025-03-06,C0018,P1004,14,618.95,已完成,赵磊,展会线索
O001397,2025-08-17,C0074,P1008,17,752.25,已完成,李娜,经销
O001398,2025-07-12,C0024,P1003,17,1637.0,已完成,刘洋,经销
O001399,2025-01-13,C0001,P1015,98,85.56,已完成,张伟,经销
O001400,2025-01-10,C0098,P1013,29,158.28,已完成,李娜,老客户复购
O001401,2025-06-23,C0069,P1015,80,80.2,已完成,王强,老客户复购
O001402,2025-04-20,C0062,P1011,21,446.9,已完成,赵磊,直销
O001403,2025-12-21,C0076,P1009,40,689.27,已完成,刘洋,经销
O001404,2025-04-19,C0077,P1008,6,735.99,已完成,王强,展会线索
O001405,2025-05-27,C0062,P1008,14,650.12,已完成,张伟,展会线索
O001406,2025-03-25,C0113,P1007,10,917.91,已完成,王强,老客户复购
O001407,2025-12-18,C0061,P1011,15,510.59,已完成,赵磊,老客户复购
O001408,2025-05-26,C0056,P1003,5,1479.52,已完成,陈敏,直销
O001409,2025-05-04,C0087,P1013,31,174.55,已完成,刘洋,经销
O001410,2025-03-24,C0120,P1004,15,644.65,已完成,刘洋,经销
O001411,2025-05-08,C0096,P1009,7,636.22,退货,王强,老客户复购
O001412,2025-03-10,C0092,P1003,14,1644.0,已完成,赵磊,展会线索
O001413,2025-09-05,C0035,P1016,89,99.03,已完成,陈敏,直销
O001414,2025-05-01,C0113,P1013,31,165.74,已完成,王强,展会线索
O001415,2025-08-16,C0097,P1016,91,92.53,已完成,李娜,经销
O001416,2025-03-10,C0106,P1012,14,331.67,已完成,王强,展会线索
O001417,2025-01-27,C0042,P1001,2,804.62,已完成,赵磊,展会线索
O001418,2025-05-08,C0043,P1011,3,457.45,已完成,张伟,直销
O001419,2025-11-15,C0045,P1010,29,590.48,已完成,李娜,老客户复购
O001420,2025-01-05,C0053,P1003,17,1681.97,已完成,王强,老客户复购
O001421,2025-07-26,C0084,P1012,29,373.57,已完成,陈敏,老客户复购
O001422,2025-12-18,C0023,P1009,8,678.5,已完成,王强,展会线索
O001423,2025-03-30,C0058,P1005,16,1502.04,已完成,李娜,直销
O001424,2025-06-30,C0049,P1006,11,2358.03,已完成,李娜,老客户复购
O001425,2025-06-05,C0085,P1008,24,756.03,已取消,刘洋,直销
O001426,2025-07-30,C0066,P1011,26,485.43,已完成,陈敏,直销
O001427,2025-02-22,C0097,P1009,41,615.82,已完成,陈敏,直销
O001428,2025-01-08,C0061,P1008,29,757.5,已完成,陈敏,直销
O001429,2025-06-04,C0119,P1011,9,498.3,已完成,赵磊,经销
O001430,2025-03-08,C0081,P1005,5,1270.8,已完成,陈敏,老客户复购
O001431,2025-12-25,C0002,P1001,17,738.48,已完成,刘洋,老客户复购
O001432,2025-09-16,C0037,P1008,19,640.51,已完成,李娜,经销
O001433,2025-12-22,C0025,P1007,17,936.88,已完成,李娜,直销
O001434,2025-09-26,C0073,P1004,6,660.13,已完成,王强,老客户复购
O001435,2025-02-01,C0049,P1015,94,78.82,已完成,陈敏,老客户复购
O001436,2025-10-03,C0101,P1013,41,168.07,已完成,李娜,经销
O001437,2025-12-08,C0088,P1003,16,1605.24,已完成,陈敏,展会线索
O001438,2025-10-06,C0118,P1001,12,821.81,已完成,刘洋,老客户复购
O001439,2025-06-29,C0097,P1014,95,36.57,已完成,陈敏,经销
O001440,2025-03-01,C0082,P1013,29,155.81,已完成,陈敏,老客户复购
O001441,2025-02-05,C0089,P1007,4,988.32,已完成,王强,经销
O001442,2025-11-21,C0063,P1005,5,1461.54,已完成,张伟,经销
O001443,2025-08-18,C0073,P1010,9,566.05,已完成,陈敏,直销
O001444,2025-06-24,C0081,P1002,9,1007.51,已完成,陈敏,展会线索
O001445,2025-08-26,C0024,P1002,8,1038.19,已完成,陈敏,老客户复购
O001446,2025-10-28,C0023,P1010,7,564.07,已完成,张伟,老客户复购
O001447,2025-04-28,C0027,P1008,20,762.46,已完成,赵磊,展会线索
O001448,2025-10-21,C0023,P1001,1,763.5,已完成,李娜,展会线索
O001449,2025-03-18,C0018,P1004,17,632.46,已完成,李娜,老客户复购
O001450,2025-10-31,C0035,P1003,10,1610.3,已完成,刘洋,经销
O001451,2025-02-22,C0045,P1007,12,1039.56,已完成,赵磊,老客户复购
O001452,2025-02-27,C0113,P1005,3,1257.96,已完成,刘洋,老客户复购
O001453,2025-03-19,C0094,P1001,3,756.92,已完成,张伟,经销
O001454,2025-08-08,C0057,P1005,5,1381.23,已完成,张伟,展会线索
O001455,2025-10-23,C0013,P1011,29,484.87,已完成,王强,展会线索
O001456,2025-04-03,C0078,P1004,10,704.54,已完成,张伟,经销
O001457,2025-01-08,C0071,P1004,12,653.97,已完成,赵磊,直销
O001458,2025-07-12,C0100,P1006,11,2366.74,已完成,张伟,老客户复购
O001459,2025-05-30,C0087,P1002,10,993.13,已完成,刘洋,展会线索
O001460,2025-11-19,C0019,P1002,4,1011.77,已完成,李娜,直销
O001461,2025-06-17,C0028,P1011,40,454.97,已完成,陈敏,经销
O001462,2025-11-14,C0008,P1003,12,1500.57,已完成,王强,展会线索
O001463,2025-10-17,C0061,P1005,15,1477.81,退货,陈敏,直销
O001464,2025-01-08,C0085,P1004,11,736.21,已完成,李娜,直销
O001465,2025-03-03,C0114,P1011,41,491.68,已完成,陈敏,直销
O001466,2025-05-01,C0090,P1006,3,2473.09,已完成,李娜,经销
O001467,2025-11-20,C0048,P1002,5,932.01,已完成,王强,展会线索
O001468,2025-03-08,C0097,P1014,51,35.74,已完成,张伟,经销
O001469,2025-01-17,C0081,P1002,6,947.19,已完成,陈敏,经销
O001470,2025-01-29,C0072,P1003,1,1509.39,已完成,张伟,经销
O001471,2025-04-27,C0112,P1005,7,1455.21,已完成,张伟,经销
O001472,2025-11-26,C0105,P1005,17,1344.62,已完成,刘洋,老客户复购
O001473,2025-11-12,C0048,P1009,8,644.65,已取消,李娜,直销
O001474,2025-01-21,C0052,P1002,12,984.9,已完成,赵磊,直销
O001475,2025-10-06,C0087,P1001,14,810.96,已完成,刘洋,老客户复购
O001476,2025-08-12,C0037,P1005,17,1369.78,已完成,张伟,经销
O001477,2025-11-30,C0052,P1008,42,733.86,退货,李娜,展会线索
O001478,2025-04-26,C0087,P1012,16,355.36,已完成,李娜,老客户复购
O001479,2025-01-10,C0061,P1002,9,1039.13,已完成,陈敏,经销
O001480,2025-06-27,C0061,P1003,4,1548.88,已完成,张伟,展会线索
O001481,2025-08-25,C0057,P1011,7,469.36,已完成,李娜,老客户复购
O001482,2025-11-09,C0069,P1002,4,985.71,已完成,李娜,经销
O001483,2025-08-17,C0091,P1009,25,664.62,已完成,刘洋,老客户复购
O001484,2025-09-12,C0002,P1001,12,767.79,已取消,刘洋,直销
O001485,2025-11-16,C0097,P1004,13,688.55,已完成,刘洋,经销
O001486,2025-05-10,C0061,P1012,6,382.56,已完成,张伟,经销
O001487,2025-01-17,C0025,P1009,11,673.48,已完成,王强,老客户复购
O001488,2025-11-18,C0044,P1013,34,174.4,已完成,陈敏,经销
O001489,2025-04-23,C0042,P1003,7,1606.5,已完成,陈敏,老客户复购
O001490,2025-09-02,C0050,P1002,5,1015.25,已完成,王强,直销
O001491,2025-12-14,C0013,P1010,29,564.37,已完成,陈敏,老客户复购
O001492,2025-12-06,C0063,P1001,13,787.07,已完成,陈敏,经销
O001493,2025-09-06,C0040,P1002,1,1051.98,已完成,赵磊,老客户复购
O001494,2025-08-05,C0067,P1012,9,370.51,已完成,陈敏,老客户复购
O001495,2025-05-22,C0005,P1002,10,939.13,已完成,赵磊,经销
O001496,2025-03-31,C0045,P1005,10,1457.68,已完成,李娜,展会线索
O001497,2025-06-06,C0097,P1007,12,944.29,已完成,王强,老客户复购
O001498,2025-03-20,C0109,P1003,10,1416.97,已完成,刘洋,展会线索
O001499,2025-03-27,C0016,P1016,88,104.26,已完成,张伟,老客户复购
O001500,2025-03-17,C0096,P1013,43,160.99,已完成,李娜,老客户复购
O001501,2025-03-12,C0109,P1008,14,716.38,已完成,刘洋,展会线索
O001502,2025-05-10,C0067,P1005,6,1423.53,已完成,刘洋,展会线索
O001503,2025-09-19,C0098,P1011,43,454.16,已完成,李娜,老客户复购
O001504,2025-10-23,C0094,P1003,6,1568.95,已完成,刘洋,老客户复购
O001505,2025-10-08,C0051,P1012,26,368.16,已完成,赵磊,直销
O001506,2025-05-07,C0117,P1003,16,1461.92,已完成,李娜,经销
O001507,2025-02-17,C0037,P1011,16,480.69,已完成,李娜,直销
O001508,2025-06-29,C0014,P1011,11,489.77,已完成,张伟,直销
O001509,2025-01-09,C0046,P1002,6,1068.72,已完成,陈敏,展会线索
O001510,2025-11-14,C0004,P1005,17,1387.73,已完成,刘洋,老客户复购
O001511,2025-07-05,C0114,P1002,17,1012.85,已完成,李娜,直销
O001512,2025-07-24,C0105,P1009,29,711.06,已完成,李娜,展会线索
O001513,2025-02-10,C0094,P1004,1,680.17,已取消,张伟,展会线索
O001514,2025-09-12,C0048,P1012,27,358.86,已完成,张伟,老客户复购
O001515,2025-12-03,C0025,P1001,13,712.27,已完成,陈敏,老客户复购
O001516,2025-07-01,C0111,P1007,15,965.08,已完成,张伟,老客户复购
O001517,2025-12-28,C0021,P1005,10,1371.02,已完成,刘洋,直销
O001518,2025-12-04,C0069,P1007,2,1017.46,已完成,张伟,经销
O001519,2025-11-13,C0038,P1005,10,1499.1,已取消,张伟,直销
O001520,2025-06-14,C0103,P1007,2,1060.26,已完成,赵磊,展会线索
O001521,2025-10-07,C0074,P1004,7,735.0,已完成,赵磊,经销
O001522,2025-06-24,C0037,P1001,14,743.94,已完成,李娜,展会线索
O001523,2025-01-29,C0110,P1013,16,176.52,已完成,刘洋,老客户复购
O001524,2025-12-26,C0083,P1011,39,513.91,已完成,刘洋,展会线索
O001525,2025-11-25,C0114,P1005,4,1470.67,已完成,李娜,经销
O001526,2025-10-29,C0041,P1007,11,1021.39,已完成,赵磊,老客户复购
O001527,2025-04-20,C0033,P1003,8,1675.93,已完成,赵磊,展会线索
O001528,2025-09-08,C0020,P1014,96,36.64,已取消,王强,老客户复购
O001529,2025-08-29,C0118,P1009,35,729.83,已完成,陈敏,展会线索
O001530,2025-07-31,C0068,P1002,17,991.64,已完成,王强,经销
O001531,2025-11-24,C0057,P1002,3,1029.75,已完成,李娜,展会线索
O001532,2025-03-18,C0057,P1014,110,38.7,已完成,刘洋,老客户复购
O001533,2025-05-06,C0094,P1008,19,734.79,已完成,陈敏,展会线索
O001534,2025-11-02,C0029,P1002,13,1001.25,已取消,张伟,直销
O001535,2025-10-30,C0100,P1016,63,92.48,退货,赵磊,直销
O001536,2025-08-19,C0026,P1006,3,2367.53,已完成,王强,直销
O001537,2025-11-12,C0080,P1007,14,1021.32,已完成,李娜,经销
O001538,2025-10-03,C0092,P1003,8,1584.06,已完成,张伟,老客户复购
O001539,2025-10-10,C0101,P1005,10,1405.83,已完成,赵磊,经销
O001540,2025-07-29,C0118,P1009,15,694.55,已完成,陈敏,老客户复购
O001541,2025-01-23,C0063,P1004,1,703.35,已完成,王强,老客户复购
O001542,2025-01-15,C0061,P1002,7,1041.12,已完成,李娜,经销
O001543,2025-10-04,C0092,P1001,1,801.11,已完成,王强,直销
O001544,2025-08-27,C0100,P1007,14,985.82,已完成,赵磊,经销
O001545,2025-07-29,C0030,P1010,38,598.33,已完成,刘洋,老客户复购
O001546,2025-12-10,C0079,P1009,26,636.12,已完成,李娜,展会线索
O001547,2025-07-16,C0049,P1010,16,600.86,已完成,刘洋,直销
O001548,2025-11-04,C0048,P1014,24,38.09,已完成,王强,直销
O001549,2025-01-28,C0051,P1003,16,1601.99,已完成,赵磊,展会线索
O001550,2025-05-20,C0050,P1008,17,721.92,已完成,张伟,老客户复购
O001551,2025-09-13,C0018,P1008,8,716.14,已完成,陈敏,展会线索
O001552,2025-03-16,C0076,P1011,41,447.43,已取消,张伟,经销
O001553,2025-02-08,C0061,P1013,38,162.76,已完成,赵磊,直销
O001554,2025-03-06,C0003,P1014,57,40.66,已完成,刘洋,展会线索
O001555,2025-06-04,C0026,P1003,11,1467.12,已完成,赵磊,直销
O001556,2025-09-01,C0026,P1012,41,341.17,已完成,赵磊,经销
O001557,2025-02-18,C0041,P1002,2,1061.91,已完成,刘洋,经销
O001558,2025-05-05,C0039,P1008,17,704.07,已完成,刘洋,展会线索
O001559,2025-06-22,C0105,P1010,4,571.51,退货,赵磊,直销
O001560,2025-04-18,C0047,P1005,8,1337.22,已完成,王强,展会线索
O001561,2025-10-28,C0011,P1005,1,1318.18,已完成,王强,直销
O001562,2025-10-27,C0042,P1011,27,516.29,已完成,刘洋,直销
O001563,2025-01-13,C0103,P1015,94,81.17,已完成,王强,直销
O001564,2025-11-12,C0081,P1003,14,1423.64,已完成,陈敏,经销
O001565,2025-11-23,C0063,P1011,13,509.78,已完成,陈敏,经销
O001566,2025-04-15,C0008,P1005,10,1385.09,已完成,刘洋,经销
O001567,2025-01-28,C0059,P1010,44,594.31,已完成,刘洋,经销
O001568,2025-02-27,C0046,P1015,93,84.31,已完成,王强,展会线索
O001569,2025-09-19,C0013,P1009,25,662.5,已完成,赵磊,直销
O001570,2025-09-25,C0044,P1013,38,171.02,已完成,陈敏,展会线索
O001571,2025-09-28,C0111,P1013,5,150.33,已完成,李娜,老客户复购
O001572,2025-10-24,C0110,P1003,13,1583.62,已完成,刘洋,直销
O001573,2025-08-01,C0025,P1006,8,2241.18,已完成,李娜,老客户复购
O001574,2025-09-12,C0096,P1006,17,2224.94,已完成,陈敏,经销
O001575,2025-12-25,C0008,P1012,17,357.52,已完成,李娜,经销
O001576,2025-05-21,C0012,P1011,27,483.85,已完成,李娜,直销
O001577,2025-06-07,C0049,P1011,43,474.84,已完成,张伟,经销
O001578,2025-04-08,C0106,P1003,8,1502.89,已取消,李娜,老客户复购
O001579,2025-02-24,C0035,P1012,27,364.16,已完成,刘洋,直销
O001580,2025-10-09,C0094,P1002,7,1060.91,已完成,陈敏,直销
O001581,2025-06-10,C0001,P1005,14,1415.39,已完成,刘洋,经销
O001582,2025-09-12,C0109,P1007,15,972.76,已完成,赵磊,老客户复购
O001583,2025-07-13,C0063,P1012,14,351.25,已完成,赵磊,经销
O001584,2025-08-02,C0105,P1014,44,38.57,已完成,刘洋,直销
O001585,2025-06-21,C0108,P1014,82,41.96,已完成,刘洋,直销
O001586,2025-08-14,C0091,P1007,8,960.26,已完成,张伟,老客户复购
O001587,2025-02-13,C0074,P1006,17,2510.47,已完成,刘洋,老客户复购
O001588,2025-03-27,C0006,P1003,9,1561.32,已完成,刘洋,直销
O001589,2025-09-01,C0037,P1003,13,1423.3,已完成,刘洋,老客户复购
O001590,2025-04-01,C0065,P1004,3,644.36,已完成,刘洋,老客户复购
O001591,2025-02-07,C0043,P1012,41,340.39,已完成,张伟,老客户复购
O001592,2025-06-22,C0120,P1010,31,561.69,已完成,刘洋,展会线索
O001593,2025-01-26,C0056,P1005,16,1362.76,已完成,陈敏,直销
O001594,2025-11-08,C0033,P1011,29,500.3,已完成,陈敏,直销
O001595,2025-12-08,C0088,P1015,118,85.93,已完成,赵磊,展会线索
O001596,2025-11-29,C0019,P1009,11,695.61,已完成,刘洋,直销
O001597,2025-11-24,C0111,P1003,15,1427.42,已完成,赵磊,老客户复购
O001598,2025-02-19,C0076,P1013,21,158.3,已完成,陈敏,经销
O001599,2025-06-05,C0061,P1015,28,84.93,已完成,刘洋,老客户复购
O001600,2025-03-10,C0007,P1013,10,177.14,已完成,王强,经销
O001601,2025-10-25,C0003,P1012,18,354.2,退货,赵磊,老客户复购
O001602,2025-09-13,C0091,P1007,17,906.86,已完成,刘洋,老客户复购
O001603,2025-03-01,C0093,P1011,18,475.58,已完成,张伟,老客户复购
O001604,2025-06-26,C0040,P1006,7,2369.12,已完成,王强,展会线索
O001605,2025-07-17,C0090,P1011,42,499.64,已完成,张伟,展会线索
O001606,2025-03-26,C0051,P1012,5,364.5,已完成,刘洋,经销
O001607,2025-02-07,C0091,P1012,17,333.33,已完成,赵磊,经销
O001608,2025-01-21,C0041,P1002,5,1055.23,已完成,王强,老客户复购
O001609,2025-04-23,C0093,P1014,12,41.4,已完成,李娜,经销
O001610,2025-12-05,C0021,P1006,7,2211.96,已完成,赵磊,经销
O001611,2025-10-16,C0038,P1016,29,95.3,已完成,王强,经销
O001612,2025-02-10,C0085,P1013,17,168.65,已完成,李娜,经销
O001613,2025-05-22,C0057,P1003,4,1632.37,已完成,赵磊,直销
O001614,2025-02-15,C0104,P1004,1,697.96,已完成,李娜,直销
O001615,2025-02-21,C0064,P1005,17,1293.67,已完成,陈敏,展会线索
O001616,2025-09-19,C0068,P1009,11,723.46,已完成,刘洋,老客户复购
O001617,2025-09-01,C0083,P1001,8,765.88,已完成,李娜,直销
O001618,2025-11-29,C0040,P1015,52,84.17,已完成,张伟,老客户复购
O001619,2025-11-07,C0065,P1012,29,346.35,已完成,赵磊,经销
O001620,2025-07-04,C0113,P1013,20,156.14,已完成,李娜,直销
O001621,2025-09-21,C0069,P1001,7,761.95,已完成,刘洋,展会线索
O001622,2025-03-05,C0060,P1009,17,665.88,已完成,赵磊,展会线索
O001623,2025-12-14,C0084,P1015,40,84.95,已完成,王强,经销
O001624,2025-08-09,C0060,P1004,9,715.35,已完成,陈敏,展会线索
O001625,2025-06-16,C0101,P1013,9,170.29,已完成,李娜,经销
O001626,2025-07-26,C0065,P1006,14,2115.15,已完成,张伟,老客户复购
O001627,2025-09-15,C0086,P1006,7,2370.95,已取消,李娜,经销
O001628,2025-01-23,C0057,P1004,17,700.17,已完成,张伟,经销
O001629,2025-12-05,C0085,P1009,42,686.69,已取消,陈敏,展会线索
O001630,2025-12-25,C0019,P1015,95,82.19,已完成,陈敏,经销
O001631,2025-08-04,C0031,P1011,44,445.87,已完成,张伟,展会线索
O001632,2025-09-02,C0098,P1016,101,92.52,已完成,陈敏,直销
O001633,2025-02-05,C0055,P1003,7,1608.86,已完成,陈敏,展会线索
O001634,2025-06-11,C0088,P1002,15,1008.13,已完成,张伟,经销
O001635,2025-12-11,C0118,P1001,14,820.34,已完成,陈敏,直销
O001636,2025-03-23,C0082,P1003,10,1574.29,已完成,赵磊,直销
O001637,2025-02-09,C0064,P1016,80,97.48,已完成,陈敏,展会线索
O001638,2025-10-26,C0097,P1013,15,158.81,已完成,王强,展会线索
O001639,2025-06-14,C0049,P1009,35,656.49,已完成,王强,直销
O001640,2025-12-05,C0003,P1013,43,170.58,已完成,李娜,展会线索
O001641,2025-07-21,C0067,P1010,3,626.43,已完成,陈敏,直销
O001642,2025-01-19,C0042,P1011,42,514.82,已完成,张伟,经销
O001643,2025-06-26,C0097,P1010,3,605.34,已完成,刘洋,经销
O001644,2025-08-12,C0058,P1011,39,472.64,已完成,王强,展会线索
O001645,2025-09-28,C0038,P1012,15,364.4,已完成,陈敏,经销
O001646,2025-05-11,C0040,P1005,10,1454.02,已完成,张伟,老客户复购
O001647,2025-06-06,C0096,P1005,5,1371.86,已完成,刘洋,经销
O001648,2025-05-02,C0050,P1005,14,1462.76,已完成,张伟,直销
O001649,2025-06-09,C0009,P1015,48,84.24,已完成,陈敏,老客户复购
O001650,2025-12-02,C0094,P1009,7,688.99,已完成,刘洋,展会线索
O001651,2025-07-22,C0077,P1002,8,950.84,已完成,赵磊,经销
O001652,2025-11-03,C0116,P1002,16,1039.83,已完成,陈敏,直销
O001653,2025-10-28,C0104,P1008,16,712.22,已完成,王强,经销
O001654,2025-01-16,C0117,P1009,16,677.42,已完成,李娜,经销
O001655,2025-12-26,C0058,P1013,7,164.56,已完成,张伟,展会线索
O001656,2025-11-02,C0082,P1016,40,91.68,已完成,刘洋,展会线索
O001657,2025-08-20,C0056,P1004,5,703.2,已完成,李娜,直销
O001658,2025-10-05,C0115,P1005,17,1397.25,已完成,李娜,直销
O001659,2025-03-19,C0103,P1007,16,1076.16,已完成,王强,直销
O001660,2025-03-10,C0038,P1007,12,1020.28,已完成,陈敏,直销
O001661,2025-01-18,C0011,P1006,16,2274.93,已完成,陈敏,经销
O001662,2025-04-30,C0035,P1013,32,173.3,已完成,刘洋,展会线索
O001663,2025-08-24,C0020,P1001,7,737.32,已完成,陈敏,直销
O001664,2025-06-29,C0080,P1009,7,678.7,已完成,张伟,经销
O001665,2025-11-27,C0023,P1006,8,2350.27,已完成,王强,经销
O001666,2025-08-24,C0014,P1007,12,1002.55,已完成,李娜,直销
O001667,2025-03-23,C0002,P1007,17,1014.35,已完成,张伟,经销
O001668,2025-08-15,C0106,P1013,5,164.81,已完成,刘洋,老客户复购
O001669,2025-01-07,C0008,P1009,44,657.26,已完成,张伟,直销
O001670,2025-01-09,C0039,P1004,17,687.21,已完成,李娜,经销
O001671,2025-05-02,C0028,P1016,101,93.77,已完成,赵磊,经销
O001672,2025-11-27,C0114,P1015,78,84.58,已取消,刘洋,老客户复购
O001673,2025-01-18,C0049,P1011,4,486.1,已取消,张伟,老客户复购
O001674,2025-07-05,C0111,P1002,10,943.82,已完成,陈敏,直销
O001675,2025-04-06,C0001,P1014,61,40.13,已完成,赵磊,直销
O001676,2025-05-17,C0068,P1004,8,731.96,已完成,李娜,直销
O001677,2025-03-10,C0097,P1001,8,734.04,已完成,王强,老客户复购
O001678,2025-08-12,C0092,P1012,39,358.19,已完成,赵磊,经销
O001679,2025-04-02,C0066,P1007,11,1071.4,已完成,赵磊,直销
O001680,2025-05-26,C0044,P1008,31,757.55,已完成,刘洋,直销
O001681,2025-05-29,C0112,P1010,34,634.24,已完成,刘洋,老客户复购
O001682,2025-08-03,C0006,P1014,76,38.45,已完成,王强,老客户复购
O001683,2025-02-26,C0012,P1011,3,472.65,已完成,赵磊,老客户复购
O001684,2025-11-29,C0114,P1009,22,672.85,已取消,赵磊,展会线索
O001685,2025-11-15,C0016,P1015,48,84.66,已完成,刘洋,展会线索
O001686,2025-12-01,C0022,P1012,31,367.64,已完成,李娜,经销
O001687,2025-11-26,C0056,P1006,8,2383.26,已完成,李娜,直销
O001688,2025-12-14,C0105,P1012,39,337.75,已完成,陈敏,直销
O001689,2025-12-24,C0028,P1008,23,672.24,已完成,李娜,展会线索
O001690,2025-09-27,C0097,P1001,9,708.76,已完成,王强,老客户复购
O001691,2025-07-26,C0047,P1009,25,651.67,已完成,刘洋,经销
O001692,2025-01-19,C0056,P1010,9,580.12,已完成,李娜,老客户复购
O001693,2025-09-28,C0039,P1011,10,435.92,已完成,张伟,老客户复购
O001694,2025-01-06,C0044,P1016,108,96.17,已完成,赵磊,老客户复购
O001695,2025-11-26,C0109,P1008,12,724.41,已完成,张伟,老客户复购
O001696,2025-10-27,C0106,P1015,105,82.12,已完成,刘洋,直销
O001697,2025-05-29,C0026,P1005,11,1400.54,已完成,李娜,老客户复购
O001698,2025-07-05,C0062,P1006,2,2196.06,已完成,刘洋,展会线索
O001699,2025-01-06,C0048,P1006,10,2136.72,已完成,张伟,经销
O001700,2025-01-30,C0094,P1001,17,785.72,已完成,刘洋,展会线索
O001701,2025-04-15,C0003,P1009,21,721.68,已完成,赵磊,老客户复购
O001702,2025-08-30,C0081,P1010,25,596.87,已完成,陈敏,直销
O001703,2025-06-17,C0044,P1009,19,681.79,已完成,王强,老客户复购
O001704,2025-09-28,C0076,P1003,12,1591.79,已完成,张伟,经销
O001705,2025-12-17,C0035,P1004,9,675.51,已完成,王强,老客户复购
O001706,2025-09-03,C0048,P1005,15,1415.13,已完成,李娜,老客户复购
O001707,2025-05-02,C0074,P1002,16,984.35,已完成,王强,展会线索
O001708,2025-02-16,C0102,P1005,15,1438.24,已完成,李娜,展会线索
O001709,2025-01-01,C0092,P1014,40,40.58,已完成,张伟,老客户复购
O001710,2025-01-16,C0120,P1003,2,1571.07,已完成,王强,直销
O001711,2025-04-23,C0053,P1010,42,636.46,已完成,张伟,展会线索
O001712,2025-03-31,C0061,P1011,10,515.19,已完成,王强,展会线索
O001713,2025-09-23,C0037,P1010,31,548.53,已完成,王强,经销
O001714,2025-09-24,C0066,P1010,8,597.25,已完成,李娜,直销
O001715,2025-07-30,C0081,P1003,6,1476.09,已完成,张伟,经销
O001716,2025-06-15,C0067,P1011,19,513.34,已完成,陈敏,直销
O001717,2025-01-01,C0045,P1013,10,160.87,已完成,赵磊,经销
O001718,2025-11-11,C0054,P1011,29,487.19,已完成,陈敏,老客户复购
O001719,2025-02-08,C0020,P1002,12,925.89,已完成,李娜,直销
O001720,2025-09-10,C0035,P1009,37,717.43,已完成,赵磊,经销
O001721,2025-10-29,C0117,P1001,8,693.07,已完成,张伟,展会线索
O001722,2025-02-19,C0054,P1011,24,513.47,已完成,赵磊,直销
O001723,2025-12-04,C0006,P1001,9,717.58,已完成,张伟,直销
O001724,2025-01-02,C0053,P1003,2,1644.74,已完成,张伟,直销
O001725,2025-03-30,C0116,P1002,14,984.82,已完成,刘洋,老客户复购
O001726,2025-01-16,C0008,P1002,9,984.18,已完成,王强,经销
O001727,2025-02-22,C0078,P1012,33,369.86,已完成,李娜,老客户复购
O001728,2025-02-03,C0077,P1002,17,1023.63,已完成,王强,展会线索
O001729,2025-04-22,C0107,P1011,19,460.26,已完成,王强,经销
O001730,2025-01-18,C0104,P1006,10,2333.89,已完成,张伟,直销
O001731,2025-07-31,C0061,P1002,12,992.03,已取消,赵磊,直销
O001732,2025-07-12,C0024,P1016,88,100.67,已完成,王强,老客户复购
O001733,2025-03-20,C0095,P1016,81,100.6,已完成,刘洋,老客户复购
O001734,2025-08-23,C0046,P1004,15,679.17,已完成,李娜,直销
O001735,2025-08-29,C0112,P1015,47,79.75,已完成,王强,展会线索
O001736,2025-02-18,C0024,P1013,14,166.1,已完成,张伟,展会线索
O001737,2025-09-30,C0047,P1001,1,692.2,已完成,张伟,直销
O001738,2025-06-08,C0118,P1005,12,1411.89,已完成,张伟,展会线索
O001739,2025-01-23,C0032,P1012,5,367.55,已完成,刘洋,展会线索
O001740,2025-10-22,C0056,P1013,8,166.52,已完成,王强,老客户复购
O001741,2025-08-19,C0070,P1007,10,947.99,已完成,刘洋,直销
O001742,2025-07-12,C0051,P1004,7,710.96,退货,陈敏,经销
O001743,2025-09-16,C0085,P1004,14,702.31,已完成,刘洋,展会线索
O001744,2025-06-17,C0014,P1010,6,579.98,已完成,王强,展会线索
O001745,2025-10-24,C0118,P1007,1,1029.94,已完成,李娜,经销
O001746,2025-02-06,C0013,P1002,5,987.22,已完成,赵磊,老客户复购
O001747,2025-06-01,C0085,P1006,3,2383.0,已完成,陈敏,经销
O001748,2025-03-28,C0003,P1006,8,2439.04,已完成,刘洋,老客户复购
O001749,2025-08-14,C0068,P1002,7,986.06,已完成,王强,展会线索
O001750,2025-09-07,C0113,P1011,15,445.13,已完成,张伟,展会线索
O001751,2025-04-26,C0027,P1016,88,100.15,已完成,陈敏,展会线索
O001752,2025-03-12,C0095,P1009,19,707.05,已完成,王强,老客户复购
O001753,2025-11-27,C0066,P1014,107,40.22,已完成,李娜,直销
O001754,2025-10-12,C0087,P1011,23,508.14,已完成,刘洋,直销
O001755,2025-11-03,C0049,P1004,1,644.06,已完成,刘洋,直销
O001756,2025-10-30,C0066,P1013,35,170.16,已完成,赵磊,展会线索
O001757,2025-07-02,C0073,P1013,31,162.13,已完成,陈敏,经销
O001758,2025-06-13,C0097,P1015,109,77.64,已完成,赵磊,经销
O001759,2025-11-02,C0069,P1012,42,370.56,退货,陈敏,直销
O001760,2025-07-28,C0117,P1002,8,938.91,已完成,刘洋,展会线索
O001761,2025-09-17,C0079,P1008,26,713.68,已完成,陈敏,老客户复购
O001762,2025-07-05,C0059,P1007,16,913.86,已完成,李娜,经销
O001763,2025-04-13,C0023,P1011,16,463.63,已完成,张伟,展会线索
O001764,2025-05-07,C0100,P1002,15,949.61,已完成,赵磊,展会线索
O001765,2025-12-17,C0053,P1012,31,361.09,已完成,张伟,展会线索
O001766,2025-02-16,C0092,P1004,7,720.23,已完成,陈敏,直销
O001767,2025-10-18,C0017,P1015,71,84.41,已完成,刘洋,展会线索
O001768,2025-01-30,C0003,P1005,5,1454.93,已完成,刘洋,直销
O001769,2025-03-04,C0105,P1008,42,694.12,已完成,李娜,直销
O001770,2025-03-10,C0106,P1012,20,351.11,已完成,刘洋,经销
O001771,2025-01-16,C0017,P1004,2,718.88,已完成,王强,展会线索
O001772,2025-08-31,C0021,P1001,3,710.88,已完成,陈敏,经销
O001773,2025-08-05,C0045,P1003,7,1622.77,已完成,王强,老客户复购
O001774,2025-03-28,C0066,P1004,4,724.55,已完成,刘洋,老客户复购
O001775,2025-05-18,C0092,P1007,4,1024.51,已完成,陈敏,老客户复购
O001776,2025-09-04,C0019,P1011,14,503.95,退货,赵磊,直销
O001777,2025-02-01,C0100,P1007,11,980.4,已完成,赵磊,展会线索
O001778,2025-03-15,C0049,P1001,10,736.03,已完成,王强,直销
O001779,2025-04-03,C0108,P1009,33,679.22,已完成,赵磊,直销
O001780,2025-11-12,C0104,P1016,67,102.47,已完成,赵磊,老客户复购
O001781,2025-02-20,C0084,P1015,12,79.41,已完成,王强,直销
O001782,2025-09-14,C0120,P1006,2,2191.84,已完成,刘洋,展会线索
O001783,2025-12-20,C0045,P1002,2,965.05,已完成,刘洋,展会线索
O001784,2025-10-08,C0016,P1012,11,360.59,已完成,陈敏,经销
O001785,2025-09-29,C0035,P1013,22,166.62,已完成,陈敏,经销
O001786,2025-05-28,C0023,P1016,94,92.25,已完成,陈敏,老客户复购
O001787,2025-09-12,C0080,P1005,13,1495.62,已完成,李娜,老客户复购
O001788,2025-04-08,C0025,P1001,14,724.79,退货,刘洋,经销
O001789,2025-02-24,C0018,P1008,39,650.19,已完成,张伟,直销
O001790,2025-11-19,C0008,P1001,10,759.67,已完成,陈敏,展会线索
O001791,2025-06-30,C0085,P1014,28,41.59,退货,李娜,直销
O001792,2025-11-29,C0037,P1005,17,1426.68,已完成,陈敏,展会线索
O001793,2025-12-03,C0021,P1014,112,36.2,已完成,刘洋,展会线索
O001794,2025-10-28,C0053,P1012,35,362.95,已完成,陈敏,展会线索
O001795,2025-05-07,C0011,P1015,77,73.64,已完成,陈敏,展会线索
O001796,2025-02-20,C0078,P1006,3,2201.31,已完成,李娜,展会线索
O001797,2025-12-03,C0063,P1012,44,357.6,已完成,赵磊,展会线索
O001798,2025-05-18,C0025,P1001,12,717.24,已完成,李娜,老客户复购
O001799,2025-04-02,C0086,P1002,12,981.56,已完成,赵磊,老客户复购
O001800,2025-12-30,C0052,P1013,38,177.99,已完成,张伟,展会线索
O001801,2025-10-27,C0092,P1001,2,761.48,已完成,张伟,展会线索
O001802,2025-12-16,C0035,P1010,31,639.99,已取消,张伟,经销
O001803,2025-10-12,C0087,P1011,8,516.22,已完成,赵磊,老客户复购
O001804,2025-06-29,C0031,P1008,42,708.38,已完成,张伟,直销
O001805,2025-11-13,C0112,P1010,38,635.22,已完成,刘洋,直销
O001806,2025-10-30,C0042,P1015,112,85.91,已完成,赵磊,老客户复购
O001807,2025-04-16,C0120,P1013,32,160.94,已完成,王强,直销
O001808,2025-01-18,C0033,P1002,10,1034.07,已完成,赵磊,展会线索
O001809,2025-06-25,C0045,P1010,17,619.98,已完成,王强,展会线索
O001810,2025-05-08,C0108,P1013,17,174.85,已完成,王强,老客户复购
O001811,2025-03-11,C0034,P1010,3,594.96,已完成,刘洋,老客户复购
O001812,2025-02-01,C0119,P1009,26,684.77,已完成,赵磊,老客户复购
O001813,2025-05-28,C0056,P1007,8,956.54,已完成,陈敏,经销
O001814,2025-12-19,C0052,P1010,19,591.03,已完成,刘洋,老客户复购
O001815,2025-05-15,C0016,P1013,35,166.35,已完成,赵磊,直销
O001816,2025-10-17,C0074,P1005,3,1387.25,已完成,张伟,经销
O001817,2025-07-07,C0057,P1007,11,947.19,已完成,王强,老客户复购
O001818,2025-09-23,C0064,P1002,10,989.66,已完成,王强,老客户复购
O001819,2025-08-02,C0029,P1002,14,1065.26,已完成,张伟,直销
O001820,2025-10-31,C0075,P1002,5,1071.93,已完成,赵磊,经销
O001821,2025-12-24,C0030,P1002,4,983.71,已完成,王强,经销
O001822,2025-11-30,C0003,P1007,3,1052.09,已完成,刘洋,经销
O001823,2025-09-26,C0048,P1003,4,1545.45,已完成,赵磊,直销
O001824,2025-10-09,C0012,P1002,1,1002.93,已完成,张伟,经销
O001825,2025-12-27,C0041,P1004,12,682.31,已完成,李娜,展会线索
O001826,2025-05-24,C0016,P1013,5,175.73,已完成,陈敏,展会线索
O001827,2025-12-18,C0045,P1001,5,735.63,已完成,陈敏,经销
O001828,2025-07-11,C0097,P1008,26,706.46,已完成,刘洋,老客户复购
O001829,2025-04-05,C0048,P1010,13,564.54,已完成,王强,直销
O001830,2025-03-25,C0057,P1004,8,673.64,已完成,陈敏,展会线索
O001831,2025-03-02,C0072,P1004,5,647.31,已完成,陈敏,经销
O001832,2025-05-05,C0102,P1011,9,472.75,已完成,刘洋,展会线索
O001833,2025-01-30,C0009,P1008,22,704.22,已完成,李娜,展会线索
O001834,2025-07-14,C0014,P1002,10,1038.75,已完成,陈敏,展会线索
O001835,2025-06-20,C0113,P1013,28,153.09,已完成,赵磊,直销
O001836,2025-09-13,C0033,P1014,11,39.21,已完成,赵磊,老客户复购
O001837,2025-05-07,C0098,P1004,6,685.36,已取消,陈敏,老客户复购
O001838,2025-12-08,C0038,P1007,1,1072.28,已完成,王强,直销
O001839,2025-01-27,C0031,P1013,34,152.8,已完成,赵磊,展会线索
O001840,2025-02-08,C0103,P1007,3,1039.59,已完成,刘洋,经销
O001841,2025-09-16,C0098,P1002,15,1030.41,已完成,赵磊,经销
O001842,2025-10-29,C0062,P1012,35,320.61,已完成,刘洋,经销
O001843,2025-03-14,C0024,P1001,11,775.79,已完成,张伟,直销
O001844,2025-12-04,C0009,P1006,7,2507.14,已完成,张伟,展会线索
O001845,2025-03-29,C0081,P1006,13,2271.39,已完成,张伟,展会线索
O001846,2025-04-29,C0043,P1003,3,1565.24,已完成,刘洋,老客户复购
O001847,2025-02-22,C0066,P1004,6,723.35,已完成,张伟,直销
O001848,2025-07-16,C0023,P1013,38,157.69,已完成,张伟,经销
O001849,2025-09-14,C0015,P1006,15,2323.58,已取消,刘洋,直销
O001850,2025-12-07,C0117,P1015,63,75.21,已完成,张伟,直销
O001851,2025-05-01,C0030,P1005,8,1423.49,已完成,李娜,展会线索
O001852,2025-03-16,C0056,P1009,21,656.09,已完成,刘洋,经销
O001853,2025-12-29,C0120,P1010,36,558.31,已完成,刘洋,经销
O001854,2025-08-13,C0015,P1005,10,1362.03,已完成,陈敏,直销
O001855,2025-12-28,C0117,P1010,23,568.41,已完成,王强,展会线索
O001856,2025-11-16,C0002,P1002,6,956.07,已完成,刘洋,老客户复购
O001857,2025-09-03,C0073,P1004,15,704.95,已完成,张伟,老客户复购
O001858,2025-01-10,C0046,P1010,5,598.12,已完成,陈敏,展会线索
O001859,2025-09-29,C0105,P1012,27,337.51,已完成,张伟,老客户复购
O001860,2025-11-15,C0006,P1016,99,92.28,已取消,王强,经销
O001861,2025-02-24,C0060,P1002,4,999.67,已完成,陈敏,经销
O001862,2025-10-20,C0010,P1011,31,481.83,已完成,李娜,展会线索
O001863,2025-05-13,C0073,P1003,17,1612.01,已完成,赵磊,展会线索
O001864,2025-11-24,C0098,P1003,13,1602.27,已完成,刘洋,直销
O001865,2025-04-03,C0080,P1016,90,95.34,已完成,刘洋,老客户复购
O001866,2025-11-03,C0030,P1009,32,701.28,已完成,张伟,直销
O001867,2025-01-10,C0055,P1007,15,974.97,已完成,王强,展会线索
O001868,2025-03-20,C0010,P1003,3,1498.57,已完成,陈敏,经销
O001869,2025-10-23,C0066,P1004,12,688.33,已完成,张伟,直销
O001870,2025-12-11,C0058,P1016,87,100.87,已完成,王强,经销
O001871,2025-10-19,C0014,P1001,14,790.32,已完成,陈敏,直销
O001872,2025-11-08,C0005,P1002,1,1004.54,已完成,陈敏,展会线索
O001873,2025-11-17,C0094,P1008,34,745.28,已完成,刘洋,直销
O001874,2025-01-04,C0065,P1013,14,153.74,已完成,张伟,展会线索
O001875,2025-04-03,C0046,P1001,15,795.9,已取消,陈敏,直销
O001876,2025-08-06,C0102,P1015,72,81.75,已完成,王强,老客户复购
O001877,2025-06-01,C0075,P1015,60,80.89,已完成,陈敏,直销
O001878,2025-06-16,C0027,P1009,8,687.15,已完成,刘洋,直销
O001879,2025-07-21,C0050,P1016,115,97.13,已完成,王强,直销
O001880,2025-08-07,C0074,P1002,5,1066.91,已完成,王强,经销
O001881,2025-12-20,C0107,P1005,4,1257.3,已完成,张伟,展会线索
O001882,2025-01-07,C0044,P1004,5,703.32,已完成,王强,展会线索
O001883,2025-03-15,C0002,P1016,34,97.88,已完成,刘洋,老客户复购
O001884,2025-12-09,C0026,P1012,32,351.1,已完成,刘洋,展会线索
O001885,2025-08-09,C0075,P1016,91,96.06,已完成,李娜,直销
O001886,2025-01-01,C0024,P1007,7,1001.0,已完成,刘洋,经销
O001887,2025-07-30,C0114,P1013,35,164.98,已完成,张伟,老客户复购
O001888,2025-08-30,C0080,P1013,44,177.42,已完成,陈敏,直销
O001889,2025-10-15,C0096,P1007,11,977.98,已完成,张伟,老客户复购
O001890,2025-07-19,C0061,P1002,1,1011.75,已完成,张伟,展会线索
O001891,2025-10-04,C0104,P1015,77,81.41,已完成,刘洋,展会线索
O001892,2025-07-09,C0105,P1011,23,481.29,已取消,赵磊,经销
O001893,2025-09-19,C0066,P1007,1,1059.67,已完成,李娜,直销
O001894,2025-03-06,C0083,P1015,34,84.85,已完成,李娜,展会线索
O001895,2025-01-12,C0074,P1002,14,1000.04,已完成,陈敏,直销
O001896,2025-03-06,C0038,P1008,17,703.66,已完成,刘洋,经销
O001897,2025-04-17,C0016,P1002,15,1003.76,已完成,刘洋,直销
O001898,2025-11-03,C0001,P1013,35,174.71,已完成,张伟,展会线索
O001899,2025-04-19,C0113,P1010,40,568.82,已完成,赵磊,直销
O001900,2025-05-06,C0079,P1016,30,93.95,已完成,张伟,直销
O001901,2025-08-28,C0045,P1005,8,1434.11,已完成,赵磊,经销
O001902,2025-10-06,C0020,P1009,43,654.88,已完成,李娜,展会线索
O001903,2025-04-29,C0051,P1007,4,1055.7,已完成,刘洋,展会线索
O001904,2025-04-06,C0067,P1005,1,1432.49,已完成,刘洋,经销
O001905,2025-04-01,C0093,P1016,95,102.35,已完成,李娜,直销
O001906,2025-01-01,C0018,P1008,22,658.31,已完成,王强,直销
O001907,2025-04-05,C0041,P1011,6,490.68,已完成,李娜,展会线索
O001908,2025-07-26,C0101,P1013,18,162.8,已完成,王强,经销
O001909,2025-02-24,C0062,P1013,7,159.43,已完成,赵磊,直销
O001910,2025-08-14,C0018,P1001,14,768.58,已完成,刘洋,展会线索
O001911,2025-07-23,C0024,P1010,18,639.3,已完成,张伟,展会线索
O001912,2025-10-28,C0011,P1006,5,2252.46,已完成,张伟,经销
O001913,2025-03-19,C0095,P1001,4,816.05,已取消,刘洋,老客户复购
O001914,2025-09-08,C0049,P1001,12,688.06,已完成,陈敏,经销
O001915,2025-02-24,C0041,P1015,54,79.66,已完成,刘洋,老客户复购
O001916,2025-03-26,C0025,P1008,17,718.72,已完成,陈敏,经销
O001917,2025-10-15,C0037,P1006,13,2300.4,已取消,赵磊,直销
O001918,2025-01-20,C0089,P1006,15,2287.25,已完成,刘洋,展会线索
O001919,2025-01-11,C0037,P1012,40,350.1,已完成,张伟,老客户复购
O001920,2025-06-05,C0081,P1014,63,38.52,已完成,张伟,经销
O001921,2025-07-04,C0066,P1007,8,993.64,已完成,赵磊,直销
O001922,2025-10-28,C0013,P1009,28,705.06,已完成,赵磊,经销
O001923,2025-08-12,C0100,P1003,5,1627.7,已完成,刘洋,经销
O001924,2025-06-20,C0030,P1007,7,998.09,已完成,李娜,直销
O001925,2025-11-12,C0079,P1007,3,947.3,已完成,刘洋,展会线索
O001926,2025-11-03,C0074,P1014,23,41.84,已完成,李娜,直销
O001927,2025-04-04,C0033,P1004,10,737.14,已完成,王强,老客户复购
O001928,2025-01-21,C0020,P1010,28,588.53,已完成,王强,老客户复购
O001929,2025-02-05,C0031,P1005,1,1268.1,已完成,陈敏,直销
O001930,2025-12-29,C0068,P1004,11,719.88,已完成,张伟,经销
O001931,2025-08-09,C0035,P1011,11,490.82,已完成,张伟,展会线索
O001932,2025-11-13,C0007,P1004,13,718.24,已完成,张伟,经销
O001933,2025-11-09,C0007,P1001,3,812.76,已完成,赵磊,老客户复购
O001934,2025-08-27,C0097,P1004,14,653.62,已完成,刘洋,老客户复购
O001935,2025-05-30,C0043,P1013,31,156.88,已完成,张伟,老客户复购
O001936,2025-05-08,C0067,P1005,4,1415.21,已完成,李娜,展会线索
O001937,2025-04-20,C0107,P1003,14,1553.97,已完成,陈敏,经销
O001938,2025-05-14,C0064,P1014,41,39.37,已完成,赵磊,展会线索
O001939,2025-10-27,C0072,P1011,40,458.38,已完成,陈敏,经销
O001940,2025-10-28,C0102,P1015,28,82.96,已完成,赵磊,展会线索
O001941,2025-03-15,C0026,P1012,5,340.23,已完成,王强,经销
O001942,2025-03-11,C0039,P1010,17,543.71,已完成,李娜,老客户复购
O001943,2025-02-20,C0008,P1008,28,681.94,退货,李娜,老客户复购
O001944,2025-08-28,C0004,P1007,3,993.55,已完成,刘洋,直销
O001945,2025-12-10,C0028,P1005,2,1417.22,已完成,张伟,展会线索
O001946,2025-01-15,C0072,P1015,116,80.63,已完成,李娜,老客户复购
O001947,2025-10-16,C0024,P1014,51,40.87,已完成,王强,经销
O001948,2025-12-01,C0004,P1002,3,983.55,已完成,刘洋,经销
O001949,2025-11-04,C0081,P1010,36,545.85,已完成,赵磊,经销
O001950,2025-08-09,C0066,P1006,12,2353.43,已完成,赵磊,展会线索
O001951,2025-03-12,C0071,P1009,24,651.47,已完成,李娜,展会线索
O001952,2025-09-03,C0089,P1009,23,621.84,已完成,王强,直销
O001953,2025-05-31,C0032,P1008,17,701.1,已完成,刘洋,经销
O001954,2025-11-02,C0044,P1004,17,684.01,已完成,陈敏,经销
O001955,2025-05-09,C0035,P1005,3,1403.04,已完成,赵磊,经销
O001956,2025-04-11,C0093,P1002,6,988.65,已完成,张伟,展会线索
O001957,2025-02-14,C0072,P1004,17,657.67,退货,张伟,展会线索
O001958,2025-07-26,C0046,P1003,10,1559.67,已完成,赵磊,直销
O001959,2025-07-31,C0104,P1016,119,102.19,已完成,陈敏,展会线索
O001960,2025-05-31,C0114,P1001,13,781.99,已完成,刘洋,直销
O001961,2025-11-19,C0083,P1015,69,83.22,已完成,李娜,直销
O001962,2025-07-15,C0020,P1007,17,917.89,已完成,张伟,展会线索
O001963,2025-09-25,C0063,P1003,15,1636.77,已取消,李娜,老客户复购
O001964,2025-12-24,C0097,P1010,29,598.09,已完成,刘洋,直销
O001965,2025-03-02,C0064,P1006,8,2218.34,已完成,刘洋,老客户复购
O001966,2025-01-21,C0071,P1010,29,562.29,已完成,陈敏,直销
O001967,2025-10-27,C0064,P1008,22,688.14,退货,陈敏,经销
O001968,2025-01-04,C0062,P1013,17,151.08,已完成,陈敏,经销
O001969,2025-07-21,C0011,P1012,21,344.9,已完成,王强,展会线索
O001970,2025-08-18,C0060,P1006,1,2201.49,已完成,张伟,直销
O001971,2025-10-20,C0025,P1013,12,166.65,已完成,刘洋,老客户复购
O001972,2025-11-08,C0096,P1009,10,658.71,已完成,王强,展会线索
O001973,2025-05-18,C0049,P1012,28,337.13,已完成,刘洋,经销
O001974,2025-02-07,C0114,P1011,7,491.83,已完成,张伟,老客户复购
O001975,2025-11-04,C0049,P1001,15,764.8,已完成,张伟,老客户复购
O001976,2025-03-05,C0097,P1008,30,689.17,已完成,张伟,展会线索
O001977,2025-08-08,C0085,P1012,27,374.88,已完成,赵磊,直销
O001978,2025-11-05,C0084,P1009,10,673.9,已完成,李娜,直销
O001979,2025-01-21,C0039,P1006,7,2386.42,已完成,李娜,经销
O001980,2025-11-04,C0065,P1007,8,921.24,退货,李娜,直销
O001981,2025-01-02,C0030,P1006,3,2429.82,已完成,刘洋,经销
O001982,2025-12-27,C0112,P1013,30,172.4,已完成,李娜,老客户复购
O001983,2025-10-04,C0005,P1003,2,1545.19,已完成,王强,展会线索
O001984,2025-09-28,C0110,P1015,66,80.15,已完成,张伟,老客户复购
O001985,2025-01-14,C0063,P1001,3,818.21,已完成,陈敏,直销
O001986,2025-09-17,C0120,P1007,9,900.75,已完成,赵磊,老客户复购
O001987,2025-07-21,C0025,P1003,16,1528.42,已完成,王强,直销
O001988,2025-05-23,C0027,P1013,32,165.37,已完成,陈敏,直销
O001989,2025-10-02,C0116,P1004,5,711.07,已完成,李娜,老客户复购
O001990,2025-04-20,C0076,P1004,12,692.25,已取消,张伟,直销
O001991,2025-02-24,C0038,P1005,6,1410.28,已完成,张伟,经销
O001992,2025-12-21,C0065,P1006,1,2260.36,已完成,李娜,直销
O001993,2025-01-30,C0103,P1006,1,2335.47,已完成,刘洋,经销
O001994,2025-06-23,C0020,P1015,113,78.37,已完成,陈敏,展会线索
O001995,2025-12-30,C0034,P1001,4,728.05,已完成,张伟,老客户复购
O001996,2025-10-19,C0085,P1016,30,100.7,已完成,张伟,经销
O001997,2025-01-28,C0062,P1004,17,663.0,已完成,赵磊,老客户复购
O001998,2025-10-14,C0118,P1004,3,727.66,已完成,王强,老客户复购
O001999,2025-05-27,C0104,P1013,16,166.09,已完成,刘洋,展会线索
O002000,2025-04-03,C0092,P1009,25,680.76,已完成,赵磊,经销
O002001,2025-12-21,C0110,P1016,114,97.18,已完成,王强,经销
O002002,2025-12-31,C0026,P1004,15,664.84,已完成,李娜,展会线索
O002003,2025-04-12,C0110,P1016,86,95.51,已完成,王强,直销
O002004,2025-08-26,C0054,P1009,15,704.71,已完成,王强,展会线索
O002005,2025-04-09,C0113,P1002,3,964.11,已取消,赵磊,经销
O002006,2025-08-19,C0022,P1013,26,173.5,已完成,王强,经销
O002007,2025-08-06,C0069,P1001,5,794.96,退货,刘洋,经销
O002008,2025-04-17,C0009,P1015,74,81.84,已完成,张伟,直销
O002009,2025-09-07,C0075,P1011,26,484.43,退货,赵磊,经销
O002010,2025-08-11,C0011,P1002,10,928.16,已完成,王强,经销
O002011,2025-04-22,C0037,P1012,28,322.44,已完成,刘洋,直销
O002012,2025-05-26,C0065,P1006,5,2263.34,已完成,王强,经销
O002013,2025-07-25,C0012,P1001,17,814.42,已完成,赵磊,经销
O002014,2025-11-06,C0030,P1015,47,78.46,已完成,张伟,直销
O002015,2025-10-21,C0010,P1009,8,638.55,已完成,陈敏,经销
O002016,2025-05-11,C0091,P1005,17,1307.93,已取消,王强,经销
O002017,2025-12-25,C0066,P1003,11,1559.89,已完成,刘洋,老客户复购
O002018,2025-03-30,C0103,P1010,12,586.13,已完成,王强,展会线索
O002019,2025-01-06,C0103,P1005,8,1386.55,已完成,赵磊,经销
O002020,2025-10-02,C0035,P1009,44,675.44,已完成,刘洋,展会线索
O002021,2025-12-20,C0019,P1011,29,503.09,已完成,张伟,展会线索
O002022,2025-08-16,C0118,P1016,82,100.05,已完成,李娜,直销
O002023,2025-03-07,C0088,P1010,18,616.82,已完成,陈敏,经销
O002024,2025-11-24,C0120,P1006,6,2346.18,已完成,张伟,老客户复购
O002025,2025-09-22,C0091,P1005,8,1304.68,已完成,刘洋,经销
O002026,2025-04-09,C0003,P1011,14,517.17,已完成,李娜,老客户复购
O002027,2025-02-01,C0022,P1009,28,722.85,已完成,张伟,展会线索
O002028,2025-05-04,C0052,P1013,15,168.4,已完成,张伟,展会线索
O002029,2025-12-31,C0116,P1013,26,171.35,已完成,王强,直销
O002030,2025-02-20,C0015,P1008,28,697.58,已完成,王强,展会线索
O002031,2025-11-07,C0088,P1005,10,1438.82,已完成,陈敏,老客户复购
O002032,2025-07-08,C0030,P1004,4,711.64,已完成,张伟,老客户复购
O002033,2025-08-01,C0038,P1007,16,993.03,已完成,王强,展会线索
O002034,2025-08-31,C0025,P1007,13,984.28,已完成,张伟,经销
O002035,2025-03-30,C0113,P1005,10,1340.64,已完成,陈敏,展会线索
O002036,2025-11-02,C0102,P1007,13,1011.46,已完成,王强,经销
O002037,2025-05-02,C0114,P1012,43,362.73,已完成,陈敏,展会线索
O002038,2025-08-18,C0008,P1012,42,342.06,已完成,赵磊,直销
O002039,2025-12-22,C0062,P1014,86,39.88,已完成,王强,展会线索
O002040,2025-09-28,C0088,P1001,7,808.88,退货,赵磊,老客户复购
O002041,2025-12-23,C0050,P1013,22,167.51,已完成,赵磊,展会线索
O002042,2025-08-18,C0001,P1010,31,614.39,已完成,陈敏,老客户复购
O002043,2025-06-26,C0056,P1009,19,706.87,已完成,赵磊,展会线索
O002044,2025-11-01,C0011,P1003,10,1504.16,已完成,李娜,经销
O002045,2025-05-21,C0074,P1003,2,1547.45,已完成,陈敏,老客户复购
O002046,2025-06-10,C0114,P1011,11,497.36,已完成,张伟,老客户复购
O002047,2025-01-12,C0119,P1010,6,594.62,已完成,王强,展会线索
O002048,2025-04-08,C0079,P1013,35,161.94,已完成,陈敏,经销
O002049,2025-04-07,C0018,P1014,11,38.17,已完成,张伟,经销
O002050,2025-06-18,C0092,P1015,85,84.79,已完成,刘洋,展会线索
O002051,2025-09-23,C0043,P1012,17,342.29,已完成,刘洋,老客户复购
O002052,2025-03-18,C0035,P1006,14,2507.6,已完成,陈敏,经销
O002053,2025-07-09,C0054,P1005,10,1398.16,已完成,王强,展会线索
O002054,2025-05-16,C0107,P1006,14,2335.55,退货,张伟,老客户复购
O002055,2025-08-19,C0073,P1014,41,40.21,已完成,赵磊,展会线索
O002056,2025-05-19,C0015,P1016,49,87.45,已完成,刘洋,展会线索
O002057,2025-08-27,C0092,P1010,19,595.99,退货,张伟,老客户复购
O002058,2025-06-11,C0055,P1002,13,977.1,已完成,赵磊,直销
O002059,2025-03-06,C0003,P1002,4,1032.07,已完成,李娜,直销
O002060,2025-04-05,C0002,P1009,16,621.04,已完成,陈敏,经销
O002061,2025-03-04,C0083,P1003,9,1664.12,已完成,张伟,老客户复购
O002062,2025-09-02,C0106,P1001,17,697.01,已完成,刘洋,老客户复购
O002063,2025-05-08,C0085,P1004,9,684.12,已完成,王强,直销
O002064,2025-03-07,C0066,P1012,41,369.42,已完成,刘洋,经销
O002065,2025-10-28,C0021,P1003,2,1596.87,已完成,赵磊,经销
O002066,2025-11-20,C0050,P1004,6,734.3,已完成,王强,老客户复购
O002067,2025-08-16,C0035,P1008,14,765.18,已完成,刘洋,老客户复购
O002068,2025-02-11,C0119,P1003,17,1609.1,已完成,赵磊,老客户复购
O002069,2025-11-02,C0006,P1004,16,692.66,已完成,张伟,经销
O002070,2025-12-29,C0087,P1002,1,1058.96,已完成,王强,展会线索
O002071,2025-05-25,C0085,P1011,24,508.86,已完成,李娜,直销
O002072,2025-12-31,C0075,P1001,10,756.53,已完成,赵磊,经销
O002073,2025-06-03,C0060,P1012,19,370.16,已完成,赵磊,直销
O002074,2025-03-16,C0049,P1011,29,471.75,已完成,张伟,直销
O002075,2025-11-28,C0039,P1007,6,917.87,已完成,张伟,展会线索
O002076,2025-12-04,C0118,P1005,2,1489.85,已完成,刘洋,老客户复购
O002077,2025-10-21,C0030,P1006,1,2334.4,已完成,陈敏,老客户复购
O002078,2025-05-12,C0044,P1001,6,792.98,已完成,王强,直销
O002079,2025-03-24,C0003,P1002,3,1001.58,已完成,张伟,经销
O002080,2025-07-03,C0107,P1005,12,1384.99,已完成,刘洋,经销
O002081,2025-06-26,C0046,P1004,7,704.67,已完成,王强,经销
O002082,2025-08-02,C0106,P1012,28,321.99,已完成,张伟,展会线索
O002083,2025-05-16,C0023,P1002,16,996.91,已完成,张伟,直销
O002084,2025-01-16,C0056,P1009,7,672.28,已完成,陈敏,展会线索
O002085,2025-01-15,C0067,P1010,4,603.22,已完成,张伟,直销
O002086,2025-01-28,C0019,P1013,11,171.06,已完成,赵磊,直销
O002087,2025-11-10,C0026,P1001,11,705.24,已完成,王强,直销
O002088,2025-08-22,C0058,P1013,36,166.51,已完成,刘洋,直销
O002089,2025-02-22,C0021,P1001,3,764.56,已完成,张伟,经销
O002090,2025-12-12,C0046,P1014,18,42.25,已完成,李娜,经销
O002091,2025-10-17,C0103,P1008,7,717.93,已完成,张伟,直销
O002092,2025-04-22,C0036,P1012,3,350.92,已完成,刘洋,老客户复购
O002093,2025-04-16,C0058,P1007,17,1014.22,已取消,王强,老客户复购
O002094,2025-07-16,C0105,P1006,6,2335.58,已完成,赵磊,经销
O002095,2025-12-09,C0118,P1007,16,982.29,已完成,张伟,直销
O002096,2025-01-09,C0024,P1003,8,1569.48,已完成,张伟,经销
O002097,2025-12-18,C0057,P1012,38,371.55,已完成,王强,经销
O002098,2025-05-06,C0076,P1002,14,993.75,已完成,赵磊,直销
O002099,2025-10-28,C0052,P1002,15,993.79,退货,张伟,经销
O002100,2025-11-13,C0066,P1011,9,476.83,已取消,刘洋,展会线索
O002101,2025-07-11,C0105,P1002,11,962.73,已完成,赵磊,经销
O002102,2025-09-14,C0040,P1002,1,987.43,已完成,张伟,经销
O002103,2025-06-10,C0060,P1001,17,788.8,已完成,陈敏,展会线索
O002104,2025-08-20,C0072,P1012,9,367.95,已完成,李娜,展会线索
O002105,2025-09-16,C0098,P1013,15,169.31,已完成,王强,直销
O002106,2025-10-17,C0112,P1003,14,1576.68,已完成,赵磊,经销
O002107,2025-12-07,C0084,P1004,12,734.02,已完成,王强,老客户复购
O002108,2025-01-15,C0104,P1016,23,104.14,已完成,张伟,直销
O002109,2025-11-06,C0005,P1009,11,659.29,已完成,张伟,展会线索
O002110,2025-02-12,C0064,P1004,16,643.08,已完成,赵磊,老客户复购
O002111,2025-10-14,C0032,P1004,10,705.23,已完成,陈敏,经销
O002112,2025-01-09,C0078,P1015,30,80.01,已完成,王强,展会线索
O002113,2025-08-15,C0005,P1007,1,1010.58,已完成,张伟,展会线索
O002114,2025-10-25,C0015,P1002,3,959.15,已取消,王强,经销
O002115,2025-02-01,C0003,P1011,7,504.16,已完成,刘洋,展会线索
O002116,2025-07-04,C0112,P1012,13,382.56,已完成,陈敏,展会线索
O002117,2025-12-19,C0027,P1004,2,707.34,已完成,刘洋,直销
O002118,2025-07-10,C0111,P1013,42,165.3,已完成,陈敏,展会线索
O002119,2025-05-08,C0057,P1012,17,354.33,已完成,张伟,经销
O002120,2025-04-19,C0009,P1008,42,762.5,已完成,李娜,老客户复购
O002121,2025-06-05,C0081,P1012,44,349.73,已完成,陈敏,直销
O002122,2025-07-31,C0083,P1012,29,373.83,已完成,陈敏,展会线索
O002123,2025-01-03,C0073,P1002,15,991.05,已完成,刘洋,老客户复购
O002124,2025-08-04,C0103,P1008,42,733.81,已完成,刘洋,展会线索
O002125,2025-09-15,C0030,P1013,37,161.42,已完成,刘洋,展会线索
O002126,2025-08-01,C0113,P1003,11,1553.61,退货,赵磊,老客户复购
O002127,2025-10-31,C0089,P1001,6,750.37,已完成,陈敏,直销
O002128,2025-11-18,C0118,P1009,42,711.89,已完成,陈敏,展会线索
O002129,2025-03-23,C0095,P1004,2,679.56,已完成,李娜,直销
O002130,2025-03-19,C0003,P1015,59,83.29,已完成,张伟,直销
O002131,2025-11-03,C0011,P1002,8,905.15,已完成,张伟,经销
O002132,2025-03-26,C0045,P1007,11,944.05,已完成,刘洋,老客户复购
O002133,2025-01-12,C0055,P1003,15,1557.75,已完成,赵磊,直销
O002134,2025-08-08,C0109,P1005,4,1368.16,已完成,刘洋,展会线索
O002135,2025-03-02,C0002,P1003,10,1427.49,已完成,李娜,老客户复购
O002136,2025-01-31,C0116,P1005,7,1408.24,已完成,陈敏,老客户复购
O002137,2025-09-16,C0004,P1003,15,1591.24,已完成,赵磊,直销
O002138,2025-08-30,C0061,P1006,12,2496.73,已取消,张伟,展会线索
O002139,2025-02-19,C0060,P1012,16,361.66,已完成,张伟,展会线索
O002140,2025-07-23,C0118,P1013,44,166.51,已完成,陈敏,展会线索
O002141,2025-05-17,C0069,P1009,33,698.26,已完成,张伟,经销
O002142,2025-03-10,C0023,P1009,40,686.74,已完成,王强,经销
O002143,2025-04-23,C0057,P1009,44,703.15,已完成,李娜,老客户复购
O002144,2025-07-05,C0040,P1006,9,2360.04,已完成,陈敏,直销
O002145,2025-04-11,C0056,P1006,9,2217.83,已完成,陈敏,展会线索
O002146,2025-01-20,C0077,P1010,10,593.57,已完成,李娜,直销
O002147,2025-05-15,C0028,P1013,17,162.35,已完成,陈敏,展会线索
O002148,2025-05-15,C0094,P1016,92,99.54,已完成,王强,老客户复购
O002149,2025-03-29,C0023,P1006,1,2242.75,已完成,张伟,直销
O002150,2025-05-10,C0074,P1001,17,797.46,已完成,王强,老客户复购
O002151,2025-07-30,C0076,P1006,1,2386.09,已完成,赵磊,直销
O002152,2025-04-16,C0032,P1011,15,479.64,已完成,刘洋,老客户复购
O002153,2025-04-02,C0098,P1008,41,722.59,已完成,陈敏,老客户复购
O002154,2025-09-25,C0085,P1016,18,103.38,退货,陈敏,老客户复购
O002155,2025-07-15,C0021,P1005,4,1352.8,已完成,李娜,经销
O002156,2025-06-20,C0024,P1004,11,712.4,已完成,王强,直销
O002157,2025-01-17,C0006,P1012,12,363.84,已完成,张伟,老客户复购
O002158,2025-10-26,C0017,P1007,15,1015.69,已完成,李娜,直销
O002159,2025-08-06,C0057,P1003,13,1540.47,已完成,张伟,展会线索
O002160,2025-03-19,C0031,P1012,32,326.59,已完成,陈敏,展会线索
O002161,2025-08-16,C0107,P1011,8,460.63,已完成,刘洋,展会线索
O002162,2025-07-27,C0080,P1004,9,733.28,已完成,王强,展会线索
O002163,2025-02-27,C0022,P1012,11,379.06,已完成,王强,直销
O002164,2025-01-19,C0085,P1010,23,624.2,已完成,张伟,经销
O002165,2025-11-17,C0038,P1013,7,164.52,已完成,赵磊,老客户复购
O002166,2025-02-07,C0099,P1015,24,82.87,已完成,王强,老客户复购
O002167,2025-09-20,C0033,P1002,11,1070.16,已取消,李娜,展会线索
O002168,2025-04-13,C0053,P1007,7,1069.62,已完成,张伟,经销
O002169,2025-08-19,C0009,P1007,11,1048.8,已完成,张伟,老客户复购
O002170,2025-12-22,C0093,P1011,26,493.72,退货,陈敏,经销
O002171,2025-05-31,C0030,P1005,4,1415.01,已完成,张伟,直销
O002172,2025-11-07,C0116,P1001,9,814.81,已完成,王强,直销
O002173,2025-08-26,C0068,P1010,13,611.66,已完成,赵磊,展会线索
O002174,2025-02-24,C0063,P1008,21,733.51,已完成,王强,直销
O002175,2025-08-18,C0040,P1009,33,681.55,已完成,王强,老客户复购
O002176,2025-12-05,C0071,P1002,8,953.41,已完成,赵磊,老客户复购
O002177,2025-07-23,C0104,P1006,3,2317.55,已完成,陈敏,老客户复购
O002178,2025-03-03,C0052,P1016,108,103.02,已完成,陈敏,经销
O002179,2025-08-31,C0037,P1004,6,629.25,已完成,刘洋,经销
O002180,2025-07-18,C0015,P1014,45,36.75,已完成,李娜,展会线索
O002181,2025-01-07,C0009,P1014,41,39.05,已完成,刘洋,展会线索
O002182,2025-09-25,C0044,P1003,14,1565.59,已取消,刘洋,直销
O002183,2025-10-24,C0030,P1015,48,79.67,已完成,王强,展会线索
O002184,2025-03-29,C0065,P1005,13,1297.22,已完成,李娜,老客户复购
O002185,2025-06-24,C0027,P1001,14,757.18,已完成,陈敏,老客户复购
O002186,2025-03-08,C0062,P1011,29,439.69,已完成,张伟,经销
O002187,2025-05-10,C0059,P1010,10,582.1,已完成,王强,老客户复购
O002188,2025-06-08,C0029,P1006,16,2412.02,已完成,王强,经销
O002189,2025-12-06,C0113,P1011,12,441.27,已完成,张伟,经销
O002190,2025-08-14,C0045,P1013,32,162.06,已完成,李娜,老客户复购
O002191,2025-07-01,C0073,P1008,23,735.17,已完成,赵磊,展会线索
O002192,2025-01-06,C0096,P1007,6,1011.25,已完成,张伟,经销
O002193,2025-02-24,C0019,P1015,106,84.39,已完成,李娜,直销
O002194,2025-06-13,C0024,P1005,15,1472.22,已完成,王强,经销
O002195,2025-12-05,C0013,P1006,5,2204.19,已完成,张伟,展会线索
O002196,2025-12-05,C0115,P1012,38,327.56,已完成,张伟,直销
O002197,2025-09-12,C0094,P1016,41,103.2,已完成,王强,直销
O002198,2025-04-13,C0100,P1005,13,1357.06,已完成,陈敏,老客户复购
O002199,2025-07-20,C0024,P1010,42,601.01,已完成,张伟,展会线索
O002200,2025-01-11,C0112,P1004,3,693.14,已取消,刘洋,经销
O002201,2025-11-23,C0002,P1012,37,346.86,已完成,赵磊,直销
O002202,2025-10-22,C0007,P1001,1,816.64,已完成,赵磊,老客户复购
O002203,2025-11-27,C0004,P1001,7,809.97,已完成,张伟,经销
O002204,2025-02-10,C0075,P1003,16,1546.59,已完成,王强,老客户复购
O002205,2025-08-17,C0117,P1003,9,1463.59,已完成,刘洋,展会线索
O002206,2025-03-31,C0047,P1012,30,341.38,已完成,刘洋,经销
O002207,2025-08-20,C0120,P1014,85,38.75,已取消,李娜,经销
O002208,2025-08-23,C0087,P1006,11,2371.36,已完成,李娜,老客户复购
O002209,2025-06-19,C0043,P1006,16,2239.9,已完成,王强,直销
O002210,2025-02-01,C0062,P1010,29,562.38,已完成,王强,直销
O002211,2025-03-07,C0074,P1010,20,627.41,已完成,陈敏,展会线索
O002212,2025-11-23,C0104,P1016,25,98.33,已完成,王强,经销
O002213,2025-12-29,C0005,P1012,21,366.78,已完成,刘洋,老客户复购
O002214,2025-02-27,C0084,P1001,2,822.01,已完成,张伟,直销
O002215,2025-08-12,C0002,P1006,3,2368.4,已完成,刘洋,直销
O002216,2025-10-08,C0027,P1005,14,1417.64,已完成,刘洋,经销
O002217,2025-12-13,C0087,P1006,4,2372.61,已完成,陈敏,老客户复购
O002218,2025-07-03,C0002,P1001,8,779.98,已完成,刘洋,老客户复购
O002219,2025-05-19,C0040,P1013,40,164.16,已完成,刘洋,直销
O002220,2025-12-14,C0061,P1007,5,1070.43,已完成,李娜,展会线索
O002221,2025-09-09,C0106,P1003,13,1485.66,已完成,陈敏,老客户复购
O002222,2025-09-03,C0085,P1011,23,516.99,已完成,李娜,老客户复购
O002223,2025-04-07,C0078,P1009,11,663.25,已完成,李娜,展会线索
O002224,2025-10-30,C0073,P1003,16,1558.57,已完成,刘洋,展会线索
O002225,2025-02-15,C0092,P1003,3,1583.37,已完成,王强,直销
O002226,2025-03-04,C0119,P1009,25,691.29,已完成,陈敏,展会线索
O002227,2025-08-22,C0092,P1009,32,680.4,已完成,王强,展会线索
O002228,2025-12-26,C0052,P1006,16,2503.53,已完成,张伟,经销
O002229,2025-09-13,C0041,P1016,105,96.72,已完成,赵磊,直销
O002230,2025-05-19,C0078,P1016,109,93.0,已完成,赵磊,老客户复购
O002231,2025-12-15,C0018,P1013,13,165.72,已完成,张伟,直销
O002232,2025-04-09,C0080,P1003,1,1596.44,已完成,李娜,展会线索
O002233,2025-12-06,C0105,P1001,17,782.24,已完成,李娜,直销
O002234,2025-07-17,C0117,P1009,42,652.99,已完成,刘洋,老客户复购
O002235,2025-11-04,C0107,P1004,12,693.44,已完成,张伟,直销
O002236,2025-06-12,C0043,P1005,12,1320.9,已完成,赵磊,经销
O002237,2025-11-11,C0080,P1002,6,1051.45,已完成,刘洋,展会线索
O002238,2025-07-01,C0063,P1004,14,718.62,已完成,王强,展会线索
O002239,2025-07-10,C0092,P1009,12,729.26,已完成,刘洋,经销
O002240,2025-01-13,C0100,P1008,34,694.88,已完成,刘洋,老客户复购
O002241,2025-10-23,C0087,P1001,11,801.22,已完成,李娜,直销
O002242,2025-08-06,C0038,P1016,29,100.11,已完成,李娜,展会线索
O002243,2025-12-02,C0111,P1013,4,166.89,已完成,赵磊,经销
O002244,2025-08-27,C0022,P1001,15,807.01,已完成,张伟,经销
O002245,2025-07-22,C0003,P1011,26,497.85,已完成,陈敏,经销
O002246,2025-11-12,C0082,P1012,41,328.35,已完成,李娜,直销
O002247,2025-05-13,C0038,P1002,7,990.07,已完成,陈敏,老客户复购
O002248,2025-03-17,C0002,P1008,40,699.03,已完成,王强,经销
O002249,2025-01-20,C0058,P1004,3,735.85,已取消,张伟,直销
O002250,2025-07-21,C0065,P1002,16,1014.72,已完成,陈敏,展会线索
O002251,2025-09-18,C0075,P1002,2,1001.98,已完成,陈敏,直销
O002252,2025-10-29,C0020,P1002,3,1016.26,已完成,李娜,经销
O002253,2025-10-12,C0069,P1002,7,1029.26,已取消,王强,老客户复购
O002254,2025-10-01,C0014,P1006,9,2303.23,已完成,陈敏,经销
O002255,2025-02-13,C0104,P1014,64,42.49,已完成,李娜,经销
O002256,2025-05-17,C0025,P1008,17,651.95,退货,王强,经销
O002257,2025-12-23,C0003,P1009,29,694.37,已完成,陈敏,经销
O002258,2025-05-21,C0066,P1011,4,475.49,已完成,王强,经销
O002259,2025-11-15,C0063,P1013,30,172.81,已完成,李娜,老客户复购
O002260,2025-03-18,C0109,P1015,106,73.85,已完成,刘洋,展会线索
O002261,2025-11-28,C0090,P1008,7,719.53,已完成,陈敏,经销
O002262,2025-11-04,C0082,P1003,4,1598.45,已完成,刘洋,展会线索
O002263,2025-03-28,C0029,P1003,1,1652.82,已完成,刘洋,展会线索
O002264,2025-09-20,C0101,P1010,18,622.14,已完成,刘洋,老客户复购
O002265,2025-12-09,C0031,P1009,41,636.6,已完成,赵磊,直销
O002266,2025-06-05,C0061,P1013,14,167.35,已完成,李娜,展会线索
O002267,2025-12-06,C0060,P1007,9,994.63,已完成,赵磊,直销
O002268,2025-04-29,C0034,P1006,11,2317.19,已完成,赵磊,展会线索
O002269,2025-01-03,C0028,P1005,7,1394.0,已完成,陈敏,老客户复购
O002270,2025-12-31,C0039,P1003,15,1547.45,已完成,赵磊,直销
O002271,2025-02-10,C0108,P1007,5,1029.59,已完成,王强,经销
O002272,2025-07-28,C0035,P1009,31,686.98,已完成,王强,展会线索
O002273,2025-11-01,C0051,P1002,8,1027.78,已完成,王强,展会线索
O002274,2025-10-23,C0074,P1001,10,801.34,已完成,张伟,老客户复购
O002275,2025-06-02,C0035,P1001,15,782.16,已完成,李娜,展会线索
O002276,2025-06-09,C0035,P1003,9,1621.19,已完成,王强,老客户复购
O002277,2025-12-18,C0010,P1001,10,744.21,已取消,王强,老客户复购
O002278,2025-11-12,C0009,P1005,1,1397.9,已完成,王强,老客户复购
O002279,2025-06-25,C0066,P1004,14,690.14,已完成,李娜,老客户复购
O002280,2025-10-12,C0040,P1012,35,375.72,已完成,陈敏,经销
O002281,2025-07-24,C0082,P1009,39,632.8,已完成,刘洋,展会线索
O002282,2025-07-21,C0056,P1002,16,1031.44,已完成,李娜,直销
O002283,2025-03-19,C0042,P1001,4,812.33,已完成,张伟,展会线索
O002284,2025-11-07,C0026,P1002,15,1005.58,已完成,刘洋,展会线索
O002285,2025-07-16,C0055,P1007,13,985.72,已完成,陈敏,直销
O002286,2025-01-21,C0041,P1009,26,689.72,已完成,刘洋,展会线索
O002287,2025-03-19,C0031,P1008,17,693.57,已完成,张伟,经销
O002288,2025-09-19,C0053,P1005,11,1481.56,已完成,张伟,经销
O002289,2025-05-25,C0027,P1003,2,1632.0,已完成,李娜,经销
O002290,2025-06-02,C0090,P1004,11,708.74,已完成,王强,经销
O002291,2025-07-22,C0094,P1010,35,616.97,已完成,张伟,经销
O002292,2025-04-07,C0049,P1012,29,321.82,已完成,张伟,经销
O002293,2025-10-07,C0020,P1013,18,150.45,已完成,刘洋,直销
O002294,2025-03-19,C0066,P1004,1,686.63,已完成,张伟,老客户复购
O002295,2025-07-17,C0057,P1013,35,166.62,已完成,刘洋,直销
O002296,2025-06-10,C0083,P1004,1,733.16,已完成,赵磊,直销
O002297,2025-07-12,C0038,P1010,34,597.27,已完成,李娜,直销
O002298,2025-05-19,C0006,P1014,112,36.78,已完成,刘洋,展会线索
O002299,2025-06-10,C0107,P1016,64,89.05,已完成,王强,直销
O002300,2025-03-27,C0083,P1001,2,784.0,已完成,张伟,展会线索
O002301,2025-02-24,C0076,P1008,37,705.75,已完成,刘洋,经销
O002302,2025-03-08,C0105,P1002,1,997.21,已完成,张伟,老客户复购
O002303,2025-04-02,C0014,P1011,35,499.94,已完成,张伟,直销
O002304,2025-07-15,C0062,P1001,12,777.38,已完成,赵磊,展会线索
O002305,2025-02-05,C0023,P1014,114,39.23,已完成,王强,经销
O002306,2025-12-16,C0031,P1002,16,951.04,已完成,陈敏,直销
O002307,2025-01-18,C0029,P1010,28,606.72,已完成,李娜,经销
O002308,2025-02-01,C0116,P1013,9,162.97,已完成,陈敏,老客户复购
O002309,2025-02-04,C0067,P1013,5,170.74,已完成,刘洋,经销
O002310,2025-04-23,C0019,P1012,36,365.82,已完成,陈敏,展会线索
O002311,2025-10-12,C0101,P1010,12,590.47,已完成,王强,经销
O002312,2025-01-10,C0005,P1008,33,703.94,已完成,张伟,老客户复购
O002313,2025-04-13,C0086,P1011,35,453.89,已完成,陈敏,展会线索
O002314,2025-04-16,C0079,P1010,34,604.26,已完成,陈敏,老客户复购
O002315,2025-07-08,C0118,P1011,27,476.22,已完成,陈敏,直销
O002316,2025-01-12,C0093,P1015,104,79.84,已完成,王强,经销
O002317,2025-09-10,C0027,P1007,15,1022.65,已完成,陈敏,直销
O002318,2025-02-22,C0041,P1006,8,2457.89,已完成,王强,展会线索
O002319,2025-12-21,C0021,P1001,4,725.08,已完成,刘洋,经销
O002320,2025-06-13,C0060,P1012,9,344.8,已取消,赵磊,直销
O002321,2025-08-27,C0068,P1008,27,710.63,已完成,陈敏,直销
O002322,2025-08-21,C0027,P1002,7,1045.79,已完成,陈敏,老客户复购
O002323,2025-05-04,C0035,P1004,3,726.29,已完成,李娜,老客户复购
O002324,2025-04-28,C0012,P1001,7,781.27,已完成,赵磊,展会线索
O002325,2025-12-27,C0097,P1012,5,325.18,已完成,张伟,直销
O002326,2025-08-29,C0008,P1008,18,687.0,已完成,赵磊,直销
O002327,2025-10-09,C0102,P1010,11,639.87,已完成,陈敏,直销
O002328,2025-11-12,C0025,P1014,25,40.07,已完成,刘洋,老客户复购
O002329,2025-12-18,C0067,P1006,8,2319.3,已完成,赵磊,直销
O002330,2025-08-21,C0097,P1016,62,93.73,已完成,张伟,直销
O002331,2025-01-15,C0020,P1003,16,1460.46,已完成,陈敏,经销
O002332,2025-11-05,C0025,P1012,36,336.02,已完成,陈敏,直销
O002333,2025-10-09,C0078,P1010,22,599.04,已完成,刘洋,老客户复购
O002334,2025-02-13,C0020,P1001,11,695.61,已完成,刘洋,展会线索
O002335,2025-08-02,C0045,P1012,26,358.9,已完成,陈敏,老客户复购
O002336,2025-01-10,C0037,P1009,31,649.87,已完成,李娜,经销
O002337,2025-05-09,C0049,P1007,9,979.87,已完成,刘洋,老客户复购
O002338,2025-03-06,C0084,P1005,4,1489.17,已完成,张伟,展会线索
O002339,2025-06-24,C0102,P1004,4,688.25,已完成,张伟,展会线索
O002340,2025-08-28,C0113,P1013,4,159.98,已完成,李娜,展会线索
O002341,2025-11-14,C0002,P1003,17,1412.96,已完成,陈敏,展会线索
O002342,2025-03-16,C0071,P1012,38,329.35,已完成,赵磊,老客户复购
O002343,2025-08-29,C0067,P1010,14,638.95,已完成,刘洋,展会线索
O002344,2025-02-02,C0111,P1007,2,902.75,已完成,张伟,经销
O002345,2025-12-15,C0010,P1011,40,441.5,已完成,李娜,直销
O002346,2025-09-05,C0003,P1003,10,1571.58,已完成,刘洋,经销
O002347,2025-02-07,C0081,P1002,6,921.92,已完成,李娜,展会线索
O002348,2025-02-26,C0040,P1014,45,39.45,已完成,刘洋,经销
O002349,2025-09-27,C0033,P1011,7,472.72,已完成,刘洋,经销
O002350,2025-08-20,C0083,P1007,15,1042.76,已完成,陈敏,经销
O002351,2025-11-19,C0028,P1011,35,433.13,已完成,张伟,直销
O002352,2025-07-22,C0109,P1013,14,156.47,已完成,李娜,展会线索
O002353,2025-07-03,C0040,P1002,15,1005.24,已取消,陈敏,直销
O002354,2025-12-27,C0064,P1011,5,483.28,已完成,赵磊,经销
O002355,2025-09-04,C0030,P1006,15,2274.55,已完成,赵磊,展会线索
O002356,2025-05-15,C0067,P1013,32,162.88,已完成,张伟,直销
O002357,2025-02-05,C0049,P1002,16,980.92,已完成,刘洋,展会线索
O002358,2025-10-22,C0113,P1008,14,698.62,退货,陈敏,老客户复购
O002359,2025-03-22,C0006,P1013,15,157.96,已完成,陈敏,展会线索
O002360,2025-05-24,C0066,P1015,89,79.43,已完成,刘洋,展会线索
O002361,2025-06-15,C0073,P1007,9,1039.59,已完成,张伟,直销
O002362,2025-12-06,C0044,P1008,12,731.84,已完成,王强,直销
O002363,2025-10-01,C0105,P1001,10,781.42,已完成,刘洋,展会线索
O002364,2025-04-14,C0045,P1004,15,671.11,已完成,张伟,展会线索
O002365,2025-07-12,C0090,P1013,12,163.74,已完成,刘洋,老客户复购
O002366,2025-08-14,C0107,P1005,13,1360.37,已完成,陈敏,直销
O002367,2025-09-06,C0013,P1003,8,1485.24,已完成,刘洋,经销
O002368,2025-11-15,C0112,P1008,15,711.62,已完成,陈敏,经销
O002369,2025-04-29,C0057,P1003,13,1629.77,已完成,赵磊,老客户复购
O002370,2025-02-26,C0010,P1009,32,683.59,已取消,刘洋,展会线索
O002371,2025-02-18,C0067,P1012,26,375.63,已完成,王强,展会线索
O002372,2025-04-23,C0011,P1001,15,746.41,已取消,刘洋,老客户复购
O002373,2025-07-07,C0086,P1001,14,783.74,已完成,李娜,经销
O002374,2025-03-04,C0034,P1016,79,95.09,已完成,刘洋,直销
O002375,2025-02-06,C0026,P1003,16,1535.55,已完成,李娜,经销
O002376,2025-10-05,C0036,P1011,22,506.21,已完成,赵磊,展会线索
O002377,2025-09-22,C0085,P1012,18,376.65,已完成,陈敏,展会线索
O002378,2025-07-21,C0043,P1012,31,364.4,已完成,李娜,直销
O002379,2025-07-07,C0028,P1012,30,342.82,退货,王强,老客户复购
O002380,2025-12-13,C0090,P1011,25,498.35,已完成,李娜,经销
O002381,2025-06-11,C0116,P1002,9,983.1,已完成,赵磊,直销
O002382,2025-10-24,C0049,P1003,13,1463.86,已完成,王强,展会线索
O002383,2025-11-08,C0010,P1001,12,746.52,已完成,李娜,直销
O002384,2025-06-18,C0015,P1004,12,665.19,已完成,陈敏,老客户复购
O002385,2025-09-07,C0043,P1016,115,96.6,退货,王强,直销
O002386,2025-04-05,C0078,P1007,6,972.66,已完成,赵磊,老客户复购
O002387,2025-12-13,C0085,P1016,60,100.07,已完成,刘洋,直销
O002388,2025-08-15,C0057,P1005,11,1385.33,已完成,陈敏,展会线索
O002389,2025-10-28,C0053,P1007,5,1027.98,已取消,张伟,直销
O002390,2025-08-16,C0077,P1003,1,1542.83,已完成,赵磊,直销
O002391,2025-07-07,C0036,P1004,15,710.76,已完成,张伟,直销
O002392,2025-02-22,C0019,P1001,5,807.28,已完成,张伟,经销
O002393,2025-08-26,C0032,P1006,4,2316.54,已完成,李娜,老客户复购
O002394,2025-07-12,C0014,P1007,16,955.46,已完成,赵磊,展会线索
O002395,2025-07-28,C0075,P1001,9,766.17,已完成,张伟,经销
O002396,2025-10-22,C0038,P1009,4,723.76,已完成,王强,经销
O002397,2025-05-14,C0119,P1007,13,964.63,已完成,李娜,展会线索
O002398,2025-02-04,C0066,P1012,36,367.34,已取消,张伟,经销
O002399,2025-10-10,C0074,P1002,9,1025.41,已完成,陈敏,老客户复购
O002400,2025-02-27,C0004,P1003,3,1553.86,已完成,李娜,直销
O002401,2025-06-20,C0066,P1001,9,754.44,已完成,刘洋,展会线索
O002402,2025-08-04,C0107,P1001,2,777.33,已完成,刘洋,经销
O002403,2025-04-04,C0009,P1012,43,358.65,已完成,赵磊,展会线索
O002404,2025-10-29,C0027,P1012,36,361.61,已完成,李娜,展会线索
O002405,2025-04-24,C0045,P1004,2,695.93,已完成,陈敏,展会线索
O002406,2025-12-22,C0085,P1011,33,507.79,已取消,赵磊,老客户复购
O002407,2025-07-05,C0028,P1002,16,934.29,已取消,陈敏,经销
O002408,2025-04-15,C0102,P1010,38,609.74,已完成,刘洋,直销
O002409,2025-01-17,C0037,P1008,22,655.54,已完成,王强,展会线索
O002410,2025-04-20,C0091,P1007,15,988.61,退货,李娜,展会线索
O002411,2025-07-20,C0014,P1003,7,1488.79,已完成,张伟,经销
O002412,2025-08-28,C0076,P1011,29,458.65,已完成,张伟,老客户复购
O002413,2025-12-02,C0043,P1015,17,83.76,已完成,刘洋,老客户复购
O002414,2025-04-06,C0028,P1009,4,622.79,已完成,王强,老客户复购
O002415,2025-10-12,C0075,P1013,8,169.58,已完成,王强,经销
O002416,2025-09-25,C0117,P1003,12,1474.77,已完成,陈敏,经销
O002417,2025-05-20,C0046,P1011,20,489.82,已完成,赵磊,展会线索
O002418,2025-08-28,C0009,P1013,40,175.97,已完成,刘洋,展会线索
O002419,2025-02-23,C0071,P1012,8,352.45,已完成,王强,直销
O002420,2025-11-17,C0031,P1011,5,486.71,已完成,王强,展会线索
O002421,2025-10-30,C0108,P1009,15,689.11,已完成,刘洋,经销
O002422,2025-09-08,C0006,P1001,1,730.58,已完成,赵磊,老客户复购
O002423,2025-07-13,C0021,P1014,77,36.2,已完成,赵磊,老客户复购
O002424,2025-10-27,C0040,P1015,60,86.73,已完成,刘洋,经销
O002425,2025-12-06,C0023,P1016,48,100.36,已完成,赵磊,老客户复购
O002426,2025-07-17,C0005,P1010,29,585.52,已完成,王强,展会线索
O002427,2025-10-09,C0044,P1010,22,586.19,退货,张伟,直销
O002428,2025-05-03,C0035,P1005,13,1461.24,已完成,王强,老客户复购
O002429,2025-10-12,C0043,P1008,26,689.71,已完成,刘洋,直销
O002430,2025-03-29,C0052,P1002,9,991.38,已完成,赵磊,直销
O002431,2025-05-26,C0061,P1002,17,1037.08,已完成,李娜,经销
O002432,2025-02-19,C0113,P1012,38,357.16,已完成,王强,经销
O002433,2025-06-22,C0055,P1002,4,1033.43,已完成,赵磊,经销
O002434,2025-12-22,C0051,P1008,31,757.7,已完成,赵磊,经销
O002435,2025-02-24,C0120,P1001,12,701.7,已完成,王强,展会线索
O002436,2025-03-06,C0118,P1005,9,1463.43,已完成,刘洋,展会线索
O002437,2025-10-04,C0072,P1002,6,1034.22,已完成,张伟,直销
O002438,2025-07-24,C0094,P1015,56,80.31,已完成,李娜,展会线索
O002439,2025-09-16,C0099,P1012,4,368.87,已完成,张伟,老客户复购
O002440,2025-08-25,C0097,P1009,32,649.35,已完成,陈敏,展会线索
O002441,2025-09-15,C0047,P1011,36,455.68,已完成,赵磊,展会线索
O002442,2025-04-18,C0085,P1013,8,167.58,已完成,陈敏,展会线索
O002443,2025-05-25,C0080,P1013,15,171.38,已完成,陈敏,经销
O002444,2025-03-26,C0091,P1008,5,685.08,已完成,李娜,展会线索
O002445,2025-08-12,C0076,P1009,39,693.91,已完成,李娜,直销
O002446,2025-01-31,C0088,P1008,33,713.72,已完成,陈敏,展会线索
O002447,2025-10-05,C0040,P1013,21,167.77,已完成,李娜,老客户复购
O002448,2025-02-15,C0050,P1003,9,1654.68,已取消,张伟,展会线索
O002449,2025-06-16,C0014,P1006,8,2322.27,已完成,王强,老客户复购
O002450,2025-09-04,C0091,P1004,5,698.76,已完成,李娜,直销
O002451,2025-04-22,C0051,P1012,36,362.37,已完成,王强,老客户复购
O002452,2025-08-08,C0004,P1002,4,1059.32,已完成,张伟,经销
O002453,2025-12-05,C0020,P1009,38,679.56,已完成,赵磊,展会线索
O002454,2025-07-29,C0092,P1013,23,168.06,已完成,王强,老客户复购
O002455,2025-12-14,C0045,P1002,10,995.04,已完成,刘洋,展会线索
O002456,2025-05-10,C0010,P1003,12,1459.72,已完成,赵磊,老客户复购
O002457,2025-02-17,C0106,P1013,40,167.47,已完成,张伟,展会线索
O002458,2025-01-10,C0019,P1014,78,41.77,已完成,王强,展会线索
O002459,2025-08-09,C0086,P1009,44,678.51,已完成,陈敏,展会线索
O002460,2025-06-03,C0107,P1016,118,88.97,已完成,赵磊,经销
O002461,2025-04-13,C0079,P1001,8,704.11,已完成,赵磊,展会线索
O002462,2025-01-30,C0058,P1012,29,373.83,已完成,刘洋,展会线索
O002463,2025-10-19,C0080,P1007,13,1014.25,已完成,刘洋,老客户复购
O002464,2025-07-07,C0099,P1001,3,762.18,已完成,赵磊,展会线索
O002465,2025-10-03,C0065,P1011,28,477.35,已完成,陈敏,老客户复购
O002466,2025-09-26,C0008,P1003,11,1627.17,已完成,刘洋,展会线索
O002467,2025-01-14,C0117,P1006,3,2241.43,已完成,刘洋,直销
O002468,2025-03-05,C0118,P1002,11,1061.59,已完成,刘洋,直销
O002469,2025-12-04,C0113,P1011,29,436.37,已完成,刘洋,老客户复购
O002470,2025-02-25,C0067,P1010,34,593.36,已完成,张伟,直销
O002471,2025-09-24,C0059,P1016,67,93.67,已完成,赵磊,直销
O002472,2025-03-13,C0104,P1015,82,83.67,已取消,赵磊,经销
O002473,2025-01-17,C0021,P1013,14,167.06,已完成,赵磊,直销
O002474,2025-04-27,C0039,P1014,56,37.36,已完成,赵磊,经销
O002475,2025-09-27,C0113,P1010,6,592.4,已取消,王强,经销
O002476,2025-11-27,C0076,P1012,9,325.24,已完成,刘洋,展会线索
O002477,2025-10-30,C0010,P1015,60,76.55,已完成,赵磊,老客户复购
O002478,2025-05-04,C0014,P1007,8,954.09,已完成,张伟,展会线索
O002479,2025-02-21,C0062,P1015,14,76.15,已完成,张伟,老客户复购
O002480,2025-01-24,C0006,P1015,107,77.28,已完成,陈敏,直销
O002481,2025-04-02,C0020,P1001,17,767.29,已完成,王强,展会线索
O002482,2025-09-09,C0014,P1015,35,83.11,已完成,张伟,直销
O002483,2025-07-04,C0038,P1003,8,1682.65,已完成,王强,经销
O002484,2025-02-20,C0084,P1001,10,804.67,已完成,张伟,经销
O002485,2025-12-11,C0040,P1004,9,719.91,已完成,陈敏,经销
O002486,2025-09-01,C0080,P1009,24,692.33,已完成,王强,经销
O002487,2025-06-14,C0042,P1005,13,1406.64,已完成,张伟,老客户复购
O002488,2025-07-22,C0107,P1008,32,710.0,已完成,王强,经销
O002489,2025-03-10,C0071,P1010,36,587.38,已完成,王强,老客户复购
O002490,2025-02-03,C0025,P1012,14,334.37,已完成,张伟,直销
O002491,2025-02-12,C0081,P1010,41,581.67,已完成,赵磊,经销
O002492,2025-05-31,C0021,P1013,25,151.82,已完成,赵磊,展会线索
O002493,2025-04-11,C0097,P1013,21,152.74,已取消,王强,直销
O002494,2025-12-07,C0006,P1007,4,922.67,已完成,赵磊,展会线索
O002495,2025-05-16,C0110,P1003,11,1539.0,已完成,张伟,展会线索
O002496,2025-06-11,C0037,P1008,38,697.09,已完成,张伟,老客户复购
O002497,2025-03-07,C0044,P1008,24,699.63,已完成,赵磊,直销
O002498,2025-03-03,C0119,P1007,13,953.32,已完成,赵磊,经销
O002499,2025-05-10,C0081,P1007,3,963.2,已完成,陈敏,展会线索
O002500,2025-11-23,C0034,P1002,6,927.72,已完成,刘洋,经销
O002501,2025-12-04,C0003,P1006,1,2488.28,已完成,李娜,老客户复购
O002502,2025-06-10,C0072,P1012,28,348.93,已完成,李娜,经销
O002503,2025-04-05,C0020,P1007,5,952.39,已完成,陈敏,展会线索
O002504,2025-06-21,C0064,P1008,44,688.75,已完成,陈敏,老客户复购
O002505,2025-11-25,C0078,P1009,44,652.26,已完成,李娜,直销
O002506,2025-01-21,C0016,P1016,103,104.1,已完成,陈敏,老客户复购
O002507,2025-03-27,C0085,P1001,8,815.24,已完成,刘洋,展会线索
O002508,2025-01-18,C0033,P1009,27,689.06,退货,刘洋,经销
O002509,2025-09-24,C0046,P1007,6,1073.12,已完成,赵磊,老客户复购
O002510,2025-01-31,C0115,P1007,4,932.38,已完成,刘洋,直销
O002511,2025-06-20,C0103,P1006,5,2453.85,已完成,陈敏,直销
O002512,2025-01-24,C0065,P1015,31,79.41,已完成,刘洋,老客户复购
O002513,2025-06-16,C0032,P1002,13,953.89,已完成,李娜,老客户复购
O002514,2025-01-19,C0050,P1013,4,172.05,已完成,王强,老客户复购
O002515,2025-10-26,C0119,P1010,26,568.77,退货,刘洋,展会线索
O002516,2025-08-17,C0102,P1003,12,1571.1,已完成,刘洋,老客户复购
O002517,2025-11-28,C0064,P1013,30,150.44,已完成,陈敏,老客户复购
O002518,2025-07-05,C0003,P1013,8,168.35,已完成,刘洋,经销
O002519,2025-12-15,C0001,P1005,14,1437.97,已完成,张伟,展会线索
O002520,2025-12-07,C0075,P1015,97,81.65,已完成,张伟,经销
O002521,2025-11-19,C0082,P1003,7,1499.62,已完成,刘洋,展会线索
O002522,2025-04-27,C0052,P1003,11,1589.7,已完成,赵磊,直销
O002523,2025-04-28,C0054,P1010,33,610.04,已完成,刘洋,直销
O002524,2025-07-17,C0112,P1011,15,480.58,已完成,刘洋,展会线索
O002525,2025-03-12,C0050,P1016,63,99.23,已完成,王强,展会线索
O002526,2025-11-10,C0091,P1010,37,565.14,已完成,王强,展会线索
O002527,2025-10-27,C0118,P1007,15,1058.71,已完成,刘洋,直销
O002528,2025-09-06,C0040,P1016,29,99.93,已完成,王强,经销
O002529,2025-09-18,C0040,P1008,41,724.49,已完成,李娜,直销
O002530,2025-05-13,C0088,P1001,9,752.12,已完成,刘洋,老客户复购
O002531,2025-04-06,C0001,P1007,1,1067.62,已完成,赵磊,老客户复购
O002532,2025-01-03,C0049,P1016,47,89.11,已完成,李娜,经销
O002533,2025-08-14,C0038,P1011,9,474.72,退货,王强,直销
O002534,2025-03-04,C0001,P1003,17,1593.17,已完成,刘洋,经销
O002535,2025-07-02,C0006,P1005,11,1426.23,已完成,刘洋,展会线索
O002536,2025-10-11,C0079,P1001,3,755.62,已完成,王强,展会线索
O002537,2025-01-23,C0006,P1003,3,1449.33,已完成,李娜,经销
O002538,2025-02-08,C0120,P1003,7,1499.1,已完成,李娜,直销
O002539,2025-10-27,C0007,P1009,18,680.08,已完成,赵磊,经销
O002540,2025-06-29,C0032,P1012,5,356.06,已完成,刘洋,老客户复购
O002541,2025-03-22,C0105,P1004,12,679.92,已完成,刘洋,直销
O002542,2025-08-15,C0115,P1006,1,2339.24,退货,刘洋,老客户复购
O002543,2025-04-01,C0079,P1004,10,667.47,已完成,陈敏,直销
O002544,2025-06-29,C0044,P1002,16,1061.98,已取消,刘洋,直销
O002545,2025-10-23,C0114,P1013,44,165.2,已完成,王强,展会线索
O002546,2025-08-16,C0003,P1012,20,378.67,已完成,陈敏,老客户复购
O002547,2025-02-03,C0076,P1014,32,39.01,已完成,赵磊,展会线索
O002548,2025-03-23,C0120,P1012,18,347.42,已完成,赵磊,直销
O002549,2025-04-14,C0049,P1015,52,79.78,已完成,李娜,直销
O002550,2025-05-05,C0031,P1004,11,658.46,已完成,陈敏,展会线索
O002551,2025-12-28,C0030,P1005,2,1354.98,已完成,陈敏,经销
O002552,2025-01-25,C0008,P1002,5,1012.08,已完成,赵磊,直销
O002553,2025-08-14,C0062,P1003,15,1504.0,退货,李娜,展会线索
O002554,2025-12-21,C0113,P1007,4,935.92,已取消,李娜,经销
O002555,2025-05-30,C0044,P1003,5,1656.3,已完成,王强,直销
O002556,2025-09-25,C0065,P1009,31,638.87,已完成,张伟,直销
O002557,2025-05-13,C0023,P1012,44,353.93,已完成,张伟,老客户复购
O002558,2025-04-17,C0025,P1002,11,895.57,已完成,李娜,直销
O002559,2025-11-11,C0023,P1012,12,343.74,已完成,王强,直销
O002560,2025-06-11,C0109,P1008,43,706.17,已完成,赵磊,经销
O002561,2025-07-16,C0064,P1012,20,330.58,已取消,赵磊,展会线索
O002562,2025-01-19,C0104,P1014,76,39.28,已完成,刘洋,展会线索
O002563,2025-09-08,C0079,P1014,61,37.62,已完成,张伟,直销
O002564,2025-05-25,C0010,P1007,14,944.09,已完成,陈敏,老客户复购
O002565,2025-06-12,C0104,P1008,38,701.71,已完成,刘洋,直销
O002566,2025-07-11,C0074,P1004,7,678.48,已完成,张伟,展会线索
O002567,2025-07-28,C0085,P1013,38,170.16,已完成,赵磊,展会线索
O002568,2025-08-28,C0115,P1011,8,473.75,已完成,刘洋,直销
O002569,2025-08-17,C0063,P1010,21,602.91,已完成,王强,展会线索
O002570,2025-11-01,C0027,P1008,26,706.94,已完成,赵磊,展会线索
O002571,2025-01-28,C0004,P1002,4,1063.5,已完成,赵磊,直销
O002572,2025-12-29,C0103,P1011,11,499.49,已完成,陈敏,展会线索
O002573,2025-05-17,C0104,P1014,117,42.31,已完成,赵磊,直销
O002574,2025-02-15,C0082,P1012,42,343.5,已完成,刘洋,直销
O002575,2025-08-29,C0056,P1011,27,486.99,已完成,王强,经销
O002576,2025-05-25,C0101,P1004,7,698.46,已完成,张伟,直销
O002577,2025-01-18,C0047,P1010,29,537.99,已完成,李娜,经销
O002578,2025-05-31,C0034,P1009,17,656.0,已完成,王强,老客户复购
O002579,2025-05-08,C0020,P1006,1,2248.87,已完成,刘洋,展会线索
O002580,2025-12-06,C0069,P1012,7,367.13,已完成,李娜,直销
O002581,2025-11-23,C0029,P1009,14,722.93,已完成,王强,展会线索
O002582,2025-05-28,C0081,P1001,17,769.25,已完成,刘洋,老客户复购
O002583,2025-07-19,C0071,P1004,17,647.42,已完成,赵磊,经销
O002584,2025-01-21,C0100,P1009,38,654.19,已完成,王强,老客户复购
O002585,2025-12-18,C0007,P1001,7,807.07,已完成,张伟,经销
O002586,2025-07-22,C0021,P1011,19,488.11,已完成,赵磊,直销
O002587,2025-01-03,C0030,P1003,6,1499.4,已完成,李娜,经销
O002588,2025-04-08,C0046,P1005,11,1429.71,已完成,李娜,直销
O002589,2025-03-09,C0055,P1015,115,83.22,已完成,刘洋,展会线索
O002590,2025-12-18,C0074,P1016,64,103.96,已完成,陈敏,老客户复购
O002591,2025-09-28,C0058,P1003,7,1629.45,已完成,赵磊,老客户复购
O002592,2025-09-12,C0071,P1007,10,984.54,已完成,陈敏,老客户复购
O002593,2025-01-22,C0076,P1009,23,620.77,已完成,陈敏,直销
O002594,2025-12-31,C0021,P1010,15,560.46,已完成,张伟,经销
O002595,2025-03-21,C0097,P1005,2,1305.87,已完成,陈敏,经销
O002596,2025-12-24,C0035,P1014,54,39.21,已完成,刘洋,老客户复购
O002597,2025-10-04,C0011,P1013,18,162.44,已完成,陈敏,经销
O002598,2025-05-23,C0068,P1008,8,758.35,已完成,张伟,老客户复购
O002599,2025-01-31,C0064,P1013,12,167.98,已完成,王强,直销
O002600,2025-06-10,C0118,P1008,12,743.75,已完成,李娜,老客户复购
O002601,2025-04-29,C0089,P1004,17,632.55,已完成,刘洋,老客户复购
O002602,2025-12-19,C0040,P1013,38,172.06,已完成,张伟,经销
O002603,2025-05-15,C0055,P1005,11,1347.57,已完成,李娜,经销
O002604,2025-01-27,C0018,P1016,114,93.48,已完成,刘洋,经销
O002605,2025-09-03,C0011,P1009,35,632.97,已完成,赵磊,经销
O002606,2025-10-24,C0021,P1015,101,77.7,已完成,张伟,经销
O002607,2025-08-13,C0003,P1016,112,95.93,已完成,张伟,直销
O002608,2025-05-01,C0003,P1015,66,83.51,已完成,李娜,展会线索
O002609,2025-10-29,C0032,P1001,7,765.55,已完成,张伟,老客户复购
O002610,2025-04-26,C0044,P1013,37,174.06,已取消,王强,展会线索
O002611,2025-10-25,C0014,P1014,71,37.36,已完成,王强,经销
O002612,2025-01-28,C0100,P1001,5,743.98,已取消,赵磊,展会线索
O002613,2025-03-28,C0058,P1010,44,619.65,已完成,张伟,直销
O002614,2025-04-19,C0077,P1005,7,1445.74,已完成,李娜,经销
O002615,2025-04-08,C0101,P1012,26,363.88,已完成,陈敏,老客户复购
O002616,2025-12-06,C0032,P1002,3,960.01,已完成,陈敏,经销
O002617,2025-05-09,C0022,P1012,9,360.45,已取消,赵磊,经销
O002618,2025-07-10,C0048,P1001,7,782.8,已完成,王强,经销
O002619,2025-05-30,C0085,P1012,39,377.37,已完成,张伟,老客户复购
O002620,2025-11-12,C0077,P1013,18,156.16,已完成,赵磊,展会线索
O002621,2025-04-12,C0115,P1009,22,663.7,已完成,张伟,展会线索
O002622,2025-03-13,C0029,P1002,12,1043.75,已完成,赵磊,直销
O002623,2025-12-06,C0006,P1016,39,98.92,已完成,陈敏,老客户复购
O002624,2025-12-18,C0044,P1012,9,363.89,已完成,陈敏,经销
O002625,2025-05-14,C0049,P1010,4,557.92,已完成,王强,展会线索
O002626,2025-05-08,C0059,P1003,6,1467.09,已完成,陈敏,展会线索
O002627,2025-06-12,C0038,P1003,17,1586.71,已完成,陈敏,直销
O002628,2025-08-29,C0044,P1007,16,991.89,已完成,李娜,展会线索
O002629,2025-04-24,C0069,P1011,19,500.57,已完成,陈敏,经销
O002630,2025-05-09,C0063,P1007,4,1024.5,已完成,陈敏,经销
O002631,2025-07-28,C0076,P1002,3,1004.16,已取消,王强,老客户复购
O002632,2025-12-30,C0033,P1004,6,733.06,已完成,李娜,直销
O002633,2025-04-16,C0069,P1012,17,364.86,已完成,赵磊,老客户复购
O002634,2025-04-17,C0085,P1002,16,1040.61,已完成,张伟,展会线索
O002635,2025-02-12,C0067,P1008,32,734.7,已完成,王强,展会线索
O002636,2025-09-23,C0090,P1004,7,723.84,已完成,陈敏,展会线索
O002637,2025-09-12,C0056,P1002,7,957.44,已完成,陈敏,老客户复购
O002638,2025-06-18,C0117,P1012,3,342.11,已完成,张伟,经销
O002639,2025-06-27,C0109,P1003,7,1474.33,已完成,王强,直销
O002640,2025-04-14,C0104,P1008,44,723.77,已完成,张伟,老客户复购
O002641,2025-01-15,C0117,P1011,11,454.06,已完成,赵磊,直销
O002642,2025-12-06,C0040,P1007,7,1049.77,已完成,李娜,直销
O002643,2025-11-02,C0031,P1013,7,154.22,已完成,王强,直销
O002644,2025-10-25,C0074,P1012,15,367.91,已完成,王强,经销
O002645,2025-10-25,C0037,P1001,10,715.05,已完成,王强,老客户复购
O002646,2025-01-07,C0114,P1010,4,612.83,已完成,刘洋,老客户复购
O002647,2025-04-18,C0019,P1011,31,489.96,已完成,赵磊,经销
O002648,2025-04-08,C0062,P1012,8,341.35,退货,刘洋,老客户复购
O002649,2025-03-29,C0089,P1009,18,630.1,已完成,王强,老客户复购
O002650,2025-01-30,C0001,P1004,10,674.66,已完成,陈敏,展会线索
O002651,2025-06-15,C0097,P1004,12,647.69,已完成,刘洋,直销
O002652,2025-08-15,C0077,P1002,14,983.69,已完成,赵磊,经销
O002653,2025-04-09,C0034,P1006,5,2337.19,已完成,李娜,经销
O002654,2025-01-06,C0091,P1007,10,908.03,已完成,李娜,展会线索
O002655,2025-12-15,C0120,P1010,44,562.11,已完成,赵磊,展会线索
O002656,2025-04-13,C0102,P1010,3,604.43,已完成,陈敏,老客户复购
O002657,2025-01-16,C0018,P1004,6,628.7,已完成,王强,经销
O002658,2025-06-12,C0076,P1007,17,993.09,已完成,刘洋,展会线索
O002659,2025-03-26,C0061,P1002,16,1070.43,已完成,陈敏,直销
O002660,2025-03-29,C0028,P1009,25,670.18,已完成,赵磊,经销
O002661,2025-06-19,C0081,P1004,3,651.47,已完成,刘洋,直销
O002662,2025-09-21,C0044,P1003,9,1558.83,已完成,刘洋,老客户复购
O002663,2025-07-08,C0044,P1010,20,594.33,已完成,陈敏,展会线索
O002664,2025-08-13,C0040,P1007,2,984.66,已完成,陈敏,老客户复购
O002665,2025-03-12,C0066,P1004,14,737.12,已完成,张伟,直销
O002666,2025-04-06,C0074,P1006,17,2449.07,已取消,李娜,老客户复购
O002667,2025-03-23,C0095,P1011,25,487.07,已完成,赵磊,展会线索
O002668,2025-07-08,C0064,P1006,8,2378.61,退货,李娜,展会线索
O002669,2025-06-23,C0048,P1002,16,912.02,已完成,陈敏,经销
O002670,2025-09-20,C0052,P1001,14,778.36,已完成,王强,展会线索
O002671,2025-06-23,C0107,P1008,37,671.5,已完成,王强,直销
O002672,2025-02-21,C0041,P1012,5,379.45,已完成,刘洋,经销
O002673,2025-10-16,C0120,P1005,16,1403.16,已完成,刘洋,展会线索
O002674,2025-11-04,C0011,P1002,4,959.51,已完成,李娜,直销
O002675,2025-07-29,C0077,P1008,19,674.83,已完成,陈敏,老客户复购
O002676,2025-11-30,C0071,P1008,14,715.45,已完成,王强,直销
O002677,2025-09-05,C0076,P1004,5,621.42,已完成,王强,直销
O002678,2025-09-27,C0068,P1009,22,722.1,已完成,陈敏,展会线索
O002679,2025-12-03,C0089,P1015,104,79.01,已完成,张伟,经销
O002680,2025-12-03,C0110,P1015,34,82.99,已完成,陈敏,直销
O002681,2025-01-15,C0045,P1008,34,705.6,已完成,李娜,经销
O002682,2025-07-28,C0009,P1003,5,1592.33,已完成,王强,展会线索
O002683,2025-03-07,C0089,P1014,61,35.83,已完成,刘洋,展会线索
O002684,2025-06-28,C0064,P1011,44,437.66,已完成,赵磊,老客户复购
O002685,2025-10-31,C0107,P1001,3,762.9,已完成,赵磊,展会线索
O002686,2025-05-12,C0007,P1009,37,673.46,已完成,张伟,经销
O002687,2025-06-01,C0117,P1009,37,684.34,已完成,陈敏,经销
O002688,2025-10-28,C0105,P1003,7,1516.98,已完成,赵磊,展会线索
O002689,2025-08-21,C0104,P1007,5,1055.77,已完成,赵磊,直销
O002690,2025-01-16,C0099,P1012,37,353.57,已完成,王强,展会线索
O002691,2025-02-27,C0031,P1011,35,457.76,已完成,刘洋,老客户复购
O002692,2025-10-10,C0045,P1011,27,471.0,已完成,李娜,展会线索
O002693,2025-04-12,C0068,P1015,57,85.46,已完成,赵磊,展会线索
O002694,2025-08-09,C0026,P1004,12,677.24,已完成,刘洋,经销
O002695,2025-01-16,C0091,P1007,9,955.74,已完成,张伟,展会线索
O002696,2025-05-18,C0060,P1013,40,160.18,已完成,张伟,经销
O002697,2025-06-11,C0019,P1001,16,756.35,已完成,李娜,老客户复购
O002698,2025-03-30,C0069,P1013,35,156.91,已完成,赵磊,老客户复购
O002699,2025-09-17,C0011,P1014,44,36.11,已完成,张伟,经销
O002700,2025-12-04,C0079,P1002,17,959.44,已完成,陈敏,直销
O002701,2025-06-02,C0066,P1012,3,378.94,退货,张伟,直销
O002702,2025-05-03,C0011,P1010,31,569.93,已完成,王强,展会线索
O002703,2025-07-29,C0116,P1015,112,83.12,已完成,王强,经销
O002704,2025-12-02,C0036,P1014,72,41.96,已完成,陈敏,直销
O002705,2025-04-12,C0097,P1010,33,573.06,已完成,刘洋,展会线索
O002706,2025-05-15,C0114,P1005,3,1467.56,已完成,刘洋,展会线索
O002707,2025-07-26,C0120,P1004,3,641.06,已完成,陈敏,直销
O002708,2025-03-08,C0094,P1013,10,172.03,已完成,张伟,经销
O002709,2025-05-18,C0054,P1002,7,1026.63,已完成,刘洋,展会线索
O002710,2025-03-16,C0075,P1007,15,989.26,已完成,张伟,直销
O002711,2025-05-04,C0083,P1007,4,1057.64,已完成,李娜,展会线索
O002712,2025-06-27,C0081,P1013,19,168.34,已完成,王强,经销
O002713,2025-08-24,C0120,P1013,16,151.16,已完成,张伟,直销
O002714,2025-09-22,C0045,P1010,18,611.08,已完成,张伟,展会线索
O002715,2025-09-23,C0069,P1012,42,349.62,已完成,刘洋,直销
O002716,2025-10-10,C0033,P1002,3,1036.06,已完成,李娜,展会线索
O002717,2025-12-10,C0102,P1001,5,805.41,已完成,李娜,直销
O002718,2025-05-02,C0120,P1008,14,695.73,已完成,赵磊,经销
O002719,2025-04-03,C0060,P1013,8,171.37,已完成,张伟,直销
O002720,2025-01-25,C0021,P1009,36,658.74,已完成,王强,展会线索
O002721,2025-01-02,C0033,P1003,10,1634.53,已完成,张伟,直销
O002722,2025-10-16,C0081,P1012,34,363.3,已完成,李娜,经销
O002723,2025-03-01,C0079,P1013,43,153.59,已完成,李娜,经销
O002724,2025-08-03,C0015,P1011,38,453.94,已完成,陈敏,直销
O002725,2025-12-26,C0091,P1007,13,952.34,退货,王强,经销
O002726,2025-02-26,C0053,P1012,15,367.85,已完成,张伟,经销
O002727,2025-09-15,C0104,P1001,11,785.88,已取消,张伟,经销
O002728,2025-07-03,C0076,P1003,7,1424.83,已完成,张伟,展会线索
O002729,2025-08-26,C0021,P1007,15,1005.7,已完成,王强,老客户复购
O002730,2025-07-23,C0097,P1001,3,752.71,已完成,李娜,经销
O002731,2025-05-10,C0115,P1004,6,632.76,已取消,陈敏,展会线索
O002732,2025-01-20,C0061,P1006,8,2464.12,已完成,李娜,直销
O002733,2025-04-17,C0021,P1005,11,1388.88,已完成,李娜,直销
O002734,2025-11-11,C0033,P1008,35,737.18,已完成,王强,直销
O002735,2025-02-11,C0063,P1006,13,2495.13,已完成,陈敏,经销
O002736,2025-05-03,C0049,P1014,30,36.22,已完成,王强,老客户复购
O002737,2025-09-26,C0074,P1014,15,39.97,已完成,李娜,展会线索
O002738,2025-04-26,C0111,P1002,15,965.23,已完成,赵磊,展会线索
O002739,2025-05-27,C0040,P1004,15,705.09,退货,张伟,经销
O002740,2025-06-03,C0064,P1001,1,761.54,已完成,张伟,老客户复购
O002741,2025-08-10,C0107,P1010,44,577.53,退货,刘洋,展会线索
O002742,2025-12-25,C0087,P1012,15,363.92,已完成,刘洋,经销
O002743,2025-08-13,C0099,P1010,6,579.56,已完成,刘洋,老客户复购
O002744,2025-04-27,C0010,P1015,16,73.01,退货,刘洋,展会线索
O002745,2025-01-04,C0097,P1013,28,151.02,已完成,张伟,展会线索
O002746,2025-11-03,C0078,P1001,7,732.49,已完成,刘洋,经销
O002747,2025-09-22,C0023,P1006,7,2236.1,已完成,刘洋,直销
O002748,2025-06-02,C0056,P1013,35,170.7,已完成,赵磊,直销
O002749,2025-01-11,C0085,P1011,7,500.67,已完成,刘洋,展会线索
O002750,2025-04-21,C0074,P1009,42,694.19,已完成,赵磊,直销
O002751,2025-02-02,C0034,P1005,9,1285.62,已完成,王强,展会线索
O002752,2025-06-23,C0062,P1008,32,686.29,已完成,李娜,展会线索
O002753,2025-07-01,C0109,P1004,2,639.67,已完成,张伟,经销
O002754,2025-02-24,C0107,P1007,6,976.94,已取消,赵磊,展会线索
O002755,2025-08-20,C0085,P1004,7,718.74,已完成,王强,经销
O002756,2025-03-06,C0097,P1005,5,1372.26,已完成,刘洋,直销
O002757,2025-03-20,C0114,P1012,23,376.69,已完成,陈敏,老客户复购
O002758,2025-05-07,C0091,P1001,3,727.63,已完成,李娜,老客户复购
O002759,2025-11-27,C0031,P1003,8,1547.7,已完成,李娜,直销
O002760,2025-08-01,C0081,P1010,3,586.7,已完成,刘洋,经销
O002761,2025-07-14,C0105,P1001,2,795.63,已完成,刘洋,经销
O002762,2025-06-22,C0082,P1005,9,1398.77,已完成,陈敏,老客户复购
O002763,2025-12-19,C0031,P1005,5,1354.75,已完成,刘洋,直销
O002764,2025-05-21,C0119,P1016,42,93.96,已完成,陈敏,直销
O002765,2025-01-29,C0010,P1009,38,643.94,已取消,张伟,经销
O002766,2025-05-26,C0062,P1012,25,342.42,已取消,李娜,直销
O002767,2025-07-30,C0108,P1014,75,39.3,已完成,赵磊,经销
O002768,2025-09-19,C0100,P1001,9,752.46,已完成,张伟,展会线索
O002769,2025-06-13,C0083,P1016,29,102.61,已完成,王强,经销
O002770,2025-02-04,C0050,P1007,8,1052.6,已完成,李娜,展会线索
O002771,2025-04-14,C0119,P1002,14,968.54,已完成,李娜,老客户复购
O002772,2025-07-20,C0075,P1008,26,720.74,已完成,陈敏,经销
O002773,2025-03-10,C0053,P1003,17,1643.17,已完成,陈敏,直销
O002774,2025-12-30,C0052,P1012,41,375.8,已取消,王强,展会线索
O002775,2025-03-18,C0069,P1003,8,1543.41,已完成,陈敏,展会线索
O002776,2025-09-05,C0069,P1006,10,2360.1,已完成,赵磊,展会线索
O002777,2025-10-21,C0097,P1014,100,36.67,已完成,陈敏,直销
O002778,2025-10-04,C0009,P1012,30,380.18,已完成,陈敏,直销
O002779,2025-12-19,C0031,P1009,31,676.21,已完成,王强,经销
O002780,2025-05-27,C0017,P1002,3,1071.22,已完成,李娜,老客户复购
O002781,2025-10-18,C0100,P1005,3,1353.87,已完成,王强,展会线索
O002782,2025-02-19,C0081,P1012,10,334.39,已完成,赵磊,展会线索
O002783,2025-11-06,C0003,P1005,11,1419.29,已完成,李娜,展会线索
O002784,2025-08-01,C0049,P1003,13,1559.12,已完成,李娜,直销
O002785,2025-06-14,C0028,P1012,38,334.08,已完成,赵磊,老客户复购
O002786,2025-09-13,C0009,P1001,12,762.57,已完成,陈敏,展会线索
O002787,2025-01-31,C0003,P1002,1,1054.86,退货,王强,展会线索
O002788,2025-07-23,C0016,P1003,9,1678.86,已完成,刘洋,直销
O002789,2025-10-06,C0083,P1013,28,167.32,已完成,张伟,直销
O002790,2025-07-18,C0120,P1006,5,2332.06,已完成,赵磊,经销
O002791,2025-10-03,C0115,P1013,4,157.32,已完成,陈敏,老客户复购
O002792,2025-09-03,C0028,P1001,3,721.17,已完成,刘洋,老客户复购
O002793,2025-10-22,C0115,P1002,6,954.59,已完成,陈敏,老客户复购
O002794,2025-03-08,C0049,P1013,24,149.55,已完成,刘洋,展会线索
O002795,2025-11-09,C0046,P1007,10,987.76,已取消,刘洋,经销
O002796,2025-05-27,C0066,P1012,29,378.72,已完成,张伟,老客户复购
O002797,2025-01-10,C0107,P1008,6,671.8,已完成,刘洋,直销
O002798,2025-11-05,C0014,P1006,12,2442.86,已完成,刘洋,经销
O002799,2025-11-28,C0040,P1012,37,372.76,已完成,陈敏,经销
O002800,2025-02-28,C0107,P1003,2,1540.44,已完成,赵磊,经销
O002801,2025-07-23,C0066,P1011,19,490.11,已完成,张伟,展会线索
O002802,2025-02-08,C0026,P1002,13,996.51,已完成,赵磊,直销
O002803,2025-09-22,C0062,P1013,16,165.27,已完成,李娜,展会线索
O002804,2025-06-10,C0034,P1014,54,37.92,已完成,陈敏,老客户复购
O002805,2025-10-11,C0019,P1007,13,1027.47,已完成,赵磊,展会线索
O002806,2025-01-17,C0014,P1005,13,1417.04,已完成,刘洋,展会线索
O002807,2025-03-19,C0103,P1010,38,619.9,已完成,刘洋,直销
O002808,2025-08-27,C0113,P1003,1,1534.54,已完成,赵磊,老客户复购
O002809,2025-07-01,C0080,P1008,28,749.85,已完成,王强,经销
O002810,2025-10-20,C0061,P1004,1,735.22,已取消,陈敏,老客户复购
O002811,2025-01-28,C0006,P1004,10,648.41,已完成,李娜,展会线索
O002812,2025-03-22,C0072,P1001,3,726.53,已完成,张伟,展会线索
O002813,2025-05-10,C0117,P1015,13,80.25,已完成,刘洋,老客户复购
O002814,2025-01-05,C0101,P1011,40,507.1,已完成,李娜,经销
O002815,2025-08-12,C0083,P1003,17,1557.65,已完成,刘洋,经销
O002816,2025-06-30,C0090,P1001,1,784.53,已完成,李娜,直销
O002817,2025-03-12,C0023,P1010,43,590.89,已完成,李娜,经销
O002818,2025-02-14,C0024,P1007,6,984.82,已完成,刘洋,经销
O002819,2025-06-17,C0105,P1003,8,1554.31,已完成,李娜,老客户复购
O002820,2025-01-20,C0098,P1009,10,705.43,退货,陈敏,展会线索
O002821,2025-09-22,C0014,P1005,9,1400.25,已完成,赵磊,直销
O002822,2025-07-27,C0093,P1002,6,1012.59,已完成,李娜,直销
O002823,2025-12-22,C0049,P1016,68,96.77,已完成,陈敏,直销
O002824,2025-10-12,C0024,P1004,14,717.37,已完成,王强,直销
O002825,2025-10-06,C0026,P1008,7,649.72,已完成,陈敏,展会线索
O002826,2025-12-17,C0025,P1013,41,153.18,已完成,张伟,直销
O002827,2025-07-31,C0065,P1002,13,957.66,已完成,张伟,直销
O002828,2025-02-12,C0098,P1006,10,2255.63,已完成,赵磊,直销
O002829,2025-04-04,C0009,P1005,4,1449.01,已完成,赵磊,老客户复购
O002830,2025-01-19,C0029,P1003,3,1637.08,已取消,陈敏,老客户复购
O002831,2025-12-17,C0050,P1015,41,83.13,已完成,王强,老客户复购
O002832,2025-09-05,C0089,P1012,32,344.29,已完成,王强,老客户复购
O002833,2025-07-07,C0082,P1007,6,915.62,已完成,王强,展会线索
O002834,2025-05-11,C0104,P1007,14,1015.16,已完成,张伟,老客户复购
O002835,2025-11-14,C0072,P1011,26,489.66,已完成,张伟,直销
O002836,2025-02-21,C0046,P1002,7,1048.68,已完成,刘洋,展会线索
O002837,2025-08-19,C0064,P1013,30,149.36,已完成,李娜,直销
O002838,2025-02-10,C0071,P1010,15,558.48,已完成,赵磊,老客户复购
O002839,2025-11-07,C0078,P1001,8,735.05,已取消,李娜,老客户复购
O002840,2025-08-08,C0120,P1004,13,679.66,已完成,刘洋,展会线索
O002841,2025-08-05,C0027,P1012,14,358.93,已完成,刘洋,经销
O002842,2025-09-27,C0085,P1006,16,2435.65,已完成,刘洋,老客户复购
O002843,2025-08-27,C0071,P1009,13,663.13,已完成,王强,直销
O002844,2025-09-13,C0057,P1011,38,463.49,已取消,刘洋,老客户复购
O002845,2025-08-27,C0084,P1001,7,786.92,已完成,李娜,展会线索
O002846,2025-10-15,C0027,P1016,24,96.14,已完成,赵磊,直销
O002847,2025-06-07,C0087,P1004,13,721.72,已完成,陈敏,直销
O002848,2025-10-23,C0004,P1001,11,779.4,已完成,王强,经销
O002849,2025-03-02,C0045,P1003,1,1588.9,已完成,赵磊,直销
O002850,2025-09-16,C0094,P1012,21,377.67,已完成,张伟,老客户复购
O002851,2025-06-16,C0024,P1015,93,79.52,已完成,赵磊,展会线索
O002852,2025-03-22,C0021,P1012,36,349.32,已完成,陈敏,直销
O002853,2025-05-14,C0016,P1012,13,372.47,已完成,赵磊,经销
O002854,2025-12-16,C0109,P1004,14,625.53,已完成,李娜,直销
O002855,2025-07-08,C0034,P1011,37,463.42,已完成,刘洋,直销
O002856,2025-02-02,C0042,P1001,7,770.61,已完成,王强,展会线索
O002857,2025-04-20,C0082,P1013,35,156.72,已完成,李娜,老客户复购
O002858,2025-12-27,C0010,P1013,36,165.55,已完成,刘洋,直销
O002859,2025-05-04,C0065,P1001,10,760.85,已完成,赵磊,展会线索
O002860,2025-11-24,C0118,P1012,13,377.48,已完成,刘洋,老客户复购
O002861,2025-11-14,C0062,P1013,38,157.95,已完成,赵磊,直销
O002862,2025-04-10,C0108,P1007,16,1042.46,已完成,陈敏,展会线索
O002863,2025-10-19,C0041,P1010,22,601.64,已完成,赵磊,展会线索
O002864,2025-08-22,C0022,P1012,26,351.55,已完成,李娜,老客户复购
O002865,2025-10-19,C0094,P1003,15,1556.71,已完成,张伟,直销
O002866,2025-08-25,C0031,P1006,3,2332.02,已完成,刘洋,经销
O002867,2025-06-30,C0006,P1003,1,1561.18,已完成,张伟,老客户复购
O002868,2025-03-09,C0111,P1002,8,906.34,已完成,王强,展会线索
O002869,2025-10-04,C0025,P1002,10,997.4,已完成,张伟,老客户复购
O002870,2025-11-28,C0120,P1006,2,2127.89,已完成,赵磊,经销
O002871,2025-04-04,C0015,P1009,20,686.14,已完成,陈敏,老客户复购
O002872,2025-07-19,C0079,P1001,15,771.65,已完成,刘洋,经销
O002873,2025-06-01,C0045,P1003,2,1619.37,已完成,赵磊,经销
O002874,2025-05-06,C0061,P1002,9,988.4,已完成,张伟,展会线索
O002875,2025-04-26,C0109,P1011,31,454.68,已完成,王强,经销
O002876,2025-12-28,C0078,P1014,119,39.53,已完成,陈敏,经销
O002877,2025-01-01,C0033,P1011,9,479.4,已完成,李娜,直销
O002878,2025-06-23,C0107,P1008,43,707.38,已完成,王强,直销
O002879,2025-06-06,C0118,P1011,10,505.62,已完成,刘洋,展会线索
O002880,2025-12-16,C0021,P1016,43,93.66,已完成,李娜,展会线索
O002881,2025-07-09,C0008,P1002,16,999.18,已完成,陈敏,直销
O002882,2025-10-26,C0012,P1006,6,2385.09,退货,王强,经销
O002883,2025-06-28,C0107,P1014,44,38.94,已完成,李娜,经销
O002884,2025-06-20,C0001,P1006,14,2374.19,已完成,张伟,经销
O002885,2025-11-30,C0044,P1011,24,476.75,已完成,刘洋,展会线索
O002886,2025-08-22,C0066,P1004,4,716.72,已完成,刘洋,经销
O002887,2025-11-14,C0059,P1005,15,1273.82,退货,赵磊,展会线索
O002888,2025-02-26,C0100,P1012,44,359.07,已完成,刘洋,展会线索
O002889,2025-07-12,C0120,P1010,39,576.81,退货,陈敏,展会线索
O002890,2025-09-20,C0061,P1016,32,103.43,已完成,刘洋,老客户复购
O002891,2025-10-21,C0032,P1005,10,1431.79,已完成,李娜,展会线索
O002892,2025-06-06,C0050,P1014,89,40.42,已完成,王强,直销
O002893,2025-08-18,C0093,P1013,4,176.76,已完成,刘洋,老客户复购
O002894,2025-02-18,C0114,P1006,9,2309.03,已完成,李娜,经销
O002895,2025-03-28,C0031,P1007,15,985.27,已完成,陈敏,老客户复购
O002896,2025-01-20,C0018,P1008,28,715.3,已完成,李娜,经销
O002897,2025-04-14,C0079,P1003,6,1487.01,已完成,李娜,直销
O002898,2025-04-26,C0065,P1007,3,908.69,已完成,赵磊,直销
O002899,2025-10-18,C0044,P1013,10,176.81,已完成,李娜,展会线索
O002900,2025-04-02,C0105,P1013,4,166.91,已取消,陈敏,经销
O002901,2025-12-31,C0028,P1016,16,91.85,已取消,张伟,老客户复购
O002902,2025-10-30,C0112,P1012,39,351.59,退货,李娜,直销
O002903,2025-06-29,C0103,P1006,17,2341.53,已完成,赵磊,老客户复购
O002904,2025-02-04,C0021,P1013,6,151.53,已完成,李娜,展会线索
O002905,2025-02-06,C0023,P1010,6,577.38,已完成,张伟,经销
O002906,2025-01-18,C0074,P1007,16,993.61,已完成,王强,经销
O002907,2025-10-16,C0014,P1003,4,1472.94,已完成,陈敏,直销
O002908,2025-02-27,C0114,P1007,4,1013.58,已完成,刘洋,展会线索
O002909,2025-01-04,C0090,P1005,1,1374.32,已完成,刘洋,展会线索
O002910,2025-08-31,C0033,P1013,18,164.69,已完成,张伟,直销
O002911,2025-11-30,C0115,P1001,5,781.07,已完成,陈敏,经销
O002912,2025-08-30,C0006,P1009,19,630.76,已完成,赵磊,展会线索
O002913,2025-09-28,C0109,P1007,6,980.86,已完成,刘洋,直销
O002914,2025-10-19,C0016,P1003,2,1638.56,已完成,李娜,展会线索
O002915,2025-02-28,C0079,P1015,85,79.8,已完成,刘洋,展会线索
O002916,2025-10-15,C0093,P1003,5,1615.98,已完成,李娜,直销
O002917,2025-04-02,C0092,P1001,3,816.52,已完成,刘洋,经销
O002918,2025-05-21,C0033,P1010,21,590.38,已完成,刘洋,直销
O002919,2025-09-25,C0073,P1005,11,1374.74,已完成,赵磊,展会线索
O002920,2025-06-15,C0118,P1010,29,626.46,已完成,赵磊,直销
O002921,2025-06-08,C0044,P1007,10,999.12,已完成,李娜,直销
O002922,2025-12-05,C0096,P1013,31,165.92,已完成,赵磊,经销
O002923,2025-03-09,C0055,P1016,115,100.41,已完成,陈敏,老客户复购
O002924,2025-08-30,C0076,P1004,12,620.59,已完成,李娜,经销
O002925,2025-04-12,C0067,P1015,68,84.43,已完成,张伟,老客户复购
O002926,2025-04-26,C0036,P1014,20,41.2,已完成,张伟,直销
O002927,2025-09-07,C0014,P1004,11,688.83,退货,赵磊,老客户复购
O002928,2025-10-12,C0017,P1003,9,1605.1,已完成,赵磊,经销
O002929,2025-08-19,C0017,P1004,4,698.26,已完成,刘洋,直销
O002930,2025-06-23,C0097,P1011,9,443.45,已完成,张伟,老客户复购
O002931,2025-03-01,C0055,P1005,7,1444.39,已完成,陈敏,经销
O002932,2025-10-17,C0074,P1012,29,376.78,已完成,刘洋,老客户复购
O002933,2025-05-27,C0087,P1016,19,102.8,已完成,王强,经销
O002934,2025-01-31,C0018,P1015,107,72.73,已完成,刘洋,直销
O002935,2025-07-15,C0104,P1012,30,375.1,已完成,李娜,经销
O002936,2025-12-25,C0066,P1011,40,506.29,已完成,李娜,经销
O002937,2025-01-27,C0065,P1005,16,1333.56,已完成,李娜,老客户复购
O002938,2025-03-30,C0120,P1012,18,329.69,已完成,刘洋,展会线索
O002939,2025-05-12,C0116,P1009,18,691.59,已完成,王强,老客户复购
O002940,2025-05-05,C0088,P1007,15,1018.2,已完成,李娜,展会线索
O002941,2025-10-27,C0083,P1001,7,813.0,已完成,王强,展会线索
O002942,2025-03-17,C0088,P1005,13,1476.11,已取消,李娜,经销
O002943,2025-09-23,C0087,P1006,15,2485.11,已完成,刘洋,老客户复购
O002944,2025-08-10,C0083,P1008,26,708.6,退货,刘洋,经销
O002945,2025-08-16,C0092,P1010,5,612.0,已完成,赵磊,经销
O002946,2025-06-30,C0102,P1006,6,2499.12,已完成,李娜,老客户复购
O002947,2025-10-14,C0036,P1013,29,171.88,退货,陈敏,展会线索
O002948,2025-10-30,C0077,P1003,15,1603.91,已完成,赵磊,经销
O002949,2025-02-16,C0061,P1011,15,495.06,已完成,张伟,直销
O002950,2025-10-16,C0084,P1006,1,2515.79,已完成,陈敏,直销
O002951,2025-11-07,C0039,P1003,11,1409.94,已完成,张伟,老客户复购
O002952,2025-09-08,C0118,P1012,29,382.15,已完成,王强,经销
O002953,2025-06-20,C0008,P1013,8,156.09,已完成,李娜,老客户复购
O002954,2025-10-17,C0078,P1004,9,651.18,已完成,陈敏,经销
O002955,2025-11-25,C0082,P1011,9,481.64,已完成,张伟,直销
O002956,2025-07-27,C0060,P1013,10,158.94,已完成,刘洋,老客户复购
O002957,2025-01-15,C0021,P1008,29,728.35,已完成,陈敏,直销
O002958,2025-11-20,C0102,P1003,1,1571.9,已完成,刘洋,老客户复购
O002959,2025-10-20,C0040,P1002,7,1046.88,已完成,赵磊,直销
O002960,2025-08-07,C0116,P1001,13,810.49,已完成,李娜,老客户复购
O002961,2025-07-06,C0041,P1011,10,496.73,已取消,陈敏,经销
O002962,2025-04-23,C0020,P1012,24,360.07,已完成,刘洋,展会线索
O002963,2025-11-17,C0007,P1015,51,83.1,已完成,李娜,老客户复购
O002964,2025-10-31,C0109,P1014,16,40.58,已完成,赵磊,经销
O002965,2025-01-31,C0011,P1010,14,588.61,已完成,李娜,展会线索
O002966,2025-01-13,C0031,P1007,3,917.0,已完成,王强,直销
O002967,2025-01-10,C0105,P1004,14,683.18,已完成,刘洋,老客户复购
O002968,2025-11-18,C0109,P1014,18,39.02,已完成,李娜,展会线索
O002969,2025-03-23,C0017,P1002,14,1058.62,已完成,李娜,展会线索
O002970,2025-03-09,C0081,P1015,22,78.56,退货,陈敏,老客户复购
O002971,2025-01-10,C0045,P1013,7,164.52,已完成,陈敏,经销
O002972,2025-11-09,C0062,P1010,30,566.73,已完成,张伟,老客户复购
O002973,2025-11-11,C0024,P1004,9,725.62,已完成,王强,直销
O002974,2025-03-28,C0011,P1001,7,720.22,已完成,张伟,经销
O002975,2025-02-08,C0075,P1013,3,176.33,已取消,李娜,直销
O002976,2025-02-06,C0013,P1016,52,96.68,已完成,王强,展会线索
O002977,2025-08-05,C0020,P1001,11,699.81,已完成,张伟,展会线索
O002978,2025-08-12,C0018,P1003,5,1442.25,已完成,刘洋,经销
O002979,2025-07-27,C0113,P1016,57,94.04,已完成,赵磊,直销
O002980,2025-04-11,C0108,P1014,38,41.23,已完成,赵磊,经销
O002981,2025-02-28,C0076,P1006,1,2204.7,已完成,刘洋,直销
O002982,2025-12-27,C0016,P1004,1,737.97,已完成,刘洋,老客户复购
O002983,2025-06-30,C0002,P1003,3,1450.3,已完成,刘洋,直销
O002984,2025-05-23,C0090,P1011,23,495.99,已完成,李娜,经销
O002985,2025-10-10,C0096,P1003,16,1501.73,已完成,王强,经销
O002986,2025-06-28,C0052,P1002,12,1032.01,已完成,张伟,展会线索
O002987,2025-05-16,C0046,P1001,10,768.62,已完成,李娜,老客户复购
O002988,2025-03-03,C0090,P1013,42,177.05,已取消,王强,经销
O002989,2025-02-20,C0091,P1005,15,1410.21,已完成,张伟,老客户复购
O002990,2025-02-20,C0108,P1005,10,1498.28,已完成,王强,老客户复购
O002991,2025-09-17,C0103,P1007,14,1007.81,已完成,刘洋,展会线索
O002992,2025-04-15,C0029,P1011,40,483.34,已完成,王强,直销
O002993,2025-06-08,C0102,P1014,24,41.75,已取消,赵磊,展会线索
O002994,2025-07-16,C0009,P1004,13,727.38,已完成,张伟,展会线索
O002995,2025-01-07,C0084,P1003,12,1618.45,已完成,王强,直销
O002996,2025-10-14,C0082,P1016,77,94.39,已完成,刘洋,经销
O002997,2025-09-19,C0045,P1011,19,473.5,已完成,张伟,直销
O002998,2025-06-18,C0021,P1007,6,1000.09,已完成,李娜,直销
O002999,2025-12-29,C0023,P1010,18,599.01,已完成,李娜,展会线索
O003000,2025-10-22,C0111,P1007,11,933.17,已完成,陈敏,直销
O003001,2025-04-01,C0029,P1004,13,680.21,已完成,刘洋,老客户复购
O003002,2025-01-30,C0115,P1002,8,982.74,已完成,陈敏,老客户复购
O003003,2025-07-26,C0084,P1004,12,697.22,已完成,陈敏,经销
O003004,2025-01-10,C0105,P1007,12,1021.81,已完成,王强,直销
O003005,2025-11-04,C0107,P1009,19,626.09,退货,刘洋,展会线索
O003006,2025-05-27,C0027,P1010,39,617.77,已完成,王强,展会线索
O003007,2025-09-03,C0007,P1004,1,681.07,已完成,刘洋,经销
O003008,2025-01-16,C0112,P1002,3,1056.73,已完成,王强,直销
O003009,2025-01-04,C0022,P1016,104,101.77,已完成,陈敏,老客户复购
O003010,2025-08-04,C0032,P1009,16,687.41,已完成,李娜,经销
O003011,2025-06-15,C0118,P1006,14,2428.74,已取消,刘洋,老客户复购
O003012,2025-07-16,C0041,P1002,4,978.77,已完成,陈敏,展会线索
O003013,2025-05-05,C0100,P1014,105,39.1,已完成,刘洋,经销
O003014,2025-11-05,C0085,P1002,14,1021.89,已完成,陈敏,展会线索
O003015,2025-01-25,C0061,P1006,13,2361.43,已完成,张伟,直销
O003016,2025-02-22,C0032,P1003,13,1546.78,已完成,王强,直销
O003017,2025-01-08,C0016,P1002,10,1044.89,已完成,李娜,直销
O003018,2025-07-15,C0044,P1005,14,1447.0,已完成,王强,展会线索
O003019,2025-11-28,C0038,P1005,2,1498.98,退货,刘洋,直销
O003020,2025-05-31,C0046,P1006,2,2376.86,已完成,王强,老客户复购
O003021,2025-12-09,C0101,P1003,2,1573.63,已完成,陈敏,经销
O003022,2025-05-07,C0076,P1002,15,981.25,已完成,刘洋,经销
O003023,2025-03-22,C0079,P1014,48,36.46,已完成,张伟,老客户复购
O003024,2025-10-31,C0073,P1010,37,571.16,退货,李娜,展会线索
O003025,2025-10-08,C0091,P1007,9,943.01,已完成,刘洋,直销
O003026,2025-10-14,C0074,P1007,5,989.17,已完成,赵磊,经销
O003027,2025-06-14,C0065,P1004,3,637.76,已完成,赵磊,经销
O003028,2025-08-17,C0061,P1006,1,2446.14,已完成,李娜,展会线索
O003029,2025-02-22,C0024,P1008,9,754.17,已完成,李娜,经销
O003030,2025-09-13,C0114,P1003,8,1613.28,已完成,赵磊,经销
O003031,2025-04-30,C0097,P1005,13,1404.65,已完成,张伟,展会线索
O003032,2025-11-11,C0021,P1001,6,743.91,已完成,王强,经销
O003033,2025-06-04,C0064,P1004,17,665.99,已完成,陈敏,展会线索
O003034,2025-09-25,C0087,P1011,12,491.08,已完成,陈敏,直销
O003035,2025-02-20,C0088,P1005,5,1382.1,已完成,王强,老客户复购
O003036,2025-04-13,C0011,P1005,6,1291.23,已完成,王强,展会线索
O003037,2025-12-05,C0060,P1015,114,80.11,已完成,张伟,经销
O003038,2025-08-31,C0064,P1016,104,98.08,已完成,张伟,老客户复购
O003039,2025-11-15,C0002,P1011,7,486.21,已完成,陈敏,老客户复购
O003040,2025-04-14,C0076,P1014,37,38.18,已完成,张伟,展会线索
O003041,2025-07-18,C0009,P1002,10,1015.51,已完成,陈敏,老客户复购
O003042,2025-02-01,C0096,P1008,29,662.52,已完成,张伟,直销
O003043,2025-09-13,C0103,P1005,11,1393.83,已完成,刘洋,经销
O003044,2025-03-30,C0070,P1011,21,496.94,已完成,刘洋,老客户复购
O003045,2025-03-21,C0110,P1015,100,80.57,已完成,赵磊,老客户复购
O003046,2025-10-09,C0098,P1014,67,37.98,已完成,王强,经销
O003047,2025-10-03,C0120,P1005,16,1348.22,已完成,张伟,直销
O003048,2025-11-20,C0030,P1012,4,357.17,已完成,刘洋,直销
O003049,2025-08-17,C0073,P1012,14,371.36,已完成,刘洋,经销
O003050,2025-06-08,C0064,P1003,6,1597.79,已完成,陈敏,直销
O003051,2025-03-12,C0034,P1010,38,557.48,已完成,赵磊,老客户复购
O003052,2025-07-19,C0105,P1012,38,338.06,已完成,陈敏,经销
O003053,2025-03-17,C0020,P1008,28,668.57,已完成,李娜,直销
O003054,2025-05-17,C0088,P1015,111,81.05,已完成,陈敏,老客户复购
O003055,2025-09-30,C0012,P1007,17,1064.66,已完成,赵磊,老客户复购
O003056,2025-12-08,C0091,P1013,34,159.41,已完成,陈敏,直销
O003057,2025-08-23,C0076,P1012,35,321.3,已完成,张伟,展会线索
O003058,2025-07-02,C0026,P1012,25,363.22,已完成,赵磊,直销
O003059,2025-12-21,C0114,P1011,20,487.31,已完成,王强,经销
O003060,2025-07-09,C0061,P1001,10,767.69,已完成,赵磊,直销
O003061,2025-06-01,C0038,P1008,43,703.77,已完成,刘洋,经销
O003062,2025-01-16,C0108,P1001,1,806.08,已完成,陈敏,展会线索
O003063,2025-06-10,C0104,P1004,8,686.15,已完成,赵磊,直销
O003064,2025-03-26,C0090,P1012,29,363.83,已完成,赵磊,展会线索
O003065,2025-01-31,C0109,P1016,81,95.75,已完成,陈敏,展会线索
O003066,2025-06-24,C0094,P1014,65,40.21,已完成,李娜,经销
O003067,2025-03-01,C0073,P1006,2,2271.03,已完成,赵磊,经销
O003068,2025-12-12,C0021,P1006,13,2305.29,已完成,张伟,展会线索
O003069,2025-04-27,C0097,P1005,15,1290.86,已完成,刘洋,老客户复购
O003070,2025-12-09,C0045,P1008,14,699.57,已完成,李娜,老客户复购
O003071,2025-01-06,C0006,P1010,3,599.08,已完成,赵磊,直销
O003072,2025-09-03,C0007,P1004,9,713.92,已完成,张伟,经销
O003073,2025-10-08,C0100,P1016,20,98.28,已完成,刘洋,经销
O003074,2025-04-04,C0015,P1006,3,2379.22,已取消,王强,经销
O003075,2025-06-18,C0115,P1016,31,91.88,已完成,张伟,经销
O003076,2025-07-26,C0009,P1004,9,727.17,退货,李娜,直销
O003077,2025-11-09,C0064,P1016,78,91.03,已完成,王强,老客户复购
O003078,2025-04-28,C0080,P1013,16,171.91,已完成,刘洋,老客户复购
O003079,2025-12-31,C0011,P1001,14,689.44,已完成,陈敏,老客户复购
O003080,2025-05-30,C0075,P1004,10,732.32,已完成,张伟,直销
O003081,2025-08-25,C0045,P1004,2,659.8,已完成,李娜,老客户复购
O003082,2025-05-18,C0119,P1001,1,767.07,已完成,张伟,直销
O003083,2025-02-16,C0105,P1001,8,773.49,已完成,刘洋,展会线索
O003084,2025-05-15,C0107,P1005,3,1293.32,已取消,王强,经销
O003085,2025-06-22,C0089,P1008,30,698.74,已完成,李娜,老客户复购
O003086,2025-02-03,C0065,P1002,1,1008.0,已完成,赵磊,展会线索
O003087,2025-04-25,C0060,P1002,3,1028.25,已完成,李娜,展会线索
O003088,2025-03-24,C0024,P1003,2,1573.49,已完成,陈敏,直销
O003089,2025-09-04,C0035,P1003,6,1653.63,已完成,陈敏,经销
O003090,2025-12-23,C0111,P1001,7,728.64,已完成,李娜,经销
O003091,2025-01-22,C0100,P1003,17,1518.68,已完成,刘洋,经销
O003092,2025-01-11,C0107,P1010,6,555.88,已完成,张伟,老客户复购
O003093,2025-01-22,C0081,P1006,7,2169.54,已完成,李娜,展会线索
O003094,2025-03-30,C0038,P1003,4,1663.72,已完成,李娜,直销
O003095,2025-06-28,C0062,P1005,6,1416.59,已完成,陈敏,经销
O003096,2025-05-03,C0073,P1005,10,1424.4,已完成,刘洋,展会线索
O003097,2025-11-08,C0073,P1016,83,92.28,已完成,赵磊,经销
O003098,2025-04-30,C0074,P1007,5,1020.17,已完成,张伟,直销
O003099,2025-01-27,C0105,P1014,50,40.76,已完成,张伟,直销
O003100,2025-03-26,C0099,P1008,22,737.0,已完成,刘洋,直销
O003101,2025-09-28,C0104,P1002,9,1054.83,已完成,张伟,老客户复购
O003102,2025-04-21,C0045,P1003,7,1526.75,已完成,刘洋,直销
O003103,2025-08-27,C0035,P1015,24,79.28,已完成,张伟,直销
O003104,2025-09-14,C0119,P1009,18,657.34,已完成,王强,直销
O003105,2025-05-21,C0064,P1005,14,1360.9,已完成,陈敏,展会线索
O003106,2025-07-02,C0089,P1010,34,560.62,已完成,王强,老客户复购
O003107,2025-12-13,C0048,P1008,32,664.52,已完成,李娜,直销
O003108,2025-10-14,C0106,P1009,27,623.98,已完成,王强,直销
O003109,2025-08-22,C0101,P1001,17,795.26,已完成,张伟,直销
O003110,2025-12-23,C0015,P1009,8,695.46,已完成,张伟,展会线索
O003111,2025-11-18,C0095,P1002,11,1049.7,已完成,李娜,直销
O003112,2025-02-05,C0017,P1005,3,1425.61,已完成,陈敏,经销
O003113,2025-10-01,C0056,P1009,38,658.93,已完成,王强,经销
O003114,2025-02-13,C0038,P1004,10,713.68,已取消,刘洋,展会线索
O003115,2025-05-20,C0103,P1004,3,695.62,已完成,刘洋,直销
O003116,2025-07-31,C0029,P1013,34,164.38,已完成,张伟,经销
O003117,2025-11-21,C0060,P1012,19,342.05,已完成,王强,老客户复购
O003118,2025-07-31,C0111,P1009,18,639.72,已完成,王强,直销
O003119,2025-06-22,C0087,P1005,11,1388.92,已完成,张伟,直销
O003120,2025-09-02,C0053,P1006,12,2417.01,已完成,李娜,展会线索
O003121,2025-02-02,C0006,P1001,12,696.94,已完成,赵磊,经销
O003122,2025-12-24,C0048,P1009,22,682.71,已完成,李娜,老客户复购
O003123,2025-02-05,C0062,P1005,8,1371.65,已完成,王强,老客户复购
O003124,2025-05-09,C0033,P1003,4,1612.98,已完成,王强,展会线索
O003125,2025-08-15,C0079,P1010,33,592.89,已完成,王强,直销
O003126,2025-09-27,C0107,P1010,42,561.42,已完成,李娜,经销
O003127,2025-03-13,C0089,P1001,5,724.82,已完成,陈敏,展会线索
O003128,2025-10-11,C0030,P1013,15,166.12,已完成,陈敏,直销
O003129,2025-08-23,C0043,P1013,36,162.23,已完成,陈敏,老客户复购
O003130,2025-11-06,C0040,P1005,14,1474.02,已完成,王强,经销
O003131,2025-06-21,C0101,P1001,14,803.97,已完成,陈敏,老客户复购
O003132,2025-12-03,C0074,P1004,10,734.85,已完成,陈敏,展会线索
O003133,2025-10-16,C0052,P1011,25,480.92,已完成,陈敏,老客户复购
O003134,2025-02-06,C0064,P1007,10,992.55,已完成,刘洋,经销
O003135,2025-11-12,C0084,P1016,28,97.87,已完成,赵磊,展会线索
O003136,2025-11-15,C0103,P1002,8,1066.21,已完成,陈敏,经销
O003137,2025-09-13,C0051,P1003,2,1553.67,已完成,赵磊,展会线索
O003138,2025-06-27,C0085,P1014,28,42.54,已完成,刘洋,经销
O003139,2025-06-03,C0099,P1001,11,752.4,已完成,李娜,老客户复购
O003140,2025-01-07,C0006,P1008,31,656.0,已完成,张伟,老客户复购
O003141,2025-02-26,C0014,P1002,15,1019.46,已完成,李娜,直销
O003142,2025-05-27,C0109,P1006,12,2207.2,已完成,王强,老客户复购
O003143,2025-12-19,C0008,P1009,5,683.32,已完成,李娜,老客户复购
O003144,2025-01-02,C0082,P1007,13,985.17,已完成,赵磊,展会线索
O003145,2025-04-28,C0056,P1014,19,39.29,已完成,李娜,直销
O003146,2025-09-22,C0065,P1013,22,165.31,已完成,张伟,经销
O003147,2025-11-07,C0049,P1007,16,1005.32,已完成,张伟,展会线索
O003148,2025-07-27,C0112,P1010,17,623.59,已完成,刘洋,直销
O003149,2025-05-08,C0021,P1012,8,360.23,已完成,张伟,展会线索
O003150,2025-05-25,C0037,P1009,38,648.87,已完成,李娜,直销
O003151,2025-08-30,C0012,P1004,4,725.01,已完成,李娜,直销
O003152,2025-11-20,C0115,P1015,18,73.53,已完成,张伟,展会线索
O003153,2025-01-27,C0036,P1004,9,696.17,已完成,李娜,展会线索
O003154,2025-06-04,C0008,P1013,24,170.13,已完成,刘洋,老客户复购
O003155,2025-09-10,C0006,P1005,14,1367.19,已完成,刘洋,老客户复购
O003156,2025-02-21,C0096,P1007,5,959.64,已完成,刘洋,直销
O003157,2025-10-02,C0118,P1003,16,1569.88,已完成,李娜,直销
O003158,2025-03-10,C0118,P1009,24,708.36,已完成,张伟,经销
O003159,2025-05-03,C0079,P1003,11,1436.82,已完成,张伟,展会线索
O003160,2025-01-27,C0050,P1001,8,780.78,已完成,刘洋,展会线索
O003161,2025-12-23,C0064,P1007,13,919.36,已完成,王强,老客户复购
O003162,2025-08-08,C0090,P1016,52,103.42,已完成,陈敏,经销
O003163,2025-09-11,C0118,P1010,34,603.94,已完成,张伟,展会线索
O003164,2025-12-08,C0092,P1016,96,99.31,退货,李娜,经销
O003165,2025-05-06,C0070,P1004,7,698.16,已完成,张伟,经销
O003166,2025-05-15,C0060,P1008,38,694.54,已完成,刘洋,直销
O003167,2025-08-31,C0076,P1001,2,704.93,已完成,陈敏,展会线索
O003168,2025-07-21,C0034,P1015,95,77.91,已完成,刘洋,展会线索
O003169,2025-03-18,C0036,P1005,5,1449.59,已完成,李娜,直销
O003170,2025-07-17,C0119,P1004,10,646.32,已完成,刘洋,展会线索
O003171,2025-03-06,C0091,P1007,4,943.23,已完成,张伟,直销
O003172,2025-01-09,C0046,P1002,10,1048.91,已完成,赵磊,老客户复购
O003173,2025-07-03,C0100,P1008,14,676.8,已完成,王强,经销
O003174,2025-03-19,C0049,P1016,62,91.57,已完成,张伟,经销
O003175,2025-04-15,C0037,P1014,71,38.34,已完成,王强,经销
O003176,2025-05-01,C0062,P1012,4,360.12,已完成,刘洋,直销
O003177,2025-07-04,C0072,P1003,4,1621.9,已完成,张伟,直销
O003178,2025-06-08,C0074,P1008,18,707.89,已完成,陈敏,直销
O003179,2025-01-24,C0023,P1014,58,37.7,已完成,张伟,老客户复购
O003180,2025-03-09,C0001,P1005,8,1389.2,已完成,王强,老客户复购
O003181,2025-02-22,C0082,P1004,15,637.7,已取消,赵磊,经销
O003182,2025-01-22,C0117,P1004,9,626.24,已完成,陈敏,老客户复购
O003183,2025-12-26,C0120,P1011,12,453.07,退货,刘洋,直销
O003184,2025-11-25,C0079,P1003,6,1584.68,已完成,刘洋,直销
O003185,2025-09-15,C0065,P1003,15,1487.91,已完成,李娜,直销
O003186,2025-11-02,C0111,P1005,7,1408.7,已完成,陈敏,展会线索
O003187,2025-04-24,C0092,P1015,105,86.53,已完成,张伟,老客户复购
O003188,2025-03-20,C0107,P1004,9,672.93,已完成,刘洋,展会线索
O003189,2025-11-07,C0052,P1002,5,1065.79,已完成,刘洋,直销
O003190,2025-01-12,C0039,P1010,3,537.6,已取消,李娜,经销
O003191,2025-03-14,C0108,P1005,12,1372.95,已完成,刘洋,经销
O003192,2025-03-12,C0031,P1004,12,686.62,已完成,李娜,老客户复购
O003193,2025-01-16,C0101,P1002,16,1005.92,已完成,李娜,老客户复购
O003194,2025-11-14,C0079,P1006,3,2235.32,已完成,赵磊,展会线索
O003195,2025-10-28,C0003,P1007,16,1032.47,已完成,刘洋,展会线索
O003196,2025-10-03,C0028,P1015,105,79.06,已完成,赵磊,直销
O003197,2025-12-06,C0107,P1006,15,2296.61,已取消,赵磊,展会线索
O003198,2025-08-05,C0071,P1010,4,596.96,已完成,张伟,经销
O003199,2025-05-31,C0119,P1015,102,81.49,已完成,王强,直销
O003200,2025-12-09,C0048,P1009,32,629.85,已完成,陈敏,老客户复购
O003201,2025-07-12,C0099,P1001,1,772.53,已完成,王强,经销
O003202,2025-10-16,C0014,P1004,4,711.25,已完成,赵磊,老客户复购
O003203,2025-12-12,C0110,P1007,12,991.11,已完成,张伟,经销
O003204,2025-02-11,C0081,P1006,8,2184.96,已完成,陈敏,老客户复购
O003205,2025-04-11,C0009,P1004,9,723.14,退货,王强,展会线索
O003206,2025-02-23,C0088,P1010,39,611.91,已完成,李娜,直销
O003207,2025-12-20,C0064,P1005,5,1398.44,退货,陈敏,直销
O003208,2025-12-23,C0104,P1005,10,1434.14,已完成,王强,展会线索
O003209,2025-12-23,C0009,P1014,17,40.2,已完成,赵磊,经销
O003210,2025-03-23,C0049,P1013,16,158.67,已完成,赵磊,老客户复购
O003211,2025-02-14,C0083,P1002,6,1069.6,已完成,刘洋,展会线索
O003212,2025-01-23,C0103,P1013,29,168.12,已完成,王强,直销
O003213,2025-05-13,C0038,P1013,7,174.96,已完成,刘洋,直销
O003214,2025-07-04,C0026,P1012,33,358.94,已完成,李娜,直销
O003215,2025-06-17,C0044,P1005,5,1483.63,已完成,张伟,老客户复购
O003216,2025-01-22,C0065,P1003,16,1528.82,已完成,赵磊,展会线索
O003217,2025-10-27,C0053,P1016,54,98.14,已完成,李娜,展会线索
O003218,2025-05-21,C0085,P1001,16,777.26,已完成,刘洋,直销
O003219,2025-03-26,C0002,P1014,94,36.84,已完成,陈敏,展会线索
O003220,2025-05-16,C0013,P1016,86,99.19,已完成,李娜,直销
O003221,2025-08-23,C0074,P1004,11,678.21,已完成,陈敏,展会线索
O003222,2025-08-28,C0069,P1001,5,781.94,已完成,王强,直销
O003223,2025-02-24,C0095,P1001,2,797.86,已完成,赵磊,展会线索
O003224,2025-11-24,C0056,P1010,30,591.89,已完成,刘洋,展会线索
O003225,2025-04-22,C0031,P1011,11,433.13,已完成,陈敏,直销
O003226,2025-09-17,C0020,P1006,7,2169.78,已完成,陈敏,经销
O003227,2025-01-07,C0008,P1007,13,958.71,已完成,王强,直销
O003228,2025-10-26,C0114,P1001,1,776.12,退货,陈敏,直销
O003229,2025-05-23,C0118,P1009,26,675.79,已取消,王强,展会线索
O003230,2025-01-18,C0018,P1009,36,649.94,退货,李娜,直销
O003231,2025-12-17,C0118,P1004,7,733.4,已完成,张伟,展会线索
O003232,2025-06-26,C0099,P1010,36,561.56,已完成,刘洋,经销
O003233,2025-04-16,C0071,P1003,15,1482.44,已完成,张伟,老客户复购
O003234,2025-08-16,C0027,P1013,20,174.63,已完成,王强,展会线索
O003235,2025-07-11,C0022,P1016,25,97.97,已完成,赵磊,经销
O003236,2025-05-12,C0038,P1002,2,1063.46,已完成,王强,经销
O003237,2025-02-14,C0038,P1015,56,81.33,已完成,张伟,展会线索
O003238,2025-10-04,C0098,P1003,15,1481.88,已完成,王强,经销
O003239,2025-10-10,C0003,P1009,40,694.64,已完成,陈敏,展会线索
O003240,2025-02-20,C0085,P1011,30,512.09,已完成,刘洋,经销
O003241,2025-08-04,C0085,P1012,20,361.37,已取消,陈敏,老客户复购
O003242,2025-04-04,C0109,P1013,42,165.54,已完成,赵磊,展会线索
O003243,2025-09-21,C0115,P1007,14,979.79,已完成,赵磊,经销
O003244,2025-04-25,C0008,P1012,4,335.11,已完成,刘洋,经销
O003245,2025-03-19,C0022,P1013,41,174.65,已完成,刘洋,老客户复购
O003246,2025-03-28,C0041,P1003,17,1565.31,已完成,陈敏,经销
O003247,2025-10-05,C0069,P1009,43,665.58,已完成,王强,直销
O003248,2025-02-03,C0092,P1012,30,362.06,已完成,刘洋,展会线索
O003249,2025-03-10,C0062,P1002,11,910.01,已完成,刘洋,直销
O003250,2025-09-15,C0024,P1010,15,604.06,退货,李娜,展会线索
O003251,2025-12-08,C0073,P1003,11,1474.26,已完成,赵磊,直销
O003252,2025-11-30,C0103,P1004,9,696.81,已完成,刘洋,经销
O003253,2025-09-28,C0042,P1003,9,1565.97,已完成,赵磊,经销
O003254,2025-10-15,C0035,P1005,16,1477.9,已完成,李娜,老客户复购
O003255,2025-11-27,C0020,P1002,4,1013.58,已完成,李娜,直销
O003256,2025-07-25,C0106,P1016,75,95.71,已完成,王强,直销
O003257,2025-10-29,C0021,P1012,43,335.17,已完成,王强,直销
O003258,2025-08-17,C0057,P1010,23,615.77,已完成,刘洋,展会线索
O003259,2025-05-31,C0076,P1003,6,1514.89,已完成,王强,老客户复购
O003260,2025-01-18,C0008,P1008,42,694.81,已完成,陈敏,老客户复购
O003261,2025-11-12,C0038,P1010,16,640.17,已完成,李娜,展会线索
O003262,2025-01-10,C0040,P1004,1,712.36,已完成,李娜,经销
O003263,2025-09-18,C0050,P1001,3,753.27,已完成,陈敏,老客户复购
O003264,2025-10-25,C0107,P1010,22,584.91,已完成,刘洋,展会线索
O003265,2025-02-10,C0034,P1006,14,2264.14,已完成,刘洋,直销
O003266,2025-12-19,C0091,P1010,38,542.77,退货,张伟,直销
O003267,2025-11-04,C0068,P1008,31,717.71,已完成,赵磊,展会线索
O003268,2025-07-20,C0027,P1011,12,477.5,已完成,刘洋,直销
O003269,2025-12-23,C0020,P1010,15,566.81,已完成,赵磊,直销
O003270,2025-03-13,C0031,P1015,102,82.35,已完成,陈敏,经销
O003271,2025-06-21,C0108,P1002,5,1062.85,已完成,陈敏,展会线索
O003272,2025-10-21,C0045,P1001,4,731.74,已完成,陈敏,直销
O003273,2025-10-14,C0026,P1007,3,917.38,已完成,陈敏,展会线索
O003274,2025-11-13,C0027,P1008,17,757.05,已完成,刘洋,展会线索
O003275,2025-03-07,C0044,P1005,16,1447.83,已完成,王强,经销
O003276,2025-10-31,C0024,P1007,13,1066.52,已完成,王强,老客户复购
O003277,2025-03-16,C0109,P1002,15,944.4,已完成,陈敏,经销
O003278,2025-10-23,C0014,P1013,34,159.45,已完成,陈敏,直销
O003279,2025-07-14,C0081,P1012,41,359.4,已完成,李娜,老客户复购
O003280,2025-06-06,C0033,P1014,73,42.11,已完成,赵磊,老客户复购
O003281,2025-07-15,C0003,P1001,13,791.66,已完成,赵磊,展会线索
O003282,2025-09-11,C0006,P1009,18,623.4,已完成,陈敏,经销
O003283,2025-06-26,C0108,P1015,45,81.12,已完成,陈敏,直销
O003284,2025-05-06,C0081,P1012,17,352.38,已完成,赵磊,展会线索
O003285,2025-06-17,C0033,P1015,94,82.4,已完成,刘洋,展会线索
O003286,2025-09-10,C0101,P1001,1,815.63,退货,李娜,展会线索
O003287,2025-10-21,C0093,P1003,3,1563.21,已完成,赵磊,经销
O003288,2025-11-05,C0014,P1002,12,1037.97,已完成,张伟,经销
O003289,2025-07-01,C0025,P1002,11,963.47,已完成,刘洋,展会线索
O003290,2025-12-03,C0097,P1006,16,2244.83,已完成,刘洋,老客户复购
O003291,2025-10-20,C0105,P1008,21,723.11,已完成,李娜,老客户复购
O003292,2025-02-04,C0071,P1013,6,167.15,已完成,张伟,直销
O003293,2025-02-27,C0095,P1004,16,710.21,已完成,刘洋,经销
O003294,2025-12-06,C0016,P1005,15,1399.87,已完成,刘洋,直销
O003295,2025-10-31,C0015,P1002,9,921.83,已完成,张伟,经销
O003296,2025-01-07,C0038,P1011,24,502.04,退货,刘洋,老客户复购
O003297,2025-10-22,C0053,P1011,31,498.47,已完成,刘洋,经销
O003298,2025-01-16,C0118,P1015,113,80.26,已完成,赵磊,经销
O003299,2025-09-18,C0097,P1003,12,1426.4,已完成,陈敏,老客户复购
O003300,2025-06-27,C0080,P1014,25,42.19,已完成,王强,直销
O003301,2025-02-28,C0116,P1013,41,168.12,已取消,刘洋,直销
O003302,2025-01-28,C0091,P1006,13,2103.63,已完成,赵磊,直销
O003303,2025-06-05,C0002,P1014,59,38.0,已完成,赵磊,直销
O003304,2025-03-30,C0092,P1010,14,619.78,已完成,王强,老客户复购
O003305,2025-02-04,C0001,P1010,12,617.38,已完成,张伟,直销
O003306,2025-10-02,C0034,P1001,3,705.99,已完成,王强,经销
O003307,2025-02-01,C0073,P1003,5,1497.74,已完成,陈敏,直销
O003308,2025-11-30,C0114,P1011,4,494.08,已完成,陈敏,直销
O003309,2025-01-14,C0107,P1010,42,606.87,已完成,陈敏,展会线索
O003310,2025-04-01,C0043,P1003,11,1626.76,已完成,刘洋,展会线索
O003311,2025-11-12,C0024,P1013,19,169.98,已完成,李娜,老客户复购
O003312,2025-10-11,C0044,P1014,45,39.33,已完成,李娜,直销
O003313,2025-09-26,C0085,P1013,32,162.76,已完成,王强,老客户复购
O003314,2025-02-08,C0078,P1002,9,1022.56,已完成,赵磊,直销
O003315,2025-09-29,C0047,P1003,10,1481.9,已完成,刘洋,老客户复购
O003316,2025-08-10,C0105,P1001,11,788.71,已取消,李娜,直销
O003317,2025-07-11,C0109,P1004,13,678.53,已完成,赵磊,经销
O003318,2025-06-02,C0103,P1001,15,815.37,已完成,王强,直销
O003319,2025-12-15,C0064,P1008,42,700.07,已完成,张伟,老客户复购
O003320,2025-04-15,C0079,P1014,50,40.48,已完成,张伟,经销
O003321,2025-12-21,C0058,P1016,20,97.65,已完成,陈敏,经销
O003322,2025-08-18,C0029,P1002,8,980.91,已取消,王强,老客户复购
O003323,2025-09-28,C0037,P1016,45,96.13,已完成,陈敏,展会线索
O003324,2025-08-29,C0007,P1008,7,711.96,已完成,陈敏,经销
O003325,2025-07-28,C0112,P1003,11,1595.78,已完成,李娜,老客户复购
O003326,2025-09-20,C0062,P1007,1,949.29,已取消,张伟,老客户复购
O003327,2025-05-30,C0045,P1009,14,664.25,已完成,李娜,展会线索
O003328,2025-04-15,C0064,P1003,6,1510.92,已完成,陈敏,展会线索
O003329,2025-12-24,C0114,P1011,27,513.76,已完成,王强,老客户复购
O003330,2025-12-28,C0051,P1010,6,599.2,已完成,赵磊,展会线索
O003331,2025-08-01,C0004,P1015,73,83.97,已完成,赵磊,老客户复购
O003332,2025-06-06,C0057,P1014,57,40.97,已完成,刘洋,直销
O003333,2025-08-15,C0019,P1003,12,1643.84,已完成,张伟,老客户复购
O003334,2025-06-14,C0074,P1009,4,706.51,已完成,王强,老客户复购
O003335,2025-09-11,C0097,P1005,10,1336.76,已完成,张伟,经销
O003336,2025-10-16,C0033,P1006,9,2489.15,已完成,陈敏,经销
O003337,2025-05-06,C0094,P1016,93,100.04,已完成,张伟,经销
O003338,2025-04-03,C0097,P1011,26,438.6,已完成,王强,经销
O003339,2025-05-20,C0008,P1008,32,733.95,已完成,张伟,直销
O003340,2025-03-22,C0109,P1006,2,2107.5,已完成,张伟,老客户复购
O003341,2025-09-11,C0109,P1002,14,948.5,已完成,赵磊,老客户复购
O003342,2025-09-14,C0023,P1009,39,664.26,已完成,赵磊,直销
O003343,2025-06-04,C0011,P1011,17,476.99,已完成,赵磊,经销
O003344,2025-02-01,C0061,P1008,42,719.75,已完成,张伟,老客户复购
O003345,2025-09-12,C0063,P1001,10,822.76,已完成,刘洋,直销
O003346,2025-03-26,C0018,P1013,25,166.21,已完成,刘洋,展会线索
O003347,2025-09-12,C0055,P1011,20,480.17,已完成,陈敏,老客户复购
O003348,2025-08-29,C0071,P1004,13,649.77,已完成,李娜,经销
O003349,2025-05-09,C0089,P1015,29,81.05,已完成,陈敏,展会线索
O003350,2025-03-05,C0014,P1015,90,83.49,已完成,王强,展会线索
O003351,2025-11-19,C0118,P1003,17,1668.5,已完成,陈敏,经销
O003352,2025-07-26,C0112,P1005,5,1382.7,已完成,赵磊,展会线索
O003353,2025-09-12,C0043,P1003,17,1472.61,已完成,张伟,老客户复购
O003354,2025-05-28,C0018,P1005,8,1352.55,已完成,赵磊,直销
O003355,2025-11-22,C0081,P1009,18,689.5,已完成,王强,经销
O003356,2025-02-18,C0066,P1010,25,607.94,已完成,陈敏,直销
O003357,2025-08-02,C0056,P1012,20,357.32,已完成,赵磊,直销
O003358,2025-10-09,C0017,P1003,10,1668.66,已完成,张伟,直销
O003359,2025-11-19,C0054,P1013,41,170.14,已完成,陈敏,老客户复购
O003360,2025-04-11,C0112,P1014,118,40.07,已完成,王强,展会线索
O003361,2025-08-22,C0048,P1006,3,2154.24,已完成,王强,展会线索
O003362,2025-04-27,C0095,P1005,5,1473.75,已完成,陈敏,老客户复购
O003363,2025-11-12,C0079,P1014,93,38.13,已完成,陈敏,展会线索
O003364,2025-05-11,C0069,P1001,16,761.59,已完成,张伟,老客户复购
O003365,2025-06-24,C0035,P1012,40,376.45,已取消,张伟,直销
O003366,2025-03-14,C0066,P1005,1,1498.09,已完成,张伟,经销
O003367,2025-09-18,C0058,P1008,19,746.53,已完成,王强,展会线索
O003368,2025-09-14,C0048,P1001,2,761.97,已完成,张伟,经销
O003369,2025-08-24,C0021,P1014,67,36.79,已完成,王强,直销
O003370,2025-01-22,C0027,P1004,14,701.07,已取消,张伟,老客户复购
O003371,2025-03-20,C0028,P1011,4,459.87,已完成,张伟,直销
O003372,2025-02-21,C0112,P1003,9,1582.22,已完成,王强,直销
O003373,2025-05-05,C0040,P1006,14,2485.92,已完成,刘洋,展会线索
O003374,2025-02-24,C0075,P1008,27,709.69,已完成,李娜,经销
O003375,2025-12-17,C0061,P1008,41,765.69,已完成,张伟,经销
O003376,2025-03-11,C0105,P1009,18,662.25,已完成,李娜,展会线索
O003377,2025-03-25,C0067,P1006,15,2330.38,已完成,刘洋,直销
O003378,2025-11-19,C0064,P1010,15,580.02,已完成,李娜,展会线索
O003379,2025-06-21,C0098,P1015,105,77.02,已完成,王强,老客户复购
O003380,2025-04-12,C0071,P1012,8,354.56,已完成,陈敏,经销
O003381,2025-01-27,C0021,P1003,15,1485.27,已完成,王强,直销
O003382,2025-09-03,C0114,P1002,6,1011.23,已完成,李娜,经销
O003383,2025-06-04,C0078,P1014,108,37.81,已完成,张伟,展会线索
O003384,2025-06-16,C0117,P1005,2,1390.0,已完成,张伟,经销
O003385,2025-12-10,C0079,P1014,66,40.59,已完成,陈敏,经销
O003386,2025-10-11,C0007,P1004,10,718.55,已完成,王强,经销
O003387,2025-04-27,C0064,P1003,13,1586.39,已完成,赵磊,老客户复购
O003388,2025-05-16,C0098,P1001,10,771.22,已完成,王强,展会线索
O003389,2025-05-08,C0007,P1013,28,170.0,已完成,赵磊,直销
O003390,2025-01-21,C0109,P1004,16,684.45,已完成,李娜,老客户复购
O003391,2025-05-05,C0024,P1003,15,1595.38,已完成,陈敏,经销
O003392,2025-09-29,C0050,P1006,15,2310.89,已完成,李娜,直销
O003393,2025-08-18,C0093,P1001,7,820.62,已完成,李娜,老客户复购
O003394,2025-09-29,C0039,P1002,6,1010.89,已取消,赵磊,直销
O003395,2025-07-02,C0088,P1015,86,81.16,已完成,张伟,直销
O003396,2025-01-25,C0044,P1012,40,363.41,已完成,陈敏,经销
O003397,2025-07-19,C0045,P1003,14,1500.07,已完成,陈敏,展会线索
O003398,2025-12-19,C0111,P1012,18,343.96,已完成,张伟,直销
O003399,2025-02-27,C0086,P1012,32,358.42,已完成,李娜,经销
O003400,2025-09-26,C0004,P1015,74,81.67,已完成,陈敏,老客户复购
O003401,2025-01-05,C0007,P1012,25,353.17,已完成,王强,老客户复购
O003402,2025-08-27,C0118,P1002,17,1029.99,已完成,刘洋,展会线索
O003403,2025-11-04,C0081,P1005,11,1379.58,已完成,陈敏,经销
O003404,2025-03-18,C0069,P1004,9,702.5,已完成,陈敏,经销
O003405,2025-03-14,C0051,P1014,67,42.14,已完成,赵磊,展会线索
O003406,2025-12-06,C0087,P1013,15,168.65,已完成,张伟,直销
O003407,2025-11-17,C0017,P1002,12,1044.15,已完成,张伟,经销
O003408,2025-04-22,C0035,P1012,5,361.94,已完成,张伟,老客户复购
O003409,2025-05-07,C0103,P1001,16,784.95,已完成,赵磊,直销
O003410,2025-11-24,C0117,P1010,22,567.05,已完成,赵磊,展会线索
O003411,2025-11-27,C0041,P1001,1,765.99,已完成,张伟,经销
O003412,2025-05-14,C0015,P1005,13,1256.86,已完成,刘洋,老客户复购
O003413,2025-09-02,C0051,P1012,40,358.61,已完成,李娜,经销
O003414,2025-04-24,C0006,P1006,14,2274.57,已完成,王强,老客户复购
O003415,2025-08-02,C0009,P1014,76,40.0,已完成,张伟,经销
O003416,2025-03-18,C0012,P1014,94,41.7,已完成,刘洋,展会线索
O003417,2025-03-23,C0056,P1009,12,705.46,已完成,刘洋,经销
O003418,2025-12-09,C0082,P1007,11,1009.43,已完成,刘洋,直销
O003419,2025-04-15,C0035,P1004,14,728.79,已完成,王强,展会线索
O003420,2025-05-06,C0099,P1003,15,1629.79,已完成,张伟,展会线索
O003421,2025-05-31,C0027,P1003,10,1567.09,已完成,张伟,经销
O003422,2025-05-06,C0001,P1007,16,997.55,退货,张伟,经销
O003423,2025-08-01,C0009,P1002,13,1036.95,已完成,张伟,老客户复购
O003424,2025-07-19,C0111,P1006,14,2316.92,已取消,赵磊,直销
O003425,2025-11-05,C0062,P1014,53,36.37,已完成,李娜,展会线索
O003426,2025-10-08,C0035,P1002,2,1018.7,已完成,张伟,老客户复购
O003427,2025-08-09,C0007,P1009,40,728.86,已完成,赵磊,经销
O003428,2025-04-16,C0063,P1001,12,755.76,已完成,张伟,直销
O003429,2025-11-24,C0117,P1006,6,2233.93,已完成,刘洋,老客户复购
O003430,2025-07-12,C0097,P1002,6,982.15,已完成,刘洋,老客户复购
O003431,2025-06-12,C0094,P1003,10,1664.92,退货,王强,展会线索
O003432,2025-09-23,C0035,P1015,64,80.29,已完成,陈敏,直销
O003433,2025-10-06,C0099,P1005,6,1409.42,已完成,王强,老客户复购
O003434,2025-09-16,C0042,P1010,22,638.05,已完成,刘洋,展会线索
O003435,2025-02-20,C0039,P1003,3,1443.91,已完成,刘洋,直销
O003436,2025-03-12,C0017,P1011,10,502.76,已完成,陈敏,经销
O003437,2025-10-29,C0097,P1014,95,38.89,已完成,李娜,老客户复购
O003438,2025-07-23,C0052,P1011,43,516.68,已完成,李娜,展会线索
O003439,2025-05-26,C0021,P1004,13,638.06,已完成,刘洋,直销
O003440,2025-07-02,C0095,P1003,10,1585.25,已完成,陈敏,直销
O003441,2025-05-16,C0043,P1012,17,361.29,已取消,刘洋,展会线索
O003442,2025-02-19,C0034,P1006,13,2294.45,退货,赵磊,经销
O003443,2025-01-05,C0068,P1009,29,706.01,已完成,刘洋,老客户复购
O003444,2025-08-24,C0069,P1016,76,99.98,已完成,陈敏,展会线索
O003445,2025-09-11,C0087,P1015,40,85.5,已取消,王强,老客户复购
O003446,2025-08-09,C0097,P1006,15,2259.85,已完成,赵磊,老客户复购
O003447,2025-04-09,C0091,P1001,12,766.5,已完成,张伟,展会线索
O003448,2025-06-23,C0002,P1002,6,905.59,已完成,赵磊,老客户复购
O003449,2025-09-24,C0119,P1008,33,739.61,已完成,张伟,展会线索
O003450,2025-12-01,C0058,P1008,18,750.3,已取消,李娜,展会线索
O003451,2025-04-13,C0034,P1006,3,2168.86,已完成,赵磊,老客户复购
O003452,2025-02-27,C0095,P1008,15,713.57,已完成,刘洋,经销
O003453,2025-04-16,C0014,P1016,35,101.27,已完成,王强,直销
O003454,2025-08-20,C0119,P1001,15,799.81,已完成,张伟,展会线索
O003455,2025-12-10,C0026,P1007,10,969.69,已完成,王强,直销
O003456,2025-08-06,C0057,P1004,16,712.26,已完成,王强,直销
O003457,2025-02-09,C0013,P1013,37,159.6,已完成,刘洋,直销
O003458,2025-08-13,C0009,P1013,37,172.68,已完成,李娜,老客户复购
O003459,2025-01-11,C0049,P1012,41,325.12,已完成,赵磊,经销
O003460,2025-09-20,C0037,P1008,25,641.17,已取消,刘洋,老客户复购
O003461,2025-08-11,C0062,P1016,32,92.86,已完成,刘洋,经销
O003462,2025-07-19,C0044,P1003,2,1560.53,已完成,张伟,老客户复购
O003463,2025-07-27,C0119,P1008,37,685.16,已完成,陈敏,老客户复购
O003464,2025-01-18,C0020,P1014,62,40.45,已完成,刘洋,展会线索
O003465,2025-06-16,C0068,P1006,12,2356.09,已完成,张伟,老客户复购
O003466,2025-04-22,C0106,P1002,5,948.56,已取消,赵磊,老客户复购
O003467,2025-10-07,C0084,P1012,15,367.69,已完成,陈敏,老客户复购
O003468,2025-09-15,C0067,P1006,16,2386.84,已完成,李娜,经销
O003469,2025-04-07,C0087,P1011,8,498.78,已完成,陈敏,经销
O003470,2025-07-29,C0045,P1003,16,1621.94,已完成,张伟,老客户复购
O003471,2025-04-30,C0011,P1004,4,649.61,已完成,刘洋,展会线索
O003472,2025-01-22,C0118,P1002,10,979.94,已完成,陈敏,展会线索
O003473,2025-06-22,C0006,P1011,24,476.89,已完成,赵磊,展会线索
O003474,2025-06-06,C0063,P1003,10,1684.93,已完成,赵磊,老客户复购
O003475,2025-12-30,C0042,P1001,5,763.17,已完成,陈敏,展会线索
O003476,2025-02-04,C0114,P1003,7,1655.52,已完成,陈敏,展会线索
O003477,2025-05-25,C0119,P1001,11,787.29,已完成,赵磊,直销
O003478,2025-04-16,C0083,P1010,24,584.95,已取消,陈敏,直销
O003479,2025-08-04,C0049,P1014,33,39.49,已完成,赵磊,老客户复购
O003480,2025-01-29,C0055,P1012,11,344.56,已完成,赵磊,老客户复购
O003481,2025-09-19,C0052,P1010,30,637.73,已完成,赵磊,老客户复购
O003482,2025-03-24,C0026,P1011,14,443.85,已完成,陈敏,经销
O003483,2025-01-21,C0002,P1012,32,354.53,已完成,张伟,展会线索
O003484,2025-11-12,C0083,P1014,70,42.43,已完成,赵磊,展会线索
O003485,2025-03-17,C0044,P1002,7,1066.03,已完成,张伟,直销
O003486,2025-08-01,C0073,P1001,11,775.11,已完成,刘洋,直销
O003487,2025-11-08,C0037,P1007,1,976.46,已完成,张伟,老客户复购
O003488,2025-09-03,C0064,P1001,9,724.8,已完成,刘洋,老客户复购
O003489,2025-08-02,C0100,P1002,9,947.05,已完成,张伟,直销
O003490,2025-06-28,C0061,P1003,10,1658.66,已完成,赵磊,经销
O003491,2025-04-28,C0025,P1006,5,2154.92,已完成,陈敏,经销
O003492,2025-01-16,C0044,P1012,23,366.85,已完成,刘洋,经销
O003493,2025-09-15,C0022,P1005,9,1375.85,已完成,王强,直销
O003494,2025-03-29,C0045,P1010,23,601.49,已完成,赵磊,经销
O003495,2025-10-27,C0028,P1006,10,2304.93,已完成,张伟,经销
O003496,2025-01-16,C0084,P1011,5,479.43,已完成,张伟,直销
O003497,2025-10-26,C0015,P1007,2,995.84,已完成,张伟,展会线索
O003498,2025-11-26,C0107,P1010,34,543.57,已完成,赵磊,展会线索
O003499,2025-02-06,C0015,P1010,35,546.76,已完成,张伟,老客户复购
O003500,2025-03-11,C0044,P1014,22,41.65,已完成,李娜,经销
O003501,2025-10-11,C0096,P1006,6,2387.12,已完成,赵磊,老客户复购
O003502,2025-10-21,C0018,P1009,15,617.36,已完成,刘洋,展会线索
O003503,2025-06-08,C0065,P1008,28,671.56,已完成,赵磊,直销
O003504,2025-06-30,C0051,P1006,3,2325.44,已完成,刘洋,直销
O003505,2025-01-10,C0040,P1009,42,724.68,已完成,刘洋,经销
O003506,2025-01-11,C0104,P1004,11,728.18,已完成,刘洋,经销
O003507,2025-09-22,C0031,P1015,53,74.68,已完成,王强,老客户复购
O003508,2025-02-07,C0011,P1013,21,160.96,已完成,赵磊,展会线索
O003509,2025-06-17,C0014,P1012,32,337.82,已完成,王强,展会线索
O003510,2025-09-19,C0034,P1015,62,80.67,已完成,张伟,展会线索
O003511,2025-12-09,C0089,P1013,8,156.67,已完成,陈敏,经销
O003512,2025-04-06,C0032,P1001,17,773.68,已完成,陈敏,直销
O003513,2025-01-05,C0092,P1013,15,165.9,已完成,张伟,老客户复购
O003514,2025-07-01,C0031,P1008,34,724.28,已完成,刘洋,展会线索
O003515,2025-12-14,C0037,P1015,11,77.77,已完成,王强,经销
O003516,2025-05-17,C0067,P1009,4,723.14,已完成,刘洋,展会线索
O003517,2025-12-29,C0079,P1011,40,444.07,已完成,李娜,老客户复购
O003518,2025-08-06,C0093,P1011,42,517.66,已完成,赵磊,经销
O003519,2025-05-26,C0034,P1002,9,988.87,已完成,刘洋,展会线索
O003520,2025-03-26,C0043,P1012,42,360.92,已完成,李娜,经销
O003521,2025-03-30,C0016,P1001,13,786.39,已完成,刘洋,老客户复购
O003522,2025-03-06,C0108,P1001,8,794.09,已完成,李娜,老客户复购
O003523,2025-01-10,C0097,P1015,117,73.75,已完成,刘洋,老客户复购
O003524,2025-09-22,C0041,P1010,20,614.14,已取消,张伟,展会线索
O003525,2025-06-17,C0002,P1014,53,37.62,已完成,陈敏,经销
O003526,2025-01-07,C0105,P1010,40,597.74,已完成,赵磊,老客户复购
O003527,2025-08-08,C0115,P1005,9,1367.63,已完成,王强,老客户复购
O003528,2025-05-20,C0063,P1011,18,474.65,已完成,陈敏,直销
O003529,2025-06-13,C0004,P1006,5,2372.87,已完成,刘洋,经销
O003530,2025-02-18,C0092,P1002,15,1059.82,已完成,刘洋,直销
O003531,2025-05-31,C0044,P1002,6,1059.47,已完成,刘洋,展会线索
O003532,2025-01-24,C0027,P1012,6,373.37,已完成,李娜,经销
O003533,2025-03-31,C0032,P1001,2,727.28,已完成,李娜,展会线索
O003534,2025-11-04,C0112,P1004,12,676.65,已完成,陈敏,直销
O003535,2025-07-23,C0117,P1008,30,674.64,已完成,王强,直销
O003536,2025-04-24,C0085,P1001,14,816.2,已完成,刘洋,直销
O003537,2025-06-26,C0049,P1016,70,87.59,已完成,王强,直销
O003538,2025-11-13,C0053,P1011,31,515.15,已取消,王强,直销
O003539,2025-12-28,C0114,P1004,12,678.04,已完成,陈敏,经销
O003540,2025-08-06,C0114,P1010,43,627.54,退货,赵磊,经销
O003541,2025-09-08,C0101,P1004,7,701.63,已完成,陈敏,展会线索
O003542,2025-01-12,C0051,P1003,6,1682.44,已完成,李娜,经销
O003543,2025-03-22,C0003,P1001,10,805.05,已完成,陈敏,经销
O003544,2025-02-06,C0028,P1015,19,79.88,已完成,张伟,直销
O003545,2025-09-15,C0007,P1005,15,1391.1,已完成,李娜,直销
O003546,2025-02-15,C0082,P1002,11,986.89,已完成,陈敏,直销
O003547,2025-01-14,C0016,P1004,4,682.08,已完成,刘洋,展会线索
O003548,2025-05-02,C0013,P1003,16,1479.48,已完成,李娜,展会线索
O003549,2025-12-30,C0085,P1003,6,1611.46,已完成,王强,经销
O003550,2025-08-14,C0105,P1009,27,669.18,已完成,陈敏,展会线索
O003551,2025-02-06,C0117,P1010,11,570.65,已完成,张伟,直销
O003552,2025-02-22,C0111,P1002,7,957.85,已完成,赵磊,老客户复购
O003553,2025-03-10,C0032,P1001,13,758.69,已完成,陈敏,经销
O003554,2025-03-15,C0057,P1003,11,1564.33,已完成,赵磊,老客户复购
O003555,2025-10-30,C0106,P1008,34,710.54,已完成,王强,老客户复购
O003556,2025-05-23,C0091,P1009,9,666.09,已完成,王强,直销
O003557,2025-11-30,C0109,P1009,32,692.49,已完成,李娜,老客户复购
O003558,2025-09-04,C0015,P1012,39,360.92,已完成,赵磊,经销
O003559,2025-11-10,C0001,P1004,10,694.87,已完成,赵磊,老客户复购
O003560,2025-09-16,C0097,P1007,12,958.29,已完成,张伟,直销
O003561,2025-03-06,C0059,P1011,27,465.38,已完成,王强,直销
O003562,2025-09-14,C0080,P1008,11,740.41,已完成,陈敏,老客户复购
O003563,2025-07-06,C0066,P1003,1,1658.46,已完成,张伟,经销
O003564,2025-04-18,C0067,P1012,36,374.35,已完成,刘洋,老客户复购
O003565,2025-07-10,C0014,P1008,28,711.8,已取消,刘洋,直销
O003566,2025-04-21,C0088,P1012,29,354.94,已完成,张伟,直销
O003567,2025-09-10,C0056,P1016,51,94.07,已完成,张伟,展会线索
O003568,2025-01-06,C0023,P1007,13,1044.55,已完成,赵磊,直销
O003569,2025-11-09,C0067,P1013,30,175.75,已完成,陈敏,经销
O003570,2025-02-06,C0002,P1001,14,783.32,已完成,张伟,直销
O003571,2025-09-13,C0048,P1008,44,691.57,已完成,赵磊,经销
O003572,2025-10-07,C0066,P1014,99,41.36,已完成,陈敏,展会线索
O003573,2025-05-30,C0119,P1007,10,1038.1,已完成,李娜,直销
O003574,2025-03-15,C0102,P1012,32,355.6,已取消,张伟,经销
O003575,2025-04-14,C0105,P1002,9,990.67,已完成,陈敏,直销
O003576,2025-05-12,C0081,P1012,15,326.39,已完成,张伟,展会线索
O003577,2025-03-21,C0009,P1003,3,1587.35,已完成,刘洋,经销
O003578,2025-03-22,C0068,P1006,1,2307.25,已完成,陈敏,经销
O003579,2025-04-13,C0108,P1001,3,774.85,已完成,张伟,老客户复购
O003580,2025-03-03,C0120,P1013,44,162.71,已完成,王强,展会线索
O003581,2025-08-29,C0059,P1011,18,482.21,已完成,李娜,经销
O003582,2025-03-29,C0048,P1002,13,945.93,已完成,张伟,经销
O003583,2025-10-24,C0114,P1001,9,775.58,已完成,赵磊,直销
O003584,2025-02-09,C0084,P1002,15,1001.82,退货,张伟,经销
O003585,2025-02-17,C0018,P1008,43,718.29,已完成,张伟,直销
O003586,2025-01-18,C0078,P1013,25,172.48,已完成,李娜,老客户复购
O003587,2025-05-30,C0063,P1008,24,700.92,已完成,王强,经销
O003588,2025-01-13,C0110,P1011,7,488.69,退货,李娜,展会线索
O003589,2025-02-15,C0054,P1001,17,782.96,已完成,张伟,直销
O003590,2025-05-26,C0120,P1004,5,683.61,已完成,赵磊,经销
O003591,2025-09-21,C0076,P1012,40,350.77,已完成,刘洋,老客户复购
O003592,2025-04-12,C0006,P1005,1,1414.25,已完成,李娜,展会线索
O003593,2025-07-16,C0071,P1003,11,1500.06,已完成,王强,老客户复购
O003594,2025-12-17,C0064,P1010,38,578.47,已完成,李娜,老客户复购
O003595,2025-10-13,C0086,P1015,59,83.61,已完成,赵磊,直销
O003596,2025-01-20,C0078,P1008,41,733.78,已完成,陈敏,展会线索
O003597,2025-03-13,C0054,P1015,29,86.03,已完成,李娜,经销
O003598,2025-04-08,C0023,P1006,12,2359.29,已完成,赵磊,经销
O003599,2025-05-01,C0030,P1006,10,2293.59,已完成,赵磊,经销
O003600,2025-06-20,C0043,P1010,4,579.22,已完成,刘洋,经销
O003601,2025-02-06,C0033,P1009,14,697.43,已完成,李娜,展会线索
O003602,2025-02-07,C0035,P1014,74,40.88,已完成,陈敏,直销
O003603,2025-08-05,C0002,P1005,13,1365.06,已完成,张伟,老客户复购
O003604,2025-10-30,C0042,P1008,34,708.74,已完成,陈敏,老客户复购
O003605,2025-06-15,C0066,P1004,6,687.64,已完成,张伟,直销
O003606,2025-03-27,C0105,P1002,5,981.71,已完成,赵磊,展会线索
O003607,2025-03-28,C0024,P1001,16,786.1,已完成,陈敏,展会线索
O003608,2025-01-19,C0057,P1007,17,987.11,已完成,李娜,经销
O003609,2025-10-06,C0050,P1003,3,1641.53,已完成,刘洋,展会线索
O003610,2025-04-18,C0007,P1010,35,637.9,已完成,刘洋,老客户复购
O003611,2025-04-16,C0118,P1008,13,762.16,已完成,王强,直销
O003612,2025-02-22,C0003,P1006,5,2443.88,已完成,王强,老客户复购
O003613,2025-12-04,C0091,P1005,16,1334.59,已完成,赵磊,经销
O003614,2025-04-25,C0050,P1001,17,800.22,已完成,王强,展会线索
O003615,2025-08-27,C0092,P1016,57,96.33,已完成,刘洋,直销
O003616,2025-08-18,C0002,P1010,39,562.58,已完成,赵磊,展会线索
O003617,2025-01-28,C0062,P1006,16,2356.99,已取消,刘洋,老客户复购
O003618,2025-03-25,C0067,P1013,7,167.71,已完成,赵磊,展会线索
O003619,2025-11-12,C0049,P1006,15,2200.3,已完成,刘洋,老客户复购
O003620,2025-06-10,C0084,P1007,10,1051.54,已完成,陈敏,展会线索
O003621,2025-05-28,C0111,P1007,6,1014.81,已完成,李娜,经销
O003622,2025-07-04,C0118,P1002,13,1020.07,已完成,王强,老客户复购
O003623,2025-01-11,C0113,P1016,76,89.84,已完成,李娜,老客户复购
O003624,2025-01-05,C0062,P1002,5,965.96,已完成,陈敏,直销
O003625,2025-08-21,C0025,P1013,37,155.45,已完成,王强,老客户复购
O003626,2025-02-15,C0066,P1005,9,1475.41,已完成,刘洋,直销
O003627,2025-02-17,C0050,P1007,3,1003.24,已完成,赵磊,老客户复购
O003628,2025-01-05,C0065,P1016,80,89.35,已完成,李娜,展会线索
O003629,2025-11-27,C0011,P1011,7,434.95,已完成,陈敏,直销
O003630,2025-08-28,C0030,P1004,6,694.08,已完成,王强,展会线索
O003631,2025-01-26,C0038,P1002,14,984.25,已完成,赵磊,经销
O003632,2025-04-12,C0030,P1011,21,464.43,已完成,赵磊,直销
O003633,2025-07-13,C0093,P1013,31,177.73,已完成,赵磊,老客户复购
O003634,2025-06-12,C0021,P1004,9,632.75,已取消,陈敏,经销
O003635,2025-05-04,C0116,P1012,33,370.52,已完成,王强,老客户复购
O003636,2025-03-09,C0041,P1011,43,479.26,已完成,李娜,经销
O003637,2025-09-29,C0073,P1011,14,469.66,已完成,李娜,直销
O003638,2025-09-15,C0005,P1012,23,363.2,已完成,刘洋,直销
O003639,2025-02-04,C0101,P1012,38,354.19,已完成,赵磊,展会线索
O003640,2025-10-15,C0009,P1007,11,1050.77,已完成,张伟,经销
O003641,2025-04-25,C0083,P1013,43,168.86,已完成,刘洋,老客户复购
O003642,2025-09-16,C0101,P1005,3,1396.53,退货,张伟,老客户复购
O003643,2025-03-23,C0009,P1006,10,2337.09,已完成,张伟,经销
O003644,2025-05-23,C0118,P1003,11,1637.2,已完成,张伟,展会线索
O003645,2025-03-16,C0069,P1012,41,338.09,已完成,张伟,经销
O003646,2025-04-04,C0046,P1013,37,168.56,已完成,赵磊,老客户复购
O003647,2025-01-23,C0088,P1011,35,500.5,已完成,刘洋,展会线索
O003648,2025-07-08,C0044,P1004,5,695.6,已完成,陈敏,老客户复购
O003649,2025-09-23,C0067,P1013,27,167.35,已完成,王强,老客户复购
O003650,2025-01-04,C0108,P1012,24,382.66,已完成,陈敏,老客户复购
O003651,2025-06-18,C0058,P1003,15,1682.19,已完成,王强,直销
O003652,2025-08-29,C0091,P1016,84,98.85,已完成,张伟,老客户复购
O003653,2025-12-07,C0023,P1008,8,723.61,已取消,赵磊,直销
O003654,2025-06-22,C0049,P1014,59,39.1,已完成,李娜,老客户复购
O003655,2025-10-16,C0014,P1013,28,170.42,已完成,刘洋,老客户复购
O003656,2025-07-18,C0069,P1011,31,466.26,已取消,陈敏,直销
O003657,2025-03-22,C0037,P1001,6,691.45,已完成,李娜,展会线索
O003658,2025-12-17,C0020,P1001,15,763.61,已完成,刘洋,直销
O003659,2025-12-04,C0045,P1006,15,2390.58,已取消,李娜,展会线索
O003660,2025-02-23,C0075,P1003,5,1642.75,已完成,张伟,直销
O003661,2025-11-10,C0063,P1004,8,709.16,已完成,刘洋,展会线索
O003662,2025-11-25,C0100,P1004,3,708.64,已完成,李娜,老客户复购
O003663,2025-09-21,C0090,P1010,16,608.86,已完成,王强,经销
O003664,2025-09-24,C0043,P1004,5,713.84,已完成,王强,经销
O003665,2025-03-24,C0014,P1012,40,358.35,已完成,刘洋,直销
O003666,2025-09-23,C0030,P1016,17,94.54,已完成,陈敏,展会线索
O003667,2025-01-21,C0040,P1001,11,794.27,已完成,王强,直销
O003668,2025-02-01,C0107,P1003,12,1452.01,已完成,刘洋,展会线索
O003669,2025-02-18,C0048,P1013,8,159.81,已完成,陈敏,展会线索
O003670,2025-10-04,C0081,P1006,8,2153.02,已完成,李娜,经销
O003671,2025-03-09,C0003,P1004,12,678.53,已完成,陈敏,经销
O003672,2025-11-25,C0027,P1013,23,178.09,已完成,王强,老客户复购
O003673,2025-02-02,C0084,P1009,38,696.52,已完成,张伟,展会线索
O003674,2025-08-31,C0062,P1001,2,740.05,已完成,李娜,展会线索
O003675,2025-09-21,C0036,P1012,22,369.47,已完成,李娜,经销
O003676,2025-09-12,C0088,P1002,11,1026.85,已完成,张伟,经销
O003677,2025-08-12,C0012,P1007,9,1041.45,已完成,王强,展会线索
O003678,2025-01-25,C0020,P1010,32,544.44,已完成,李娜,直销
O003679,2025-03-22,C0072,P1014,113,38.58,已完成,张伟,经销
O003680,2025-07-01,C0001,P1014,89,39.93,退货,李娜,展会线索
O003681,2025-11-17,C0112,P1009,13,726.87,已完成,王强,经销
O003682,2025-09-10,C0007,P1009,29,688.94,已完成,赵磊,经销
O003683,2025-09-25,C0001,P1010,37,634.6,已完成,张伟,老客户复购
O003684,2025-06-28,C0037,P1003,8,1484.02,已完成,王强,直销
O003685,2025-05-01,C0038,P1010,7,593.25,退货,张伟,直销
O003686,2025-08-25,C0105,P1002,10,943.74,已完成,王强,展会线索
O003687,2025-05-11,C0015,P1004,10,678.98,已完成,刘洋,展会线索
O003688,2025-01-29,C0113,P1007,2,918.88,已完成,陈敏,老客户复购
O003689,2025-09-10,C0052,P1014,59,39.34,已完成,刘洋,经销
O003690,2025-03-11,C0088,P1003,1,1586.96,已完成,刘洋,直销
O003691,2025-11-17,C0042,P1016,46,97.4,已完成,张伟,老客户复购
O003692,2025-05-03,C0011,P1014,93,38.65,已完成,陈敏,展会线索
O003693,2025-05-01,C0102,P1012,16,370.85,已完成,李娜,老客户复购
O003694,2025-11-20,C0050,P1007,16,1014.86,已取消,张伟,经销
O003695,2025-09-22,C0023,P1001,17,785.05,已完成,王强,直销
O003696,2025-02-11,C0069,P1011,10,470.22,已完成,赵磊,展会线索
O003697,2025-01-27,C0081,P1008,40,652.32,已完成,陈敏,老客户复购
O003698,2025-03-16,C0118,P1011,6,508.99,已完成,李娜,直销
O003699,2025-12-29,C0010,P1008,37,641.11,已完成,刘洋,经销
O003700,2025-12-11,C0038,P1001,10,764.1,已完成,王强,老客户复购
O003701,2025-09-26,C0098,P1004,6,669.51,已完成,王强,经销
O003702,2025-10-09,C0025,P1006,4,2316.21,已完成,王强,展会线索
O003703,2025-11-03,C0115,P1010,11,588.74,已完成,李娜,老客户复购
O003704,2025-07-02,C0048,P1008,38,670.5,已取消,王强,直销
O003705,2025-10-14,C0070,P1016,115,93.18,已取消,刘洋,老客户复购
O003706,2025-02-11,C0080,P1002,12,1039.58,已完成,李娜,经销
O003707,2025-08-24,C0053,P1009,15,697.72,已完成,张伟,经销
O003708,2025-02-08,C0049,P1013,32,158.69,已完成,张伟,老客户复购
O003709,2025-05-19,C0114,P1009,13,678.89,已完成,赵磊,展会线索
O003710,2025-10-08,C0001,P1014,100,40.62,已完成,赵磊,经销
O003711,2025-12-03,C0067,P1005,14,1445.03,已完成,王强,直销
O003712,2025-05-22,C0038,P1011,15,494.14,已完成,张伟,展会线索
O003713,2025-05-07,C0013,P1008,15,685.08,已完成,陈敏,老客户复购
O003714,2025-10-28,C0071,P1004,6,673.82,已完成,李娜,老客户复购
O003715,2025-09-11,C0036,P1005,2,1455.8,已完成,张伟,老客户复购
O003716,2025-05-13,C0065,P1012,11,338.18,已完成,刘洋,经销
O003717,2025-11-07,C0085,P1001,14,755.13,已完成,王强,经销
O003718,2025-10-12,C0094,P1010,24,636.87,已完成,王强,展会线索
O003719,2025-04-26,C0092,P1001,5,772.6,已完成,赵磊,直销
O003720,2025-01-04,C0013,P1012,29,356.15,已完成,王强,直销
O003721,2025-04-30,C0009,P1012,21,358.71,已完成,刘洋,老客户复购
O003722,2025-10-09,C0072,P1008,9,684.85,已完成,赵磊,直销
O003723,2025-02-25,C0006,P1001,6,743.59,已取消,刘洋,直销
O003724,2025-09-14,C0006,P1011,26,475.98,已完成,赵磊,展会线索
O003725,2025-08-03,C0084,P1003,9,1653.77,已完成,李娜,经销
O003726,2025-05-03,C0095,P1010,20,592.59,已完成,李娜,展会线索
O003727,2025-06-19,C0107,P1009,33,648.96,已完成,刘洋,展会线索
O003728,2025-12-24,C0019,P1014,85,39.34,已完成,李娜,直销
O003729,2025-05-16,C0098,P1015,88,81.02,已取消,刘洋,经销
O003730,2025-04-07,C0092,P1004,3,686.12,已完成,张伟,展会线索
O003731,2025-08-30,C0062,P1008,21,644.07,已完成,李娜,经销
O003732,2025-12-22,C0043,P1012,42,366.93,已完成,刘洋,老客户复购
O003733,2025-05-03,C0013,P1006,12,2328.75,已完成,刘洋,经销
O003734,2025-05-09,C0118,P1011,38,510.09,已完成,陈敏,经销
O003735,2025-07-19,C0017,P1002,2,1019.63,已完成,李娜,老客户复购
O003736,2025-06-19,C0101,P1011,43,490.82,已完成,陈敏,展会线索
O003737,2025-01-04,C0071,P1006,15,2309.94,已完成,赵磊,展会线索
O003738,2025-09-20,C0114,P1004,15,718.71,已完成,李娜,直销
O003739,2025-12-07,C0069,P1006,10,2419.73,已取消,王强,展会线索
O003740,2025-09-23,C0006,P1001,11,740.04,已取消,王强,经销
O003741,2025-04-25,C0120,P1015,88,74.73,已完成,张伟,经销
O003742,2025-07-20,C0071,P1013,25,149.43,已完成,王强,直销
O003743,2025-01-28,C0094,P1003,3,1590.08,已完成,陈敏,经销
O003744,2025-06-23,C0031,P1011,13,439.9,已完成,陈敏,展会线索
O003745,2025-06-13,C0018,P1012,14,335.66,已完成,刘洋,经销
O003746,2025-07-24,C0027,P1007,2,1053.03,已完成,王强,经销
O003747,2025-09-21,C0044,P1012,32,357.46,已完成,陈敏,直销
O003748,2025-02-28,C0006,P1002,4,1001.98,已完成,王强,老客户复购
O003749,2025-11-30,C0082,P1004,16,670.43,已完成,陈敏,展会线索
O003750,2025-09-15,C0058,P1011,11,476.97,已完成,陈敏,展会线索
O003751,2025-12-04,C0064,P1016,80,87.37,已完成,张伟,老客户复购
O003752,2025-12-30,C0020,P1012,26,321.71,已完成,李娜,老客户复购
O003753,2025-12-07,C0113,P1009,34,686.11,已完成,张伟,老客户复购
O003754,2025-12-30,C0026,P1005,10,1265.93,已完成,李娜,经销
O003755,2025-08-20,C0081,P1012,32,334.58,已完成,刘洋,直销
O003756,2025-01-21,C0048,P1015,100,76.48,已取消,赵磊,老客户复购
O003757,2025-10-02,C0058,P1008,28,701.87,已完成,赵磊,直销
O003758,2025-05-31,C0100,P1014,112,39.37,已取消,张伟,展会线索
O003759,2025-04-05,C0016,P1010,37,616.22,已完成,刘洋,老客户复购
O003760,2025-03-22,C0057,P1005,2,1343.58,已完成,赵磊,直销
O003761,2025-07-15,C0035,P1008,11,715.32,已完成,赵磊,经销
O003762,2025-04-19,C0005,P1005,3,1386.04,已完成,李娜,经销
O003763,2025-02-01,C0111,P1002,3,918.81,已完成,陈敏,经销
O003764,2025-03-11,C0089,P1004,5,624.21,已完成,李娜,老客户复购
O003765,2025-04-23,C0024,P1007,16,1017.15,已完成,李娜,经销
O003766,2025-05-08,C0073,P1005,13,1339.8,已取消,张伟,直销
O003767,2025-09-06,C0015,P1004,17,669.21,已完成,赵磊,直销
O003768,2025-03-31,C0089,P1004,11,626.57,已完成,陈敏,直销
O003769,2025-07-15,C0106,P1006,13,2247.67,已完成,王强,直销
O003770,2025-05-08,C0097,P1008,24,684.97,已完成,刘洋,经销
O003771,2025-01-26,C0103,P1007,14,1046.08,已完成,刘洋,直销
O003772,2025-05-24,C0120,P1013,27,168.58,已完成,陈敏,展会线索
O003773,2025-12-12,C0104,P1012,18,371.87,已完成,刘洋,老客户复购
O003774,2025-11-13,C0014,P1011,4,494.13,已完成,张伟,直销
O003775,2025-09-07,C0095,P1016,111,102.08,已完成,刘洋,展会线索
O003776,2025-09-30,C0102,P1008,8,751.77,已完成,刘洋,经销
O003777,2025-05-29,C0031,P1014,111,39.95,已完成,赵磊,展会线索
O003778,2025-12-13,C0058,P1004,10,736.23,已完成,赵磊,老客户复购
O003779,2025-08-26,C0083,P1013,41,165.32,已完成,陈敏,直销
O003780,2025-03-23,C0102,P1002,6,1029.04,已完成,陈敏,经销
O003781,2025-09-13,C0036,P1004,5,723.94,已完成,刘洋,展会线索
O003782,2025-08-29,C0057,P1004,12,668.76,已完成,陈敏,直销
O003783,2025-03-21,C0023,P1011,7,456.3,已完成,陈敏,老客户复购
O003784,2025-01-03,C0038,P1008,41,752.94,已完成,刘洋,经销
O003785,2025-07-11,C0037,P1004,5,616.83,已完成,陈敏,展会线索
O003786,2025-02-28,C0006,P1011,26,442.89,已取消,赵磊,直销
O003787,2025-07-01,C0073,P1010,16,580.02,已完成,赵磊,直销
O003788,2025-07-09,C0094,P1005,11,1403.99,已完成,李娜,展会线索
O003789,2025-12-16,C0057,P1004,7,706.76,已完成,赵磊,直销
O003790,2025-02-11,C0013,P1011,27,491.6,已完成,王强,经销
O003791,2025-01-11,C0044,P1010,43,634.35,已完成,张伟,直销
O003792,2025-09-28,C0067,P1014,69,41.18,已完成,李娜,展会线索
O003793,2025-04-22,C0081,P1007,7,936.44,已完成,张伟,经销
O003794,2025-01-04,C0053,P1001,5,802.06,已完成,陈敏,经销
O003795,2025-04-04,C0105,P1012,8,348.21,已完成,陈敏,老客户复购
O003796,2025-03-20,C0029,P1001,1,769.37,已完成,刘洋,老客户复购
O003797,2025-03-14,C0079,P1005,6,1254.87,已完成,张伟,老客户复购
O003798,2025-01-31,C0044,P1013,6,171.16,已完成,赵磊,展会线索
O003799,2025-10-18,C0011,P1010,21,542.34,已完成,王强,经销
O003800,2025-02-08,C0091,P1003,14,1475.68,已完成,陈敏,展会线索
O003801,2025-12-31,C0119,P1011,23,452.54,已完成,刘洋,经销
O003802,2025-06-03,C0046,P1016,106,97.31,已完成,刘洋,展会线索
O003803,2025-05-01,C0025,P1002,11,923.89,已完成,刘洋,直销
O003804,2025-12-12,C0077,P1001,3,767.53,已取消,陈敏,直销
O003805,2025-01-16,C0049,P1009,44,671.33,已完成,张伟,经销
O003806,2025-02-27,C0011,P1002,10,984.47,已完成,张伟,经销
O003807,2025-12-10,C0060,P1003,7,1562.44,已完成,张伟,直销
O003808,2025-07-03,C0084,P1007,6,1051.81,已完成,陈敏,经销
O003809,2025-11-10,C0035,P1013,17,162.91,已完成,赵磊,展会线索
O003810,2025-10-22,C0078,P1002,2,1024.73,已完成,赵磊,展会线索
O003811,2025-10-06,C0034,P1013,42,157.96,已完成,王强,直销
O003812,2025-06-11,C0016,P1003,10,1619.33,已完成,王强,老客户复购
O003813,2025-08-31,C0111,P1003,11,1593.33,已完成,赵磊,老客户复购
O003814,2025-10-28,C0046,P1001,4,799.99,已完成,李娜,经销
O003815,2025-06-08,C0054,P1012,38,364.78,已完成,刘洋,经销
O003816,2025-08-25,C0061,P1001,3,779.01,已完成,刘洋,老客户复购
O003817,2025-05-09,C0104,P1008,28,758.24,已完成,王强,展会线索
O003818,2025-05-30,C0035,P1013,30,171.5,已完成,王强,经销
O003819,2025-05-22,C0058,P1009,7,715.01,已完成,刘洋,展会线索
O003820,2025-12-28,C0062,P1009,19,627.71,已完成,陈敏,经销
O003821,2025-03-20,C0035,P1002,11,1067.63,已完成,张伟,直销
O003822,2025-08-11,C0109,P1012,25,329.71,已完成,李娜,经销
O003823,2025-01-02,C0033,P1001,10,789.05,已完成,赵磊,展会线索
O003824,2025-08-29,C0018,P1014,22,39.99,已完成,张伟,展会线索
O003825,2025-11-26,C0096,P1005,11,1305.18,已完成,张伟,老客户复购
O003826,2025-07-08,C0004,P1005,10,1441.54,已完成,李娜,老客户复购
O003827,2025-08-11,C0033,P1001,14,801.85,已完成,李娜,老客户复购
O003828,2025-11-14,C0064,P1001,7,693.2,已完成,陈敏,老客户复购
O003829,2025-01-08,C0114,P1001,3,772.05,已完成,陈敏,老客户复购
O003830,2025-09-10,C0011,P1015,113,76.86,已完成,刘洋,经销
O003831,2025-04-07,C0053,P1011,30,492.71,已完成,李娜,直销
O003832,2025-12-20,C0110,P1013,12,167.0,已完成,王强,经销
O003833,2025-09-02,C0026,P1012,22,336.26,已完成,张伟,经销
O003834,2025-08-16,C0115,P1003,7,1589.76,已完成,赵磊,展会线索
O003835,2025-08-13,C0105,P1003,3,1517.5,已完成,赵磊,老客户复购
O003836,2025-03-08,C0112,P1011,15,495.09,已取消,刘洋,展会线索
O003837,2025-05-24,C0021,P1014,67,39.04,已完成,张伟,经销
O003838,2025-10-12,C0011,P1009,15,651.35,退货,张伟,经销
O003839,2025-09-15,C0043,P1010,27,578.55,已完成,陈敏,直销
O003840,2025-09-01,C0044,P1013,39,175.49,已完成,张伟,经销
O003841,2025-08-25,C0106,P1012,6,326.37,已完成,陈敏,展会线索
O003842,2025-05-22,C0081,P1002,9,940.25,已完成,王强,老客户复购
O003843,2025-08-16,C0079,P1003,11,1573.36,已完成,张伟,经销
O003844,2025-04-09,C0020,P1001,10,778.46,已完成,陈敏,展会线索
O003845,2025-05-04,C0065,P1015,61,73.33,已完成,王强,老客户复购
O003846,2025-09-04,C0034,P1001,17,756.96,已完成,王强,直销
O003847,2025-10-11,C0024,P1002,5,1062.0,已完成,李娜,经销
O003848,2025-11-29,C0050,P1010,29,594.23,已取消,王强,经销
O003849,2025-03-09,C0087,P1013,25,173.84,已完成,赵磊,展会线索
O003850,2025-09-03,C0043,P1002,9,1038.44,已完成,王强,直销
O003851,2025-04-05,C0061,P1015,115,82.4,已完成,陈敏,老客户复购
O003852,2025-07-14,C0066,P1013,19,173.82,已完成,王强,展会线索
O003853,2025-01-01,C0002,P1007,9,923.75,已完成,王强,展会线索
O003854,2025-08-26,C0001,P1004,6,678.2,已完成,赵磊,经销
O003855,2025-09-13,C0056,P1004,2,666.9,已完成,李娜,直销
O003856,2025-01-16,C0049,P1003,9,1563.37,已完成,王强,经销
O003857,2025-12-29,C0052,P1015,91,84.07,已完成,王强,老客户复购
O003858,2025-09-26,C0097,P1012,44,364.34,已完成,王强,老客户复购
O003859,2025-08-13,C0046,P1008,31,714.09,已完成,张伟,老客户复购
O003860,2025-07-10,C0035,P1010,11,636.25,已完成,王强,展会线索
O003861,2025-12-26,C0066,P1004,12,692.42,已完成,刘洋,老客户复购
O003862,2025-01-22,C0097,P1002,15,912.72,已完成,张伟,直销
O003863,2025-09-28,C0102,P1003,17,1633.52,已完成,陈敏,展会线索
O003864,2025-04-28,C0090,P1004,6,694.75,已完成,陈敏,直销
O003865,2025-04-27,C0035,P1002,12,1004.71,已完成,张伟,经销
O003866,2025-02-02,C0101,P1006,9,2353.14,已完成,李娜,经销
O003867,2025-04-06,C0092,P1003,15,1605.91,已完成,张伟,直销
O003868,2025-02-04,C0021,P1009,7,636.64,已完成,刘洋,直销
O003869,2025-06-25,C0084,P1004,11,710.7,已完成,赵磊,老客户复购
O003870,2025-12-15,C0014,P1008,29,691.83,退货,李娜,直销
O003871,2025-09-04,C0068,P1011,3,504.77,已完成,刘洋,老客户复购
O003872,2025-10-21,C0006,P1012,3,359.99,已完成,李娜,老客户复购
O003873,2025-04-25,C0053,P1010,9,619.95,已完成,刘洋,展会线索
O003874,2025-06-17,C0033,P1004,6,684.09,已完成,刘洋,直销
O003875,2025-10-14,C0108,P1010,14,614.74,已完成,赵磊,经销
O003876,2025-04-27,C0040,P1003,16,1603.85,已完成,张伟,经销
O003877,2025-04-23,C0090,P1011,30,508.75,已完成,王强,经销
O003878,2025-06-08,C0041,P1012,34,375.3,已完成,陈敏,经销
O003879,2025-12-22,C0084,P1003,14,1665.38,已完成,张伟,老客户复购
O003880,2025-05-12,C0051,P1006,3,2402.91,已完成,王强,直销
O003881,2025-02-27,C0085,P1012,31,362.34,已完成,赵磊,直销
O003882,2025-03-01,C0116,P1012,18,382.09,已完成,陈敏,直销
O003883,2025-02-11,C0045,P1008,30,671.6,已完成,张伟,经销
O003884,2025-04-06,C0042,P1012,27,369.77,已完成,李娜,老客户复购
O003885,2025-04-04,C0112,P1013,6,176.59,已完成,张伟,经销
O003886,2025-02-07,C0083,P1010,19,624.15,已完成,李娜,老客户复购
O003887,2025-04-09,C0049,P1001,9,760.59,已完成,刘洋,经销
O003888,2025-11-21,C0033,P1004,10,703.94,已完成,刘洋,经销
O003889,2025-03-11,C0113,P1004,3,664.88,已完成,刘洋,经销
O003890,2025-10-19,C0092,P1011,8,480.91,已完成,陈敏,老客户复购
O003891,2025-03-27,C0021,P1012,15,338.66,已完成,李娜,老客户复购
O003892,2025-06-02,C0015,P1009,32,676.55,已完成,李娜,老客户复购
O003893,2025-12-01,C0074,P1005,2,1412.79,已完成,李娜,老客户复购
O003894,2025-08-21,C0025,P1009,6,631.53,已完成,陈敏,老客户复购
O003895,2025-08-08,C0015,P1009,32,650.81,已完成,王强,老客户复购
O003896,2025-04-23,C0054,P1006,12,2370.06,已完成,刘洋,展会线索
O003897,2025-01-25,C0069,P1003,11,1482.35,已完成,刘洋,经销
O003898,2025-11-15,C0034,P1009,43,675.33,已完成,赵磊,展会线索
O003899,2025-12-27,C0099,P1006,7,2252.26,已完成,赵磊,经销
O003900,2025-07-12,C0116,P1009,41,683.65,退货,陈敏,老客户复购
O003901,2025-08-13,C0003,P1001,7,801.02,已完成,刘洋,老客户复购
O003902,2025-04-17,C0076,P1003,6,1427.11,已完成,刘洋,老客户复购
O003903,2025-09-10,C0083,P1010,42,617.14,已完成,李娜,老客户复购
O003904,2025-07-06,C0080,P1009,31,698.78,已完成,王强,直销
O003905,2025-02-18,C0092,P1008,28,717.32,已取消,赵磊,经销
O003906,2025-02-26,C0079,P1006,4,2339.37,已完成,陈敏,老客户复购
O003907,2025-08-19,C0040,P1005,7,1485.44,已完成,陈敏,直销
O003908,2025-03-11,C0089,P1009,4,613.35,已完成,张伟,老客户复购
O003909,2025-01-04,C0099,P1015,107,82.8,已完成,张伟,经销
O003910,2025-08-24,C0081,P1010,31,563.23,已完成,王强,老客户复购
O003911,2025-09-03,C0050,P1014,70,41.61,已完成,张伟,经销
O003912,2025-03-02,C0004,P1002,12,983.4,已完成,王强,经销
O003913,2025-03-03,C0074,P1004,16,693.13,已完成,李娜,直销
O003914,2025-10-24,C0095,P1012,14,374.46,已完成,赵磊,展会线索
O003915,2025-12-07,C0037,P1007,14,956.68,已完成,刘洋,展会线索
O003916,2025-09-18,C0066,P1007,2,1058.66,已完成,陈敏,经销
O003917,2025-05-24,C0057,P1012,14,351.22,已完成,王强,老客户复购
O003918,2025-11-28,C0114,P1007,7,1067.17,已完成,陈敏,老客户复购
O003919,2025-03-02,C0108,P1006,7,2330.7,已完成,李娜,直销
O003920,2025-06-06,C0021,P1013,14,165.01,已完成,王强,展会线索
O003921,2025-02-14,C0081,P1013,40,163.02,已完成,李娜,经销
O003922,2025-01-08,C0040,P1002,14,1020.39,已取消,赵磊,经销
O003923,2025-03-27,C0023,P1007,10,943.65,已取消,赵磊,经销
O003924,2025-02-19,C0100,P1003,15,1480.52,已完成,王强,直销
O003925,2025-04-03,C0051,P1016,41,97.59,退货,王强,经销
O003926,2025-10-30,C0020,P1001,15,696.62,已完成,陈敏,展会线索
O003927,2025-11-13,C0082,P1005,11,1348.18,已完成,张伟,经销
O003928,2025-11-19,C0003,P1011,23,508.85,已完成,李娜,老客户复购
O003929,2025-04-16,C0075,P1002,11,1071.48,已完成,李娜,经销
O003930,2025-05-07,C0021,P1003,13,1562.41,已完成,陈敏,直销
O003931,2025-06-21,C0007,P1003,10,1684.27,已完成,李娜,老客户复购
O003932,2025-10-28,C0022,P1002,5,1039.85,已完成,李娜,老客户复购
O003933,2025-09-04,C0067,P1004,3,683.22,已完成,赵磊,展会线索
O003934,2025-05-05,C0099,P1001,2,727.65,已完成,陈敏,展会线索
O003935,2025-07-14,C0032,P1001,6,794.81,已完成,刘洋,经销
O003936,2025-02-07,C0034,P1014,35,40.39,已完成,张伟,展会线索
O003937,2025-02-11,C0099,P1009,33,667.94,已完成,李娜,展会线索
O003938,2025-08-20,C0012,P1014,33,41.52,已完成,王强,展会线索
O003939,2025-08-04,C0028,P1010,29,536.71,已完成,赵磊,直销
O003940,2025-09-11,C0080,P1005,1,1373.86,已完成,刘洋,直销
O003941,2025-05-13,C0022,P1006,13,2312.36,已完成,赵磊,经销
O003942,2025-04-01,C0045,P1010,26,597.99,已完成,王强,老客户复购
O003943,2025-09-28,C0026,P1012,22,348.25,已完成,张伟,展会线索
O003944,2025-08-28,C0062,P1006,7,2300.17,已完成,刘洋,经销
O003945,2025-11-23,C0042,P1004,10,717.32,已完成,李娜,直销
O003946,2025-08-10,C0092,P1008,31,700.41,已完成,陈敏,直销
O003947,2025-05-30,C0038,P1012,24,382.26,已完成,刘洋,经销
O003948,2025-10-10,C0082,P1015,19,76.47,已完成,王强,老客户复购
O003949,2025-12-03,C0056,P1011,36,479.17,已完成,陈敏,直销
O003950,2025-12-24,C0011,P1008,36,641.45,已完成,陈敏,经销
O003951,2025-05-08,C0029,P1013,35,168.91,已完成,刘洋,直销
O003952,2025-10-22,C0065,P1006,12,2369.98,已完成,张伟,老客户复购
O003953,2025-11-05,C0109,P1002,3,947.98,已完成,张伟,展会线索
O003954,2025-06-23,C0070,P1015,15,84.15,已完成,张伟,经销
O003955,2025-01-29,C0088,P1003,14,1550.84,已完成,赵磊,展会线索
O003956,2025-06-15,C0088,P1010,22,588.94,已完成,张伟,展会线索
O003957,2025-09-03,C0039,P1002,15,996.84,已完成,刘洋,展会线索
O003958,2025-08-20,C0091,P1001,1,740.9,已完成,张伟,老客户复购
O003959,2025-07-26,C0119,P1009,7,642.25,已完成,刘洋,直销
O003960,2025-07-18,C0037,P1013,16,161.89,已完成,陈敏,老客户复购
O003961,2025-02-15,C0086,P1013,23,164.95,已完成,刘洋,老客户复购
O003962,2025-08-07,C0033,P1007,3,1067.72,已完成,王强,直销
O003963,2025-02-08,C0013,P1005,16,1338.87,已完成,陈敏,展会线索
O003964,2025-01-12,C0018,P1009,15,632.52,已完成,张伟,经销
O003965,2025-02-17,C0050,P1006,16,2475.63,已完成,刘洋,老客户复购
O003966,2025-01-19,C0057,P1002,16,996.65,已完成,赵磊,展会线索
O003967,2025-08-27,C0040,P1004,4,698.59,已完成,陈敏,老客户复购
O003968,2025-09-28,C0102,P1013,9,173.82,已完成,陈敏,展会线索
O003969,2025-09-23,C0009,P1011,29,491.52,已完成,赵磊,老客户复购
O003970,2025-01-16,C0013,P1003,5,1568.8,已完成,王强,老客户复购
O003971,2025-12-01,C0054,P1006,17,2507.49,已完成,张伟,老客户复购
O003972,2025-01-09,C0104,P1009,24,722.42,已完成,王强,展会线索
O003973,2025-06-21,C0093,P1015,107,86.48,已完成,王强,老客户复购
O003974,2025-01-13,C0055,P1015,59,79.34,已完成,赵磊,直销
O003975,2025-11-10,C0002,P1010,18,565.06,已完成,张伟,展会线索
O003976,2025-11-17,C0028,P1006,1,2251.29,已完成,张伟,直销
O003977,2025-05-13,C0108,P1014,115,41.15,已完成,李娜,展会线索
O003978,2025-06-10,C0035,P1005,7,1470.4,已完成,王强,老客户复购
O003979,2025-11-09,C0106,P1008,15,712.95,退货,刘洋,经销
O003980,2025-08-20,C0012,P1005,8,1437.89,已完成,刘洋,展会线索
O003981,2025-11-01,C0048,P1010,34,545.0,已完成,王强,老客户复购
O003982,2025-06-24,C0003,P1006,16,2368.98,已完成,赵磊,直销
O003983,2025-03-10,C0009,P1005,1,1497.38,已完成,刘洋,直销
O003984,2025-07-05,C0079,P1015,82,76.22,已完成,刘洋,老客户复购
O003985,2025-05-07,C0075,P1014,47,41.04,已完成,张伟,经销
O003986,2025-07-22,C0118,P1005,1,1374.97,已取消,王强,直销
O003987,2025-01-29,C0012,P1013,40,176.44,已完成,陈敏,直销
O003988,2025-07-19,C0116,P1011,41,477.99,已完成,赵磊,老客户复购
O003989,2025-08-09,C0079,P1004,16,697.29,退货,赵磊,经销
O003990,2025-07-29,C0015,P1009,28,638.41,已完成,张伟,老客户复购
O003991,2025-02-07,C0084,P1012,11,373.41,已完成,李娜,展会线索
O003992,2025-09-18,C0090,P1001,7,784.23,已完成,刘洋,经销
O003993,2025-01-12,C0035,P1002,1,1032.58,已完成,刘洋,直销
O003994,2025-10-20,C0075,P1012,21,350.32,已完成,李娜,老客户复购
O003995,2025-05-09,C0062,P1010,24,550.8,已完成,陈敏,经销
O003996,2025-08-07,C0031,P1012,20,361.62,已完成,陈敏,经销
O003997,2025-08-17,C0013,P1009,10,655.64,已完成,陈敏,老客户复购
O003998,2025-08-03,C0075,P1004,6,677.46,已完成,李娜,直销
O003999,2025-10-18,C0009,P1006,15,2400.2,已完成,李娜,直销
O004000,2025-02-06,C0111,P1009,19,627.41,已完成,刘洋,展会线索
O004001,2025-10-21,C0117,P1011,28,466.28,已完成,刘洋,老客户复购
O004002,2025-05-30,C0059,P1014,70,36.99,已完成,陈敏,直销
O004003,2025-11-13,C0105,P1012,33,348.82,已完成,王强,老客户复购
O004004,2025-02-05,C0020,P1013,16,167.4,已完成,李娜,展会线索
O004005,2025-01-06,C0031,P1008,12,704.29,已完成,陈敏,经销
O004006,2025-05-15,C0075,P1013,22,164.21,已完成,李娜,展会线索
O004007,2025-07-30,C0040,P1001,2,777.66,已完成,张伟,直销
O004008,2025-10-09,C0078,P1012,14,359.31,已完成,赵磊,老客户复购
O004009,2025-01-08,C0043,P1005,7,1436.3,已完成,刘洋,老客户复购
O004010,2025-04-28,C0116,P1013,40,172.56,已完成,王强,展会线索
O004011,2025-10-13,C0035,P1009,10,717.79,已完成,张伟,经销
O004012,2025-02-04,C0025,P1007,8,907.08,已完成,李娜,老客户复购
O004013,2025-01-13,C0028,P1005,8,1324.39,已完成,陈敏,直销
O004014,2025-10-17,C0046,P1009,6,703.57,已完成,王强,展会线索
O004015,2025-04-27,C0020,P1012,9,349.54,退货,陈敏,经销
O004016,2025-04-08,C0059,P1006,5,2243.8,已完成,张伟,直销
O004017,2025-06-13,C0053,P1006,10,2358.22,已完成,李娜,直销
O004018,2025-09-06,C0031,P1012,19,350.25,已完成,李娜,经销
O004019,2025-07-17,C0038,P1006,7,2443.91,已完成,刘洋,展会线索
O004020,2025-06-15,C0029,P1011,13,474.14,已完成,王强,经销
O004021,2025-11-04,C0081,P1003,12,1600.45,已完成,赵磊,老客户复购
O004022,2025-11-29,C0120,P1009,32,649.15,已完成,王强,直销
O004023,2025-08-04,C0056,P1004,4,669.16,已完成,刘洋,老客户复购
O004024,2025-06-30,C0084,P1008,27,733.68,已完成,赵磊,展会线索
O004025,2025-10-01,C0031,P1003,17,1499.03,已完成,陈敏,展会线索
O004026,2025-05-23,C0027,P1004,9,686.17,已完成,王强,展会线索
O004027,2025-10-19,C0097,P1011,22,470.43,已完成,李娜,展会线索
O004028,2025-08-15,C0065,P1011,42,452.69,已完成,赵磊,老客户复购
O004029,2025-09-17,C0100,P1011,42,495.15,已完成,刘洋,经销
O004030,2025-07-26,C0107,P1002,11,935.88,已完成,张伟,展会线索
O004031,2025-08-26,C0021,P1011,11,436.79,已完成,陈敏,展会线索
O004032,2025-03-17,C0047,P1002,17,930.22,已完成,刘洋,直销
O004033,2025-03-23,C0025,P1001,6,728.56,已完成,李娜,直销
O004034,2025-03-06,C0040,P1008,33,733.2,已完成,刘洋,展会线索
O004035,2025-07-25,C0048,P1004,5,662.75,已取消,王强,经销
O004036,2025-01-16,C0074,P1001,7,798.23,已完成,刘洋,展会线索
O004037,2025-02-13,C0005,P1006,15,2335.75,已完成,王强,直销
O004038,2025-11-10,C0031,P1005,8,1328.94,已完成,刘洋,展会线索
O004039,2025-04-14,C0118,P1002,14,1016.72,已完成,李娜,经销
O004040,2025-03-19,C0113,P1003,1,1530.81,已完成,刘洋,经销
O004041,2025-12-27,C0110,P1002,11,1016.7,已完成,刘洋,经销
O004042,2025-12-24,C0101,P1004,9,711.96,已完成,王强,直销
O004043,2025-08-12,C0116,P1004,5,683.2,已完成,李娜,展会线索
O004044,2025-07-03,C0063,P1006,5,2353.31,已完成,刘洋,展会线索
O004045,2025-05-16,C0041,P1004,12,697.3,退货,李娜,展会线索
O004046,2025-01-01,C0041,P1004,8,705.54,已完成,张伟,老客户复购
O004047,2025-11-02,C0045,P1003,17,1538.92,已完成,李娜,经销
O004048,2025-12-04,C0029,P1015,61,82.15,已完成,张伟,直销
O004049,2025-11-05,C0083,P1005,16,1397.25,已完成,刘洋,展会线索
O004050,2025-10-28,C0088,P1006,9,2380.58,已完成,陈敏,展会线索
O004051,2025-06-18,C0079,P1016,45,94.34,已完成,陈敏,老客户复购
O004052,2025-03-29,C0018,P1011,4,441.24,已完成,赵磊,直销
O004053,2025-10-05,C0004,P1010,8,585.87,已完成,赵磊,直销
O004054,2025-08-15,C0086,P1008,37,671.59,已完成,刘洋,直销
O004055,2025-07-02,C0096,P1007,1,1015.47,已完成,陈敏,直销
O004056,2025-06-06,C0091,P1011,9,484.37,已完成,刘洋,展会线索
O004057,2025-11-13,C0113,P1012,7,330.68,已完成,张伟,直销
O004058,2025-03-24,C0003,P1001,16,797.89,已完成,王强,直销
O004059,2025-05-29,C0083,P1003,11,1576.9,已完成,王强,展会线索
O004060,2025-08-20,C0105,P1005,5,1317.18,已完成,李娜,经销
O004061,2025-06-01,C0094,P1004,7,708.98,已完成,李娜,老客户复购
O004062,2025-09-19,C0056,P1011,7,468.7,已完成,刘洋,直销
O004063,2025-07-13,C0037,P1011,30,444.22,已完成,刘洋,展会线索
O004064,2025-12-25,C0053,P1005,12,1435.55,已完成,王强,老客户复购
O004065,2025-04-02,C0023,P1005,1,1433.6,已完成,陈敏,老客户复购
O004066,2025-03-05,C0082,P1007,12,976.78,已完成,刘洋,老客户复购
O004067,2025-07-26,C0025,P1004,14,659.26,已完成,赵磊,直销
O004068,2025-04-15,C0092,P1009,22,719.76,已完成,李娜,老客户复购
O004069,2025-01-10,C0044,P1007,7,992.4,已完成,王强,老客户复购
O004070,2025-03-23,C0112,P1004,10,734.92,已完成,王强,经销
O004071,2025-01-17,C0007,P1012,22,381.74,已完成,王强,展会线索
O004072,2025-04-19,C0100,P1003,17,1582.56,已完成,刘洋,老客户复购
O004073,2025-12-01,C0026,P1014,47,37.74,已完成,刘洋,经销
O004074,2025-01-20,C0106,P1008,42,692.98,已完成,王强,展会线索
O004075,2025-10-20,C0090,P1016,107,101.1,已完成,李娜,直销
O004076,2025-08-18,C0048,P1016,108,98.87,已完成,赵磊,老客户复购
O004077,2025-06-18,C0019,P1007,17,1018.01,已完成,张伟,老客户复购
O004078,2025-10-03,C0044,P1015,32,84.6,已完成,赵磊,展会线索
O004079,2025-02-15,C0096,P1006,17,2116.18,已完成,李娜,老客户复购
O004080,2025-10-11,C0011,P1001,6,759.91,已完成,赵磊,老客户复购
O004081,2025-01-14,C0080,P1003,2,1623.15,已完成,陈敏,展会线索
O004082,2025-09-09,C0055,P1010,17,602.91,已完成,赵磊,展会线索
O004083,2025-01-08,C0027,P1012,32,377.73,已完成,陈敏,直销
O004084,2025-05-06,C0111,P1015,38,74.4,已完成,张伟,老客户复购
O004085,2025-09-20,C0056,P1011,15,475.85,已完成,李娜,经销
O004086,2025-03-02,C0008,P1003,11,1573.78,已完成,赵磊,直销
O004087,2025-09-16,C0084,P1010,22,594.17,已完成,王强,展会线索
O004088,2025-09-06,C0095,P1007,17,1009.73,已完成,刘洋,直销
O004089,2025-11-23,C0067,P1008,43,743.83,已完成,赵磊,经销
O004090,2025-12-14,C0117,P1001,7,779.36,已完成,王强,直销
O004091,2025-10-18,C0081,P1015,74,80.96,已完成,张伟,老客户复购
O004092,2025-09-16,C0105,P1005,17,1436.28,已完成,王强,直销
O004093,2025-11-18,C0006,P1008,11,651.75,退货,张伟,展会线索
O004094,2025-10-22,C0079,P1002,9,952.54,已完成,李娜,经销
O004095,2025-04-16,C0021,P1012,32,347.38,已完成,刘洋,经销
O004096,2025-04-19,C0116,P1003,17,1546.88,已完成,刘洋,经销
O004097,2025-07-13,C0020,P1007,10,930.1,已完成,刘洋,展会线索
O004098,2025-12-25,C0062,P1014,76,36.34,已完成,赵磊,老客户复购
O004099,2025-06-17,C0016,P1016,78,98.84,已完成,张伟,经销
O004100,2025-03-17,C0076,P1012,31,333.04,已完成,张伟,经销
O004101,2025-10-05,C0109,P1010,12,538.06,已完成,张伟,经销
O004102,2025-01-20,C0037,P1001,9,721.99,已完成,赵磊,展会线索
O004103,2025-10-27,C0044,P1012,21,359.48,已完成,赵磊,直销
O004104,2025-09-29,C0072,P1003,15,1598.77,已完成,刘洋,直销
O004105,2025-08-17,C0010,P1009,4,628.44,已完成,张伟,展会线索
O004106,2025-08-05,C0019,P1013,28,172.56,已完成,李娜,直销
O004107,2025-11-20,C0017,P1003,13,1543.28,已完成,李娜,展会线索
O004108,2025-11-20,C0031,P1009,20,637.31,已完成,张伟,展会线索
O004109,2025-08-26,C0115,P1006,1,2355.22,已完成,张伟,展会线索
O004110,2025-03-07,C0029,P1012,4,372.48,已完成,李娜,展会线索
O004111,2025-09-29,C0042,P1006,3,2478.53,退货,王强,展会线索
O004112,2025-02-06,C0103,P1008,43,720.66,已完成,陈敏,经销
O004113,2025-09-15,C0100,P1003,1,1506.61,已完成,陈敏,老客户复购
O004114,2025-09-14,C0048,P1003,2,1485.24,已取消,王强,老客户复购
O004115,2025-04-09,C0042,P1016,31,102.09,已完成,李娜,老客户复购
O004116,2025-08-05,C0021,P1004,4,625.72,已完成,赵磊,老客户复购
O004117,2025-06-02,C0095,P1007,8,992.22,已完成,张伟,经销
O004118,2025-07-02,C0027,P1003,5,1650.85,已完成,王强,展会线索
O004119,2025-11-27,C0030,P1016,76,99.53,已完成,李娜,直销
O004120,2025-08-27,C0027,P1015,29,81.83,已完成,刘洋,老客户复购
O004121,2025-09-17,C0027,P1009,32,731.16,已完成,陈敏,老客户复购
O004122,2025-11-21,C0064,P1011,32,449.71,已完成,赵磊,经销
O004123,2025-08-14,C0014,P1013,33,155.89,已完成,张伟,经销
O004124,2025-12-05,C0111,P1009,5,639.59,已完成,赵磊,老客户复购
O004125,2025-12-11,C0116,P1008,28,756.72,已完成,赵磊,展会线索
O004126,2025-10-21,C0040,P1005,3,1469.41,已完成,王强,经销
O004127,2025-12-23,C0012,P1012,30,370.77,已完成,李娜,老客户复购
O004128,2025-10-08,C0036,P1009,25,695.36,已完成,陈敏,经销
O004129,2025-12-13,C0117,P1012,3,324.03,已完成,赵磊,经销
O004130,2025-03-21,C0100,P1002,9,947.9,已完成,赵磊,展会线索
O004131,2025-05-16,C0027,P1008,19,718.95,已完成,陈敏,老客户复购
O004132,2025-03-14,C0097,P1010,30,563.97,已完成,王强,展会线索
O004133,2025-10-19,C0035,P1005,12,1423.05,已取消,王强,老客户复购
O004134,2025-09-02,C0098,P1012,34,337.32,已完成,王强,老客户复购
O004135,2025-03-24,C0045,P1008,32,723.5,已完成,王强,展会线索
O004136,2025-03-08,C0087,P1008,12,700.19,已完成,赵磊,展会线索
O004137,2025-01-17,C0028,P1006,11,2229.19,已完成,张伟,展会线索
O004138,2025-03-29,C0003,P1004,3,723.92,已完成,陈敏,老客户复购
O004139,2025-06-29,C0016,P1004,10,726.66,已完成,李娜,展会线索
O004140,2025-06-07,C0020,P1015,47,75.65,已完成,张伟,经销
O004141,2025-09-14,C0009,P1004,10,688.48,已完成,刘洋,老客户复购
O004142,2025-12-29,C0067,P1015,81,86.8,已完成,王强,直销
O004143,2025-10-27,C0088,P1012,32,379.85,已完成,陈敏,老客户复购
O004144,2025-11-03,C0025,P1006,6,2266.84,已完成,刘洋,经销
O004145,2025-12-04,C0080,P1012,40,377.25,已完成,赵磊,展会线索
O004146,2025-11-25,C0112,P1011,39,483.7,已完成,张伟,直销
O004147,2025-07-08,C0056,P1007,17,1008.54,已完成,王强,展会线索
O004148,2025-01-23,C0045,P1001,17,747.62,已取消,赵磊,展会线索
O004149,2025-10-10,C0066,P1013,28,174.16,已取消,张伟,展会线索
O004150,2025-09-28,C0038,P1004,11,724.71,已完成,刘洋,展会线索
O004151,2025-07-19,C0055,P1008,34,736.31,已完成,赵磊,展会线索
O004152,2025-07-08,C0074,P1007,17,1008.93,已完成,张伟,老客户复购
O004153,2025-09-26,C0056,P1010,36,616.35,已完成,王强,展会线索
O004154,2025-11-25,C0003,P1005,7,1421.83,已取消,张伟,展会线索
O004155,2025-08-04,C0028,P1009,32,648.85,已完成,刘洋,直销
O004156,2025-12-15,C0040,P1001,3,771.75,已完成,刘洋,展会线索
O004157,2025-07-20,C0015,P1009,39,646.74,已完成,李娜,老客户复购
O004158,2025-09-24,C0021,P1013,40,163.61,已完成,赵磊,直销
O004159,2025-03-02,C0061,P1010,5,627.85,已完成,王强,老客户复购
O004160,2025-02-08,C0098,P1016,106,92.01,已完成,王强,直销
O004161,2025-10-19,C0049,P1015,72,81.17,已完成,张伟,老客户复购
O004162,2025-04-14,C0061,P1001,6,761.35,已取消,王强,展会线索
O004163,2025-05-01,C0061,P1010,34,586.13,已完成,李娜,经销
O004164,2025-03-11,C0102,P1006,7,2401.13,已完成,李娜,展会线索
O004165,2025-08-03,C0045,P1003,3,1476.83,已完成,李娜,老客户复购
O004166,2025-11-30,C0079,P1013,29,159.69,已完成,刘洋,直销
O004167,2025-09-07,C0050,P1014,114,40.67,已完成,刘洋,展会线索
O004168,2025-11-25,C0105,P1001,8,726.32,已完成,陈敏,直销
O004169,2025-06-28,C0067,P1013,13,163.57,已完成,张伟,老客户复购
O004170,2025-09-04,C0100,P1016,19,100.83,已完成,陈敏,直销
O004171,2025-10-06,C0026,P1010,4,586.44,已取消,王强,展会线索
O004172,2025-09-29,C0080,P1006,17,2322.19,已完成,王强,直销
O004173,2025-04-20,C0060,P1005,4,1362.03,已完成,赵磊,直销
O004174,2025-03-25,C0015,P1016,29,90.02,退货,张伟,经销
O004175,2025-09-27,C0065,P1014,39,38.84,已完成,张伟,展会线索
O004176,2025-09-12,C0116,P1003,16,1565.73,已完成,李娜,直销
O004177,2025-12-30,C0074,P1012,3,355.89,已完成,陈敏,老客户复购
O004178,2025-01-31,C0044,P1006,2,2458.01,已完成,刘洋,经销
O004179,2025-02-22,C0091,P1011,13,441.14,已完成,张伟,经销
O004180,2025-04-20,C0018,P1013,24,168.26,已完成,王强,展会线索
O004181,2025-01-05,C0062,P1014,69,37.64,已完成,刘洋,展会线索
O004182,2025-02-24,C0090,P1005,3,1481.64,已完成,陈敏,老客户复购
O004183,2025-04-14,C0062,P1003,1,1542.41,已完成,陈敏,直销
O004184,2025-08-14,C0009,P1009,6,724.29,已完成,王强,展会线索
O004185,2025-09-30,C0107,P1010,14,559.17,已完成,李娜,老客户复购
O004186,2025-01-20,C0051,P1013,30,165.3,已完成,刘洋,经销
O004187,2025-01-13,C0047,P1013,10,160.6,已完成,赵磊,老客户复购
O004188,2025-08-12,C0064,P1012,17,343.77,已完成,刘洋,经销
O004189,2025-07-07,C0090,P1013,41,167.55,已完成,李娜,经销
O004190,2025-06-08,C0082,P1004,13,619.89,已完成,张伟,直销
O004191,2025-12-04,C0018,P1011,44,436.77,已完成,张伟,经销
O004192,2025-08-05,C0079,P1013,12,161.19,已完成,张伟,老客户复购
O004193,2025-10-09,C0021,P1011,4,491.93,已完成,李娜,经销
O004194,2025-02-25,C0040,P1013,7,164.02,已完成,李娜,展会线索
O004195,2025-09-28,C0045,P1013,8,167.69,退货,李娜,经销
O004196,2025-04-25,C0023,P1010,33,612.46,已完成,张伟,经销
O004197,2025-07-27,C0026,P1009,10,694.75,已完成,陈敏,直销
O004198,2025-07-04,C0092,P1012,39,356.87,已完成,陈敏,直销
O004199,2025-08-10,C0036,P1010,21,629.08,已完成,刘洋,经销
O004200,2025-06-19,C0107,P1003,3,1568.05,已完成,陈敏,展会线索
