order_id,order_date,customer_id,product_id,quantity,unit_price,order_status,sales_person,channel,product_name,category,unit_cost,standard_price,supplier,customer_name,region,province,customer_type,credit_level,material_cost,labor_cost,manufacturing_cost,logistics_cost,other_cost,revenue,total_cost,profit,gross_margin_rate,order_month
O000001,2025-11-03,C0083,P1007,4,1070.79,已完成,刘洋,经销,变频控制器A型,控制器类,780,1044.88,南通华科,浙江客户083,华东,山东,终端工厂,B,2042.94,558.11,485.5,209.96,30.56,4283.16,3327.07,956.0899999999997,0.22322070620756632,2025-11
O000002,2025-12-12,C0013,P1011,9,461.15,已完成,刘洋,经销,铝合金支架,机加工件,393,502.7,无锡智造,湖北客户013,华中,湖北,设备集成商,B,2508.18,494.2,356.39,119.1,52.45,4150.349999999999,3530.3199999999993,620.0300000000002,0.1493922199332587,2025-12
O000003,2025-03-22,C0033,P1010,4,608.12,已完成,王强,直销,联轴器套件,传动部件,456,621.63,上海工控,江苏客户033,华东,浙江,终端工厂,B,1150.62,277.72,272.08,68.64,25.03,2432.48,1794.09,638.3900000000001,0.2624440899822404,2025-03
O000004,2025-07-10,C0103,P1007,10,1066.34,已完成,赵磊,直销,变频控制器A型,控制器类,780,1044.88,南通华科,上海客户103,华东,上海,终端工厂,A,5100.27,1368.01,802.82,326.06,95.64,10663.4,7692.800000000001,2970.5999999999985,0.27857906483860667,2025-07
O000005,2025-08-03,C0064,P1015,94,75.25,已完成,陈敏,老客户复购,传感器支架,配套耗材,70,84.31,苏州精工,江苏客户064,华东,浙江,经销商,B,4667.73,827.52,820.44,206.82,129.63,7073.5,6652.14,421.3599999999997,0.05956881317593832,2025-08
O000006,2025-08-05,C0035,P1008,43,718.69,已完成,刘洋,老客户复购,精密齿轮箱,传动部件,523,743.47,上海工控,江苏客户035,华东,浙江,终端工厂,A,14427.8,3568.86,2430.26,1495.4,429.41,30903.670000000002,22351.73,8551.940000000002,0.2767289451382312,2025-08
O000007,2025-01-09,C0094,P1003,11,1567.33,已完成,陈敏,展会线索,步进电机A型,电机类,1120,1636.22,常州机电,安徽客户094,华东,安徽,终端工厂,A,8409.95,1799.05,1485.02,386.94,242.4,17240.629999999997,12323.36,4917.269999999997,0.28521405540284767,2025-01
O000008,2025-09-18,C0112,P1010,30,632.62,已完成,王强,展会线索,联轴器套件,传动部件,456,621.63,上海工控,广东客户112,华南,福建,终端工厂,A,9787.44,1936.92,2092.9,383.5,361.39,18978.6,14562.15,4416.449999999999,0.23270683822832028,2025-09
O000009,2025-02-17,C0045,P1010,39,614.62,已完成,陈敏,经销,联轴器套件,传动部件,456,621.63,上海工控,安徽客户045,华东,江苏,设备集成商,A,11649.38,2539.26,2272.27,962.13,378.6,23970.18,17801.64,6168.540000000001,0.2573422477428205,2025-02
O000010,2025-08-15,C0016,P1011,3,505.19,已完成,刘洋,老客户复购,铝合金支架,机加工件,393,502.7,无锡智造,北京客户016,华北,天津,终端工厂,B,787.52,178.49,120.02,38.87,15.44,1515.57,1140.34,375.23,0.24758341746009754,2025-08
O000011,2025-10-10,C0064,P1006,10,2160.22,已完成,赵磊,展会线索,PLC控制器增强版,控制器类,1773,2443.12,苏州精工,江苏客户064,华东,浙江,经销商,B,11983.22,2721.52,2528.19,866.16,184.23,21602.199999999997,18283.32,3318.8799999999974,0.15363620371999137,2025-10
O000012,2025-08-29,C0039,P1007,5,950.05,已完成,刘洋,老客户复购,变频控制器A型,控制器类,780,1044.88,南通华科,湖北客户039,华中,河南,经销商,B,3451.27,472.59,557.58,88.22,75.74,4750.25,4645.400000000001,104.84999999999945,0.022072522498815736,2025-08
O000013,2025-02-05,C0114,P1009,24,724.78,已完成,李娜,直销,同步带轮组件,传动部件,565,711.1,南通华科,江苏客户114,华东,安徽,终端工厂,B,9000.12,2189.13,1385.59,396.97,247.82,17394.72,13219.63,4175.090000000002,0.2400205349669326,2025-02
O000014,2025-05-14,C0056,P1003,11,1530.9,已完成,陈敏,经销,步进电机A型,电机类,1120,1636.22,常州机电,山东客户056,华东,山东,设备集成商,A,8682.17,1760.11,1423.28,558.34,241.4,16839.9,12665.300000000001,4174.6,0.2478993343190874,2025-05
O000015,2025-07-09,C0014,P1003,13,1556.17,已完成,赵磊,展会线索,步进电机A型,电机类,1120,1636.22,常州机电,江苏客户014,华东,上海,设备集成商,B,9638.87,2513.09,1913.28,328.82,168.84,20230.21,14562.900000000001,5667.309999999998,0.28014093773618753,2025-07
O000016,2025-05-17,C0060,P1011,44,468.68,已完成,陈敏,老客户复购,铝合金支架,机加工件,393,502.7,无锡智造,广西客户060,华南,广东,设备集成商,A,11500.3,2798.94,1957.2,1013.96,201.65,20621.920000000002,17472.050000000003,3149.869999999999,0.15274377943469855,2025-05
O000017,2025-04-06,C0067,P1006,17,2352.36,已完成,李娜,老客户复购,PLC控制器增强版,控制器类,1773,2443.12,苏州精工,福建客户067,华南,广东,终端工厂,A,20292.37,3651.22,4614.39,1703.95,317.2,39990.12,30579.13,9410.990000000002,0.23533287722067353,2025-04
O000018,2025-04-23,C0019,P1016,68,100.78,已完成,王强,老客户复购,密封圈套装,配套耗材,83,101.3,苏州精工,湖北客户019,华中,河南,终端工厂,B,4026.0,784.24,798.8,299.23,110.43,6853.04,6018.700000000001,834.3399999999992,0.12174742887827873,2025-04
O000019,2025-08-12,C0110,P1003,2,1616.23,已完成,刘洋,老客户复购,步进电机A型,电机类,1120,1636.22,常州机电,云南客户110,西南,云南,终端工厂,A,2053.76,384.96,357.68,69.15,30.94,3232.46,2896.4900000000002,335.9699999999998,0.10393632094441997,2025-08
O000020,2025-09-04,C0081,P1012,19,336.25,已完成,赵磊,经销,不锈钢轴套,机加工件,315,371.9,南通华科,安徽客户081,华东,江苏,经销商,B,4149.43,910.18,625.05,284.02,124.03,6388.75,6092.71,296.03999999999996,0.04633770299354333,2025-09
O000021,2025-07-17,C0049,P1013,18,155.38,已完成,刘洋,展会线索,CNC定制件,机加工件,138,172.93,南通华科,江苏客户049,华东,山东,经销商,C,1640.81,331.59,251.28,65.18,43.35,2796.84,2332.2099999999996,464.63000000000056,0.1661267716422822,2025-07
O000022,2025-12-15,C0104,P1005,4,1373.16,已完成,李娜,展会线索,PLC控制器标准版,控制器类,980,1458.49,苏州精工,安徽客户104,华东,安徽,终端工厂,B,2787.74,492.39,522.13,216.1,50.23,5492.64,4068.5899999999997,1424.0500000000006,0.2592651256954762,2025-12
O000023,2025-12-18,C0013,P1015,49,77.04,已完成,陈敏,展会线索,传感器支架,配套耗材,70,84.31,苏州精工,湖北客户013,华中,湖北,设备集成商,B,2322.07,558.8,515.4,116.41,61.22,3774.9600000000005,3573.8999999999996,201.06000000000085,0.05326149151249307,2025-12
O000024,2025-05-31,C0065,P1011,9,481.62,已完成,张伟,老客户复购,铝合金支架,机加工件,393,502.7,无锡智造,安徽客户065,华东,山东,经销商,B,2299.68,469.65,393.45,119.46,24.01,4334.58,3306.25,1028.33,0.23723867133609253,2025-05
O000025,2025-03-01,C0033,P1016,21,100.31,已完成,刘洋,经销,密封圈套装,配套耗材,83,101.3,苏州精工,江苏客户033,华东,浙江,终端工厂,B,1129.99,277.37,242.06,37.02,19.61,2106.51,1706.05,400.46000000000026,0.1901059097749359,2025-03
O000026,2025-08-21,C0044,P1011,5,511.28,已完成,赵磊,老客户复购,铝合金支架,机加工件,393,502.7,无锡智造,安徽客户044,华东,安徽,终端工厂,A,1330.22,273.36,245.78,102.12,13.14,2556.3999999999996,1964.6200000000001,591.7799999999995,0.23148959474260664,2025-08
O000027,2025-04-26,C0011,P1003,6,1521.16,已完成,赵磊,老客户复购,步进电机A型,电机类,1120,1636.22,常州机电,上海客户011,华东,上海,经销商,A,4352.14,863.8,723.45,443.26,97.19,9126.960000000001,6479.84,2647.120000000001,0.2900330449569189,2025-04
O000028,2025-04-09,C0118,P1004,14,708.91,已完成,刘洋,老客户复购,减速电机C型,电机类,541,716.52,苏州精工,浙江客户118,华东,浙江,终端工厂,B,5095.1,1242.36,778.96,232.59,173.51,9924.74,7522.52,2402.2199999999993,0.24204362028627444,2025-04
O000029,2025-06-18,C0023,P1001,14,771.9,已完成,陈敏,老客户复购,伺服电机A型,电机类,522,799.93,南通华科,江苏客户023,华东,浙江,设备集成商,B,5160.9,1040.49,895.17,448.38,101.86,10806.6,7646.799999999999,3159.800000000001,0.2923953880036275,2025-06
O000030,2025-05-15,C0087,P1004,16,679.57,已完成,李娜,直销,减速电机C型,电机类,541,716.52,苏州精工,山东客户087,华东,江苏,终端工厂,A,5468.08,1172.47,1066.77,182.96,132.44,10873.12,8022.719999999999,2850.4000000000015,0.2621510661153377,2025-05
O000031,2025-08-26,C0072,P1016,60,99.22,已完成,王强,直销,密封圈套装,配套耗材,83,101.3,苏州精工,云南客户072,西南,云南,设备集成商,A,3456.12,751.11,519.48,181.01,93.07,5953.2,5000.789999999999,952.4100000000008,0.15998286635758932,2025-08
O000032,2025-10-13,C0079,P1010,35,588.49,已完成,刘洋,经销,联轴器套件,传动部件,456,621.63,上海工控,安徽客户079,华东,浙江,经销商,A,9987.92,1972.51,1950.89,449.51,391.79,20597.15,14752.62,5844.530000000001,0.2837543058141539,2025-10
O000033,2025-02-04,C0094,P1001,12,819.64,已完成,刘洋,展会线索,伺服电机A型,电机类,522,799.93,南通华科,安徽客户094,华东,安徽,终端工厂,A,4247.83,859.67,891.28,276.6,68.67,9835.68,6344.05,3491.63,0.35499629918826153,2025-02
O000034,2025-04-09,C0091,P1015,102,82.29,已完成,赵磊,老客户复购,传感器支架,配套耗材,70,84.31,苏州精工,广东客户091,华南,广东,经销商,A,4596.18,1132.15,736.22,206.01,68.2,8393.58,6738.76,1654.8199999999997,0.1971530622213644,2025-04
O000035,2025-04-26,C0037,P1006,1,2150.77,退货,李娜,老客户复购,PLC控制器增强版,控制器类,1773,2443.12,苏州精工,福建客户037,华南,广东,经销商,B,1134.92,285.39,265.15,86.15,31.59,2150.77,1803.2,347.56999999999994,0.16160258884027578,2025-04
O000036,2025-08-11,C0103,P1015,55,79.99,已完成,李娜,老客户复购,传感器支架,配套耗材,70,84.31,苏州精工,上海客户103,华东,上海,终端工厂,A,2739.83,475.49,423.69,129.8,46.58,4399.45,3815.39,584.06,0.13275750377888143,2025-08
O000037,2025-05-07,C0063,P1013,19,175.76,已完成,赵磊,经销,CNC定制件,机加工件,138,172.93,南通华科,福建客户063,华南,广东,终端工厂,A,1735.25,347.12,285.72,109.61,63.18,3339.4399999999996,2540.88,798.5599999999995,0.23912991399755634,2025-05
O000038,2025-02-08,C0037,P1012,37,347.12,已完成,张伟,老客户复购,不锈钢轴套,机加工件,315,371.9,南通华科,福建客户037,华南,广东,经销商,B,7682.94,1428.92,1659.32,323.51,111.44,12843.44,11206.130000000001,1637.3099999999995,0.12748220103025354,2025-02
O000039,2025-11-09,C0076,P1003,8,1563.4,已完成,李娜,展会线索,步进电机A型,电机类,1120,1636.22,常州机电,浙江客户076,华东,浙江,经销商,A,5845.74,1464.32,1336.2,445.03,123.04,12507.2,9214.330000000002,3292.869999999999,0.26327795189970565,2025-11
O000040,2025-05-23,C0046,P1002,17,981.95,已完成,张伟,老客户复购,伺服电机B型,电机类,690,1040.91,南通华科,湖南客户046,华中,湖南,终端工厂,C,7636.79,1495.09,1829.86,623.24,90.22,16693.15,11675.199999999999,5017.950000000003,0.30059934763660556,2025-05
O000041,2025-04-11,C0064,P1012,7,357.41,已完成,陈敏,老客户复购,不锈钢轴套,机加工件,315,371.9,南通华科,江苏客户064,华东,浙江,经销商,B,1513.15,323.76,349.17,109.25,18.94,2501.8700000000003,2314.27,187.60000000000036,0.07498391203379885,2025-04
O000042,2025-12-16,C0065,P1010,18,573.12,已完成,张伟,老客户复购,联轴器套件,传动部件,456,621.63,上海工控,安徽客户065,华东,山东,经销商,B,5680.03,1224.09,912.92,407.03,136.28,10316.16,8360.35,1955.8099999999995,0.1895870168744959,2025-12
O000043,2025-05-25,C0049,P1006,5,2124.79,已取消,陈敏,直销,PLC控制器增强版,控制器类,1773,2443.12,苏州精工,江苏客户049,华东,山东,经销商,C,5523.23,1407.72,1224.25,212.94,108.73,10623.95,8476.869999999999,2147.0800000000017,0.20209808969356988,2025-05
O000044,2025-05-09,C0022,P1002,2,1000.92,已完成,陈敏,展会线索,伺服电机B型,电机类,690,1040.91,南通华科,湖南客户022,华中,河南,终端工厂,A,936.45,177.09,208.61,31.95,13.1,2001.84,1367.2,634.6399999999999,0.3170283339327818,2025-05
O000045,2025-08-25,C0035,P1015,112,84.24,已完成,刘洋,直销,传感器支架,配套耗材,70,84.31,苏州精工,江苏客户035,华东,浙江,终端工厂,A,4951.83,1189.22,1075.7,274.85,88.03,9434.88,7579.63,1855.249999999999,0.1966373711165377,2025-08
O000046,2025-03-17,C0069,P1002,14,969.23,已完成,赵磊,老客户复购,伺服电机B型,电机类,690,1040.91,南通华科,山东客户069,华东,安徽,设备集成商,B,6771.0,1198.78,1128.46,222.12,70.67,13569.220000000001,9391.03,4178.1900000000005,0.30791674097700533,2025-03
O000047,2025-07-23,C0003,P1012,23,365.43,已完成,李娜,直销,不锈钢轴套,机加工件,315,371.9,南通华科,上海客户003,华东,安徽,终端工厂,A,4747.92,954.09,841.16,367.57,62.57,8404.89,6973.3099999999995,1431.58,0.170327035808916,2025-07
O000048,2025-01-23,C0007,P1015,109,79.6,已完成,陈敏,经销,传感器支架,配套耗材,70,84.31,苏州精工,福建客户007,华南,广西,终端工厂,A,5325.92,1224.64,912.45,296.12,101.22,8676.4,7860.35,816.0499999999993,0.09405398552394995,2025-01
O000049,2025-04-06,C0104,P1010,6,618.79,已完成,陈敏,展会线索,联轴器套件,传动部件,456,621.63,上海工控,安徽客户104,华东,安徽,终端工厂,B,1731.45,477.24,367.11,170.07,64.44,3712.74,2810.3100000000004,902.4299999999994,0.2430630747103216,2025-04
O000050,2025-06-09,C0114,P1009,37,709.6,已完成,王强,展会线索,同步带轮组件,传动部件,565,711.1,南通华科,江苏客户114,华东,安徽,终端工厂,B,13127.87,2768.58,2272.7,1157.26,470.93,26255.2,19797.34,6457.860000000001,0.24596498979249826,2025-06
O000051,2025-04-11,C0076,P1013,42,152.78,已完成,赵磊,直销,CNC定制件,机加工件,138,172.93,南通华科,浙江客户076,华东,浙江,经销商,A,3899.53,731.75,626.76,278.96,121.52,6416.76,5658.520000000001,758.2399999999989,0.11816555395557865,2025-04
O000052,2025-04-05,C0047,P1001,3,750.88,已完成,刘洋,直销,伺服电机A型,电机类,522,799.93,南通华科,云南客户047,西南,云南,经销商,A,1002.16,188.97,187.7,36.19,39.24,2252.64,1454.26,798.3799999999999,0.3544197031039136,2025-04
O000053,2025-03-31,C0042,P1004,7,681.15,已取消,李娜,经销,减速电机C型,电机类,541,716.52,苏州精工,重庆客户042,西南,云南,终端工厂,B,2534.08,600.28,472.2,129.18,39.73,4768.05,3775.4699999999993,992.5800000000008,0.20817315254663873,2025-03
O000054,2025-08-05,C0098,P1004,10,686.13,已完成,张伟,经销,减速电机C型,电机类,541,716.52,苏州精工,福建客户098,华南,广西,设备集成商,C,4490.59,874.97,658.09,180.03,34.43,6861.3,6238.110000000001,623.1899999999996,0.09082681124568225,2025-08
O000055,2025-04-09,C0051,P1005,7,1447.19,已完成,赵磊,直销,PLC控制器标准版,控制器类,980,1458.49,苏州精工,广西客户051,华南,广东,终端工厂,C,4680.75,1035.01,864.96,445.36,127.22,10130.33,7153.3,2977.0299999999997,0.29387295379321304,2025-04
O000056,2025-09-25,C0053,P1012,27,357.56,已完成,陈敏,展会线索,不锈钢轴套,机加工件,315,371.9,南通华科,河北客户053,华北,河北,终端工厂,A,5600.11,1102.89,1269.3,339.52,61.66,9654.12,8373.48,1280.6400000000012,0.132652173372612,2025-09
O000057,2025-03-25,C0101,P1004,17,676.98,已完成,陈敏,老客户复购,减速电机C型,电机类,541,716.52,苏州精工,湖南客户101,华中,河南,终端工厂,A,6298.93,1338.2,1367.44,542.77,161.2,11508.66,9708.54,1800.119999999999,0.15641438707894742,2025-03
O000058,2025-09-22,C0040,P1015,61,83.6,已完成,王强,老客户复购,传感器支架,配套耗材,70,84.31,苏州精工,浙江客户040,华东,江苏,终端工厂,A,2959.8,526.9,570.54,211.31,63.5,5099.599999999999,4332.05,767.5499999999993,0.1505118048474389,2025-09
O000059,2025-04-09,C0074,P1008,23,749.2,已完成,陈敏,直销,精密齿轮箱,传动部件,523,743.47,上海工控,安徽客户074,华东,浙江,终端工厂,B,8171.96,2092.29,1345.88,317.73,264.67,17231.600000000002,12192.53,5039.0700000000015,0.2924319273892152,2025-04
O000060,2025-04-19,C0113,P1016,23,92.49,已完成,王强,经销,密封圈套装,配套耗材,83,101.3,苏州精工,安徽客户113,华东,浙江,经销商,B,1340.66,326.5,264.39,93.95,32.99,2127.27,2058.4900000000002,68.77999999999975,0.03233252008442734,2025-04
O000061,2025-08-23,C0085,P1016,18,102.16,已完成,赵磊,经销,密封圈套装,配套耗材,83,101.3,苏州精工,浙江客户085,华东,山东,终端工厂,A,939.33,247.59,165.48,42.81,20.08,1838.8799999999999,1415.29,423.5899999999999,0.2303521708866266,2025-08
O000062,2025-01-07,C0052,P1003,9,1659.07,已完成,王强,经销,步进电机A型,电机类,1120,1636.22,常州机电,广西客户052,华南,广西,终端工厂,A,6566.68,1404.13,1110.37,377.55,79.06,14931.63,9537.789999999999,5393.84,0.36123584632086386,2025-01
O000063,2025-06-14,C0030,P1009,3,704.54,已完成,李娜,老客户复购,同步带轮组件,传动部件,565,711.1,南通华科,福建客户030,华南,广西,设备集成商,A,1131.06,281.57,257.19,92.4,23.77,2113.62,1785.99,327.6299999999999,0.15500894200471224,2025-06
O000064,2025-10-28,C0092,P1005,12,1444.28,已完成,赵磊,老客户复购,PLC控制器标准版,控制器类,980,1458.49,苏州精工,江苏客户092,华东,江苏,终端工厂,B,8150.18,1614.34,1215.2,670.01,255.32,17331.36,11905.050000000001,5426.3099999999995,0.3130919904727615,2025-10
O000065,2025-02-08,C0053,P1004,8,681.11,已完成,陈敏,老客户复购,减速电机C型,电机类,541,716.52,苏州精工,河北客户053,华北,河北,终端工厂,A,3030.31,679.35,473.54,244.44,78.51,5448.88,4506.15,942.7300000000005,0.17301353672681366,2025-02
O000066,2025-12-14,C0117,P1005,17,1346.78,已完成,王强,展会线索,PLC控制器标准版,控制器类,980,1458.49,苏州精工,上海客户117,华东,安徽,经销商,B,11674.68,2773.0,1963.75,403.17,175.09,22895.26,16989.69,5905.57,0.2579385427376671,2025-12
O000067,2025-02-27,C0002,P1016,70,87.65,已完成,赵磊,直销,密封圈套装,配套耗材,83,101.3,苏州精工,广东客户002,华南,福建,经销商,B,3656.15,782.05,741.19,286.76,110.93,6135.5,5577.08,558.4200000000001,0.09101458723820391,2025-02
O000068,2025-09-09,C0010,P1008,22,654.21,已完成,刘洋,老客户复购,精密齿轮箱,传动部件,523,743.47,上海工控,河北客户010,华北,河北,经销商,B,7960.54,1397.37,1386.28,559.62,99.82,14392.62,11403.630000000001,2988.99,0.2076751835315599,2025-09
O000069,2025-05-23,C0056,P1010,5,576.93,已完成,张伟,直销,联轴器套件,传动部件,456,621.63,上海工控,山东客户056,华东,山东,设备集成商,A,1596.25,398.71,276.44,114.53,20.84,2884.6499999999996,2406.7700000000004,477.8799999999992,0.16566307870972188,2025-05
O000070,2025-08-12,C0008,P1006,8,2293.67,已完成,刘洋,直销,PLC控制器增强版,控制器类,1773,2443.12,苏州精工,天津客户008,华北,北京,设备集成商,C,12598.58,1720.34,1546.71,731.15,287.68,18349.36,16884.460000000003,1464.8999999999978,0.07983384706605559,2025-08
O000071,2025-11-12,C0071,P1001,9,731.45,退货,刘洋,老客户复购,伺服电机A型,电机类,522,799.93,南通华科,湖北客户071,华中,湖北,经销商,A,3137.03,754.0,687.92,321.43,120.66,6583.05,5021.04,1562.0100000000002,0.23727755371750178,2025-11
O000072,2025-07-20,C0038,P1012,30,358.66,已完成,李娜,展会线索,不锈钢轴套,机加工件,315,371.9,南通华科,江苏客户038,华东,安徽,终端工厂,A,6609.83,1527.93,1270.55,206.82,80.52,10759.800000000001,9695.65,1064.1500000000015,0.09890053718470616,2025-07
O000073,2025-03-23,C0051,P1009,27,695.2,已完成,陈敏,老客户复购,同步带轮组件,传动部件,565,711.1,南通华科,广西客户051,华南,广东,终端工厂,C,10709.44,2565.87,2087.91,569.86,101.18,18770.4,16034.260000000002,2736.1399999999994,0.1457688701359587,2025-03
O000074,2025-12-31,C0021,P1006,1,2389.94,已完成,赵磊,展会线索,PLC控制器增强版,控制器类,1773,2443.12,苏州精工,山东客户021,华东,江苏,经销商,A,1157.27,257.51,228.98,113.59,15.85,2389.94,1773.1999999999998,616.7400000000002,0.25805668761558875,2025-12
O000075,2025-10-09,C0047,P1016,36,87.89,已完成,陈敏,直销,密封圈套装,配套耗材,83,101.3,苏州精工,云南客户047,西南,云南,经销商,A,2007.6,424.52,476.3,142.9,36.65,3164.04,3087.9700000000003,76.06999999999971,0.02404204750888096,2025-10
O000076,2025-11-07,C0105,P1012,33,356.47,已完成,陈敏,老客户复购,不锈钢轴套,机加工件,315,371.9,南通华科,安徽客户105,华东,安徽,设备集成商,B,7484.08,1568.02,1143.73,405.32,98.73,11763.51,10699.88,1063.630000000001,0.090417740963369,2025-11
O000077,2025-02-22,C0114,P1013,19,166.31,已完成,张伟,经销,CNC定制件,机加工件,138,172.93,南通华科,江苏客户114,华东,安徽,终端工厂,B,1792.48,462.12,385.88,77.61,29.87,3159.89,2747.96,411.92999999999984,0.13036213285905518,2025-02
O000078,2025-06-22,C0074,P1003,17,1649.52,已完成,刘洋,展会线索,步进电机A型,电机类,1120,1636.22,常州机电,安徽客户074,华东,浙江,终端工厂,B,11936.72,2611.38,2009.81,910.82,438.16,28041.84,17906.89,10134.95,0.3614224316236025,2025-06
O000079,2025-02-08,C0081,P1008,5,715.41,已完成,陈敏,直销,精密齿轮箱,传动部件,523,743.47,上海工控,安徽客户081,华东,江苏,经销商,B,1817.73,323.14,314.84,89.73,23.48,3577.0499999999997,2568.92,1008.1299999999997,0.281832795180386,2025-02
O000080,2025-08-10,C0097,P1009,25,664.48,已完成,王强,老客户复购,同步带轮组件,传动部件,565,711.1,南通华科,上海客户097,华东,安徽,经销商,C,9269.49,1948.67,1950.24,762.75,196.4,16612.0,14127.55,2484.4500000000007,0.14955754875993263,2025-08
O000081,2025-04-13,C0018,P1001,6,749.05,已完成,陈敏,直销,伺服电机A型,电机类,522,799.93,南通华科,上海客户018,华东,山东,经销商,B,2175.7,403.28,481.38,91.42,35.42,4494.299999999999,3187.2,1307.0999999999995,0.29083505773980367,2025-04
O000082,2025-11-04,C0066,P1007,15,1019.48,已完成,赵磊,展会线索,变频控制器A型,控制器类,780,1044.88,南通华科,上海客户066,华东,山东,终端工厂,A,7378.56,1621.4,1557.79,758.18,258.45,15292.2,11574.380000000001,3717.8199999999997,0.24311871411569294,2025-11
O000083,2025-05-13,C0097,P1007,17,930.98,已完成,李娜,老客户复购,变频控制器A型,控制器类,780,1044.88,南通华科,上海客户097,华东,安徽,经销商,C,8725.66,2049.34,1821.9,693.14,253.97,15826.66,13544.009999999998,2282.6500000000015,0.14422815679366344,2025-05
O000084,2025-02-03,C0075,P1005,11,1447.07,已完成,陈敏,展会线索,PLC控制器标准版,控制器类,980,1458.49,苏州精工,江苏客户075,华东,上海,终端工厂,A,7297.3,1726.43,1560.46,312.94,127.45,15917.769999999999,11024.58,4893.189999999999,0.3074042406693902,2025-02
O000085,2025-05-31,C0017,P1002,16,1038.49,已完成,李娜,老客户复购,伺服电机B型,电机类,690,1040.91,南通华科,广西客户017,华南,广西,终端工厂,B,7605.0,1888.12,1375.1,819.1,136.93,16615.84,11824.25,4791.59,0.2883748278750879,2025-05
O000086,2025-07-14,C0106,P1008,34,656.54,已完成,王强,展会线索,精密齿轮箱,传动部件,523,743.47,上海工控,河北客户106,华北,天津,经销商,C,11765.81,2537.69,2770.75,557.8,269.25,22322.36,17901.3,4421.060000000001,0.1980552235516317,2025-07
O000087,2025-01-05,C0043,P1005,6,1342.73,已完成,陈敏,直销,PLC控制器标准版,控制器类,980,1458.49,苏州精工,广东客户043,华南,广东,设备集成商,B,3755.69,889.5,890.49,206.58,138.26,8056.38,5880.52,2175.8599999999997,0.27007911741998264,2025-01
O000088,2025-02-03,C0017,P1005,9,1383.1,已完成,刘洋,经销,PLC控制器标准版,控制器类,980,1458.49,苏州精工,广西客户017,华南,广西,终端工厂,B,6272.18,1097.01,1282.3,297.97,94.98,12447.9,9044.439999999999,3403.460000000001,0.2734163995533384,2025-02
O000089,2025-02-25,C0106,P1014,70,39.95,已完成,王强,直销,工业线缆,配套耗材,34,41.43,南通华科,河北客户106,华北,天津,经销商,C,1618.67,386.36,294.37,45.78,52.1,2796.5,2397.28,399.2199999999998,0.14275701770069724,2025-02
O000090,2025-12-21,C0024,P1003,14,1629.09,已完成,张伟,经销,步进电机A型,电机类,1120,1636.22,常州机电,广东客户024,华南,广西,终端工厂,B,10867.41,2137.18,2035.45,364.29,230.11,22807.26,15634.440000000002,7172.819999999996,0.314497225883337,2025-12
O000091,2025-12-31,C0009,P1002,7,1042.83,退货,张伟,展会线索,伺服电机B型,电机类,690,1040.91,南通华科,安徽客户009,华东,浙江,终端工厂,A,3246.98,729.49,543.33,307.95,69.22,7299.8099999999995,4896.97,2402.8399999999992,0.3291647316847972,2025-12
O000092,2025-10-01,C0056,P1008,17,682.68,已取消,刘洋,经销,精密齿轮箱,传动部件,523,743.47,上海工控,山东客户056,华东,山东,设备集成商,A,6028.46,1211.77,1115.91,258.37,168.22,11605.56,8782.73,2822.83,0.24323083073974888,2025-10
O000093,2025-02-08,C0040,P1003,12,1572.39,已完成,刘洋,老客户复购,步进电机A型,电机类,1120,1636.22,常州机电,浙江客户040,华东,江苏,终端工厂,A,8904.79,1625.8,1366.71,594.17,146.2,18868.68,12637.67,6231.01,0.33023030757848454,2025-02
O000094,2025-03-08,C0079,P1007,4,972.18,已完成,王强,展会线索,变频控制器A型,控制器类,780,1044.88,南通华科,安徽客户079,华东,浙江,经销商,A,2116.93,450.81,434.51,187.96,50.29,3888.72,3240.5,648.2199999999998,0.1666923820691641,2025-03
O000095,2025-08-24,C0017,P1004,6,731.54,已完成,陈敏,经销,减速电机C型,电机类,541,716.52,苏州精工,广西客户017,华南,广西,终端工厂,B,3025.51,536.18,504.13,98.72,76.42,4389.24,4240.96,148.27999999999975,0.03378261384658842,2025-08
O000096,2025-11-11,C0119,P1009,35,665.97,已完成,李娜,展会线索,同步带轮组件,传动部件,565,711.1,南通华科,北京客户119,华北,北京,设备集成商,A,13037.19,2745.34,3107.09,861.67,249.64,23308.95,20000.93,3308.0200000000004,0.14192059273369242,2025-11
O000097,2025-04-22,C0021,P1003,9,1510.14,已完成,赵磊,经销,步进电机A型,电机类,1120,1636.22,常州机电,山东客户021,华东,江苏,经销商,A,7047.76,1393.75,1114.69,462.63,183.39,13591.26,10202.22,3389.040000000001,0.24935436449600706,2025-04
O000098,2025-02-05,C0120,P1014,93,39.93,已完成,王强,展会线索,工业线缆,配套耗材,34,41.43,南通华科,浙江客户120,华东,山东,经销商,C,2221.54,466.15,470.74,96.17,50.62,3713.49,3305.2200000000003,408.2699999999995,0.10994239919859743,2025-02
O000099,2025-04-04,C0022,P1010,4,615.48,已完成,赵磊,老客户复购,联轴器套件,传动部件,456,621.63,上海工控,湖南客户022,华中,河南,终端工厂,A,1168.91,261.06,276.25,55.54,42.23,2461.92,1803.99,657.9300000000001,0.2672426398908169,2025-04
O000100,2025-10-27,C0026,P1016,77,93.29,已完成,王强,老客户复购,密封圈套装,配套耗材,83,101.3,苏州精工,河南客户026,华中,湖北,经销商,B,4143.2,780.15,681.26,295.28,64.15,7183.330000000001,5964.039999999999,1219.2900000000018,0.16973882586488462,2025-10
O000101,2025-02-16,C0085,P1012,40,369.04,已完成,赵磊,展会线索,不锈钢轴套,机加工件,315,371.9,南通华科,浙江客户085,华东,山东,终端工厂,A,8636.22,2040.59,1520.91,466.79,163.21,14761.6,12827.72,1933.880000000001,0.13100747886407985,2025-02
O000102,2025-09-16,C0007,P1005,10,1442.99,已完成,陈敏,展会线索,PLC控制器标准版,控制器类,980,1458.49,苏州精工,福建客户007,华南,广西,终端工厂,A,7004.4,1364.13,1087.79,401.09,217.07,14429.9,10074.48,4355.42,0.3018329995356863,2025-09
O000103,2025-06-17,C0098,P1004,5,678.77,已完成,赵磊,展会线索,减速电机C型,电机类,541,716.52,苏州精工,福建客户098,华南,广西,设备集成商,C,1865.74,474.57,413.61,85.16,40.14,3393.85,2879.22,514.6300000000001,0.15163604755660978,2025-06
O000104,2025-02-07,C0050,P1005,17,1482.65,已完成,王强,经销,PLC控制器标准版,控制器类,980,1458.49,苏州精工,广东客户050,华南,广西,终端工厂,A,11574.15,2915.37,2003.03,770.15,466.1,25205.050000000003,17728.8,7476.250000000004,0.29661714616713725,2025-02
O000105,2025-05-17,C0026,P1005,1,1354.84,退货,李娜,展会线索,PLC控制器标准版,控制器类,980,1458.49,苏州精工,河南客户026,华中,湖北,经销商,B,642.73,145.85,151.18,58.36,11.72,1354.84,1009.84,344.9999999999999,0.25464261462608123,2025-05
O000106,2025-11-24,C0101,P1012,32,377.2,已完成,陈敏,直销,不锈钢轴套,机加工件,315,371.9,南通华科,湖南客户101,华中,河南,终端工厂,A,6576.99,1423.07,1560.02,603.07,200.49,12070.4,10363.64,1706.7600000000002,0.14140045068928953,2025-11
O000107,2025-03-19,C0064,P1005,13,1373.84,已完成,陈敏,展会线索,PLC控制器标准版,控制器类,980,1458.49,苏州精工,江苏客户064,华东,浙江,经销商,B,8515.83,1536.58,1807.16,511.29,258.88,17859.92,12629.74,5230.1799999999985,0.29284453681763406,2025-03
O000108,2025-04-14,C0046,P1007,6,1032.95,已完成,刘洋,经销,变频控制器A型,控制器类,780,1044.88,南通华科,湖南客户046,华中,湖南,终端工厂,C,3185.53,696.62,733.18,97.99,97.19,6197.700000000001,4810.509999999999,1387.1900000000014,0.22382335382480617,2025-04
O000109,2025-05-25,C0109,P1005,14,1294.39,已完成,张伟,经销,PLC控制器标准版,控制器类,980,1458.49,苏州精工,浙江客户109,华东,安徽,经销商,B,9068.7,2233.99,1927.84,278.32,168.17,18121.460000000003,13677.02,4444.440000000002,0.2452583842582221,2025-05
O000110,2025-07-17,C0114,P1010,10,623.14,已完成,赵磊,老客户复购,联轴器套件,传动部件,456,621.63,上海工控,江苏客户114,华东,安徽,终端工厂,B,2913.43,592.89,655.31,145.72,75.53,6231.4,4382.879999999999,1848.5200000000004,0.2966460185512085,2025-07
O000111,2025-10-16,C0065,P1014,45,39.37,已完成,陈敏,直销,工业线缆,配套耗材,34,41.43,南通华科,安徽客户065,华东,山东,经销商,B,986.39,236.87,219.15,47.1,24.88,1771.6499999999999,1514.39,257.25999999999976,0.14520926819631405,2025-10
O000112,2025-10-16,C0005,P1009,12,647.31,已完成,陈敏,直销,同步带轮组件,传动部件,565,711.1,南通华科,河南客户005,华中,湖南,设备集成商,B,4762.85,851.93,967.1,204.37,53.13,7767.719999999999,6839.380000000001,928.3399999999983,0.11951254679622829,2025-10
O000113,2025-06-08,C0047,P1007,15,917.39,已完成,陈敏,经销,变频控制器A型,控制器类,780,1044.88,南通华科,云南客户047,西南,云南,经销商,A,7892.42,1562.84,1746.6,227.07,89.17,13760.85,11518.1,2242.75,0.16298048449042027,2025-06
O000114,2025-11-28,C0094,P1001,4,791.01,已完成,王强,老客户复购,伺服电机A型,电机类,522,799.93,南通华科,安徽客户094,华东,安徽,终端工厂,A,1403.34,324.34,300.24,76.17,55.77,3164.04,2159.8599999999997,1004.1800000000003,0.31737272600852084,2025-11
O000115,2025-01-11,C0116,P1005,6,1423.6,已完成,陈敏,直销,PLC控制器标准版,控制器类,980,1458.49,苏州精工,北京客户116,华北,北京,终端工厂,A,4206.05,881.66,856.32,285.03,51.61,8541.599999999999,6280.669999999999,2260.9299999999994,0.26469630982485715,2025-01
O000116,2025-08-06,C0071,P1007,1,1007.95,已完成,刘洋,展会线索,变频控制器A型,控制器类,780,1044.88,南通华科,湖北客户071,华中,湖北,经销商,A,625.27,97.69,124.28,23.2,14.65,1007.95,885.09,122.86000000000001,0.12189096681383006,2025-08
O000117,2025-12-22,C0111,P1012,39,326.64,已取消,刘洋,展会线索,不锈钢轴套,机加工件,315,371.9,南通华科,广东客户111,华南,广东,经销商,A,8419.21,1629.29,1807.32,240.49,234.74,12738.96,12331.05,407.90999999999985,0.0320206673072213,2025-12
O000118,2025-02-20,C0090,P1015,95,86.16,已完成,张伟,直销,传感器支架,配套耗材,70,84.31,苏州精工,河北客户090,华北,北京,终端工厂,B,4681.88,1068.84,691.9,182.53,146.44,8185.2,6771.589999999999,1413.6100000000006,0.17270317157797008,2025-02
O000119,2025-12-12,C0103,P1002,1,1059.95,已完成,刘洋,老客户复购,伺服电机B型,电机类,690,1040.91,南通华科,上海客户103,华东,上海,终端工厂,A,436.22,89.26,91.52,26.07,8.83,1059.95,651.9000000000001,408.04999999999995,0.3849709891976036,2025-12
O000120,2025-05-29,C0047,P1011,12,432.6,退货,刘洋,直销,铝合金支架,机加工件,393,502.7,无锡智造,云南客户047,西南,云南,经销商,A,3195.47,671.34,511.37,175.05,56.09,5191.200000000001,4609.320000000001,581.8800000000001,0.11208969024503006,2025-05
O000121,2025-03-04,C0051,P1013,40,167.94,已完成,张伟,直销,CNC定制件,机加工件,138,172.93,南通华科,广西客户051,华南,广东,终端工厂,C,3827.85,696.43,757.55,203.39,74.5,6717.6,5559.72,1157.88,0.17236513040371562,2025-03
O000122,2025-01-17,C0071,P1001,7,691.19,已完成,刘洋,老客户复购,伺服电机A型,电机类,522,799.93,南通华科,湖北客户071,华中,湖北,经销商,A,2350.36,445.15,551.25,127.85,73.62,4838.33,3548.23,1290.1,0.26664158914336145,2025-01
O000123,2025-10-12,C0070,P1010,30,620.11,已完成,张伟,老客户复购,联轴器套件,传动部件,456,621.63,上海工控,四川客户070,西南,四川,设备集成商,B,9777.9,2105.34,1693.98,453.73,353.66,18603.3,14384.609999999999,4218.6900000000005,0.22677105674799636,2025-10
O000124,2025-12-27,C0020,P1006,8,2275.63,已完成,王强,老客户复购,PLC控制器增强版,控制器类,1773,2443.12,苏州精工,福建客户020,华南,福建,经销商,B,9761.54,2268.26,1781.08,811.52,285.91,18205.04,14908.310000000001,3296.7299999999996,0.18108886330378837,2025-12
O000125,2025-08-03,C0052,P1012,34,365.26,已完成,李娜,经销,不锈钢轴套,机加工件,315,371.9,南通华科,广西客户052,华南,广西,终端工厂,A,6943.49,1670.49,1347.44,189.15,212.54,12418.84,10363.11,2055.7299999999996,0.1655331737907888,2025-08
O000126,2025-05-24,C0068,P1001,14,803.34,已完成,赵磊,经销,伺服电机A型,电机类,522,799.93,南通华科,四川客户068,西南,重庆,终端工厂,A,4620.72,1100.56,878.23,303.36,136.77,11246.76,7039.64,4207.12,0.37407395552141237,2025-05
O000127,2025-04-23,C0049,P1008,6,716.27,已完成,张伟,展会线索,精密齿轮箱,传动部件,523,743.47,上海工控,江苏客户049,华东,山东,经销商,C,2258.43,453.45,348.13,156.76,36.72,4297.62,3253.4899999999993,1044.1300000000006,0.2429554032231795,2025-04
O000128,2025-10-15,C0034,P1014,43,35.76,已完成,李娜,展会线索,工业线缆,配套耗材,34,41.43,南通华科,广东客户034,华南,广东,经销商,A,921.87,179.84,148.21,46.27,17.53,1537.6799999999998,1313.72,223.9599999999998,0.14564798917850258,2025-10
O000129,2025-06-27,C0105,P1006,3,2203.62,已完成,李娜,经销,PLC控制器增强版,控制器类,1773,2443.12,苏州精工,安徽客户105,华东,安徽,设备集成商,B,3396.47,888.49,573.16,310.95,91.32,6610.86,5260.389999999999,1350.4700000000003,0.20428053233618626,2025-06
O000130,2025-02-23,C0042,P1009,35,704.06,已完成,王强,展会线索,同步带轮组件,传动部件,565,711.1,南通华科,重庆客户042,西南,云南,终端工厂,B,12315.11,3515.57,2342.87,757.72,228.29,24642.1,19159.56,5482.539999999997,0.22248671988182817,2025-02
O000131,2025-03-29,C0087,P1013,18,168.74,已完成,张伟,展会线索,CNC定制件,机加工件,138,172.93,南通华科,山东客户087,华东,江苏,终端工厂,A,1721.02,370.47,268.13,56.64,48.23,3037.32,2464.49,572.8300000000004,0.18859718435989634,2025-03
O000132,2025-08-11,C0040,P1002,10,986.47,已完成,刘洋,经销,伺服电机B型,电机类,690,1040.91,南通华科,浙江客户040,华东,江苏,终端工厂,A,5449.8,885.05,896.76,425.14,90.58,9864.7,7747.330000000001,2117.37,0.21464109400184495,2025-08
O000133,2025-02-05,C0079,P1011,3,452.94,已完成,王强,老客户复购,铝合金支架,机加工件,393,502.7,无锡智造,安徽客户079,华东,浙江,经销商,A,829.29,151.94,161.53,65.8,23.94,1358.82,1232.5,126.31999999999994,0.09296301202513942,2025-02
O000134,2025-07-14,C0072,P1004,5,670.86,已完成,陈敏,老客户复购,减速电机C型,电机类,541,716.52,苏州精工,云南客户072,西南,云南,设备集成商,A,1693.82,376.52,293.61,161.76,66.38,3354.3,2592.09,762.21,0.22723370002683124,2025-07
O000135,2025-02-22,C0037,P1015,95,73.66,已完成,王强,经销,传感器支架,配套耗材,70,84.31,苏州精工,福建客户037,华南,广东,经销商,B,4279.27,1065.21,1000.81,162.2,54.69,6997.7,6562.18,435.5199999999995,0.06223759235177266,2025-02
O000136,2025-02-28,C0108,P1012,19,365.81,退货,陈敏,直销,不锈钢轴套,机加工件,315,371.9,南通华科,湖北客户108,华中,湖南,终端工厂,A,3717.41,866.14,921.49,323.92,48.07,6950.39,5877.03,1073.3600000000006,0.15443162182266038,2025-02
O000137,2025-08-25,C0049,P1003,11,1433.12,已完成,赵磊,老客户复购,步进电机A型,电机类,1120,1636.22,常州机电,江苏客户049,华东,山东,经销商,C,10104.37,1780.03,1809.04,574.05,200.33,15764.32,14467.820000000002,1296.4999999999982,0.08224268474631308,2025-08
O000138,2025-04-08,C0034,P1001,10,714.25,已完成,刘洋,老客户复购,伺服电机A型,电机类,522,799.93,南通华科,广东客户034,华南,广东,经销商,A,3286.62,776.0,832.71,129.25,91.34,7142.5,5115.92,2026.58,0.28373538676933846,2025-04
O000139,2025-06-02,C0061,P1011,44,478.87,已完成,刘洋,展会线索,铝合金支架,机加工件,393,502.7,无锡智造,江苏客户061,华东,山东,终端工厂,A,11232.28,2635.21,2324.55,741.92,374.7,21070.28,17308.66,3761.619999999999,0.1785272905723132,2025-06
O000140,2025-08-07,C0073,P1009,9,668.75,已完成,赵磊,直销,同步带轮组件,传动部件,565,711.1,南通华科,湖北客户073,华中,湖南,设备集成商,C,3350.89,767.74,511.83,256.61,53.52,6018.75,4940.59,1078.1599999999999,0.17913354101765314,2025-08
O000141,2025-07-09,C0063,P1001,11,765.21,已完成,刘洋,展会线索,伺服电机A型,电机类,522,799.93,南通华科,福建客户063,华南,广东,终端工厂,A,4028.91,780.56,577.92,171.87,166.54,8417.310000000001,5725.799999999999,2691.510000000002,0.3197589253573887,2025-07
O000142,2025-01-29,C0048,P1004,4,641.75,已完成,王强,经销,减速电机C型,电机类,541,716.52,苏州精工,江苏客户048,华东,山东,经销商,A,1410.88,273.81,231.82,66.39,14.28,2567.0,1997.18,569.8199999999999,0.22197896377093881,2025-01
O000143,2025-04-08,C0049,P1015,31,74.68,已完成,王强,经销,传感器支架,配套耗材,70,84.31,苏州精工,江苏客户049,华东,山东,经销商,C,1456.39,288.23,284.61,46.13,26.5,2315.0800000000004,2101.86,213.22000000000025,0.09210048896798392,2025-04
O000144,2025-05-28,C0021,P1013,19,161.11,已完成,赵磊,老客户复购,CNC定制件,机加工件,138,172.93,南通华科,山东客户021,华东,江苏,经销商,A,1782.41,324.39,324.93,78.33,26.34,3061.09,2536.4,524.69,0.1714062637818555,2025-05
O000145,2025-06-03,C0058,P1005,8,1466.57,已完成,刘洋,经销,PLC控制器标准版,控制器类,980,1458.49,苏州精工,湖南客户058,华中,湖南,终端工厂,B,5334.76,1217.65,1080.68,241.23,108.94,11732.56,7983.259999999999,3749.3,0.3195636757877224,2025-06
O000146,2025-02-11,C0057,P1001,5,720.36,已完成,刘洋,直销,伺服电机A型,电机类,522,799.93,南通华科,浙江客户057,华东,上海,设备集成商,C,1672.93,397.84,333.2,95.66,60.48,3601.8,2560.1099999999997,1041.6900000000005,0.2892137264700984,2025-02
O000147,2025-01-12,C0045,P1002,17,983.24,已完成,陈敏,直销,伺服电机B型,电机类,690,1040.91,南通华科,安徽客户045,华东,江苏,设备集成商,A,7382.83,2093.73,1255.02,702.99,175.9,16715.08,11610.47,5104.610000000002,0.3053895045671335,2025-01
O000148,2025-10-30,C0011,P1015,92,80.67,已完成,刘洋,经销,传感器支架,配套耗材,70,84.31,苏州精工,上海客户011,华东,上海,经销商,A,4550.03,801.46,788.79,198.46,147.67,7421.64,6486.41,935.2300000000005,0.12601392684096782,2025-10
O000149,2025-07-17,C0118,P1014,21,39.77,已完成,王强,老客户复购,工业线缆,配套耗材,34,41.43,南通华科,浙江客户118,华东,浙江,终端工厂,B,513.05,93.81,98.39,28.18,6.11,835.1700000000001,739.5399999999998,95.63000000000022,0.11450363399068479,2025-07
O000150,2025-02-16,C0006,P1009,19,660.01,已完成,李娜,经销,同步带轮组件,传动部件,565,711.1,南通华科,福建客户006,华南,广东,经销商,B,6835.81,1925.38,1365.1,243.32,103.1,12540.19,10472.710000000001,2067.4799999999996,0.16486831539235047,2025-02
O000151,2025-09-27,C0016,P1011,10,516.47,已完成,赵磊,老客户复购,铝合金支架,机加工件,393,502.7,无锡智造,北京客户016,华北,天津,终端工厂,B,2542.06,592.07,472.12,159.72,38.72,5164.700000000001,3804.6899999999996,1360.0100000000011,0.2633279764555542,2025-09
O000152,2025-04-13,C0005,P1009,37,702.92,已完成,王强,经销,同步带轮组件,传动部件,565,711.1,南通华科,河南客户005,华中,湖南,设备集成商,B,13644.13,2596.8,3206.46,571.04,425.32,26008.039999999997,20443.75,5564.289999999997,0.2139449954706313,2025-04
O000153,2025-06-20,C0042,P1011,41,486.8,已完成,陈敏,老客户复购,铝合金支架,机加工件,393,502.7,无锡智造,重庆客户042,西南,云南,终端工厂,B,10553.29,2392.2,1892.89,785.89,352.64,19958.8,15976.91,3981.8899999999994,0.1995054812914604,2025-06
O000154,2025-07-29,C0064,P1006,12,2108.24,已完成,王强,直销,PLC控制器增强版,控制器类,1773,2443.12,苏州精工,江苏客户064,华东,浙江,经销商,B,13800.19,2862.33,2997.5,552.28,369.3,25298.879999999997,20581.6,4717.279999999999,0.1864620093853957,2025-07
O000155,2025-09-08,C0106,P1008,34,645.63,已完成,张伟,经销,精密齿轮箱,传动部件,523,743.47,上海工控,河北客户106,华北,天津,经销商,C,11192.75,2795.48,2325.96,416.79,323.49,21951.42,17054.47,4896.949999999997,0.22308124030244958,2025-09
O000156,2025-01-29,C0093,P1006,12,2434.51,已完成,李娜,展会线索,PLC控制器增强版,控制器类,1773,2443.12,苏州精工,湖北客户093,华中,湖南,终端工厂,B,14141.22,2830.28,2578.72,941.38,186.19,29214.120000000003,20677.79,8536.330000000002,0.2921987723744546,2025-01
O000157,2025-09-23,C0012,P1005,5,1467.1,已取消,赵磊,老客户复购,PLC控制器标准版,控制器类,980,1458.49,苏州精工,云南客户012,西南,云南,终端工厂,A,3507.23,783.68,520.15,321.3,72.17,7335.5,5204.53,2130.9700000000003,0.29050098834435284,2025-09
O000158,2025-06-07,C0104,P1011,39,474.44,已完成,陈敏,直销,铝合金支架,机加工件,393,502.7,无锡智造,安徽客户104,华东,安徽,终端工厂,B,10417.45,2094.11,2207.15,745.78,245.73,18503.16,15710.220000000001,2792.9399999999987,0.1509439468717775,2025-06
O000159,2025-03-14,C0014,P1006,4,2390.92,已完成,张伟,展会线索,PLC控制器增强版,控制器类,1773,2443.12,苏州精工,江苏客户014,华东,上海,设备集成商,B,4567.9,959.0,872.12,191.99,96.26,9563.68,6687.2699999999995,2876.4100000000008,0.3007639318755961,2025-03
O000160,2025-07-17,C0118,P1014,97,40.69,已完成,刘洋,老客户复购,工业线缆,配套耗材,34,41.43,南通华科,浙江客户118,华东,浙江,终端工厂,B,2270.46,560.17,395.61,91.47,69.03,3946.93,3386.7400000000002,560.1899999999996,0.14193056375461424,2025-07
O000161,2025-02-21,C0009,P1006,13,2322.99,已完成,刘洋,老客户复购,PLC控制器增强版,控制器类,1773,2443.12,苏州精工,安徽客户009,华东,浙江,终端工厂,A,16343.36,3332.92,2342.11,1187.53,506.15,30198.869999999995,23712.07,6486.799999999996,0.21480273930779517,2025-02
O000162,2025-08-29,C0116,P1013,7,163.45,已完成,李娜,展会线索,CNC定制件,机加工件,138,172.93,南通华科,北京客户116,华北,北京,终端工厂,A,600.66,150.41,130.7,32.33,18.59,1144.1499999999999,932.69,211.4599999999998,0.1848184241576715,2025-08
O000163,2025-04-09,C0073,P1008,44,743.2,已完成,赵磊,老客户复购,精密齿轮箱,传动部件,523,743.47,上海工控,湖北客户073,华中,湖南,设备集成商,C,15252.77,3695.88,3015.19,774.89,461.0,32700.800000000003,23199.73,9501.070000000003,0.29054549124180457,2025-04
O000164,2025-01-03,C0099,P1003,15,1613.33,已完成,李娜,直销,步进电机A型,电机类,1120,1636.22,常州机电,广西客户099,华南,福建,设备集成商,B,11654.01,2997.7,2063.15,417.61,479.63,24199.949999999997,17612.100000000002,6587.849999999995,0.27222576906150614,2025-01
O000165,2025-09-24,C0106,P1004,9,689.48,已完成,陈敏,老客户复购,减速电机C型,电机类,541,716.52,苏州精工,河北客户106,华北,天津,经销商,C,3322.51,860.78,517.23,167.36,43.49,6205.32,4911.37,1293.9499999999998,0.20852268698471632,2025-09
O000166,2025-02-09,C0113,P1011,36,454.8,已完成,张伟,经销,铝合金支架,机加工件,393,502.7,无锡智造,安徽客户113,华东,浙江,经销商,B,9953.84,2445.07,1840.35,352.53,113.08,16372.800000000001,14704.87,1667.9300000000003,0.10187200723150593,2025-02
O000167,2025-06-25,C0061,P1002,16,1042.46,已完成,张伟,老客户复购,伺服电机B型,电机类,690,1040.91,南通华科,江苏客户061,华东,山东,终端工厂,A,7494.13,1660.22,1564.23,428.36,184.07,16679.36,11331.01,5348.35,0.32065678779041884,2025-06
O000168,2025-02-09,C0107,P1008,5,699.87,退货,张伟,直销,精密齿轮箱,传动部件,523,743.47,上海工控,安徽客户107,华东,安徽,经销商,B,1626.89,409.53,327.89,165.14,51.18,3499.35,2580.6299999999997,918.7200000000003,0.26254018603454937,2025-02
O000169,2025-08-25,C0089,P1008,18,715.27,已完成,赵磊,经销,精密齿轮箱,传动部件,523,743.47,上海工控,河北客户089,华北,天津,经销商,C,6212.01,1278.57,1452.74,200.45,127.51,12874.86,9271.28,3603.58,0.27989275223186894,2025-08
O000170,2025-06-18,C0041,P1003,10,1553.63,已完成,王强,展会线索,步进电机A型,电机类,1120,1636.22,常州机电,福建客户041,华南,广东,终端工厂,A,8000.73,1783.51,1477.99,343.72,271.89,15536.300000000001,11877.839999999998,3658.4600000000028,0.23547820266086536,2025-06
O000171,2025-05-13,C0107,P1013,33,151.39,已完成,刘洋,经销,CNC定制件,机加工件,138,172.93,南通华科,安徽客户107,华东,安徽,经销商,B,2916.47,614.31,507.82,102.59,96.42,4995.87,4237.61,758.2600000000002,0.15177736810605566,2025-05
O000172,2025-06-07,C0110,P1001,2,811.84,已完成,刘洋,直销,伺服电机A型,电机类,522,799.93,南通华科,云南客户110,西南,云南,终端工厂,A,710.13,165.23,164.18,37.46,8.26,1623.68,1085.26,538.4200000000001,0.33160474970437526,2025-06
O000173,2025-08-12,C0011,P1005,9,1299.77,已完成,赵磊,展会线索,PLC控制器标准版,控制器类,980,1458.49,苏州精工,上海客户011,华东,上海,经销商,A,7369.15,1327.15,1134.77,200.8,138.23,11697.93,10170.099999999999,1527.8300000000017,0.130606868052724,2025-08
O000174,2025-12-10,C0100,P1002,7,972.4,已取消,王强,直销,伺服电机B型,电机类,690,1040.91,南通华科,福建客户100,华南,广东,设备集成商,A,3127.21,644.05,579.37,186.23,65.56,6806.8,4602.42,2204.38,0.32384967973203266,2025-12
O000175,2025-03-01,C0023,P1012,24,337.23,已完成,李娜,展会线索,不锈钢轴套,机加工件,315,371.9,南通华科,江苏客户023,华东,浙江,设备集成商,B,5427.14,1330.29,1016.6,399.31,160.8,8093.52,8334.140000000001,-240.6200000000008,-0.02972995680495023,2025-03
O000176,2025-08-07,C0021,P1012,19,335.27,已完成,李娜,老客户复购,不锈钢轴套,机加工件,315,371.9,南通华科,山东客户021,华东,江苏,经销商,A,3923.73,878.07,942.9,231.25,52.2,6370.129999999999,6028.15,341.97999999999956,0.05368493264658643,2025-08
O000177,2025-07-29,C0106,P1016,38,94.99,已完成,刘洋,老客户复购,密封圈套装,配套耗材,83,101.3,苏州精工,河北客户106,华北,天津,经销商,C,2172.91,417.42,379.62,82.89,31.31,3609.62,3084.1499999999996,525.4700000000003,0.14557488045833086,2025-07
O000178,2025-01-07,C0009,P1013,17,175.3,已完成,刘洋,老客户复购,CNC定制件,机加工件,138,172.93,南通华科,安徽客户009,华东,浙江,终端工厂,A,1455.61,405.49,276.26,53.71,18.79,2980.1000000000004,2209.8599999999997,770.2400000000007,0.2584611254655886,2025-01
O000179,2025-08-14,C0120,P1006,13,2255.59,已完成,王强,经销,PLC控制器增强版,控制器类,1773,2443.12,苏州精工,浙江客户120,华东,山东,经销商,C,19866.16,4139.03,2505.46,542.08,339.4,29322.670000000002,27392.13,1930.5400000000009,0.06583779717194924,2025-08
O000180,2025-03-16,C0028,P1002,14,911.59,已取消,陈敏,直销,伺服电机B型,电机类,690,1040.91,南通华科,广东客户028,华南,广东,经销商,B,6273.57,1334.54,1212.03,331.76,239.04,12762.26,9390.94,3371.3199999999997,0.2641632438141834,2025-03
O000181,2025-08-24,C0004,P1011,18,511.33,已完成,刘洋,直销,铝合金支架,机加工件,393,502.7,无锡智造,重庆客户004,西南,四川,终端工厂,A,4415.56,948.44,1050.58,406.71,61.42,9203.94,6882.71,2321.2300000000005,0.2521996014750205,2025-08
O000182,2025-09-14,C0040,P1011,36,482.18,已完成,王强,经销,铝合金支架,机加工件,393,502.7,无锡智造,浙江客户040,华东,江苏,终端工厂,A,10149.44,2286.34,1646.2,537.44,164.16,17358.48,14783.580000000002,2574.899999999998,0.14833672072669946,2025-09
O000183,2025-01-12,C0068,P1007,8,997.16,退货,赵磊,经销,变频控制器A型,控制器类,780,1044.88,南通华科,四川客户068,西南,重庆,终端工厂,A,3962.41,857.82,841.19,350.27,83.39,7977.28,6095.080000000001,1882.199999999999,0.2359450840386697,2025-01
O000184,2025-01-08,C0094,P1013,9,172.3,已完成,赵磊,经销,CNC定制件,机加工件,138,172.93,南通华科,安徽客户094,华东,安徽,终端工厂,A,813.25,183.92,172.23,64.05,15.36,1550.7,1248.8099999999997,301.8900000000003,0.194679822015864,2025-01
O000185,2025-11-12,C0117,P1003,15,1430.18,已完成,李娜,老客户复购,步进电机A型,电机类,1120,1636.22,常州机电,上海客户117,华东,安徽,经销商,B,11401.07,2408.48,2402.13,445.44,189.94,21452.7,16847.059999999998,4605.640000000003,0.2146881278347249,2025-11
O000186,2025-08-24,C0031,P1008,24,663.38,已完成,赵磊,直销,精密齿轮箱,传动部件,523,743.47,上海工控,山东客户031,华东,上海,经销商,A,8317.03,2176.08,1686.98,776.77,104.27,15921.119999999999,13061.130000000001,2859.989999999998,0.1796349754288642,2025-08
O000187,2025-03-05,C0056,P1001,14,772.49,已完成,李娜,经销,伺服电机A型,电机类,522,799.93,南通华科,山东客户056,华东,山东,设备集成商,A,4867.26,1060.72,993.98,469.57,190.58,10814.86,7582.110000000001,3232.75,0.2989174154820312,2025-03
O000188,2025-08-05,C0104,P1012,10,373.83,已完成,李娜,直销,不锈钢轴套,机加工件,315,371.9,南通华科,安徽客户104,华东,安徽,终端工厂,B,2164.11,499.25,494.37,106.28,65.39,3738.2999999999997,3329.4,408.89999999999964,0.10938126956103032,2025-08
O000189,2025-03-17,C0119,P1002,16,972.84,已完成,张伟,经销,伺服电机B型,电机类,690,1040.91,南通华科,北京客户119,华北,北京,设备集成商,A,7862.14,1650.4,1586.96,438.88,114.92,15565.44,11653.3,3912.1400000000012,0.25133500884009713,2025-03
O000190,2025-08-30,C0040,P1008,35,757.91,已完成,李娜,老客户复购,精密齿轮箱,传动部件,523,743.47,上海工控,浙江客户040,华东,江苏,终端工厂,A,12422.7,2412.38,2333.08,1208.32,166.86,26526.85,18543.340000000004,7983.509999999995,0.3009595937700856,2025-08
O000191,2025-06-03,C0049,P1002,7,981.77,已完成,王强,直销,伺服电机B型,电机类,690,1040.91,南通华科,江苏客户049,华东,山东,经销商,C,3009.3,755.36,578.94,203.61,76.18,6872.389999999999,4623.39,2248.999999999999,0.32725150930025787,2025-06
O000192,2025-04-16,C0022,P1002,11,990.09,已完成,陈敏,直销,伺服电机B型,电机类,690,1040.91,南通华科,湖南客户022,华中,河南,终端工厂,A,4771.54,912.42,1168.14,246.39,124.06,10890.99,7222.550000000001,3668.4399999999987,0.3368325560853512,2025-04
O000193,2025-03-14,C0007,P1008,14,757.14,已完成,陈敏,展会线索,精密齿轮箱,传动部件,523,743.47,上海工控,福建客户007,华南,广西,终端工厂,A,5251.28,1241.85,779.62,347.66,169.08,10599.96,7789.489999999999,2810.4700000000003,0.26513967977237657,2025-03
O000194,2025-11-14,C0075,P1007,11,1066.34,已完成,赵磊,直销,变频控制器A型,控制器类,780,1044.88,南通华科,江苏客户075,华东,上海,终端工厂,A,5918.82,1421.28,1093.5,248.17,140.44,11729.74,8822.21,2907.5300000000007,0.24787676453186522,2025-11
O000195,2025-01-03,C0006,P1003,14,1419.0,已完成,李娜,直销,步进电机A型,电机类,1120,1636.22,常州机电,福建客户006,华南,广东,经销商,B,10737.49,2454.16,1634.35,343.15,386.97,19866.0,15556.119999999999,4309.880000000001,0.2169475485754556,2025-01
O000196,2025-01-25,C0106,P1003,14,1442.91,已完成,刘洋,老客户复购,步进电机A型,电机类,1120,1636.22,常州机电,河北客户106,华北,天津,经销商,C,9959.63,2158.63,2290.19,592.66,155.99,20200.74,15157.099999999999,5043.640000000003,0.24967600196824485,2025-01
O000197,2025-07-02,C0006,P1003,6,1452.01,已完成,张伟,直销,步进电机A型,电机类,1120,1636.22,常州机电,福建客户006,华南,广东,经销商,B,4480.38,1035.8,854.56,410.89,80.77,8712.06,6862.400000000001,1849.659999999999,0.21231029171057123,2025-07
O000198,2025-12-27,C0061,P1002,3,999.12,退货,陈敏,展会线索,伺服电机B型,电机类,690,1040.91,南通华科,江苏客户061,华东,山东,终端工厂,A,1420.3,262.35,255.72,122.7,25.09,2997.36,2086.1600000000003,911.1999999999998,0.304000854084928,2025-12
O000199,2025-11-28,C0023,P1015,67,78.8,已完成,陈敏,展会线索,传感器支架,配套耗材,70,84.31,苏州精工,江苏客户023,华东,浙江,设备集成商,B,3184.4,605.98,497.9,175.88,79.85,5279.599999999999,4544.01,735.5899999999992,0.13932684294264705,2025-11
O000200,2025-12-30,C0094,P1007,17,1030.52,已完成,张伟,老客户复购,变频控制器A型,控制器类,780,1044.88,南通华科,安徽客户094,华东,安徽,终端工厂,A,8371.52,2321.38,1505.62,336.35,140.86,17518.84,12675.730000000001,4843.109999999999,0.27645152304604637,2025-12
O000201,2025-12-20,C0060,P1013,36,172.79,已完成,张伟,经销,CNC定制件,机加工件,138,172.93,南通华科,广西客户060,华南,广东,设备集成商,A,3164.4,623.19,734.62,201.19,67.35,6220.44,4790.75,1429.6899999999996,0.22983743915221427,2025-12
O000202,2025-07-05,C0111,P1003,13,1571.29,已完成,刘洋,老客户复购,步进电机A型,电机类,1120,1636.22,常州机电,广东客户111,华南,广东,经销商,A,10411.31,2071.31,1601.87,502.32,175.35,20426.77,14762.159999999998,5664.610000000002,0.2773130553680294,2025-07
O000203,2025-10-09,C0087,P1014,96,41.3,已完成,赵磊,老客户复购,工业线缆,配套耗材,34,41.43,南通华科,山东客户087,华东,江苏,终端工厂,A,2186.47,448.77,427.47,152.35,66.05,3964.7999999999997,3281.11,683.6899999999996,0.17243997175141235,2025-10
O000204,2025-10-20,C0104,P1007,15,1037.94,已完成,赵磊,展会线索,变频控制器A型,控制器类,780,1044.88,南通华科,安徽客户104,华东,安徽,终端工厂,B,8084.88,1548.32,1251.36,529.13,124.3,15569.1,11537.99,4031.1100000000006,0.25891734268519057,2025-10
O000205,2025-08-19,C0021,P1006,2,2103.73,已完成,刘洋,直销,PLC控制器增强版,控制器类,1773,2443.12,苏州精工,山东客户021,华东,江苏,经销商,A,3000.6,537.66,424.13,174.46,40.87,4207.46,4177.719999999999,29.74000000000069,0.007068397560523615,2025-08
O000206,2025-06-13,C0117,P1007,11,954.02,已完成,刘洋,经销,变频控制器A型,控制器类,780,1044.88,南通华科,上海客户117,华东,安徽,经销商,B,5970.41,1059.3,1119.97,364.06,161.92,10494.22,8675.66,1818.5599999999995,0.1732915833668438,2025-06
O000207,2025-04-03,C0042,P1013,3,169.55,已完成,李娜,展会线索,CNC定制件,机加工件,138,172.93,南通华科,重庆客户042,西南,云南,终端工厂,B,277.29,61.69,50.54,12.46,9.76,508.65000000000003,411.74,96.91000000000003,0.19052393590877817,2025-04
O000208,2025-11-09,C0021,P1003,11,1537.48,已完成,陈敏,展会线索,步进电机A型,电机类,1120,1636.22,常州机电,山东客户021,华东,江苏,经销商,A,8029.68,1525.28,1355.66,761.13,233.38,16912.28,11905.13,5007.15,0.2960659355214081,2025-11
O000209,2025-04-30,C0098,P1009,17,642.42,已完成,张伟,老客户复购,同步带轮组件,传动部件,565,711.1,南通华科,福建客户098,华南,广西,设备集成商,C,6703.12,1618.7,1434.93,374.28,83.62,10921.14,10214.650000000001,706.489999999998,0.0646901330813448,2025-04
O000210,2025-11-30,C0008,P1008,22,685.83,已完成,刘洋,老客户复购,精密齿轮箱,传动部件,523,743.47,上海工控,天津客户008,华北,北京,设备集成商,C,7304.28,1776.98,1403.63,521.02,188.26,15088.26,11194.17,3894.09,0.2580874136580361,2025-11
O000211,2025-09-02,C0011,P1002,14,944.82,已完成,李娜,展会线索,伺服电机B型,电机类,690,1040.91,南通华科,上海客户011,华东,上海,经销商,A,6570.92,1177.81,985.03,532.48,104.46,13227.480000000001,9370.699999999999,3856.7800000000025,0.29157330043213087,2025-09
O000212,2025-09-08,C0001,P1015,59,86.64,已完成,张伟,直销,传感器支架,配套耗材,70,84.31,苏州精工,广东客户001,华南,广西,终端工厂,B,2829.96,631.04,656.29,226.14,57.24,5111.76,4400.67,711.0900000000001,0.13910864359829103,2025-09
O000213,2025-06-27,C0043,P1008,25,721.51,已完成,刘洋,老客户复购,精密齿轮箱,传动部件,523,743.47,上海工控,广东客户043,华南,广东,设备集成商,B,8912.46,1661.01,1610.62,733.89,258.66,18037.75,13176.64,4861.110000000001,0.2694964726753614,2025-06
O000214,2025-08-22,C0089,P1003,1,1437.81,已完成,赵磊,直销,步进电机A型,电机类,1120,1636.22,常州机电,河北客户089,华北,天津,经销商,C,961.26,146.26,165.97,35.31,24.88,1437.81,1333.68,104.12999999999988,0.07242264276921143,2025-08
O000215,2025-03-27,C0032,P1010,28,574.64,已完成,赵磊,老客户复购,联轴器套件,传动部件,456,621.63,上海工控,天津客户032,华北,天津,设备集成商,B,8392.06,1563.27,1454.85,742.03,277.87,16089.92,12430.080000000002,3659.8399999999983,0.22746166544022584,2025-03
O000216,2025-01-26,C0105,P1009,14,705.32,已完成,陈敏,老客户复购,同步带轮组件,传动部件,565,711.1,南通华科,安徽客户105,华东,安徽,设备集成商,B,5358.91,1170.52,1098.13,309.26,144.81,9874.480000000001,8081.630000000001,1792.8500000000004,0.1815639912177654,2025-01
O000217,2025-01-01,C0027,P1010,7,616.62,已完成,陈敏,直销,联轴器套件,传动部件,456,621.63,上海工控,浙江客户027,华东,浙江,终端工厂,A,2077.16,543.63,453.63,114.6,75.36,4316.34,3264.38,1051.96,0.24371574065064383,2025-01
O000218,2025-07-11,C0007,P1016,50,104.28,已取消,赵磊,老客户复购,密封圈套装,配套耗材,83,101.3,苏州精工,福建客户007,华南,广西,终端工厂,A,2775.25,541.49,434.35,205.88,93.73,5214.0,4050.7,1163.3000000000002,0.22311085538933645,2025-07
O000219,2025-06-08,C0090,P1013,40,167.64,已完成,赵磊,经销,CNC定制件,机加工件,138,172.93,南通华科,河北客户090,华北,北京,终端工厂,B,3868.11,879.55,598.82,122.66,68.23,6705.599999999999,5537.369999999999,1168.2300000000005,0.17421707229778105,2025-06
O000220,2025-03-23,C0107,P1004,13,626.54,已完成,陈敏,经销,减速电机C型,电机类,541,716.52,苏州精工,安徽客户107,华东,安徽,经销商,B,4961.72,1249.79,805.15,339.43,110.84,8145.0199999999995,7466.93,678.0899999999992,0.08325209760074245,2025-03
O000221,2025-03-30,C0041,P1010,9,615.85,已完成,王强,老客户复购,联轴器套件,传动部件,456,621.63,上海工控,福建客户041,华南,广东,终端工厂,A,2557.53,626.17,608.85,136.71,102.32,5542.650000000001,4031.5800000000004,1511.0700000000002,0.27262590998890424,2025-03
O000222,2025-11-01,C0066,P1006,6,2312.63,已完成,王强,经销,PLC控制器增强版,控制器类,1773,2443.12,苏州精工,上海客户066,华东,山东,终端工厂,A,6846.89,1325.37,1165.89,614.63,156.24,13875.78,10109.019999999999,3766.760000000002,0.2714629375790047,2025-11
O000223,2025-11-26,C0092,P1007,8,1031.0,已完成,赵磊,直销,变频控制器A型,控制器类,780,1044.88,南通华科,江苏客户092,华东,江苏,终端工厂,B,4366.09,947.69,803.92,356.66,93.63,8248.0,6567.990000000001,1680.0099999999993,0.20368695441319098,2025-11
O000224,2025-06-03,C0014,P1002,16,1000.1,已完成,刘洋,老客户复购,伺服电机B型,电机类,690,1040.91,南通华科,江苏客户014,华东,上海,设备集成商,B,7730.24,1391.48,1525.49,633.51,295.81,16001.6,11576.529999999999,4425.0700000000015,0.2765392210778923,2025-06
O000225,2025-12-09,C0099,P1011,23,484.98,已完成,王强,老客户复购,铝合金支架,机加工件,393,502.7,无锡智造,广西客户099,华南,福建,设备集成商,B,5806.95,1412.37,1138.87,316.76,73.63,11154.54,8748.579999999998,2405.9600000000028,0.21569334100733895,2025-12
O000226,2025-05-04,C0116,P1010,17,595.36,已取消,王强,直销,联轴器套件,传动部件,456,621.63,上海工控,北京客户116,华北,北京,终端工厂,A,4910.3,1319.54,1123.93,287.26,176.38,10121.12,7817.410000000001,2303.71,0.22761413756580298,2025-05
O000227,2025-11-30,C0060,P1004,14,683.5,已完成,李娜,展会线索,减速电机C型,电机类,541,716.52,苏州精工,广西客户060,华南,广东,设备集成商,A,4757.05,1192.8,1151.93,424.48,101.35,9569.0,7627.610000000001,1941.3899999999994,0.20288326888912106,2025-11
O000228,2025-05-24,C0012,P1011,4,484.87,已完成,刘洋,直销,铝合金支架,机加工件,393,502.7,无锡智造,云南客户012,西南,云南,终端工厂,A,1091.79,228.96,236.44,65.12,31.95,1939.48,1654.26,285.22,0.14706003671087098,2025-05
O000229,2025-09-20,C0083,P1003,13,1565.23,已完成,赵磊,经销,步进电机A型,电机类,1120,1636.22,常州机电,浙江客户083,华东,山东,终端工厂,B,9141.6,2262.65,1936.73,739.63,314.06,20347.99,14394.669999999998,5953.320000000003,0.29257533545082354,2025-09
O000230,2025-10-25,C0111,P1006,7,2210.59,已完成,陈敏,老客户复购,PLC控制器增强版,控制器类,1773,2443.12,苏州精工,广东客户111,华南,广东,经销商,A,8834.29,2074.39,1404.66,679.41,105.71,15474.130000000001,13098.46,2375.670000000002,0.15352527088760412,2025-10
O000231,2025-02-16,C0115,P1009,23,631.01,已完成,王强,老客户复购,同步带轮组件,传动部件,565,711.1,南通华科,重庆客户115,西南,四川,经销商,B,8865.45,2247.68,1378.34,649.31,246.42,14513.23,13387.2,1126.0299999999988,0.07758645043177838,2025-02
O000232,2025-01-10,C0023,P1005,10,1347.19,已完成,赵磊,直销,PLC控制器标准版,控制器类,980,1458.49,苏州精工,江苏客户023,华东,浙江,设备集成商,B,6569.7,1357.63,1218.4,658.82,108.12,13471.900000000001,9912.67,3559.2300000000014,0.2641965869699152,2025-01
O000233,2025-10-20,C0038,P1011,38,491.71,已完成,李娜,经销,铝合金支架,机加工件,393,502.7,无锡智造,江苏客户038,华东,安徽,终端工厂,A,10124.66,1866.67,1688.64,779.46,178.24,18684.98,14637.67,4047.3099999999995,0.21660767097422634,2025-10
O000234,2025-06-13,C0020,P1006,5,2317.12,已完成,张伟,直销,PLC控制器增强版,控制器类,1773,2443.12,苏州精工,福建客户020,华南,福建,经销商,B,6370.18,1330.18,1161.25,188.51,224.16,11585.599999999999,9274.28,2311.319999999998,0.1994993785388757,2025-06
O000235,2025-04-29,C0065,P1003,5,1526.35,已完成,刘洋,展会线索,步进电机A型,电机类,1120,1636.22,常州机电,安徽客户065,华东,山东,经销商,B,3569.57,852.88,692.95,225.48,111.8,7631.75,5452.679999999999,2179.0700000000006,0.2855269106037279,2025-04
O000236,2025-05-18,C0033,P1010,27,639.6,已完成,陈敏,展会线索,联轴器套件,传动部件,456,621.63,上海工控,江苏客户033,华东,浙江,终端工厂,B,8448.6,1591.42,1600.25,736.82,201.17,17269.2,12578.26,4690.9400000000005,0.27163620781506964,2025-05
O000237,2025-11-19,C0055,P1006,9,2230.18,已完成,赵磊,直销,PLC控制器增强版,控制器类,1773,2443.12,苏州精工,天津客户055,华北,天津,设备集成商,C,10157.91,2214.72,1799.04,389.46,214.04,20071.62,14775.169999999998,5296.450000000001,0.2638775544774164,2025-11
O000238,2025-01-19,C0074,P1005,7,1472.4,已完成,张伟,老客户复购,PLC控制器标准版,控制器类,980,1458.49,苏州精工,安徽客户074,华东,浙江,终端工厂,B,4624.28,853.14,934.53,512.82,200.59,10306.800000000001,7125.36,3181.4400000000014,0.3086738852020027,2025-01
O000239,2025-06-13,C0024,P1005,6,1417.58,已完成,赵磊,展会线索,PLC控制器标准版,控制器类,980,1458.49,苏州精工,广东客户024,华南,广西,终端工厂,B,4133.15,799.57,595.91,375.72,49.64,8505.48,5953.99,2551.49,0.29998189402596914,2025-06
O000240,2025-05-10,C0081,P1001,8,750.42,已完成,王强,直销,伺服电机A型,电机类,522,799.93,南通华科,安徽客户081,华东,江苏,经销商,B,2674.99,637.54,462.29,265.24,100.0,6003.36,4140.0599999999995,1863.3000000000002,0.31037618933397304,2025-05
O000241,2025-02-27,C0041,P1010,25,605.51,已完成,赵磊,直销,联轴器套件,传动部件,456,621.63,上海工控,福建客户041,华南,广东,终端工厂,A,7929.58,1926.23,1290.28,613.25,156.36,15137.75,11915.7,3222.0499999999993,0.2128486730194381,2025-02
O000242,2025-10-13,C0041,P1009,38,729.98,已完成,王强,经销,同步带轮组件,传动部件,565,711.1,南通华科,福建客户041,华南,广东,终端工厂,A,14743.12,2733.59,3055.94,1359.88,156.84,27739.24,22049.37,5689.870000000003,0.20511989513771836,2025-10
O000243,2025-11-07,C0065,P1002,16,932.76,已完成,王强,老客户复购,伺服电机B型,电机类,690,1040.91,南通华科,安徽客户065,华东,山东,经销商,B,6948.39,1406.7,1389.21,375.75,255.26,14924.16,10375.31,4548.85,0.3047977239590034,2025-11
O000244,2025-01-03,C0113,P1003,8,1551.89,已完成,张伟,展会线索,步进电机A型,电机类,1120,1636.22,常州机电,安徽客户113,华东,浙江,经销商,B,5979.71,1335.69,1281.48,343.51,127.85,12415.12,9068.24,3346.880000000001,0.26958096256822334,2025-01
O000245,2025-11-17,C0103,P1008,8,716.06,已完成,李娜,经销,精密齿轮箱,传动部件,523,743.47,上海工控,上海客户103,华东,上海,终端工厂,A,2910.78,697.9,422.01,114.76,46.95,5728.48,4192.400000000001,1536.079999999999,0.2681479205653156,2025-11
O000246,2025-09-29,C0062,P1002,14,923.58,已完成,刘洋,经销,伺服电机B型,电机类,690,1040.91,南通华科,浙江客户062,华东,上海,经销商,C,6328.85,1328.12,1353.47,568.73,101.91,12930.12,9681.08,3249.040000000001,0.2512768636331295,2025-09
O000247,2025-12-27,C0011,P1015,82,80.86,已完成,刘洋,老客户复购,传感器支架,配套耗材,70,84.31,苏州精工,上海客户011,华东,上海,经销商,A,3881.95,815.48,748.19,243.52,122.03,6630.5199999999995,5811.170000000001,819.3499999999985,0.12357251015003327,2025-12
O000248,2025-06-03,C0074,P1008,37,751.47,已完成,刘洋,直销,精密齿轮箱,传动部件,523,743.47,上海工控,安徽客户074,华东,浙江,终端工厂,B,12369.73,2423.14,2663.33,800.62,206.96,27804.39,18463.779999999995,9340.610000000004,0.3359401159313333,2025-06
O000249,2025-09-01,C0027,P1015,51,83.35,已完成,陈敏,直销,传感器支架,配套耗材,70,84.31,苏州精工,浙江客户027,华东,浙江,终端工厂,A,2255.2,548.12,421.36,212.16,47.14,4250.849999999999,3483.9799999999996,766.8699999999999,0.18040391921615676,2025-09
O000250,2025-06-07,C0087,P1002,7,1007.0,已完成,赵磊,展会线索,伺服电机B型,电机类,690,1040.91,南通华科,山东客户087,华东,江苏,终端工厂,A,3097.13,761.84,553.79,227.63,86.27,7049.0,4726.660000000001,2322.3399999999992,0.32945666051922246,2025-06
O000251,2025-03-07,C0020,P1003,14,1533.0,已完成,刘洋,展会线索,步进电机A型,电机类,1120,1636.22,常州机电,福建客户020,华南,福建,经销商,B,10432.78,2630.56,1771.79,1001.22,362.07,21462.0,16198.42,5263.58,0.2452511415525114,2025-03
O000252,2025-10-08,C0059,P1004,14,693.44,已完成,陈敏,直销,减速电机C型,电机类,541,716.52,苏州精工,河北客户059,华北,河北,经销商,B,4948.19,990.95,884.43,258.65,129.64,9708.16,7211.86,2496.3,0.25713420462785946,2025-10
O000253,2025-01-25,C0081,P1002,2,924.23,已取消,李娜,展会线索,伺服电机B型,电机类,690,1040.91,南通华科,安徽客户081,华东,江苏,经销商,B,862.0,241.31,146.17,45.79,12.27,1848.46,1307.54,540.9200000000001,0.2926327862112245,2025-01
O000254,2025-01-12,C0117,P1006,13,2357.93,已完成,王强,直销,PLC控制器增强版,控制器类,1773,2443.12,苏州精工,上海客户117,华东,安徽,经销商,B,14881.99,3924.33,3155.65,703.68,554.1,30653.089999999997,23219.75,7433.3399999999965,0.24249888021077148,2025-01
O000255,2025-06-09,C0027,P1009,25,678.16,已完成,张伟,经销,同步带轮组件,传动部件,565,711.1,南通华科,浙江客户027,华东,浙江,终端工厂,A,9888.51,2333.72,2130.87,622.0,212.29,16954.0,15187.39,1766.6100000000006,0.10420018874601868,2025-06
O000256,2025-09-23,C0027,P1007,15,1074.69,已完成,陈敏,直销,变频控制器A型,控制器类,780,1044.88,南通华科,浙江客户027,华东,浙江,终端工厂,A,7691.5,1561.08,1561.3,743.67,224.23,16120.35,11781.779999999999,4338.5700000000015,0.2691362160250864,2025-09
O000257,2025-11-25,C0095,P1004,7,718.16,已完成,王强,老客户复购,减速电机C型,电机类,541,716.52,苏州精工,北京客户095,华北,天津,终端工厂,B,2696.2,535.54,536.65,189.54,75.69,5027.12,4033.62,993.5,0.1976280653734146,2025-11
O000258,2025-04-13,C0029,P1003,4,1615.66,已完成,李娜,直销,步进电机A型,电机类,1120,1636.22,常州机电,云南客户029,西南,四川,终端工厂,B,3066.58,597.18,486.6,318.3,36.7,6462.64,4505.36,1957.2800000000007,0.30286075040540716,2025-04
O000259,2025-04-26,C0050,P1010,37,604.91,已完成,张伟,经销,联轴器套件,传动部件,456,621.63,上海工控,广东客户050,华南,广西,终端工厂,A,11249.81,2454.96,2051.65,948.3,362.14,22381.67,17066.86,5314.809999999998,0.23746262008152197,2025-04
O000260,2025-08-17,C0048,P1016,64,92.97,已完成,王强,老客户复购,密封圈套装,配套耗材,83,101.3,苏州精工,江苏客户048,华东,山东,经销商,A,3774.3,763.49,711.02,275.08,118.45,5950.08,5642.339999999999,307.7400000000007,0.051720313004195016,2025-08
O000261,2025-03-20,C0071,P1011,41,451.84,已完成,刘洋,经销,铝合金支架,机加工件,393,502.7,无锡智造,湖北客户071,华中,湖北,经销商,A,11551.88,2627.56,1749.77,292.92,321.94,18525.44,16544.07,1981.369999999999,0.10695400487113932,2025-03
O000262,2025-08-01,C0025,P1001,4,713.46,已完成,李娜,老客户复购,伺服电机A型,电机类,522,799.93,南通华科,广东客户025,华南,福建,经销商,B,1847.4,344.06,243.87,106.72,27.81,2853.84,2569.8599999999997,283.9800000000005,0.09950803128416466,2025-08
O000263,2025-11-04,C0033,P1002,4,1059.46,已完成,赵磊,经销,伺服电机B型,电机类,690,1040.91,南通华科,江苏客户033,华东,浙江,终端工厂,B,1816.75,482.5,314.78,149.24,44.14,4237.84,2807.4099999999994,1430.4300000000007,0.3375375191135108,2025-11
O000264,2025-08-15,C0046,P1006,6,2382.81,已完成,刘洋,直销,PLC控制器增强版,控制器类,1773,2443.12,苏州精工,湖南客户046,华中,湖南,终端工厂,C,9566.26,1636.91,1653.56,265.3,118.8,14296.86,13240.829999999998,1056.0300000000025,0.07386447093977296,2025-08
O000265,2025-07-11,C0096,P1004,1,622.78,已完成,刘洋,展会线索,减速电机C型,电机类,541,716.52,苏州精工,天津客户096,华北,北京,经销商,C,355.37,70.3,70.44,23.56,3.53,622.78,523.1999999999999,99.58000000000004,0.15989595041587726,2025-07
O000266,2025-08-30,C0006,P1014,30,38.09,已完成,赵磊,展会线索,工业线缆,配套耗材,34,41.43,南通华科,福建客户006,华南,广东,经销商,B,662.15,171.94,133.84,18.56,10.55,1142.7,997.0399999999998,145.6600000000002,0.12747002712873037,2025-08
O000267,2025-08-02,C0077,P1009,25,692.43,已完成,赵磊,老客户复购,同步带轮组件,传动部件,565,711.1,南通华科,云南客户077,西南,重庆,设备集成商,A,9660.29,1863.96,2113.71,669.58,208.95,17310.75,14516.49,2794.26,0.1614176162211343,2025-08
O000268,2025-03-28,C0083,P1001,11,799.38,已完成,刘洋,老客户复购,伺服电机A型,电机类,522,799.93,南通华科,浙江客户083,华东,山东,终端工厂,B,4085.79,824.02,655.19,335.45,119.58,8793.18,6020.03,2773.1500000000005,0.3153750975187589,2025-03
O000269,2025-01-17,C0116,P1011,33,485.95,已完成,张伟,展会线索,铝合金支架,机加工件,393,502.7,无锡智造,北京客户116,华北,北京,终端工厂,A,8475.56,1823.7,1606.76,403.95,251.03,16036.35,12561.000000000002,3475.3499999999985,0.2167170210178749,2025-01
O000270,2025-01-28,C0044,P1006,5,2441.72,已完成,王强,老客户复购,PLC控制器增强版,控制器类,1773,2443.12,苏州精工,安徽客户044,华东,安徽,终端工厂,A,6073.73,1298.25,1098.12,339.12,112.95,12208.599999999999,8922.17,3286.4299999999985,0.26918975148665686,2025-01
O000271,2025-02-07,C0011,P1008,19,708.01,已完成,王强,直销,精密齿轮箱,传动部件,523,743.47,上海工控,上海客户011,华东,上海,经销商,A,6246.1,1352.35,1185.21,459.65,223.4,13452.19,9466.71,3985.4800000000014,0.29626997537203986,2025-02
O000272,2025-02-18,C0032,P1004,9,647.87,已完成,陈敏,直销,减速电机C型,电机类,541,716.52,苏州精工,天津客户032,华北,天津,设备集成商,B,3211.45,860.28,728.6,288.44,105.79,5830.83,5194.5599999999995,636.2700000000004,0.10912168593493558,2025-02
O000273,2025-09-23,C0097,P1004,8,658.0,已完成,王强,直销,减速电机C型,电机类,541,716.52,苏州精工,上海客户097,华东,安徽,经销商,C,2950.28,674.77,466.44,212.05,73.71,5264.0,4377.25,886.75,0.168455547112462,2025-09
O000274,2025-10-15,C0075,P1002,10,1010.14,已完成,张伟,展会线索,伺服电机B型,电机类,690,1040.91,南通华科,江苏客户075,华东,上海,终端工厂,A,4627.78,1115.02,873.84,336.73,110.87,10101.4,7064.239999999999,3037.1600000000008,0.3006672342447582,2025-10
O000275,2025-06-02,C0046,P1008,27,709.81,已完成,赵磊,直销,精密齿轮箱,传动部件,523,743.47,上海工控,湖南客户046,华中,湖南,终端工厂,C,9768.02,2437.24,2124.51,814.72,99.79,19164.87,15244.28,3920.5899999999983,0.20457169811222298,2025-06
O000276,2025-06-21,C0025,P1014,30,39.69,已完成,赵磊,经销,工业线缆,配套耗材,34,41.43,南通华科,广东客户025,华南,福建,经销商,B,725.41,139.22,156.34,26.07,13.81,1190.6999999999998,1060.85,129.8499999999999,0.10905349794238677,2025-06
O000277,2025-09-25,C0112,P1004,13,687.78,已完成,陈敏,经销,减速电机C型,电机类,541,716.52,苏州精工,广东客户112,华南,福建,终端工厂,A,4887.51,1114.14,878.81,346.49,118.33,8941.14,7345.280000000001,1595.8599999999988,0.17848507013647016,2025-09
O000278,2025-08-26,C0094,P1010,13,602.24,已取消,陈敏,直销,联轴器套件,传动部件,456,621.63,上海工控,安徽客户094,华东,安徽,终端工厂,A,3838.82,941.25,665.45,307.6,39.51,7829.12,5792.63,2036.4899999999998,0.26011735673996567,2025-08
O000279,2025-12-14,C0006,P1003,15,1596.65,已完成,王强,直销,步进电机A型,电机类,1120,1636.22,常州机电,福建客户006,华南,广东,经销商,B,11337.94,2420.28,1985.53,791.53,351.57,23949.75,16886.850000000002,7062.899999999998,0.294904957254251,2025-12
O000280,2025-03-29,C0043,P1006,5,2271.5,已完成,李娜,直销,PLC控制器增强版,控制器类,1773,2443.12,苏州精工,广东客户043,华南,广东,设备集成商,B,6352.05,1506.91,1267.95,360.76,123.59,11357.5,9611.26,1746.2399999999998,0.1537521461589258,2025-03
O000281,2025-01-19,C0020,P1002,12,990.25,已完成,陈敏,展会线索,伺服电机B型,电机类,690,1040.91,南通华科,福建客户020,华南,福建,经销商,B,5160.53,1172.0,1249.47,337.96,141.69,11883.0,8061.65,3821.3500000000004,0.3215812505259615,2025-01
O000282,2025-12-28,C0067,P1012,7,379.09,已完成,赵磊,经销,不锈钢轴套,机加工件,315,371.9,南通华科,福建客户067,华南,广东,终端工厂,A,1427.04,300.87,228.69,96.81,31.1,2653.6299999999997,2084.5099999999998,569.1199999999999,0.21446848279526534,2025-12
O000283,2025-11-16,C0097,P1003,10,1567.19,已完成,王强,展会线索,步进电机A型,电机类,1120,1636.22,常州机电,上海客户097,华东,安徽,经销商,C,7622.68,1711.51,1656.82,647.02,259.71,15671.900000000001,11897.74,3774.1600000000017,0.24082338452899785,2025-11
O000284,2025-03-07,C0044,P1012,38,349.76,已完成,王强,直销,不锈钢轴套,机加工件,315,371.9,南通华科,安徽客户044,华东,安徽,终端工厂,A,8018.99,1690.56,1867.39,224.61,96.88,13290.88,11898.429999999998,1392.4500000000007,0.10476732917609675,2025-03
O000285,2025-07-28,C0002,P1012,22,326.48,已完成,刘洋,老客户复购,不锈钢轴套,机加工件,315,371.9,南通华科,广东客户002,华南,福建,经销商,B,4587.38,1086.88,696.41,288.57,96.11,7182.56,6755.349999999999,427.21000000000095,0.05947879307656336,2025-07
O000286,2025-11-08,C0062,P1002,15,985.38,已完成,张伟,展会线索,伺服电机B型,电机类,690,1040.91,南通华科,浙江客户062,华东,上海,经销商,C,6918.67,1504.99,1357.6,305.41,98.01,14780.7,10184.68,4596.02,0.3109473840887103,2025-11
O000287,2025-08-15,C0018,P1010,42,536.77,已完成,刘洋,经销,联轴器套件,传动部件,456,621.63,上海工控,上海客户018,华东,山东,经销商,B,12428.95,3113.55,2591.21,717.01,305.99,22544.34,19156.71,3387.630000000001,0.15026521069146406,2025-08
O000288,2025-07-07,C0097,P1002,7,975.41,已完成,赵磊,经销,伺服电机B型,电机类,690,1040.91,南通华科,上海客户097,华东,安徽,经销商,C,3264.72,668.58,511.24,316.73,95.58,6827.87,4856.85,1971.0199999999995,0.28867274860241915,2025-07
O000289,2025-12-02,C0029,P1011,26,503.14,已完成,王强,展会线索,铝合金支架,机加工件,393,502.7,无锡智造,云南客户029,西南,四川,终端工厂,B,7048.12,1510.63,1485.58,463.84,75.97,13081.64,10584.14,2497.5,0.19091642943851078,2025-12
O000290,2025-03-01,C0040,P1010,21,587.61,已完成,刘洋,直销,联轴器套件,传动部件,456,621.63,上海工控,浙江客户040,华东,江苏,终端工厂,A,6789.48,1324.67,1036.83,223.12,195.05,12339.81,9569.15,2770.66,0.22453019941149824,2025-03
O000291,2025-04-27,C0096,P1008,38,705.0,已完成,陈敏,老客户复购,精密齿轮箱,传动部件,523,743.47,上海工控,天津客户096,华北,北京,经销商,C,13720.95,3219.78,3079.38,729.04,359.44,26790.0,21108.59,5681.41,0.21207204180664427,2025-04
O000292,2025-11-15,C0028,P1009,13,637.1,已完成,刘洋,直销,同步带轮组件,传动部件,565,711.1,南通华科,广东客户028,华南,广东,经销商,B,5008.92,1313.06,872.15,401.46,59.89,8282.300000000001,7655.48,626.8200000000015,0.07568187580744497,2025-11
O000293,2025-07-17,C0077,P1012,29,362.5,已完成,陈敏,老客户复购,不锈钢轴套,机加工件,315,371.9,南通华科,云南客户077,西南,重庆,设备集成商,A,6361.62,1443.08,1361.24,168.24,64.88,10512.5,9399.06,1113.4400000000005,0.10591581450653988,2025-07
O000294,2025-12-25,C0069,P1009,12,641.71,已完成,王强,经销,同步带轮组件,传动部件,565,711.1,南通华科,山东客户069,华东,安徽,设备集成商,B,4250.85,1054.82,923.27,359.72,92.51,7700.52,6681.170000000001,1019.3499999999995,0.13237417732828424,2025-12
O000295,2025-09-11,C0071,P1011,21,458.24,已取消,王强,展会线索,铝合金支架,机加工件,393,502.7,无锡智造,湖北客户071,华中,湖北,经销商,A,5173.02,1094.11,829.3,405.95,165.84,9623.04,7668.22,1954.8200000000006,0.20313954841713225,2025-09
O000296,2025-12-15,C0057,P1007,10,1006.34,已完成,李娜,经销,变频控制器A型,控制器类,780,1044.88,南通华科,浙江客户057,华东,上海,设备集成商,C,5614.39,1128.91,789.03,233.63,139.04,10063.4,7905.0,2158.3999999999996,0.21448019556014863,2025-12
O000297,2025-05-06,C0088,P1007,1,1055.56,已完成,张伟,直销,变频控制器A型,控制器类,780,1044.88,南通华科,河南客户088,华中,河南,终端工厂,A,558.63,98.45,83.69,41.76,15.84,1055.56,798.37,257.18999999999994,0.24365265830459656,2025-05
O000298,2025-06-23,C0075,P1002,4,979.71,已完成,赵磊,经销,伺服电机B型,电机类,690,1040.91,南通华科,江苏客户075,华东,上海,终端工厂,A,1780.34,465.86,297.33,185.76,31.41,3918.84,2760.7,1158.1400000000003,0.29553133069990106,2025-06
O000299,2025-12-08,C0033,P1004,14,689.62,已完成,李娜,经销,减速电机C型,电机类,541,716.52,苏州精工,江苏客户033,华东,浙江,终端工厂,B,4757.5,1063.17,842.76,322.88,147.74,9654.68,7134.05,2520.63,0.26107856500681537,2025-12
O000300,2025-04-16,C0103,P1004,9,704.97,已完成,刘洋,经销,减速电机C型,电机类,541,716.52,苏州精工,上海客户103,华东,上海,终端工厂,A,3257.81,777.27,593.51,101.37,124.43,6344.7300000000005,4854.39,1490.3400000000001,0.23489415625251192,2025-04
O000301,2025-09-07,C0068,P1005,1,1472.3,已完成,张伟,展会线索,PLC控制器标准版,控制器类,980,1458.49,苏州精工,四川客户068,西南,重庆,终端工厂,A,687.9,121.92,124.41,54.81,11.57,1472.3,1000.61,471.68999999999994,0.32037628200774293,2025-09
O000302,2025-06-09,C0081,P1016,24,91.9,已完成,刘洋,经销,密封圈套装,配套耗材,83,101.3,苏州精工,安徽客户081,华东,江苏,经销商,B,1350.18,302.82,224.09,43.98,36.14,2205.6000000000004,1957.21,248.39000000000033,0.1126178817555315,2025-06
O000303,2025-05-22,C0089,P1016,91,95.93,已取消,赵磊,老客户复购,密封圈套装,配套耗材,83,101.3,苏州精工,河北客户089,华北,天津,经销商,C,4926.51,1016.95,1089.69,355.84,79.84,8729.630000000001,7468.83,1260.800000000001,0.14442765615495742,2025-05
O000304,2025-11-01,C0057,P1016,21,92.7,已完成,陈敏,经销,密封圈套装,配套耗材,83,101.3,苏州精工,浙江客户057,华东,上海,设备集成商,C,1232.75,281.14,210.46,58.33,30.95,1946.7,1813.6299999999999,133.07000000000016,0.06835670622078398,2025-11
O000305,2025-07-15,C0051,P1002,1,1027.49,已完成,王强,展会线索,伺服电机B型,电机类,690,1040.91,南通华科,广西客户051,华南,广东,终端工厂,C,442.4,102.21,96.06,34.81,14.51,1027.49,689.99,337.5,0.32847035007639974,2025-07
O000306,2025-02-12,C0009,P1011,19,500.27,已完成,李娜,老客户复购,铝合金支架,机加工件,393,502.7,无锡智造,安徽客户009,华东,浙江,终端工厂,A,5037.4,985.3,930.48,319.56,158.74,9505.13,7431.4800000000005,2073.6499999999987,0.2181611403526305,2025-02
O000307,2025-11-26,C0021,P1015,66,77.18,已完成,赵磊,展会线索,传感器支架,配套耗材,70,84.31,苏州精工,山东客户021,华东,江苏,经销商,A,3166.5,672.65,732.1,95.63,41.27,5093.88,4708.150000000001,385.72999999999956,0.07572420237618467,2025-11
O000308,2025-05-05,C0091,P1004,15,685.54,已完成,王强,展会线索,减速电机C型,电机类,541,716.52,苏州精工,广东客户091,华南,广东,经销商,A,5308.28,1085.09,1116.03,168.48,78.78,10283.099999999999,7756.659999999999,2526.4399999999996,0.24568855695266992,2025-05
O000309,2025-07-11,C0097,P1007,7,966.91,已完成,陈敏,经销,变频控制器A型,控制器类,780,1044.88,南通华科,上海客户097,华东,安徽,经销商,C,3545.37,879.06,832.93,290.68,52.33,6768.37,5600.370000000001,1167.999999999999,0.17256739805891214,2025-07
O000310,2025-08-02,C0003,P1002,15,1060.86,已完成,赵磊,经销,伺服电机B型,电机类,690,1040.91,南通华科,上海客户003,华东,安徽,终端工厂,A,8441.08,1260.64,1227.84,687.59,188.57,15912.899999999998,11805.72,4107.1799999999985,0.25810380257526905,2025-08
O000311,2025-06-17,C0119,P1012,4,368.52,已完成,张伟,展会线索,不锈钢轴套,机加工件,315,371.9,南通华科,北京客户119,华北,北京,设备集成商,A,836.46,166.17,155.73,47.28,15.1,1474.08,1220.7399999999998,253.34000000000015,0.1718631281884295,2025-06
O000312,2025-04-07,C0048,P1012,41,356.52,已完成,赵磊,直销,不锈钢轴套,机加工件,315,371.9,南通华科,江苏客户048,华东,山东,经销商,A,9217.4,1985.7,1944.66,608.45,218.05,14617.32,13974.26,643.0599999999995,0.043993016503709265,2025-04
O000313,2025-07-16,C0117,P1003,10,1477.18,已完成,赵磊,直销,步进电机A型,电机类,1120,1636.22,常州机电,上海客户117,华东,安徽,经销商,B,7500.52,1345.46,1532.25,405.61,99.95,14771.800000000001,10883.79,3888.01,0.2632048903992743,2025-07
O000314,2025-03-26,C0039,P1010,17,574.36,已完成,李娜,老客户复购,联轴器套件,传动部件,456,621.63,上海工控,湖北客户039,华中,河南,经销商,B,5150.91,1272.36,1222.5,274.31,128.31,9764.12,8048.39,1715.7300000000005,0.17571783222656012,2025-03
O000315,2025-09-25,C0021,P1009,5,625.95,已完成,赵磊,经销,同步带轮组件,传动部件,565,711.1,南通华科,山东客户021,华东,江苏,经销商,A,1991.98,395.61,306.61,77.82,57.86,3129.75,2829.8800000000006,299.86999999999944,0.09581276459781114,2025-09
O000316,2025-08-08,C0026,P1003,5,1568.23,已完成,张伟,经销,步进电机A型,电机类,1120,1636.22,常州机电,河南客户026,华中,湖北,经销商,B,4460.08,782.62,716.12,350.1,149.5,7841.15,6458.42,1382.7299999999996,0.17634275584576237,2025-08
O000317,2025-09-03,C0104,P1002,11,1025.78,已完成,王强,直销,伺服电机B型,电机类,690,1040.91,南通华科,安徽客户104,华东,安徽,终端工厂,B,5413.15,984.33,830.43,544.14,142.68,11283.58,7914.7300000000005,3368.8499999999995,0.2985621584638917,2025-09
O000318,2025-01-21,C0088,P1005,6,1499.59,已完成,陈敏,老客户复购,PLC控制器标准版,控制器类,980,1458.49,苏州精工,河南客户088,华中,河南,终端工厂,A,3754.91,877.76,864.32,395.37,161.59,8997.539999999999,6053.95,2943.5899999999992,0.3271549779161859,2025-01
O000319,2025-11-21,C0067,P1008,27,753.93,已完成,张伟,老客户复购,精密齿轮箱,传动部件,523,743.47,上海工控,福建客户067,华南,广东,终端工厂,A,9559.31,2429.05,1844.23,737.85,333.45,20356.109999999997,14903.890000000001,5452.219999999996,0.26784194033142855,2025-11
O000320,2025-08-15,C0024,P1013,40,170.97,已完成,王强,直销,CNC定制件,机加工件,138,172.93,南通华科,广东客户024,华南,广西,终端工厂,B,3657.24,686.77,667.98,251.93,53.92,6838.8,5317.84,1520.96,0.22240159092238404,2025-08
O000321,2025-12-30,C0057,P1005,2,1389.28,已完成,刘洋,老客户复购,PLC控制器标准版,控制器类,980,1458.49,苏州精工,浙江客户057,华东,上海,设备集成商,C,1244.28,269.67,199.78,113.98,24.68,2778.56,1852.39,926.1699999999998,0.33332733502245765,2025-12
O000322,2025-10-04,C0015,P1002,1,912.92,已完成,李娜,直销,伺服电机B型,电机类,690,1040.91,南通华科,北京客户015,华北,河北,经销商,C,436.37,111.74,103.9,14.33,7.76,912.92,674.1,238.81999999999994,0.2616001402094378,2025-10
O000323,2025-12-04,C0091,P1010,24,594.74,已完成,陈敏,经销,联轴器套件,传动部件,456,621.63,上海工控,广东客户091,华南,广东,经销商,A,7819.74,1566.25,1710.72,351.1,118.06,14273.76,11565.869999999999,2707.8900000000012,0.18971105020681314,2025-12
O000324,2025-12-13,C0077,P1002,16,937.22,已完成,陈敏,展会线索,伺服电机B型,电机类,690,1040.91,南通华科,云南客户077,西南,重庆,设备集成商,A,7081.18,1381.26,1697.8,739.19,289.68,14995.52,11189.11,3806.41,0.2538364791617763,2025-12
O000325,2025-02-16,C0023,P1013,3,166.75,已完成,张伟,直销,CNC定制件,机加工件,138,172.93,南通华科,江苏客户023,华东,浙江,设备集成商,B,291.95,70.72,57.82,21.97,4.06,500.25,446.5199999999999,53.730000000000075,0.10740629685157436,2025-02
O000326,2025-01-04,C0105,P1003,15,1522.33,已完成,李娜,展会线索,步进电机A型,电机类,1120,1636.22,常州机电,安徽客户105,华东,安徽,设备集成商,B,11067.69,2661.96,2561.77,870.39,401.56,22834.949999999997,17563.370000000003,5271.5799999999945,0.2308557715256655,2025-01
O000327,2025-10-29,C0092,P1014,26,41.8,已完成,王强,经销,工业线缆,配套耗材,34,41.43,南通华科,江苏客户092,华东,江苏,终端工厂,B,589.98,144.13,140.38,22.14,20.54,1086.8,917.17,169.63,0.15608207581891792,2025-10
O000328,2025-07-29,C0079,P1013,29,151.02,已完成,张伟,经销,CNC定制件,机加工件,138,172.93,南通华科,安徽客户079,华东,浙江,经销商,A,2690.29,634.69,610.99,128.49,49.4,4379.58,4113.86,265.72000000000025,0.06067248457614663,2025-07
O000329,2025-02-07,C0029,P1005,3,1425.16,已完成,赵磊,展会线索,PLC控制器标准版,控制器类,980,1458.49,苏州精工,云南客户029,西南,四川,终端工厂,B,1977.79,356.17,381.61,107.69,80.89,4275.4800000000005,2904.15,1371.3300000000004,0.3207429341266946,2025-02
O000330,2025-10-08,C0052,P1001,6,772.1,已完成,陈敏,直销,伺服电机A型,电机类,522,799.93,南通华科,广西客户052,华南,广西,终端工厂,A,1969.32,462.16,491.25,215.58,71.9,4632.6,3210.21,1422.3900000000003,0.30703924362129265,2025-10
O000331,2025-10-02,C0098,P1001,7,770.19,已完成,赵磊,经销,伺服电机A型,电机类,522,799.93,南通华科,福建客户098,华南,广西,设备集成商,C,2480.83,500.03,445.85,97.88,90.53,5391.33,3615.12,1776.21,0.32945673887519406,2025-10
O000332,2025-05-01,C0035,P1013,16,165.95,已完成,王强,展会线索,CNC定制件,机加工件,138,172.93,南通华科,江苏客户035,华东,浙江,终端工厂,A,1440.47,353.43,268.17,82.98,35.38,2655.2,2180.4300000000003,474.7699999999995,0.17880762277794499,2025-05
O000333,2025-10-13,C0007,P1009,27,721.2,已完成,王强,经销,同步带轮组件,传动部件,565,711.1,南通华科,福建客户007,华南,广西,终端工厂,A,10681.33,2023.87,1890.49,380.74,119.49,19472.4,15095.92,4376.480000000001,0.22475298371027716,2025-10
O000334,2025-11-30,C0091,P1001,4,772.15,已完成,李娜,直销,伺服电机A型,电机类,522,799.93,南通华科,广东客户091,华南,广东,经销商,A,1420.82,274.25,216.29,143.31,40.2,3088.6,2094.87,993.73,0.32174124198666065,2025-11
O000335,2025-03-27,C0108,P1003,16,1573.32,已完成,王强,直销,步进电机A型,电机类,1120,1636.22,常州机电,湖北客户108,华中,湖南,终端工厂,A,11351.65,2207.84,1920.87,792.87,378.28,25173.12,16651.510000000002,8521.609999999997,0.33852021521368814,2025-03
O000336,2025-02-04,C0034,P1012,23,322.67,已取消,赵磊,直销,不锈钢轴套,机加工件,315,371.9,南通华科,广东客户034,华南,广东,经销商,A,4956.51,932.18,999.88,216.48,88.84,7421.410000000001,7193.89,227.52000000000044,0.03065724707299562,2025-02
O000337,2025-06-21,C0015,P1002,9,998.77,已完成,陈敏,直销,伺服电机B型,电机类,690,1040.91,南通华科,北京客户015,华北,河北,经销商,C,4347.89,869.09,675.77,409.63,73.55,8988.93,6375.93,2613.0,0.2906908831195704,2025-06
O000338,2025-03-06,C0003,P1011,42,486.88,已完成,王强,老客户复购,铝合金支架,机加工件,393,502.7,无锡智造,上海客户003,华东,安徽,终端工厂,A,10719.05,2680.5,2327.56,879.59,158.64,20448.96,16765.339999999997,3683.6200000000026,0.1801372783750373,2025-03
O000339,2025-12-27,C0042,P1003,8,1677.67,已完成,王强,直销,步进电机A型,电机类,1120,1636.22,常州机电,重庆客户042,西南,云南,终端工厂,B,5870.84,1142.87,1186.86,338.75,205.8,13421.36,8745.119999999999,4676.240000000002,0.3484177460406398,2025-12
O000340,2025-06-28,C0030,P1008,30,741.3,已完成,刘洋,直销,精密齿轮箱,传动部件,523,743.47,上海工控,福建客户030,华南,广西,设备集成商,A,9728.34,1938.99,1976.21,1079.4,408.37,22239.0,15131.310000000001,7107.689999999999,0.3196047484149467,2025-06
O000341,2025-07-13,C0034,P1007,9,978.1,已完成,刘洋,老客户复购,变频控制器A型,控制器类,780,1044.88,南通华科,广东客户034,华南,广东,经销商,A,5050.19,1017.97,721.61,226.31,133.25,8802.9,7149.33,1653.5699999999997,0.18784377875472852,2025-07
O000342,2025-06-02,C0001,P1001,6,755.22,已完成,王强,老客户复购,伺服电机A型,电机类,522,799.93,南通华科,广东客户001,华南,广西,终端工厂,B,1984.17,432.21,323.75,143.3,36.86,4531.32,2920.2900000000004,1611.0299999999993,0.35553216281348465,2025-06
O000343,2025-04-03,C0058,P1010,16,618.5,已完成,李娜,展会线索,联轴器套件,传动部件,456,621.63,上海工控,湖南客户058,华中,湖南,终端工厂,B,4590.09,1055.53,883.35,334.61,160.67,9896.0,7024.25,2871.75,0.29019300727566694,2025-04
O000344,2025-05-21,C0065,P1013,10,150.96,退货,陈敏,经销,CNC定制件,机加工件,138,172.93,南通华科,安徽客户065,华东,山东,经销商,B,871.13,231.11,140.18,46.06,20.85,1509.6000000000001,1309.33,200.2700000000002,0.13266428192898794,2025-05
O000345,2025-12-07,C0054,P1003,10,1581.27,已完成,张伟,展会线索,步进电机A型,电机类,1120,1636.22,常州机电,天津客户054,华北,北京,终端工厂,A,8015.84,1729.68,1226.68,523.62,172.94,15812.7,11668.760000000002,4143.939999999999,0.2620640371347081,2025-12
O000346,2025-02-06,C0035,P1013,23,167.93,已完成,李娜,直销,CNC定制件,机加工件,138,172.93,南通华科,江苏客户035,华东,浙江,终端工厂,A,2120.03,418.42,412.78,78.22,62.42,3862.3900000000003,3091.8700000000003,770.52,0.19949305999653064,2025-02
O000347,2025-07-11,C0085,P1016,86,103.7,已完成,张伟,老客户复购,密封圈套装,配套耗材,83,101.3,苏州精工,浙江客户085,华东,山东,终端工厂,A,4849.49,890.19,1094.8,326.17,86.88,8918.2,7247.530000000001,1670.67,0.18733264560113028,2025-07
O000348,2025-01-19,C0050,P1014,118,41.21,已取消,赵磊,展会线索,工业线缆,配套耗材,34,41.43,南通华科,广东客户050,华南,广西,终端工厂,A,2505.75,633.63,491.09,227.42,26.86,4862.78,3884.7500000000005,978.0299999999993,0.20112569353332854,2025-01
O000349,2025-04-13,C0115,P1011,27,435.41,退货,赵磊,展会线索,铝合金支架,机加工件,393,502.7,无锡智造,重庆客户115,西南,四川,经销商,B,6620.31,1877.7,1675.4,187.76,185.05,11756.070000000002,10546.22,1209.8500000000022,0.10291279313580151,2025-04
O000350,2025-08-03,C0006,P1013,20,156.69,已完成,刘洋,经销,CNC定制件,机加工件,138,172.93,南通华科,福建客户006,华南,广东,经销商,B,1772.33,447.35,419.86,58.07,26.89,3133.8,2724.5,409.3000000000002,0.13060820728827627,2025-08
O000351,2025-03-23,C0012,P1009,42,716.51,已完成,张伟,老客户复购,同步带轮组件,传动部件,565,711.1,南通华科,云南客户012,西南,云南,终端工厂,A,14769.74,2910.0,2415.17,1294.74,285.12,30093.42,21674.769999999997,8418.650000000001,0.2797505235363745,2025-03
O000352,2025-05-23,C0091,P1006,9,2361.43,已完成,王强,展会线索,PLC控制器增强版,控制器类,1773,2443.12,苏州精工,广东客户091,华南,广东,经销商,A,10680.36,2669.14,2069.57,638.05,109.95,21252.87,16167.07,5085.799999999999,0.2392994452043418,2025-05
O000353,2025-07-29,C0018,P1002,7,985.61,已完成,刘洋,展会线索,伺服电机B型,电机类,690,1040.91,南通华科,上海客户018,华东,山东,经销商,B,3268.96,615.75,704.6,165.73,104.27,6899.27,4859.31,2039.96,0.2956776586508428,2025-07
O000354,2025-01-02,C0064,P1013,32,148.96,已完成,陈敏,老客户复购,CNC定制件,机加工件,138,172.93,南通华科,江苏客户064,华东,浙江,经销商,B,3023.29,693.31,512.33,116.06,85.54,4766.72,4430.530000000001,336.1899999999996,0.07052858149838874,2025-01
O000355,2025-08-23,C0060,P1009,28,655.35,退货,陈敏,展会线索,同步带轮组件,传动部件,565,711.1,南通华科,广西客户060,华南,广东,设备集成商,A,9828.66,2070.7,2161.17,799.99,190.38,18349.8,15050.9,3298.8999999999996,0.1797785261964708,2025-08
O000356,2025-10-06,C0099,P1001,11,741.97,已完成,赵磊,老客户复购,伺服电机A型,电机类,522,799.93,南通华科,广西客户099,华南,福建,设备集成商,B,3935.25,880.99,596.44,300.03,140.45,8161.67,5853.16,2308.51,0.28284775052164574,2025-10
O000357,2025-05-02,C0072,P1003,3,1596.84,已完成,刘洋,展会线索,步进电机A型,电机类,1120,1636.22,常州机电,云南客户072,西南,云南,设备集成商,A,2416.66,409.18,469.07,141.36,24.66,4790.5199999999995,3460.93,1329.5899999999997,0.2775460701552232,2025-05
O000358,2025-01-23,C0040,P1009,38,693.58,已完成,赵磊,经销,同步带轮组件,传动部件,565,711.1,南通华科,浙江客户040,华东,江苏,终端工厂,A,14630.43,2734.11,2634.67,636.44,274.56,26356.04,20910.21,5445.830000000002,0.20662550216193334,2025-01
O000359,2025-06-05,C0053,P1002,1,1010.86,已完成,王强,直销,伺服电机B型,电机类,690,1040.91,南通华科,河北客户053,华北,河北,终端工厂,A,461.8,97.67,91.88,23.61,14.69,1010.86,689.6500000000001,321.2099999999999,0.3177591357853708,2025-06
O000360,2025-05-06,C0073,P1002,5,997.21,已完成,刘洋,老客户复购,伺服电机B型,电机类,690,1040.91,南通华科,湖北客户073,华中,湖南,设备集成商,C,2433.55,460.38,450.13,187.99,67.16,4986.05,3599.21,1386.8400000000001,0.27814402182088027,2025-05
O000361,2025-11-17,C0014,P1003,5,1559.63,已完成,赵磊,展会线索,步进电机A型,电机类,1120,1636.22,常州机电,江苏客户014,华东,上海,设备集成商,B,3676.76,887.78,569.49,217.93,101.29,7798.150000000001,5453.25,2344.9000000000005,0.30069952488731305,2025-11
O000362,2025-02-14,C0048,P1001,11,703.3,已完成,陈敏,老客户复购,伺服电机A型,电机类,522,799.93,南通华科,江苏客户048,华东,山东,经销商,A,3571.88,863.94,799.6,321.62,51.84,7736.299999999999,5608.88,2127.419999999999,0.274991921202642,2025-02
O000363,2025-11-11,C0019,P1007,10,1066.83,已完成,刘洋,老客户复购,变频控制器A型,控制器类,780,1044.88,南通华科,湖北客户019,华中,河南,终端工厂,B,5608.64,1219.69,949.97,253.03,145.02,10668.3,8176.35,2491.949999999999,0.2335845448665672,2025-11
O000364,2025-12-23,C0058,P1006,9,2512.9,已完成,陈敏,老客户复购,PLC控制器增强版,控制器类,1773,2443.12,苏州精工,湖南客户058,华中,湖南,终端工厂,B,11300.29,2413.24,2229.01,622.38,244.76,22616.100000000002,16809.68,5806.420000000002,0.25673834127015716,2025-12
O000365,2025-04-19,C0117,P1012,7,344.55,已完成,张伟,直销,不锈钢轴套,机加工件,315,371.9,南通华科,上海客户117,华东,安徽,经销商,B,1430.2,357.96,268.02,52.28,25.42,2411.85,2133.8800000000006,277.96999999999935,0.11525177768103297,2025-04
O000366,2025-12-08,C0031,P1013,5,154.1,已完成,陈敏,老客户复购,CNC定制件,机加工件,138,172.93,南通华科,山东客户031,华东,上海,经销商,A,486.71,113.36,82.85,36.01,4.72,770.5,723.65,46.85000000000002,0.06080467229072034,2025-12
O000367,2025-12-07,C0043,P1004,12,656.71,已完成,刘洋,经销,减速电机C型,电机类,541,716.52,苏州精工,广东客户043,华南,广东,设备集成商,B,4057.34,828.69,694.56,142.43,117.58,7880.52,5840.6,2039.92,0.25885601457771823,2025-12
O000368,2025-10-07,C0120,P1002,2,945.37,已取消,李娜,展会线索,伺服电机B型,电机类,690,1040.91,南通华科,浙江客户120,华东,山东,经销商,C,938.52,219.22,195.0,78.45,15.33,1890.74,1446.52,444.22,0.23494504797063584,2025-10
O000369,2025-09-09,C0038,P1005,5,1466.91,已完成,张伟,经销,PLC控制器标准版,控制器类,980,1458.49,苏州精工,江苏客户038,华东,安徽,终端工厂,A,3342.93,758.53,767.44,169.67,43.13,7334.55,5081.7,2252.8500000000004,0.30715585823261143,2025-09
O000370,2025-04-11,C0066,P1003,2,1644.39,已完成,王强,老客户复购,步进电机A型,电机类,1120,1636.22,常州机电,上海客户066,华东,山东,终端工厂,A,1535.18,368.28,262.06,115.04,19.38,3288.78,2299.94,988.8400000000001,0.30067076545101834,2025-04
O000371,2025-05-29,C0091,P1008,7,663.99,已完成,赵磊,直销,精密齿轮箱,传动部件,523,743.47,上海工控,广东客户091,华南,广东,经销商,A,2621.29,463.47,380.94,76.89,53.03,4647.93,3595.6200000000003,1052.31,0.22640401210861608,2025-05
O000372,2025-01-12,C0117,P1015,35,77.4,已完成,刘洋,展会线索,传感器支架,配套耗材,70,84.31,苏州精工,上海客户117,华东,安徽,经销商,B,1542.8,403.46,377.13,65.31,39.1,2709.0,2427.7999999999997,281.2000000000003,0.10380214101144344,2025-01
O000373,2025-07-02,C0046,P1004,1,709.82,已取消,王强,展会线索,减速电机C型,电机类,541,716.52,苏州精工,湖南客户046,华中,湖南,终端工厂,C,337.71,77.47,63.61,16.33,10.41,709.82,505.53,204.29000000000008,0.28780535910512534,2025-07
O000374,2025-07-11,C0061,P1009,16,697.62,已完成,赵磊,经销,同步带轮组件,传动部件,565,711.1,南通华科,江苏客户061,华东,山东,终端工厂,A,5722.53,1551.65,1264.61,445.09,212.41,11161.92,9196.29,1965.6299999999992,0.176101423411026,2025-07
O000375,2025-08-27,C0069,P1015,57,75.91,已完成,陈敏,老客户复购,传感器支架,配套耗材,70,84.31,苏州精工,山东客户069,华东,安徽,设备集成商,B,2849.81,610.87,517.59,115.69,68.08,4326.87,4162.04,164.82999999999993,0.038094511737121736,2025-08
O000376,2025-12-03,C0103,P1014,28,40.11,已完成,李娜,直销,工业线缆,配套耗材,34,41.43,南通华科,上海客户103,华东,上海,终端工厂,A,641.48,167.53,108.83,29.04,10.94,1123.08,957.82,165.25999999999988,0.14714891192078916,2025-12
O000377,2025-07-08,C0112,P1001,11,814.72,已完成,李娜,展会线索,伺服电机A型,电机类,522,799.93,南通华科,广东客户112,华南,福建,终端工厂,A,4022.84,723.16,731.18,268.55,54.64,8961.92,5800.370000000001,3161.5499999999993,0.35277596764978925,2025-07
O000378,2025-10-04,C0044,P1012,26,374.12,已完成,赵磊,直销,不锈钢轴套,机加工件,315,371.9,南通华科,安徽客户044,华东,安徽,终端工厂,A,5414.24,1235.07,850.99,319.49,188.59,9727.12,8008.379999999999,1718.7400000000016,0.17669567148344026,2025-10
O000379,2025-06-12,C0120,P1011,42,433.19,已完成,王强,展会线索,铝合金支架,机加工件,393,502.7,无锡智造,浙江客户120,华东,山东,经销商,C,11849.52,2507.27,2160.73,454.72,363.09,18193.98,17335.33,858.6499999999978,0.04719418181178598,2025-06
O000380,2025-01-25,C0077,P1001,13,772.62,已完成,赵磊,老客户复购,伺服电机A型,电机类,522,799.93,南通华科,云南客户077,西南,重庆,设备集成商,A,4393.41,998.72,679.79,273.43,60.98,10044.06,6406.33,3637.7299999999996,0.3621772470494999,2025-01
O000381,2025-05-07,C0107,P1011,42,475.95,已完成,陈敏,经销,铝合金支架,机加工件,393,502.7,无锡智造,安徽客户107,华东,安徽,经销商,B,11461.48,2536.33,2217.26,500.31,344.29,19989.899999999998,17059.670000000002,2930.229999999996,0.1465855256904735,2025-05
O000382,2025-09-17,C0050,P1001,3,791.47,已完成,张伟,展会线索,伺服电机A型,电机类,522,799.93,南通华科,广东客户050,华南,广西,终端工厂,A,971.43,219.27,218.57,111.07,20.23,2374.41,1540.57,833.8399999999999,0.3511777662661461,2025-09
O000383,2025-10-17,C0001,P1002,6,1006.52,已完成,刘洋,展会线索,伺服电机B型,电机类,690,1040.91,南通华科,广东客户001,华南,广西,终端工厂,B,2790.82,630.44,631.14,101.26,68.65,6039.12,4222.3099999999995,1816.8100000000004,0.3008401886367551,2025-10
O000384,2025-08-22,C0031,P1007,2,949.11,退货,刘洋,老客户复购,变频控制器A型,控制器类,780,1044.88,南通华科,山东客户031,华东,上海,经销商,A,1333.15,189.22,169.76,93.35,15.61,1898.22,1801.09,97.13000000000011,0.05116898989579717,2025-08
O000385,2025-10-17,C0035,P1012,16,354.68,已完成,刘洋,直销,不锈钢轴套,机加工件,315,371.9,南通华科,江苏客户035,华东,浙江,终端工厂,A,3228.25,886.42,701.96,107.61,77.91,5674.88,5002.15,672.7300000000005,0.11854523796097899,2025-10
O000386,2025-08-19,C0059,P1003,9,1413.76,已完成,王强,老客户复购,步进电机A型,电机类,1120,1636.22,常州机电,河北客户059,华北,河北,经销商,B,8611.66,1441.33,1274.22,379.1,190.37,12723.84,11896.68,827.1599999999999,0.06500867662592423,2025-08
O000387,2025-10-02,C0079,P1002,17,1003.47,已完成,刘洋,经销,伺服电机B型,电机类,690,1040.91,南通华科,安徽客户079,华东,浙江,经销商,A,7658.73,2058.17,1833.49,280.18,89.11,17058.99,11919.68,5139.310000000001,0.3012669566017684,2025-10
O000388,2025-02-23,C0010,P1011,16,446.48,已完成,赵磊,经销,铝合金支架,机加工件,393,502.7,无锡智造,河北客户010,华北,河北,经销商,B,4165.84,977.4,733.65,172.02,108.41,7143.68,6157.32,986.3600000000006,0.13807449381831222,2025-02
O000389,2025-12-01,C0066,P1008,15,760.21,已完成,李娜,经销,精密齿轮箱,传动部件,523,743.47,上海工控,上海客户066,华东,山东,终端工厂,A,5335.94,1020.08,1200.83,442.43,119.03,11403.150000000001,8118.3099999999995,3284.840000000002,0.2880642629448882,2025-12
O000390,2025-10-17,C0018,P1010,13,564.62,已完成,陈敏,直销,联轴器套件,传动部件,456,621.63,上海工控,上海客户018,华东,山东,经销商,B,4080.61,751.43,759.35,153.51,41.26,7340.06,5786.160000000001,1553.8999999999996,0.21170126674713824,2025-10
O000391,2025-08-29,C0062,P1001,6,743.93,已完成,赵磊,老客户复购,伺服电机A型,电机类,522,799.93,南通华科,浙江客户062,华东,上海,经销商,C,2424.98,404.17,432.25,172.26,32.27,4463.58,3465.93,997.6500000000001,0.22350893229201674,2025-08
O000392,2025-11-21,C0114,P1002,11,1055.9,已完成,赵磊,经销,伺服电机B型,电机类,690,1040.91,南通华科,江苏客户114,华东,安徽,终端工厂,B,5307.54,911.74,915.62,375.28,200.7,11614.900000000001,7710.879999999999,3904.0200000000023,0.33612170574004097,2025-11
O000393,2025-06-11,C0039,P1012,17,338.68,已完成,张伟,直销,不锈钢轴套,机加工件,315,371.9,南通华科,湖北客户039,华中,河南,经销商,B,3769.15,875.52,614.92,231.49,50.08,5757.56,5541.16,216.40000000000055,0.0375853660231071,2025-06
O000394,2025-02-25,C0117,P1002,1,1000.64,已完成,刘洋,展会线索,伺服电机B型,电机类,690,1040.91,南通华科,上海客户117,华东,安徽,经销商,B,442.61,105.45,97.1,16.87,5.9,1000.64,667.9300000000001,332.7099999999999,0.3324972017908538,2025-02
O000395,2025-06-24,C0021,P1011,15,449.12,已完成,陈敏,直销,铝合金支架,机加工件,393,502.7,无锡智造,山东客户021,华东,江苏,经销商,A,4117.17,1011.4,803.29,202.16,119.1,6736.8,6253.12,483.6800000000003,0.0717966987293671,2025-06
O000396,2025-10-08,C0037,P1002,12,908.27,已完成,王强,直销,伺服电机B型,电机类,690,1040.91,南通华科,福建客户037,华南,广东,经销商,B,5737.06,1281.54,986.86,239.02,122.94,10899.24,8367.42,2531.8199999999997,0.23229326081451548,2025-10
O000397,2025-12-25,C0061,P1006,15,2320.93,已完成,刘洋,老客户复购,PLC控制器增强版,控制器类,1773,2443.12,苏州精工,江苏客户061,华东,山东,终端工厂,A,17251.7,3732.75,3482.29,728.25,595.06,34813.95,25790.050000000003,9023.899999999994,0.25920356638646275,2025-12
O000398,2025-12-27,C0007,P1012,20,368.06,已完成,赵磊,经销,不锈钢轴套,机加工件,315,371.9,南通华科,福建客户007,华南,广西,终端工厂,A,3997.68,937.82,911.98,235.38,76.67,7361.2,6159.53,1201.67,0.16324376460359724,2025-12
O000399,2025-05-17,C0080,P1007,1,1057.07,已完成,李娜,展会线索,变频控制器A型,控制器类,780,1044.88,南通华科,广西客户080,华南,广东,终端工厂,B,520.64,133.32,124.35,39.21,17.87,1057.07,835.3900000000001,221.67999999999984,0.2097117504044196,2025-05
O000400,2025-08-04,C0113,P1002,3,975.73,已完成,张伟,直销,伺服电机B型,电机类,690,1040.91,南通华科,安徽客户113,华东,浙江,经销商,B,1630.08,357.74,325.49,102.83,47.73,2927.19,2463.87,463.32000000000016,0.15828149180613496,2025-08
O000401,2025-11-06,C0025,P1014,116,35.92,已完成,王强,经销,工业线缆,配套耗材,34,41.43,南通华科,广东客户025,华南,福建,经销商,B,2558.16,674.96,535.64,147.0,62.03,4166.72,3977.79,188.9300000000003,0.045342619614469004,2025-11
O000402,2025-05-18,C0066,P1002,10,979.83,已完成,刘洋,经销,伺服电机B型,电机类,690,1040.91,南通华科,上海客户066,华东,山东,终端工厂,A,4868.64,1131.01,777.41,307.07,193.07,9798.300000000001,7277.2,2521.1000000000013,0.2572997356684324,2025-05
O000403,2025-12-03,C0017,P1006,3,2385.43,已完成,赵磊,老客户复购,PLC控制器增强版,控制器类,1773,2443.12,苏州精工,广西客户017,华南,广西,终端工厂,B,3592.75,937.71,791.48,274.16,73.28,7156.289999999999,5669.38,1486.909999999999,0.20777665522218902,2025-12
O000404,2025-01-24,C0088,P1013,28,173.1,已完成,王强,经销,CNC定制件,机加工件,138,172.93,南通华科,河南客户088,华中,河南,终端工厂,A,2513.27,612.85,486.68,208.2,79.52,4846.8,3900.5199999999995,946.2800000000007,0.19523809523809538,2025-01
O000405,2025-06-24,C0028,P1002,12,897.3,已完成,赵磊,老客户复购,伺服电机B型,电机类,690,1040.91,南通华科,广东客户028,华南,广东,经销商,B,5392.04,1342.72,1073.69,283.35,120.54,10767.599999999999,8212.340000000002,2555.2599999999966,0.23731007838329776,2025-06
O000406,2025-08-10,C0045,P1003,7,1599.1,已完成,王强,直销,步进电机A型,电机类,1120,1636.22,常州机电,安徽客户045,华东,江苏,设备集成商,A,7079.1,1109.92,919.19,305.74,92.0,11193.699999999999,9505.95,1687.7499999999982,0.1507767762223392,2025-08
O000407,2025-01-07,C0043,P1005,16,1392.62,已完成,李娜,经销,PLC控制器标准版,控制器类,980,1458.49,苏州精工,广东客户043,华南,广东,设备集成商,B,9952.78,2650.65,1780.23,800.63,153.2,22281.92,15337.49,6944.4299999999985,0.3116621009320561,2025-01
O000408,2025-08-16,C0103,P1001,11,811.67,已完成,赵磊,老客户复购,伺服电机A型,电机类,522,799.93,南通华科,上海客户103,华东,上海,终端工厂,A,5443.55,845.65,857.45,374.12,140.22,8928.369999999999,7660.99,1267.3799999999992,0.14194976238663937,2025-08
O000409,2025-02-14,C0049,P1004,3,696.81,已完成,赵磊,直销,减速电机C型,电机类,541,716.52,苏州精工,江苏客户049,华东,山东,经销商,C,1022.57,260.83,188.19,88.85,40.46,2090.43,1600.9,489.52999999999975,0.23417670048745942,2025-02
O000410,2025-07-24,C0091,P1007,4,1016.8,已完成,张伟,直销,变频控制器A型,控制器类,780,1044.88,南通华科,广东客户091,华南,广东,经销商,A,2215.66,395.92,381.18,112.87,27.8,4067.2,3133.43,933.77,0.2295854642014162,2025-07
O000411,2025-04-06,C0079,P1010,34,561.88,已完成,刘洋,老客户复购,联轴器套件,传动部件,456,621.63,上海工控,安徽客户079,华东,浙江,经销商,A,9764.61,2218.52,2473.26,666.98,273.7,19103.92,15397.070000000002,3706.8499999999967,0.19403609311596767,2025-04
O000412,2025-07-18,C0018,P1010,12,555.21,已完成,赵磊,展会线索,联轴器套件,传动部件,456,621.63,上海工控,上海客户018,华东,山东,经销商,B,3650.38,874.1,861.29,237.22,39.81,6662.52,5662.800000000001,999.7199999999993,0.1500513319284594,2025-07
O000413,2025-12-26,C0110,P1003,11,1576.32,已完成,张伟,展会线索,步进电机A型,电机类,1120,1636.22,常州机电,云南客户110,西南,云南,终端工厂,A,8245.64,2212.24,1518.37,620.51,114.43,17339.52,12711.19,4628.33,0.2669237672092422,2025-12
O000414,2025-08-04,C0088,P1008,33,746.22,已完成,赵磊,老客户复购,精密齿轮箱,传动部件,523,743.47,上海工控,河南客户088,华中,河南,终端工厂,A,10944.24,2976.85,2036.92,632.64,266.15,24625.260000000002,16856.800000000003,7768.459999999999,0.3154671260323748,2025-08
O000415,2025-01-05,C0061,P1003,1,1679.11,已完成,王强,展会线索,步进电机A型,电机类,1120,1636.22,常州机电,江苏客户061,华东,山东,终端工厂,A,802.65,140.07,167.02,45.26,29.79,1679.11,1184.79,494.31999999999994,0.2943940539928891,2025-01
O000416,2025-03-02,C0115,P1016,15,96.93,已完成,刘洋,展会线索,密封圈套装,配套耗材,83,101.3,苏州精工,重庆客户115,西南,四川,经销商,B,895.37,175.45,134.16,29.16,23.82,1453.95,1257.96,195.99,0.13479830805736098,2025-03
O000417,2025-07-21,C0023,P1007,3,962.25,已完成,张伟,直销,变频控制器A型,控制器类,780,1044.88,南通华科,江苏客户023,华东,浙江,设备集成商,B,1484.71,317.36,262.7,79.24,17.65,2886.75,2161.66,725.0900000000001,0.25117866112410153,2025-07
O000418,2025-08-23,C0082,P1002,11,1001.83,已完成,陈敏,展会线索,伺服电机B型,电机类,690,1040.91,南通华科,河北客户082,华北,河北,经销商,A,7002.38,1302.51,947.05,401.39,161.22,11020.130000000001,9814.549999999997,1205.5800000000036,0.10939798350836183,2025-08
O000419,2025-03-11,C0014,P1010,28,588.0,已完成,王强,经销,联轴器套件,传动部件,456,621.63,上海工控,江苏客户014,华东,上海,设备集成商,B,8580.98,1923.12,1760.43,652.08,167.94,16464.0,13084.55,3379.4500000000007,0.20526299805636544,2025-03
O000420,2025-10-01,C0073,P1001,6,792.56,已完成,刘洋,老客户复购,伺服电机A型,电机类,522,799.93,南通华科,湖北客户073,华中,湖南,设备集成商,C,2045.31,426.53,416.34,131.27,62.32,4755.36,3081.7700000000004,1673.5899999999992,0.35193760304162025,2025-10
O000421,2025-12-20,C0085,P1006,16,2511.42,已完成,王强,展会线索,PLC控制器增强版,控制器类,1773,2443.12,苏州精工,浙江客户085,华东,山东,终端工厂,A,18739.86,4828.35,2961.27,1407.5,547.87,40182.72,28484.85,11697.870000000003,0.29111692787347404,2025-12
O000422,2025-01-08,C0094,P1004,1,703.08,已完成,王强,直销,减速电机C型,电机类,541,716.52,苏州精工,安徽客户094,华东,安徽,终端工厂,A,356.18,78.59,80.07,17.45,12.71,703.08,545.0,158.08000000000004,0.22483927860271952,2025-01
O000423,2025-08-30,C0094,P1007,9,1060.75,已完成,陈敏,直销,变频控制器A型,控制器类,780,1044.88,南通华科,安徽客户094,华东,安徽,终端工厂,A,6696.98,1116.44,1027.53,348.01,122.95,9546.75,9311.910000000002,234.83999999999833,0.024598947285725332,2025-08
O000424,2025-06-05,C0029,P1010,26,629.54,已完成,李娜,经销,联轴器套件,传动部件,456,621.63,上海工控,云南客户029,西南,四川,终端工厂,B,7685.84,1532.38,1390.11,597.63,127.31,16368.039999999999,11333.27,5034.769999999999,0.3075976109540299,2025-06
O000425,2025-04-01,C0032,P1004,3,709.45,已完成,王强,展会线索,减速电机C型,电机类,541,716.52,苏州精工,天津客户032,华北,天津,设备集成商,B,1153.76,234.79,245.07,50.49,20.64,2128.3500000000004,1704.75,423.60000000000036,0.19902741560363676,2025-04
O000426,2025-09-05,C0120,P1015,10,80.21,已完成,陈敏,经销,传感器支架,配套耗材,70,84.31,苏州精工,浙江客户120,华东,山东,经销商,C,438.15,94.83,90.59,38.59,8.69,802.0999999999999,670.8500000000001,131.24999999999977,0.16363296347088865,2025-09
O000427,2025-04-27,C0005,P1001,7,782.94,已取消,李娜,老客户复购,伺服电机A型,电机类,522,799.93,南通华科,河南客户005,华中,湖南,设备集成商,B,2499.24,532.25,375.66,178.8,32.82,5480.58,3618.77,1861.81,0.3397103956150626,2025-04
O000428,2025-04-26,C0048,P1009,20,632.06,已取消,刘洋,老客户复购,同步带轮组件,传动部件,565,711.1,南通华科,江苏客户048,华东,山东,经销商,A,8004.58,1866.56,1386.73,472.88,84.45,12641.199999999999,11815.199999999999,826.0,0.06534189792108344,2025-04
O000429,2025-12-31,C0118,P1001,11,806.06,已完成,李娜,展会线索,伺服电机A型,电机类,522,799.93,南通华科,浙江客户118,华东,浙江,终端工厂,B,3963.45,972.49,857.31,221.22,79.41,8866.66,6093.88,2772.7799999999997,0.3127197839998376,2025-12
O000430,2025-10-05,C0105,P1004,4,686.43,退货,陈敏,展会线索,减速电机C型,电机类,541,716.52,苏州精工,安徽客户105,华东,安徽,设备集成商,B,1454.51,385.34,335.92,75.75,45.85,2745.72,2297.37,448.3499999999999,0.16329050303745463,2025-10
O000431,2025-04-09,C0040,P1013,9,176.47,已完成,陈敏,直销,CNC定制件,机加工件,138,172.93,南通华科,浙江客户040,华东,江苏,终端工厂,A,884.47,168.48,186.07,38.72,16.12,1588.23,1293.86,294.3700000000001,0.18534469188971378,2025-04
O000432,2025-05-12,C0100,P1014,118,38.66,已完成,陈敏,展会线索,工业线缆,配套耗材,34,41.43,南通华科,福建客户100,华南,广东,设备集成商,A,2567.21,603.5,604.2,152.74,31.26,4561.879999999999,3958.91,602.9699999999993,0.13217576963883299,2025-05
O000433,2025-04-13,C0005,P1010,29,590.98,已取消,李娜,老客户复购,联轴器套件,传动部件,456,621.63,上海工控,河南客户005,华中,湖南,设备集成商,B,8531.83,2033.48,1785.12,603.13,105.49,17138.420000000002,13059.05,4079.3700000000026,0.23802485876761115,2025-04
O000434,2025-07-14,C0013,P1013,38,166.96,已完成,王强,展会线索,CNC定制件,机加工件,138,172.93,南通华科,湖北客户013,华中,湖北,设备集成商,B,3646.52,915.42,685.03,254.79,118.71,6344.4800000000005,5620.469999999999,724.0100000000011,0.11411652333997445,2025-07
O000435,2025-11-19,C0063,P1007,13,985.72,已完成,刘洋,展会线索,变频控制器A型,控制器类,780,1044.88,南通华科,福建客户063,华南,广东,终端工厂,A,6938.42,1627.06,1452.9,309.05,176.07,12814.36,10503.499999999998,2310.8600000000024,0.18033362571365266,2025-11
O000436,2025-11-09,C0072,P1001,6,738.03,已完成,张伟,直销,伺服电机A型,电机类,522,799.93,南通华科,云南客户072,西南,云南,设备集成商,A,2205.61,431.49,481.8,162.57,50.25,4428.18,3331.7200000000007,1096.4599999999996,0.24760962743158577,2025-11
O000437,2025-03-26,C0038,P1003,15,1566.19,已完成,王强,老客户复购,步进电机A型,电机类,1120,1636.22,常州机电,江苏客户038,华东,安徽,终端工厂,A,11462.95,2421.07,2524.74,748.98,435.05,23492.850000000002,17592.79,5900.060000000001,0.25114279450981897,2025-03
O000438,2025-08-27,C0051,P1012,32,360.47,已完成,王强,直销,不锈钢轴套,机加工件,315,371.9,南通华科,广西客户051,华南,广东,终端工厂,C,6763.49,1608.99,1611.44,232.36,185.15,11535.04,10401.43,1133.6100000000006,0.0982753419147225,2025-08
O000439,2025-07-25,C0017,P1005,15,1476.87,已完成,赵磊,经销,PLC控制器标准版,控制器类,980,1458.49,苏州精工,广西客户017,华南,广西,终端工厂,B,9318.14,2503.88,1996.07,1059.7,398.52,22153.05,15276.310000000001,6876.739999999998,0.3104195584806606,2025-07
O000440,2025-08-01,C0066,P1002,16,985.81,已完成,王强,直销,伺服电机B型,电机类,690,1040.91,南通华科,上海客户066,华东,山东,终端工厂,A,8326.74,1415.75,1502.22,522.73,118.75,15772.96,11886.189999999999,3886.7700000000004,0.24641982227812667,2025-08
O000441,2025-06-11,C0095,P1009,13,708.65,已完成,陈敏,老客户复购,同步带轮组件,传动部件,565,711.1,南通华科,北京客户095,华北,天津,终端工厂,B,4968.15,902.96,1119.56,398.42,154.59,9212.449999999999,7543.68,1668.7699999999986,0.18114290986653916,2025-06
O000442,2025-02-17,C0037,P1011,23,479.42,已完成,赵磊,直销,铝合金支架,机加工件,393,502.7,无锡智造,福建客户037,华南,广东,经销商,B,5618.64,1110.52,1202.1,549.18,111.75,11026.66,8592.19,2434.4699999999993,0.22078036322875644,2025-02
O000443,2025-02-20,C0045,P1015,97,76.71,已完成,张伟,展会线索,传感器支架,配套耗材,70,84.31,苏州精工,安徽客户045,华东,江苏,设备集成商,A,4443.63,869.5,953.72,280.03,48.51,7440.869999999999,6595.39,845.4799999999987,0.11362649797671492,2025-02
O000444,2025-07-17,C0112,P1011,41,511.02,已完成,王强,老客户复购,铝合金支架,机加工件,393,502.7,无锡智造,广东客户112,华南,福建,终端工厂,A,10743.2,2578.47,2088.42,808.8,361.29,20951.82,16580.18,4371.639999999999,0.20865204072963586,2025-07
O000445,2025-06-18,C0025,P1005,6,1281.84,已完成,李娜,展会线索,PLC控制器标准版,控制器类,980,1458.49,苏州精工,广东客户025,华南,福建,经销商,B,4048.86,922.97,889.15,357.79,83.32,7691.039999999999,6302.089999999999,1388.9499999999998,0.18059326176953963,2025-06
O000446,2025-02-18,C0088,P1008,3,719.74,已完成,张伟,直销,精密齿轮箱,传动部件,523,743.47,上海工控,河南客户088,华中,河南,终端工厂,A,999.96,265.27,177.02,102.59,11.54,2159.2200000000003,1556.3799999999999,602.8400000000004,0.2791934124359724,2025-02
O000447,2025-12-18,C0089,P1006,11,2104.43,已完成,王强,展会线索,PLC控制器增强版,控制器类,1773,2443.12,苏州精工,河北客户089,华北,天津,经销商,C,13888.62,3029.81,2856.89,670.09,460.1,23148.73,20905.51,2243.220000000001,0.09690466820426007,2025-12
O000448,2025-09-27,C0103,P1002,6,1029.65,已完成,李娜,经销,伺服电机B型,电机类,690,1040.91,南通华科,上海客户103,华东,上海,终端工厂,A,2661.01,562.46,426.78,296.02,73.15,6177.900000000001,4019.42,2158.4800000000005,0.3493873322650092,2025-09
O000449,2025-07-12,C0038,P1007,8,999.04,已完成,赵磊,老客户复购,变频控制器A型,控制器类,780,1044.88,南通华科,江苏客户038,华东,安徽,终端工厂,A,4289.91,1006.18,951.41,305.89,107.34,7992.32,6660.7300000000005,1331.5899999999992,0.16660869434657263,2025-07
O000450,2025-07-23,C0029,P1013,27,165.0,已完成,赵磊,老客户复购,CNC定制件,机加工件,138,172.93,南通华科,云南客户029,西南,四川,终端工厂,B,2574.78,615.01,414.17,83.92,27.28,4455.0,3715.1600000000003,739.8399999999997,0.16606958473625133,2025-07
O000451,2025-01-22,C0081,P1012,9,361.57,已完成,赵磊,展会线索,不锈钢轴套,机加工件,315,371.9,南通华科,安徽客户081,华东,江苏,经销商,B,1863.74,424.91,388.22,157.93,32.42,3254.13,2867.22,386.9100000000003,0.11889813867300947,2025-01
O000452,2025-03-24,C0076,P1004,8,663.4,已完成,王强,展会线索,减速电机C型,电机类,541,716.52,苏州精工,浙江客户076,华东,浙江,经销商,A,3012.67,657.34,489.95,193.9,103.53,5307.2,4457.389999999999,849.8100000000004,0.16012398251432025,2025-03
O000453,2025-11-27,C0024,P1006,6,2369.98,已完成,王强,老客户复购,PLC控制器增强版,控制器类,1773,2443.12,苏州精工,广东客户024,华南,广西,终端工厂,B,6727.8,1600.35,1096.74,373.17,203.47,14219.880000000001,10001.529999999999,4218.350000000002,0.2966515891835938,2025-11
O000454,2025-04-28,C0031,P1005,16,1372.88,已完成,陈敏,老客户复购,PLC控制器标准版,控制器类,980,1458.49,苏州精工,山东客户031,华东,上海,经销商,A,11040.38,2568.69,2003.46,1028.51,209.57,21966.08,16850.609999999997,5115.470000000005,0.23288042290659072,2025-04
O000455,2025-02-16,C0047,P1016,93,94.8,已完成,刘洋,直销,密封圈套装,配套耗材,83,101.3,苏州精工,云南客户047,西南,云南,经销商,A,5367.78,1145.81,1188.09,378.31,163.3,8816.4,8243.29,573.1099999999988,0.06500499069915144,2025-02
O000456,2025-05-08,C0092,P1002,10,1064.15,已完成,王强,经销,伺服电机B型,电机类,690,1040.91,南通华科,江苏客户092,华东,江苏,终端工厂,B,4425.83,1104.61,995.72,436.14,133.66,10641.5,7095.96,3545.54,0.333180472677724,2025-05
O000457,2025-07-21,C0023,P1016,78,93.09,已完成,赵磊,展会线索,密封圈套装,配套耗材,83,101.3,苏州精工,江苏客户023,华东,浙江,设备集成商,B,4021.16,878.43,772.98,325.45,127.89,7261.02,6125.91,1135.1100000000006,0.156329276052125,2025-07
O000458,2025-08-07,C0064,P1001,3,734.31,已完成,刘洋,展会线索,伺服电机A型,电机类,522,799.93,南通华科,江苏客户064,华东,浙江,经销商,B,1309.43,277.17,173.74,64.99,18.12,2202.93,1843.45,359.4799999999998,0.1631826703526666,2025-08
O000459,2025-05-04,C0066,P1011,28,499.85,已完成,刘洋,经销,铝合金支架,机加工件,393,502.7,无锡智造,上海客户066,华东,山东,终端工厂,A,7647.12,1553.89,1550.6,300.25,150.24,13995.800000000001,11202.1,2793.7000000000007,0.1996098829648895,2025-05
O000460,2025-08-18,C0009,P1006,12,2397.24,已完成,刘洋,直销,PLC控制器增强版,控制器类,1773,2443.12,苏州精工,安徽客户009,华东,浙江,终端工厂,A,17088.25,2856.86,3246.26,1114.99,264.63,28766.879999999997,24570.990000000005,4195.889999999992,0.14585836211643363,2025-08
O000461,2025-11-05,C0002,P1016,88,92.6,已完成,陈敏,老客户复购,密封圈套装,配套耗材,83,101.3,苏州精工,广东客户002,华南,福建,经销商,B,4541.59,1028.37,961.25,201.44,126.36,8148.799999999999,6859.009999999999,1289.79,0.1582797467111722,2025-11
O000462,2025-11-22,C0039,P1004,2,697.61,已完成,陈敏,经销,减速电机C型,电机类,541,716.52,苏州精工,湖北客户039,华中,河南,经销商,B,715.39,150.38,169.16,33.76,15.31,1395.22,1084.0,311.22,0.22306159602069925,2025-11
O000463,2025-09-23,C0075,P1003,16,1539.03,已完成,赵磊,展会线索,步进电机A型,电机类,1120,1636.22,常州机电,江苏客户075,华东,上海,终端工厂,A,11795.47,2409.74,2025.83,629.98,442.34,24624.48,17303.36,7321.119999999999,0.2973106437171465,2025-09
O000464,2025-01-25,C0007,P1010,6,636.71,已完成,刘洋,直销,联轴器套件,传动部件,456,621.63,上海工控,福建客户007,华南,广西,终端工厂,A,1906.19,440.11,348.64,125.2,34.41,3820.26,2854.5499999999997,965.7100000000005,0.2527864595603442,2025-01
O000465,2025-05-18,C0049,P1013,44,153.17,已完成,赵磊,经销,CNC定制件,机加工件,138,172.93,南通华科,江苏客户049,华东,山东,经销商,C,3809.76,849.24,787.75,114.61,42.62,6739.48,5603.98,1135.5,0.16848480891700846,2025-05
O000466,2025-11-26,C0002,P1006,3,2125.8,已完成,刘洋,展会线索,PLC控制器增强版,控制器类,1773,2443.12,苏州精工,广东客户002,华南,福建,经销商,B,3437.68,755.43,657.42,121.97,53.49,6377.400000000001,5025.99,1351.4100000000008,0.21190610593658868,2025-11
O000467,2025-09-28,C0099,P1008,29,714.72,已完成,王强,经销,精密齿轮箱,传动部件,523,743.47,上海工控,广西客户099,华南,福建,设备集成商,B,9800.38,1881.59,1813.46,363.3,322.34,20726.88,14181.07,6545.810000000001,0.31581260662482735,2025-09
O000468,2025-02-10,C0031,P1011,42,481.69,已完成,赵磊,老客户复购,铝合金支架,机加工件,393,502.7,无锡智造,山东客户031,华东,上海,经销商,A,10870.93,2304.32,1775.9,463.85,171.77,20230.98,15586.77,4644.209999999999,0.22955931942001817,2025-02
O000469,2025-02-16,C0004,P1005,14,1406.53,已完成,刘洋,老客户复购,PLC控制器标准版,控制器类,980,1458.49,苏州精工,重庆客户004,西南,四川,终端工厂,A,9858.1,2334.06,1384.56,720.49,174.05,19691.42,14471.259999999998,5220.16,0.26509820012980273,2025-02
O000470,2025-03-02,C0052,P1003,1,1637.13,已完成,李娜,经销,步进电机A型,电机类,1120,1636.22,常州机电,广西客户052,华南,广西,终端工厂,A,706.09,181.82,120.84,49.98,23.71,1637.13,1082.44,554.69,0.3388185422049562,2025-03
O000471,2025-05-18,C0107,P1005,4,1349.56,已完成,王强,经销,PLC控制器标准版,控制器类,980,1458.49,苏州精工,安徽客户107,华东,安徽,经销商,B,2647.76,700.34,576.81,227.25,55.79,5398.24,4207.95,1190.29,0.22049593941729156,2025-05
O000472,2025-12-24,C0091,P1011,10,454.71,已取消,王强,老客户复购,铝合金支架,机加工件,393,502.7,无锡智造,广东客户091,华南,广东,经销商,A,2439.9,644.77,628.74,132.8,89.95,4547.099999999999,3936.16,610.9399999999996,0.13435816234523096,2025-12
O000473,2025-04-17,C0065,P1004,1,673.51,已完成,刘洋,展会线索,减速电机C型,电机类,541,716.52,苏州精工,安徽客户065,华东,山东,经销商,B,343.09,74.54,59.64,21.3,11.42,673.51,509.99,163.51999999999998,0.24278778340336443,2025-04
O000474,2025-12-07,C0050,P1013,40,169.21,已完成,王强,老客户复购,CNC定制件,机加工件,138,172.93,南通华科,广东客户050,华南,广西,终端工厂,A,3610.45,962.54,732.45,211.78,113.75,6768.400000000001,5630.969999999999,1137.4300000000012,0.1680500561432541,2025-12
O000475,2025-02-06,C0095,P1006,11,2428.21,已完成,赵磊,展会线索,PLC控制器增强版,控制器类,1773,2443.12,苏州精工,北京客户095,华北,天津,终端工厂,B,12289.71,3245.79,2234.6,663.18,373.73,26710.31,18807.01,7903.300000000003,0.295889489863652,2025-02
O000476,2025-05-15,C0008,P1007,4,1014.89,已完成,陈敏,老客户复购,变频控制器A型,控制器类,780,1044.88,南通华科,天津客户008,华北,北京,设备集成商,C,2215.8,482.68,433.48,171.24,36.09,4059.56,3339.29,720.27,0.17742563233453873,2025-05
O000477,2025-08-30,C0050,P1015,94,80.47,已取消,李娜,老客户复购,传感器支架,配套耗材,70,84.31,苏州精工,广东客户050,华南,广西,终端工厂,A,4623.92,954.61,727.35,206.16,65.75,7564.18,6577.79,986.3900000000003,0.13040276672421866,2025-08
O000478,2025-01-21,C0091,P1011,22,480.93,已完成,刘洋,直销,铝合金支架,机加工件,393,502.7,无锡智造,广东客户091,华南,广东,经销商,A,5558.27,1184.1,958.46,405.97,144.95,10580.460000000001,8251.750000000002,2328.709999999999,0.22009534557098642,2025-01
O000479,2025-05-20,C0032,P1008,25,674.82,已完成,陈敏,老客户复购,精密齿轮箱,传动部件,523,743.47,上海工控,天津客户032,华北,天津,设备集成商,B,8954.34,1838.65,1911.36,329.59,228.88,16870.5,13262.82,3607.6800000000003,0.21384546990308528,2025-05
O000480,2025-12-10,C0096,P1004,5,646.68,已完成,李娜,经销,减速电机C型,电机类,541,716.52,苏州精工,天津客户096,华北,北京,经销商,C,1751.61,410.23,323.03,137.96,59.39,3233.3999999999996,2682.22,551.1799999999998,0.1704645265046081,2025-12
O000481,2025-10-22,C0030,P1004,9,669.87,已完成,王强,老客户复购,减速电机C型,电机类,541,716.52,苏州精工,福建客户030,华南,广西,设备集成商,A,3380.34,635.58,567.2,284.43,69.68,6028.83,4937.2300000000005,1091.5999999999995,0.18106332406121908,2025-10
O000482,2025-04-28,C0097,P1014,85,39.35,已完成,赵磊,经销,工业线缆,配套耗材,34,41.43,南通华科,上海客户097,华东,安徽,经销商,C,2063.8,414.85,454.04,158.54,49.86,3344.75,3141.09,203.65999999999985,0.060889453621346845,2025-04
O000483,2025-08-02,C0037,P1007,13,946.85,已完成,刘洋,经销,变频控制器A型,控制器类,780,1044.88,南通华科,福建客户037,华南,广东,经销商,B,7856.22,1460.36,1568.4,565.96,96.14,12309.050000000001,11547.079999999998,761.970000000003,0.06190323379952173,2025-08
O000484,2025-02-14,C0021,P1001,2,763.72,已完成,张伟,直销,伺服电机A型,电机类,522,799.93,南通华科,山东客户021,华东,江苏,经销商,A,734.51,161.48,157.47,67.1,28.43,1527.44,1148.99,378.45000000000005,0.24776750641596398,2025-02
O000485,2025-09-03,C0011,P1001,11,772.57,已完成,刘洋,展会线索,伺服电机A型,电机类,522,799.93,南通华科,上海客户011,华东,上海,经销商,A,3627.35,739.07,602.73,405.66,103.06,8498.27,5477.87,3020.4000000000005,0.3554135135739392,2025-09
O000486,2025-04-25,C0028,P1008,30,654.28,已完成,李娜,直销,精密齿轮箱,传动部件,523,743.47,上海工控,广东客户028,华南,广东,经销商,B,9828.73,2185.49,1899.82,850.59,314.69,19628.399999999998,15079.32,4549.079999999998,0.23176010270832054,2025-04
O000487,2025-05-07,C0030,P1003,8,1595.95,已取消,李娜,展会线索,步进电机A型,电机类,1120,1636.22,常州机电,福建客户030,华南,广西,设备集成商,A,6172.89,1086.95,1385.59,287.84,184.31,12767.6,9117.58,3650.0200000000004,0.28588144992011033,2025-05
O000488,2025-01-19,C0082,P1006,10,2247.7,已完成,陈敏,展会线索,PLC控制器增强版,控制器类,1773,2443.12,苏州精工,河北客户082,华北,河北,经销商,A,11102.21,2214.33,1783.19,782.37,324.58,22477.0,16206.68,6270.32,0.2789660541887262,2025-01
O000489,2025-09-03,C0069,P1001,15,729.31,已完成,王强,老客户复购,伺服电机A型,电机类,522,799.93,南通华科,山东客户069,华东,安徽,设备集成商,B,4894.11,1076.07,1183.01,202.88,90.23,10939.65,7446.299999999999,3493.3500000000004,0.31932922899727145,2025-09
O000490,2025-10-22,C0019,P1011,9,477.71,已完成,张伟,直销,铝合金支架,机加工件,393,502.7,无锡智造,湖北客户019,华中,河南,终端工厂,B,2343.05,603.19,407.78,214.54,44.41,4299.389999999999,3612.9700000000003,686.4199999999992,0.159655206901444,2025-10
O000491,2025-11-10,C0062,P1006,17,2352.42,已完成,李娜,直销,PLC控制器增强版,控制器类,1773,2443.12,苏州精工,浙江客户062,华东,上海,经销商,C,19852.21,3837.74,4244.21,940.64,577.19,39991.14,29451.989999999994,10539.150000000005,0.26353712347284936,2025-11
O000492,2025-07-26,C0107,P1003,16,1549.19,已完成,李娜,展会线索,步进电机A型,电机类,1120,1636.22,常州机电,安徽客户107,华东,安徽,经销商,B,11510.3,2567.44,2713.09,1012.84,181.41,24787.04,17985.08,6801.959999999999,0.27441598512771187,2025-07
O000493,2025-11-17,C0057,P1013,43,169.33,已完成,李娜,直销,CNC定制件,机加工件,138,172.93,南通华科,浙江客户057,华东,上海,设备集成商,C,4039.69,935.9,625.65,227.92,64.88,7281.1900000000005,5894.04,1387.1500000000005,0.19051144112432178,2025-11
O000494,2025-07-25,C0062,P1013,43,158.4,退货,陈敏,展会线索,CNC定制件,机加工件,138,172.93,南通华科,浙江客户062,华东,上海,经销商,C,3956.28,988.75,649.75,131.56,61.57,6811.2,5787.910000000001,1023.289999999999,0.15023637538172407,2025-07
O000495,2025-01-30,C0079,P1001,16,691.97,已完成,刘洋,老客户复购,伺服电机A型,电机类,522,799.93,南通华科,安徽客户079,华东,浙江,经销商,A,5973.58,1376.99,844.95,321.46,98.1,11071.52,8615.08,2456.4400000000005,0.2218701677818403,2025-01
O000496,2025-08-27,C0066,P1016,101,100.2,已完成,张伟,老客户复购,密封圈套装,配套耗材,83,101.3,苏州精工,上海客户066,华东,山东,终端工厂,A,5732.42,1236.97,1323.42,229.37,139.84,10120.2,8662.020000000002,1458.1799999999985,0.14408608525523195,2025-08
O000497,2025-11-29,C0098,P1006,10,2284.44,已完成,张伟,老客户复购,PLC控制器增强版,控制器类,1773,2443.12,苏州精工,福建客户098,华南,广西,设备集成商,C,12234.07,3005.84,2205.94,891.9,218.12,22844.4,18555.87,4288.5300000000025,0.1877278457740191,2025-11
O000498,2025-11-16,C0074,P1011,6,493.54,已完成,刘洋,展会线索,铝合金支架,机加工件,393,502.7,无锡智造,安徽客户074,华东,浙江,终端工厂,B,1564.65,409.67,370.19,118.92,31.43,2961.2400000000002,2494.86,466.3800000000001,0.1574948332455323,2025-11
O000499,2025-04-17,C0113,P1005,2,1339.01,已完成,李娜,展会线索,PLC控制器标准版,控制器类,980,1458.49,苏州精工,安徽客户113,华东,浙江,经销商,B,1375.93,238.24,208.08,102.16,25.09,2678.02,1949.5,728.52,0.27203680330990804,2025-04
O000500,2025-05-04,C0013,P1002,16,997.58,已完成,张伟,老客户复购,伺服电机B型,电机类,690,1040.91,南通华科,湖北客户013,华中,湖北,设备集成商,B,7895.13,1613.65,1388.41,618.22,263.58,15961.28,11778.99,4182.290000000001,0.26202723089877505,2025-05
O000501,2025-12-23,C0064,P1005,17,1290.57,已完成,陈敏,老客户复购,PLC控制器标准版,控制器类,980,1458.49,苏州精工,江苏客户064,华东,浙江,经销商,B,11121.48,2213.12,2439.0,575.09,167.33,21939.69,16516.02,5423.669999999998,0.24720814195642685,2025-12
O000502,2025-02-28,C0022,P1003,6,1648.49,已完成,张伟,老客户复购,步进电机A型,电机类,1120,1636.22,常州机电,湖南客户022,华中,河南,终端工厂,A,4590.86,842.87,1063.65,367.29,195.73,9890.94,7060.399999999999,2830.540000000002,0.2861750248206947,2025-02
O000503,2025-10-04,C0080,P1014,110,40.96,已完成,赵磊,经销,工业线缆,配套耗材,34,41.43,南通华科,广西客户080,华南,广东,终端工厂,B,2445.55,666.74,406.66,74.0,24.76,4505.6,3617.71,887.8900000000003,0.19706365411931823,2025-10
O000504,2025-09-26,C0087,P1006,8,2365.54,已完成,刘洋,展会线索,PLC控制器增强版,控制器类,1773,2443.12,苏州精工,山东客户087,华东,江苏,终端工厂,A,9453.45,1772.72,1854.28,500.79,189.89,18924.32,13771.130000000001,5153.189999999999,0.27230516076667477,2025-09
O000505,2025-04-04,C0105,P1011,13,487.43,已完成,赵磊,老客户复购,铝合金支架,机加工件,393,502.7,无锡智造,安徽客户105,华东,安徽,设备集成商,B,3492.31,663.08,745.88,224.13,118.65,6336.59,5244.05,1092.54,0.1724176568154165,2025-04
O000506,2025-12-12,C0056,P1015,71,83.8,已完成,刘洋,直销,传感器支架,配套耗材,70,84.31,苏州精工,山东客户056,华东,山东,设备集成商,A,3262.73,889.45,668.71,291.95,32.16,5949.8,5145.0,804.8000000000002,0.13526505092608157,2025-12
O000507,2025-08-10,C0028,P1008,34,701.36,已完成,李娜,展会线索,精密齿轮箱,传动部件,523,743.47,上海工控,广东客户028,华南,广东,经销商,B,12319.33,3005.11,1834.93,840.91,406.08,23846.24,18406.36,5439.880000000001,0.22812317581304226,2025-08
O000508,2025-12-22,C0100,P1001,15,798.59,已完成,李娜,直销,伺服电机A型,电机类,522,799.93,南通华科,福建客户100,华南,广东,设备集成商,A,5293.89,969.58,1108.78,205.09,206.78,11978.85,7784.12,4194.7300000000005,0.35017802209727983,2025-12
O000509,2025-12-06,C0094,P1012,35,364.06,已完成,李娜,展会线索,不锈钢轴套,机加工件,315,371.9,南通华科,安徽客户094,华东,安徽,终端工厂,A,6882.95,1413.89,1284.48,473.6,250.32,12742.1,10305.24,2436.8600000000006,0.19124477127004186,2025-12
O000510,2025-03-11,C0051,P1014,88,41.02,已完成,王强,老客户复购,工业线缆,配套耗材,34,41.43,南通华科,广西客户051,华南,广东,终端工厂,C,1890.29,384.66,365.42,159.8,43.35,3609.76,2843.52,766.2400000000002,0.2122689597092328,2025-03
O000511,2025-08-05,C0109,P1014,113,37.8,已完成,赵磊,直销,工业线缆,配套耗材,34,41.43,南通华科,浙江客户109,华东,安徽,经销商,B,2505.6,590.41,444.26,124.04,42.67,4271.4,3706.9799999999996,564.4200000000001,0.13213934541368172,2025-08
O000512,2025-09-15,C0091,P1012,40,364.41,已完成,王强,经销,不锈钢轴套,机加工件,315,371.9,南通华科,广东客户091,华南,广东,经销商,A,8825.22,2210.74,1834.24,442.66,183.15,14576.400000000001,13496.009999999998,1080.390000000003,0.07411912406355499,2025-09
O000513,2025-10-14,C0097,P1010,5,552.62,已完成,张伟,展会线索,联轴器套件,传动部件,456,621.63,上海工控,上海客户097,华东,安徽,经销商,C,1442.12,375.77,309.6,128.72,22.13,2763.1,2278.3399999999997,484.7600000000002,0.1754406282798307,2025-10
O000514,2025-09-10,C0040,P1015,84,81.99,已完成,陈敏,老客户复购,传感器支架,配套耗材,70,84.31,苏州精工,浙江客户040,华东,江苏,终端工厂,A,4092.32,947.15,681.79,264.18,129.93,6887.16,6115.370000000001,771.789999999999,0.11206215624437345,2025-09
O000515,2025-10-31,C0039,P1001,14,755.73,已完成,刘洋,老客户复购,伺服电机A型,电机类,522,799.93,南通华科,湖北客户039,华中,河南,经销商,B,5202.15,1192.5,751.88,481.71,157.29,10580.220000000001,7785.53,2794.6900000000014,0.26414290062021406,2025-10
O000516,2025-07-02,C0102,P1009,37,728.49,已完成,李娜,经销,同步带轮组件,传动部件,565,711.1,南通华科,北京客户102,华北,天津,终端工厂,C,13610.06,2743.47,2236.25,451.71,439.66,26954.13,19481.149999999998,7472.980000000003,0.27724805066978614,2025-07
O000517,2025-12-05,C0070,P1016,28,95.11,已取消,陈敏,经销,密封圈套装,配套耗材,83,101.3,苏州精工,四川客户070,西南,四川,设备集成商,B,1495.69,282.26,287.8,84.93,20.08,2663.08,2170.7599999999998,492.32000000000016,0.1848686483320066,2025-12
O000518,2025-10-03,C0069,P1013,13,164.76,已完成,赵磊,老客户复购,CNC定制件,机加工件,138,172.93,南通华科,山东客户069,华东,安徽,设备集成商,B,1120.18,235.64,252.5,38.29,28.54,2141.88,1675.15,466.73,0.21790669878798066,2025-10
O000519,2025-11-11,C0057,P1006,4,2428.44,已完成,赵磊,展会线索,PLC控制器增强版,控制器类,1773,2443.12,苏州精工,浙江客户057,华东,上海,设备集成商,C,4500.88,934.31,876.46,179.99,73.81,9713.76,6565.450000000001,3148.3099999999995,0.32410827527136754,2025-11
O000520,2025-01-14,C0007,P1007,11,997.93,已完成,刘洋,经销,变频控制器A型,控制器类,780,1044.88,南通华科,福建客户007,华南,广西,终端工厂,A,5619.0,1199.31,1243.72,193.39,196.57,10977.23,8451.99,2525.24,0.23004346269505146,2025-01
O000521,2025-12-11,C0079,P1004,1,667.74,已完成,刘洋,直销,减速电机C型,电机类,541,716.52,苏州精工,安徽客户079,华东,浙江,经销商,A,379.58,89.78,64.14,29.25,5.17,667.74,567.92,99.82000000000005,0.14948932219127212,2025-12
O000522,2025-08-02,C0070,P1007,14,1021.8,已完成,赵磊,老客户复购,变频控制器A型,控制器类,780,1044.88,南通华科,四川客户070,西南,四川,设备集成商,B,8469.45,1339.86,1707.44,368.79,268.43,14305.199999999999,12153.970000000003,2151.229999999996,0.15038098034281214,2025-08
O000523,2025-02-28,C0085,P1013,22,177.51,已完成,赵磊,直销,CNC定制件,机加工件,138,172.93,南通华科,浙江客户085,华东,山东,终端工厂,A,2157.86,528.98,471.86,126.39,70.25,3905.22,3355.34,549.8799999999997,0.14080640783361748,2025-02
O000524,2025-04-04,C0107,P1009,40,618.25,已完成,赵磊,经销,同步带轮组件,传动部件,565,711.1,南通华科,安徽客户107,华东,安徽,经销商,B,16160.73,3152.18,2827.99,993.49,235.07,24730.0,23369.460000000003,1360.5399999999972,0.05501577031944995,2025-04
O000525,2025-12-30,C0044,P1001,8,756.72,已完成,李娜,经销,伺服电机A型,电机类,522,799.93,南通华科,安徽客户044,华东,安徽,终端工厂,A,2903.91,519.63,548.77,116.72,56.9,6053.76,4145.929999999999,1907.8300000000008,0.31514794111428285,2025-12
O000526,2025-12-06,C0107,P1013,9,168.98,已完成,赵磊,展会线索,CNC定制件,机加工件,138,172.93,南通华科,安徽客户107,华东,安徽,经销商,B,802.16,211.56,138.62,65.84,25.72,1520.82,1243.9,276.91999999999985,0.18208597993187875,2025-12
O000527,2025-06-04,C0090,P1004,9,737.84,已完成,李娜,展会线索,减速电机C型,电机类,541,716.52,苏州精工,河北客户090,华北,北京,终端工厂,B,3261.69,652.59,553.19,207.67,34.08,6640.56,4709.22,1931.3400000000001,0.29083992916260076,2025-06
O000528,2025-08-27,C0074,P1009,17,722.67,已完成,赵磊,展会线索,同步带轮组件,传动部件,565,711.1,南通华科,安徽客户074,华东,浙江,终端工厂,B,6465.46,1701.69,1049.66,430.81,238.66,12285.39,9886.279999999999,2399.1100000000006,0.19528154987346766,2025-08
O000529,2025-08-19,C0054,P1006,17,2483.99,已完成,陈敏,经销,PLC控制器增强版,控制器类,1773,2443.12,苏州精工,天津客户054,华北,北京,终端工厂,A,28517.29,5154.8,4500.38,1090.15,775.27,42227.829999999994,40037.89,2189.939999999995,0.0518601121582614,2025-08
O000530,2025-01-11,C0096,P1006,2,2117.27,已完成,陈敏,直销,PLC控制器增强版,控制器类,1773,2443.12,苏州精工,天津客户096,华北,北京,经销商,C,2374.33,500.96,442.73,113.05,34.67,4234.54,3465.7400000000002,768.7999999999997,0.18155454901831125,2025-01
O000531,2025-02-21,C0054,P1008,39,749.67,已完成,刘洋,老客户复购,精密齿轮箱,传动部件,523,743.47,上海工控,天津客户054,华北,北京,终端工厂,A,13907.59,3136.16,2605.82,536.64,495.67,29237.129999999997,20681.879999999997,8555.25,0.292615930496598,2025-02
O000532,2025-02-25,C0020,P1003,8,1411.18,已完成,陈敏,老客户复购,步进电机A型,电机类,1120,1636.22,常州机电,福建客户020,华南,福建,经销商,B,5711.94,1136.79,1230.96,326.86,66.58,11289.44,8473.13,2816.3100000000013,0.24946410096514984,2025-02
O000533,2025-01-28,C0044,P1010,34,638.9,已完成,刘洋,经销,联轴器套件,传动部件,456,621.63,上海工控,安徽客户044,华东,安徽,终端工厂,A,10163.75,2578.42,2122.73,601.66,171.11,21722.6,15637.67,6084.9299999999985,0.2801197830830563,2025-01
O000534,2025-12-04,C0043,P1013,25,167.86,已完成,张伟,展会线索,CNC定制件,机加工件,138,172.93,南通华科,广东客户043,华南,广东,设备集成商,B,2356.97,597.72,478.78,182.34,53.81,4196.5,3669.6199999999994,526.8800000000006,0.12555224591921854,2025-12
O000535,2025-10-29,C0098,P1002,6,969.26,已完成,张伟,直销,伺服电机B型,电机类,690,1040.91,南通华科,福建客户098,华南,广西,设备集成商,C,2864.04,719.42,606.06,272.43,66.69,5815.5599999999995,4528.64,1286.9199999999992,0.22128909339771222,2025-10
O000536,2025-04-22,C0023,P1013,3,169.86,已取消,张伟,展会线索,CNC定制件,机加工件,138,172.93,南通华科,江苏客户023,华东,浙江,设备集成商,B,294.11,65.12,63.01,8.35,7.58,509.58000000000004,438.17,71.41000000000003,0.14013501314808277,2025-04
O000537,2025-04-16,C0035,P1005,13,1416.54,已完成,陈敏,经销,PLC控制器标准版,控制器类,980,1458.49,苏州精工,江苏客户035,华东,浙江,终端工厂,A,8979.12,1661.96,1779.87,807.93,171.61,18415.02,13400.490000000002,5014.529999999999,0.27230651935213745,2025-04
O000538,2025-04-16,C0039,P1008,41,707.65,已完成,刘洋,展会线索,精密齿轮箱,传动部件,523,743.47,上海工控,湖北客户039,华中,河南,经销商,B,14163.63,3305.89,2812.25,475.0,188.01,29013.649999999998,20944.78,8068.869999999999,0.2781059949368659,2025-04
O000539,2025-08-06,C0025,P1007,16,968.76,已完成,陈敏,展会线索,变频控制器A型,控制器类,780,1044.88,南通华科,广东客户025,华南,福建,经销商,B,10299.53,1693.99,1432.1,635.16,210.67,15500.16,14271.45,1228.7099999999991,0.07927079462405544,2025-08
O000540,2025-11-23,C0015,P1012,18,340.09,已完成,陈敏,展会线索,不锈钢轴套,机加工件,315,371.9,南通华科,北京客户015,华北,河北,经销商,C,3555.03,845.47,677.15,273.93,95.6,6121.62,5447.18,674.4399999999996,0.1101734508185741,2025-11
O000541,2025-11-14,C0109,P1014,110,39.29,已完成,刘洋,经销,工业线缆,配套耗材,34,41.43,南通华科,浙江客户109,华东,安徽,经销商,B,2643.9,459.22,535.75,146.51,75.09,4321.9,3860.4700000000003,461.4299999999994,0.1067655429325064,2025-11
O000542,2025-09-27,C0079,P1003,7,1552.76,已完成,王强,直销,步进电机A型,电机类,1120,1636.22,常州机电,安徽客户079,华东,浙江,经销商,A,5258.41,1194.91,808.35,417.36,98.88,10869.32,7777.91,3091.41,0.2844161364280378,2025-09
O000543,2025-07-10,C0069,P1003,3,1607.7,已完成,赵磊,展会线索,步进电机A型,电机类,1120,1636.22,常州机电,山东客户069,华东,安徽,设备集成商,B,2089.82,416.59,528.99,130.77,86.92,4823.1,3253.0900000000006,1570.0099999999998,0.32551885716655254,2025-07
O000544,2025-04-06,C0113,P1016,81,96.67,已完成,刘洋,经销,密封圈套装,配套耗材,83,101.3,苏州精工,安徽客户113,华东,浙江,经销商,B,4813.45,1187.26,1027.97,362.69,73.1,7830.27,7464.47,365.8000000000002,0.04671614133356834,2025-04
O000545,2025-09-13,C0011,P1008,33,669.51,已完成,张伟,老客户复购,精密齿轮箱,传动部件,523,743.47,上海工控,上海客户011,华东,上海,经销商,A,10962.0,2733.06,2231.35,407.77,335.01,22093.829999999998,16669.19,5424.639999999999,0.24552737121630788,2025-09
O000546,2025-05-07,C0028,P1003,7,1554.74,已完成,刘洋,展会线索,步进电机A型,电机类,1120,1636.22,常州机电,广东客户028,华南,广东,经销商,B,5302.08,1346.79,1070.56,381.87,126.37,10883.18,8227.67,2655.51,0.24400129373951365,2025-05
O000547,2025-04-24,C0007,P1005,17,1390.94,已完成,李娜,经销,PLC控制器标准版,控制器类,980,1458.49,苏州精工,福建客户007,华南,广西,终端工厂,A,11100.2,2953.2,1804.39,723.98,350.85,23645.98,16932.62,6713.360000000001,0.28391126102618713,2025-04
O000548,2025-09-30,C0037,P1003,13,1526.91,已完成,李娜,老客户复购,步进电机A型,电机类,1120,1636.22,常州机电,福建客户037,华南,广东,经销商,B,9657.66,1994.62,1707.04,460.08,201.65,19849.83,14021.05,5828.7800000000025,0.2936438246574405,2025-09
O000549,2025-04-21,C0110,P1007,17,1054.83,已完成,刘洋,直销,变频控制器A型,控制器类,780,1044.88,南通华科,云南客户110,西南,云南,终端工厂,A,9377.04,1993.16,1517.13,510.32,118.13,17932.11,13515.78,4416.33,0.24628055482595188,2025-04
O000550,2025-09-03,C0053,P1009,41,728.28,已完成,刘洋,展会线索,同步带轮组件,传动部件,565,711.1,南通华科,河北客户053,华北,河北,终端工厂,A,16456.5,3347.15,3679.15,811.1,523.89,29859.48,24817.79,5041.689999999999,0.1688472136822208,2025-09
O000551,2025-12-04,C0022,P1001,16,776.44,已完成,张伟,经销,伺服电机A型,电机类,522,799.93,南通华科,湖南客户022,华中,河南,终端工厂,A,5392.37,1040.4,851.1,449.91,120.18,12423.04,7853.960000000001,4569.08,0.36779081448663126,2025-12
O000552,2025-07-20,C0057,P1012,25,366.43,已完成,张伟,直销,不锈钢轴套,机加工件,315,371.9,南通华科,浙江客户057,华东,上海,设备集成商,C,5231.77,1331.81,904.73,236.37,161.96,9160.75,7866.639999999999,1294.1100000000006,0.14126681767322552,2025-07
O000553,2025-05-17,C0103,P1003,3,1649.04,已完成,刘洋,直销,步进电机A型,电机类,1120,1636.22,常州机电,上海客户103,华东,上海,终端工厂,A,2248.77,570.06,411.49,143.18,37.14,4947.12,3410.6399999999994,1536.4800000000005,0.3105807014990541,2025-05
O000554,2025-05-20,C0088,P1002,8,1004.78,已完成,张伟,展会线索,伺服电机B型,电机类,690,1040.91,南通华科,河南客户088,华中,河南,终端工厂,A,3928.22,959.41,877.97,233.8,138.89,8038.24,6138.290000000001,1899.949999999999,0.23636393041262752,2025-05
O000555,2025-08-20,C0025,P1001,7,762.12,已完成,赵磊,经销,伺服电机A型,电机类,522,799.93,南通华科,广东客户025,华南,福建,经销商,B,2981.51,538.08,547.37,113.14,44.3,5334.84,4224.400000000001,1110.4399999999996,0.20814869799281696,2025-08
O000556,2025-08-09,C0104,P1013,8,168.25,已完成,张伟,经销,CNC定制件,机加工件,138,172.93,南通华科,安徽客户104,华东,安徽,终端工厂,B,771.49,157.16,134.13,67.24,14.48,1346.0,1144.5,201.5,0.14970282317979197,2025-08
O000557,2025-11-06,C0011,P1004,11,644.77,已完成,王强,经销,减速电机C型,电机类,541,716.52,苏州精工,上海客户011,华东,上海,经销商,A,3837.07,936.64,881.42,123.67,101.3,7092.469999999999,5880.1,1212.369999999999,0.170937628216968,2025-11
O000558,2025-04-14,C0113,P1004,17,632.74,已完成,刘洋,老客户复购,减速电机C型,电机类,541,716.52,苏州精工,安徽客户113,华东,浙江,经销商,B,5735.01,1394.08,1061.51,276.79,129.15,10756.58,8596.54,2160.039999999999,0.20081103845274234,2025-04
O000559,2025-02-07,C0114,P1014,77,40.25,已完成,刘洋,老客户复购,工业线缆,配套耗材,34,41.43,南通华科,江苏客户114,华东,安徽,终端工厂,B,1865.88,425.79,408.96,118.08,15.83,3099.25,2834.54,264.71000000000004,0.08541098652899896,2025-02
O000560,2025-09-26,C0002,P1011,43,458.6,已完成,李娜,经销,铝合金支架,机加工件,393,502.7,无锡智造,广东客户002,华南,福建,经销商,B,10926.19,2946.28,2342.32,973.32,144.73,19719.8,17332.84,2386.959999999999,0.12104382397387393,2025-09
O000561,2025-09-09,C0042,P1001,1,758.34,已完成,王强,直销,伺服电机A型,电机类,522,799.93,南通华科,重庆客户042,西南,云南,终端工厂,B,339.13,73.99,62.43,18.06,8.84,758.34,502.45,255.89000000000004,0.3374343961811325,2025-09
O000562,2025-07-27,C0056,P1003,9,1517.26,已完成,赵磊,经销,步进电机A型,电机类,1120,1636.22,常州机电,山东客户056,华东,山东,设备集成商,A,6897.04,1397.85,1056.2,543.46,162.3,13655.34,10056.849999999999,3598.4900000000016,0.2635225486879127,2025-07
O000563,2025-05-22,C0056,P1014,76,40.03,已完成,陈敏,展会线索,工业线缆,配套耗材,34,41.43,南通华科,山东客户056,华东,山东,设备集成商,A,1745.88,380.69,396.44,105.13,57.34,3042.28,2685.4800000000005,356.7999999999997,0.11728046070710116,2025-05
O000564,2025-10-09,C0079,P1004,3,626.08,已完成,王强,展会线索,减速电机C型,电机类,541,716.52,苏州精工,安徽客户079,华东,浙江,经销商,A,1089.13,223.25,196.91,62.5,24.32,1878.2400000000002,1596.1100000000001,282.1300000000001,0.15020977084930578,2025-10
O000565,2025-04-23,C0001,P1003,12,1598.6,已完成,王强,展会线索,步进电机A型,电机类,1120,1636.22,常州机电,广东客户001,华南,广西,终端工厂,B,9256.58,1793.83,1875.29,810.5,290.6,19183.199999999997,14026.800000000001,5156.399999999996,0.2687976979857373,2025-04
O000566,2025-12-06,C0092,P1004,16,718.09,已完成,王强,展会线索,减速电机C型,电机类,541,716.52,苏州精工,江苏客户092,华东,江苏,终端工厂,B,5783.79,1553.76,1075.84,215.2,199.03,11489.44,8827.62,2661.8199999999997,0.23167534710133825,2025-12
O000567,2025-06-07,C0114,P1009,22,721.61,已完成,赵磊,展会线索,同步带轮组件,传动部件,565,711.1,南通华科,江苏客户114,华东,安徽,终端工厂,B,7970.37,2023.57,1376.48,247.51,117.43,15875.42,11735.36,4140.0599999999995,0.2607842816127069,2025-06
O000568,2025-10-21,C0083,P1015,119,83.77,已完成,李娜,老客户复购,传感器支架,配套耗材,70,84.31,苏州精工,浙江客户083,华东,山东,终端工厂,B,5478.63,1052.89,931.8,416.31,164.96,9968.63,8044.590000000001,1924.0399999999981,0.19300947070961588,2025-10
O000569,2025-03-11,C0109,P1005,15,1356.06,已完成,李娜,展会线索,PLC控制器标准版,控制器类,980,1458.49,苏州精工,浙江客户109,华东,安徽,经销商,B,10315.71,2505.9,1840.82,922.75,262.17,20340.899999999998,15847.349999999999,4493.549999999999,0.22091205403890682,2025-03
O000570,2025-08-15,C0069,P1010,5,618.07,已完成,赵磊,展会线索,联轴器套件,传动部件,456,621.63,上海工控,山东客户069,华东,安徽,设备集成商,B,1520.9,371.9,257.25,131.75,35.36,3090.3500000000004,2317.1600000000003,773.19,0.2501949617357257,2025-08
O000571,2025-07-19,C0101,P1012,7,352.89,已取消,赵磊,经销,不锈钢轴套,机加工件,315,371.9,南通华科,湖南客户101,华中,河南,终端工厂,A,1395.17,280.38,242.32,114.05,49.07,2470.23,2080.9900000000002,389.2399999999998,0.15757237180343522,2025-07
O000572,2025-08-25,C0071,P1003,16,1544.53,已完成,王强,经销,步进电机A型,电机类,1120,1636.22,常州机电,湖北客户071,华中,湖北,经销商,A,15711.0,2464.51,2027.22,1083.24,201.11,24712.48,21487.080000000005,3225.399999999994,0.1305170504943249,2025-08
O000573,2025-09-24,C0065,P1002,13,932.2,已完成,张伟,展会线索,伺服电机B型,电机类,690,1040.91,南通华科,安徽客户065,华东,山东,经销商,B,6160.01,1559.23,1195.17,474.73,173.2,12118.6,9562.34,2556.26,0.2109369069034377,2025-09
O000574,2025-08-08,C0119,P1004,15,646.82,已完成,张伟,经销,减速电机C型,电机类,541,716.52,苏州精工,北京客户119,华北,北京,设备集成商,A,7634.82,1380.78,1098.67,360.32,182.68,9702.300000000001,10657.27,-954.9699999999993,-0.09842717706110914,2025-08
O000575,2025-10-05,C0029,P1009,3,677.26,已完成,陈敏,直销,同步带轮组件,传动部件,565,711.1,南通华科,云南客户029,西南,四川,终端工厂,B,1163.49,204.19,180.12,91.49,12.74,2031.78,1652.0300000000002,379.7499999999998,0.18690507830572198,2025-10
O000576,2025-12-01,C0100,P1007,13,945.8,已完成,李娜,经销,变频控制器A型,控制器类,780,1044.88,南通华科,福建客户100,华南,广东,设备集成商,A,6503.31,1357.06,1379.18,432.58,114.85,12295.4,9786.980000000001,2508.4199999999983,0.20401288286676306,2025-12
O000577,2025-03-31,C0020,P1013,16,160.46,已完成,王强,老客户复购,CNC定制件,机加工件,138,172.93,南通华科,福建客户020,华南,福建,经销商,B,1414.8,366.25,344.73,43.26,17.97,2567.36,2187.0099999999998,380.35000000000036,0.14814829240932334,2025-03
O000578,2025-03-13,C0098,P1013,29,159.17,已取消,张伟,经销,CNC定制件,机加工件,138,172.93,南通华科,福建客户098,华南,广西,设备集成商,C,2738.23,673.4,590.18,185.51,84.52,4615.929999999999,4271.84,344.08999999999924,0.07454402471441275,2025-03
O000579,2025-03-01,C0016,P1015,58,82.44,已取消,刘洋,直销,传感器支架,配套耗材,70,84.31,苏州精工,北京客户016,华北,天津,终端工厂,B,2605.44,513.34,555.9,209.33,65.65,4781.5199999999995,3949.6600000000003,831.8599999999992,0.1739739664374507,2025-03
O000580,2025-01-20,C0032,P1010,20,611.99,已完成,陈敏,经销,联轴器套件,传动部件,456,621.63,上海工控,天津客户032,华北,天津,设备集成商,B,6532.65,1529.73,1295.47,209.41,80.98,12239.8,9648.239999999998,2591.5600000000013,0.21173221784669696,2025-01
O000581,2025-02-13,C0015,P1009,37,641.81,已完成,刘洋,经销,同步带轮组件,传动部件,565,711.1,南通华科,北京客户015,华北,河北,经销商,C,14601.8,2757.25,2126.67,1113.18,436.04,23746.969999999998,21034.940000000002,2712.029999999995,0.11420530703496048,2025-02
O000582,2025-05-02,C0102,P1012,19,379.69,已完成,李娜,老客户复购,不锈钢轴套,机加工件,315,371.9,南通华科,北京客户102,华北,天津,终端工厂,C,3841.46,998.37,615.73,180.19,103.56,7214.11,5739.3099999999995,1474.8000000000002,0.20443270202422756,2025-05
O000583,2025-06-13,C0051,P1010,16,599.89,已完成,陈敏,展会线索,联轴器套件,传动部件,456,621.63,上海工控,广西客户051,华南,广东,终端工厂,C,5080.34,880.07,872.4,215.98,191.79,9598.24,7240.579999999999,2357.6600000000008,0.24563461634633024,2025-06
O000584,2025-10-23,C0021,P1013,6,152.21,已完成,王强,老客户复购,CNC定制件,机加工件,138,172.93,南通华科,山东客户021,华东,江苏,经销商,A,568.92,119.51,86.56,32.83,13.36,913.26,821.1800000000001,92.07999999999993,0.10082561373540934,2025-10
O000585,2025-10-14,C0013,P1004,15,660.66,已完成,赵磊,展会线索,减速电机C型,电机类,541,716.52,苏州精工,湖北客户013,华中,湖北,设备集成商,B,5693.81,1114.31,1289.36,301.08,93.54,9909.9,8492.100000000002,1417.7999999999975,0.143069052159961,2025-10
O000586,2025-09-21,C0007,P1007,7,1041.94,已完成,刘洋,展会线索,变频控制器A型,控制器类,780,1044.88,南通华科,福建客户007,华南,广西,终端工厂,A,3575.45,825.42,852.86,297.07,99.61,7293.58,5650.409999999999,1643.170000000001,0.22528991249838914,2025-09
O000587,2025-08-18,C0065,P1011,31,459.1,已完成,王强,经销,铝合金支架,机加工件,393,502.7,无锡智造,安徽客户065,华东,山东,经销商,B,7751.81,1571.13,1585.4,576.47,231.49,14232.1,11716.3,2515.800000000001,0.17676941561680995,2025-08
O000588,2025-05-31,C0102,P1008,6,750.26,已完成,陈敏,直销,精密齿轮箱,传动部件,523,743.47,上海工控,北京客户102,华北,天津,终端工厂,C,2016.45,395.41,386.19,212.19,59.33,4501.5599999999995,3069.57,1431.9899999999993,0.3181097219630527,2025-05
O000589,2025-09-28,C0060,P1008,39,734.87,已完成,李娜,经销,精密齿轮箱,传动部件,523,743.47,上海工控,广西客户060,华南,广东,设备集成商,A,13299.05,2843.71,2201.35,904.59,483.51,28659.93,19732.209999999995,8927.720000000005,0.31150529676799643,2025-09
O000590,2025-11-19,C0101,P1011,34,516.23,已完成,赵磊,展会线索,铝合金支架,机加工件,393,502.7,无锡智造,湖南客户101,华中,河南,终端工厂,A,9578.63,2005.58,1470.26,682.82,287.01,17551.82,14024.3,3527.5200000000004,0.20097744849252103,2025-11
O000591,2025-08-02,C0100,P1006,1,2263.78,已完成,李娜,老客户复购,PLC控制器增强版,控制器类,1773,2443.12,苏州精工,福建客户100,华南,广东,设备集成商,A,1446.99,303.2,265.52,71.4,30.35,2263.78,2117.46,146.32000000000016,0.06463525607612054,2025-08
O000592,2025-09-08,C0095,P1016,85,101.23,已完成,赵磊,经销,密封圈套装,配套耗材,83,101.3,苏州精工,北京客户095,华北,天津,终端工厂,B,4851.55,853.6,757.33,178.03,140.56,8604.550000000001,6781.070000000001,1823.4800000000005,0.21192043744298078,2025-09
O000593,2025-08-21,C0025,P1001,15,735.64,已完成,刘洋,老客户复购,伺服电机A型,电机类,522,799.93,南通华科,广东客户025,华南,福建,经销商,B,6525.97,1195.88,1146.01,297.21,179.13,11034.6,9344.199999999999,1690.4000000000015,0.15319087234698145,2025-08
O000594,2025-10-08,C0021,P1003,16,1563.68,已完成,陈敏,展会线索,步进电机A型,电机类,1120,1636.22,常州机电,山东客户021,华东,江苏,经销商,A,11786.31,2508.48,2829.51,1051.27,132.67,25018.88,18308.239999999998,6710.640000000003,0.2682230379617314,2025-10
O000595,2025-11-10,C0042,P1012,27,371.73,已完成,刘洋,老客户复购,不锈钢轴套,机加工件,315,371.9,南通华科,重庆客户042,西南,云南,终端工厂,B,6087.38,1416.31,926.62,177.37,96.58,10036.710000000001,8704.260000000002,1332.449999999999,0.1327576466790411,2025-11
O000596,2025-04-09,C0030,P1013,24,159.64,已完成,刘洋,展会线索,CNC定制件,机加工件,138,172.93,南通华科,福建客户030,华南,广西,设备集成商,A,2260.17,519.96,386.02,117.23,31.33,3831.3599999999997,3314.71,516.6499999999996,0.1348476781090787,2025-04
O000597,2025-03-05,C0035,P1001,11,782.17,已完成,赵磊,直销,伺服电机A型,电机类,522,799.93,南通华科,江苏客户035,华东,浙江,终端工厂,A,3589.08,867.15,693.75,292.54,165.17,8603.869999999999,5607.69,2996.1799999999994,0.348236316913203,2025-03
O000598,2025-07-06,C0071,P1001,12,711.73,已完成,张伟,直销,伺服电机A型,电机类,522,799.93,南通华科,湖北客户071,华中,湖北,经销商,A,3973.49,752.42,655.29,266.43,133.27,8540.76,5780.900000000001,2759.8599999999997,0.3231398610896454,2025-07
O000599,2025-07-07,C0049,P1016,11,93.63,已完成,陈敏,经销,密封圈套装,配套耗材,83,101.3,苏州精工,江苏客户049,华东,山东,经销商,C,619.08,136.67,110.69,26.62,10.96,1029.9299999999998,904.0200000000001,125.90999999999974,0.12225102676880929,2025-07
O000600,2025-03-13,C0109,P1005,14,1270.61,已完成,李娜,直销,PLC控制器标准版,控制器类,980,1458.49,苏州精工,浙江客户109,华东,安徽,经销商,B,9345.56,1784.5,2006.99,624.98,160.76,17788.539999999997,13922.789999999999,3865.749999999998,0.2173168792941972,2025-03
O000601,2025-02-12,C0098,P1003,4,1488.2,已完成,张伟,经销,步进电机A型,电机类,1120,1636.22,常州机电,福建客户098,华南,广西,设备集成商,C,3002.12,796.39,453.51,130.86,69.8,5952.8,4452.679999999999,1500.1200000000008,0.25200241902970044,2025-02
O000602,2025-10-11,C0007,P1010,39,589.01,已完成,王强,直销,联轴器套件,传动部件,456,621.63,上海工控,福建客户007,华南,广西,终端工厂,A,12161.48,2360.54,2772.25,861.2,417.19,22971.39,18572.66,4398.73,0.19148732401478533,2025-10
O000603,2025-06-29,C0061,P1006,3,2403.04,已完成,刘洋,展会线索,PLC控制器增强版,控制器类,1773,2443.12,苏州精工,江苏客户061,华东,山东,终端工厂,A,3472.94,902.83,652.6,171.91,134.63,7209.12,5334.910000000001,1874.2099999999991,0.259977639434494,2025-06
O000604,2025-04-16,C0027,P1004,6,695.88,已完成,张伟,直销,减速电机C型,电机类,541,716.52,苏州精工,浙江客户027,华东,浙江,终端工厂,A,2042.45,573.16,413.9,207.69,54.67,4175.28,3291.8700000000003,883.4099999999994,0.21158101971604287,2025-04
O000605,2025-05-26,C0008,P1001,13,739.66,已完成,陈敏,直销,伺服电机A型,电机类,522,799.93,南通华科,天津客户008,华北,北京,设备集成商,C,4721.35,817.2,880.82,392.42,160.99,9615.58,6972.78,2642.8,0.27484561513710043,2025-05
O000606,2025-08-09,C0043,P1005,15,1372.63,已完成,刘洋,老客户复购,PLC控制器标准版,控制器类,980,1458.49,苏州精工,广东客户043,华南,广东,设备集成商,B,12311.04,2133.53,1839.62,383.53,239.78,20589.45,16907.5,3681.9500000000007,0.17882702063435402,2025-08
O000607,2025-03-11,C0106,P1012,22,356.62,已完成,王强,直销,不锈钢轴套,机加工件,315,371.9,南通华科,河北客户106,华北,天津,经销商,C,4504.63,1011.46,1092.57,126.39,108.84,7845.64,6843.89,1001.75,0.12768238155204673,2025-03
O000608,2025-12-09,C0090,P1005,4,1406.51,已完成,刘洋,展会线索,PLC控制器标准版,控制器类,980,1458.49,苏州精工,河北客户090,华北,北京,终端工厂,B,2721.83,649.36,560.39,227.44,33.11,5626.04,4192.129999999999,1433.9100000000008,0.25487021066327303,2025-12
O000609,2025-04-16,C0062,P1002,10,977.55,已完成,李娜,直销,伺服电机B型,电机类,690,1040.91,南通华科,浙江客户062,华东,上海,经销商,C,4646.55,1152.15,728.94,150.76,168.32,9775.5,6846.720000000001,2928.779999999999,0.29960411232162026,2025-04
O000610,2025-07-08,C0078,P1016,41,95.5,已完成,赵磊,经销,密封圈套装,配套耗材,83,101.3,苏州精工,四川客户078,西南,云南,设备集成商,A,2352.25,492.52,532.31,163.79,76.42,3915.5,3617.29,298.21000000000004,0.07616140978163709,2025-07
O000611,2025-11-12,C0081,P1007,16,1015.76,已完成,赵磊,老客户复购,变频控制器A型,控制器类,780,1044.88,南通华科,安徽客户081,华东,江苏,经销商,B,8897.39,1857.99,1813.13,624.44,279.08,16252.16,13472.029999999999,2780.130000000001,0.1710621849649524,2025-11
O000612,2025-05-09,C0017,P1002,7,979.97,已完成,王强,展会线索,伺服电机B型,电机类,690,1040.91,南通华科,广西客户017,华南,广西,终端工厂,B,3375.05,624.01,550.74,166.7,118.52,6859.79,4835.02,2024.7699999999995,0.29516501234002784,2025-05
O000613,2025-08-13,C0061,P1003,15,1569.02,已完成,陈敏,展会线索,步进电机A型,电机类,1120,1636.22,常州机电,江苏客户061,华东,山东,终端工厂,A,13998.57,2515.3,2265.48,1034.19,228.03,23535.3,20041.569999999996,3493.730000000003,0.1484463762943325,2025-08
O000614,2025-10-07,C0062,P1001,11,752.62,已完成,刘洋,经销,伺服电机A型,电机类,522,799.93,南通华科,浙江客户062,华东,上海,经销商,C,3837.15,1003.83,846.53,230.41,49.44,8278.82,5967.36,2311.46,0.27920162535240534,2025-10
O000615,2025-01-12,C0020,P1014,63,39.02,已完成,张伟,直销,工业线缆,配套耗材,34,41.43,南通华科,福建客户020,华南,福建,经销商,B,1464.47,364.29,299.66,73.45,16.84,2458.26,2218.71,239.55000000000018,0.09744697468941453,2025-01
O000616,2025-01-30,C0047,P1002,10,924.33,已完成,陈敏,展会线索,伺服电机B型,电机类,690,1040.91,南通华科,云南客户047,西南,云南,经销商,A,4906.43,942.25,782.85,402.63,182.26,9243.300000000001,7216.420000000001,2026.88,0.21928099271905055,2025-01
O000617,2025-12-27,C0079,P1004,16,626.7,已完成,张伟,直销,减速电机C型,电机类,541,716.52,苏州精工,安徽客户079,华东,浙江,经销商,A,5938.15,1363.22,1031.5,157.57,78.98,10027.2,8569.419999999998,1457.7800000000025,0.14538255943832798,2025-12
O000618,2025-10-10,C0089,P1005,2,1276.42,已完成,张伟,展会线索,PLC控制器标准版,控制器类,980,1458.49,苏州精工,河北客户089,华北,天津,经销商,C,1329.75,252.99,299.94,55.1,32.76,2552.84,1970.54,582.3000000000002,0.2280989016154558,2025-10
O000619,2025-01-10,C0011,P1004,7,652.87,已完成,刘洋,老客户复购,减速电机C型,电机类,541,716.52,苏州精工,上海客户011,华东,上海,经销商,A,2541.84,591.67,453.1,208.28,53.31,4570.09,3848.2000000000003,721.8899999999999,0.1579596900717491,2025-01
O000620,2025-06-08,C0098,P1006,15,2336.58,已完成,张伟,直销,PLC控制器增强版,控制器类,1773,2443.12,苏州精工,福建客户098,华南,广西,设备集成商,C,18350.96,4206.12,2846.45,1289.52,464.76,35048.7,27157.809999999998,7890.889999999999,0.2251407327518567,2025-06
O000621,2025-10-07,C0045,P1008,39,737.32,已完成,刘洋,展会线索,精密齿轮箱,传动部件,523,743.47,上海工控,安徽客户045,华东,江苏,设备集成商,A,14479.02,3525.67,2224.44,513.54,270.84,28755.480000000003,21013.510000000002,7741.970000000001,0.2692345945885793,2025-10
O000622,2025-11-28,C0020,P1013,38,165.01,已完成,张伟,老客户复购,CNC定制件,机加工件,138,172.93,南通华科,福建客户020,华南,福建,经销商,B,3768.66,636.07,736.12,227.6,92.17,6270.379999999999,5460.62,809.7599999999993,0.12914049866196298,2025-11
O000623,2025-08-05,C0038,P1013,22,177.28,已完成,赵磊,直销,CNC定制件,机加工件,138,172.93,南通华科,江苏客户038,华东,安徽,终端工厂,A,1948.59,405.62,382.05,71.59,23.87,3900.16,2831.7200000000003,1068.4399999999996,0.2739477354775188,2025-08
O000624,2025-05-03,C0011,P1015,30,78.51,已完成,王强,直销,传感器支架,配套耗材,70,84.31,苏州精工,上海客户011,华东,上海,经销商,A,1320.56,324.2,260.12,59.53,22.93,2355.3,1987.3400000000001,367.96000000000004,0.15622638305099137,2025-05
O000625,2025-07-17,C0083,P1014,96,41.02,已取消,赵磊,经销,工业线缆,配套耗材,34,41.43,南通华科,浙江客户083,华东,山东,终端工厂,B,2091.34,472.27,366.17,155.28,27.01,3937.92,3112.0700000000006,825.8499999999995,0.20971731269299515,2025-07
O000626,2025-02-13,C0112,P1007,12,1043.29,已完成,刘洋,展会线索,变频控制器A型,控制器类,780,1044.88,南通华科,广东客户112,华南,福建,终端工厂,A,6690.75,1173.64,1465.85,552.93,190.43,12519.48,10073.6,2445.879999999999,0.19536594171642907,2025-02
O000627,2025-04-14,C0036,P1004,11,673.53,已取消,王强,经销,减速电机C型,电机类,541,716.52,苏州精工,北京客户036,华北,河北,终端工厂,C,4232.53,763.83,658.05,176.52,64.25,7408.83,5895.18,1513.6499999999996,0.20430351351023032,2025-04
O000628,2025-03-24,C0019,P1002,8,1062.24,已完成,赵磊,展会线索,伺服电机B型,电机类,690,1040.91,南通华科,湖北客户019,华中,河南,终端工厂,B,3593.99,853.05,561.33,241.17,73.9,8497.92,5323.44,3174.4800000000005,0.37355964753727977,2025-03
O000629,2025-10-12,C0011,P1008,24,727.6,已完成,赵磊,老客户复购,精密齿轮箱,传动部件,523,743.47,上海工控,上海客户011,华东,上海,经销商,A,8543.68,2248.19,1645.06,522.11,183.77,17462.4,13142.810000000001,4319.59,0.24736519607843135,2025-10
O000630,2025-03-13,C0013,P1004,11,673.87,已完成,刘洋,经销,减速电机C型,电机类,541,716.52,苏州精工,湖北客户013,华中,湖北,设备集成商,B,4156.74,739.82,937.8,219.61,71.94,7412.57,6125.909999999999,1286.6600000000008,0.17357812472597234,2025-03
O000631,2025-02-23,C0106,P1016,55,91.01,已完成,刘洋,直销,密封圈套装,配套耗材,83,101.3,苏州精工,河北客户106,华北,天津,经销商,C,3274.96,804.14,632.33,78.33,81.23,5005.55,4870.99,134.5600000000004,0.026882160801510402,2025-02
O000632,2025-05-09,C0049,P1010,8,586.42,已完成,王强,直销,联轴器套件,传动部件,456,621.63,上海工控,江苏客户049,华东,山东,经销商,C,2384.17,522.75,399.55,156.32,75.85,4691.36,3538.6400000000003,1152.7199999999993,0.2457112649636778,2025-05
O000633,2025-07-07,C0017,P1009,14,705.08,已完成,李娜,直销,同步带轮组件,传动部件,565,711.1,南通华科,广西客户017,华南,广西,终端工厂,B,5120.15,1394.72,883.42,170.96,144.76,9871.12,7714.01,2157.1100000000006,0.2185273808848439,2025-07
O000634,2025-08-31,C0061,P1011,15,503.02,已完成,赵磊,展会线索,铝合金支架,机加工件,393,502.7,无锡智造,江苏客户061,华东,山东,终端工厂,A,4155.57,1044.52,860.85,165.9,148.38,7545.299999999999,6375.22,1170.079999999999,0.1550740195883529,2025-08
O000635,2025-04-21,C0075,P1013,21,166.07,已取消,王强,直销,CNC定制件,机加工件,138,172.93,南通华科,江苏客户075,华东,上海,终端工厂,A,2063.21,376.13,386.96,120.12,40.59,3487.47,2987.01,500.4599999999996,0.1435023096972876,2025-04
O000636,2025-04-25,C0059,P1009,30,667.17,已完成,陈敏,展会线索,同步带轮组件,传动部件,565,711.1,南通华科,河北客户059,华北,河北,经销商,B,12177.36,2094.64,2332.87,444.05,258.39,20015.1,17307.309999999998,2707.790000000001,0.13528735804467631,2025-04
O000637,2025-09-25,C0058,P1001,11,797.85,已完成,赵磊,展会线索,伺服电机A型,电机类,522,799.93,南通华科,湖南客户058,华中,湖南,终端工厂,B,4007.77,774.04,709.72,423.69,144.13,8776.35,6059.349999999999,2717.000000000001,0.30958200162937904,2025-09
O000638,2025-10-02,C0083,P1004,6,715.64,已完成,刘洋,展会线索,减速电机C型,电机类,541,716.52,苏州精工,浙江客户083,华东,山东,终端工厂,B,2198.43,432.76,407.43,180.74,74.32,4293.84,3293.68,1000.1600000000003,0.23292903321968222,2025-10
O000639,2025-11-24,C0071,P1011,9,460.44,已完成,赵磊,老客户复购,铝合金支架,机加工件,393,502.7,无锡智造,湖北客户071,华中,湖北,经销商,A,2279.46,564.94,373.86,65.53,54.83,4143.96,3338.6200000000003,805.3399999999997,0.19434067896408258,2025-11
O000640,2025-06-03,C0094,P1005,5,1373.73,已完成,刘洋,直销,PLC控制器标准版,控制器类,980,1458.49,苏州精工,安徽客户094,华东,安徽,终端工厂,A,3147.95,611.2,704.57,222.74,116.38,6868.65,4802.839999999999,2065.8100000000004,0.3007592467224273,2025-06
O000641,2025-03-30,C0102,P1004,4,699.06,已完成,李娜,展会线索,减速电机C型,电机类,541,716.52,苏州精工,北京客户102,华北,天津,终端工厂,C,1485.36,354.44,256.31,67.71,39.18,2796.24,2203.0,593.2399999999998,0.21215632420679192,2025-03
O000642,2025-01-11,C0045,P1008,25,694.82,已完成,刘洋,经销,精密齿轮箱,传动部件,523,743.47,上海工控,安徽客户045,华东,江苏,设备集成商,A,8368.11,2208.69,1717.73,398.56,249.74,17370.5,12942.83,4427.67,0.254895944273337,2025-01
O000643,2025-02-23,C0057,P1001,14,799.75,已完成,王强,老客户复购,伺服电机A型,电机类,522,799.93,南通华科,浙江客户057,华东,上海,设备集成商,C,5221.59,912.96,778.75,498.63,74.39,11196.5,7486.320000000001,3710.1799999999994,0.3313696244362077,2025-02
O000644,2025-07-27,C0015,P1015,54,81.44,已完成,张伟,老客户复购,传感器支架,配套耗材,70,84.31,苏州精工,北京客户015,华北,河北,经销商,C,2358.48,532.51,483.85,153.62,55.45,4397.76,3583.9099999999994,813.8500000000008,0.18506012151640852,2025-07
O000645,2025-04-16,C0075,P1009,40,697.58,已完成,王强,直销,同步带轮组件,传动部件,565,711.1,南通华科,江苏客户075,华东,上海,终端工厂,A,16075.8,3754.31,3594.05,883.86,174.81,27903.2,24482.83,3420.369999999999,0.12257984747269127,2025-04
O000646,2025-12-03,C0116,P1002,10,1003.04,已完成,李娜,展会线索,伺服电机B型,电机类,690,1040.91,南通华科,北京客户116,华北,北京,终端工厂,A,4937.32,829.7,1011.3,161.44,164.68,10030.4,7104.44,2925.96,0.2917092040197799,2025-12
O000647,2025-11-04,C0037,P1003,2,1528.88,已完成,赵磊,展会线索,步进电机A型,电机类,1120,1636.22,常州机电,福建客户037,华南,广东,经销商,B,1598.9,321.12,256.39,70.08,37.84,3057.76,2284.33,773.4300000000003,0.2529400606980274,2025-11
O000648,2025-09-17,C0066,P1009,11,674.74,已完成,张伟,老客户复购,同步带轮组件,传动部件,565,711.1,南通华科,上海客户066,华东,山东,终端工厂,A,3959.51,996.73,758.86,195.27,88.47,7422.14,5998.84,1423.3000000000002,0.19176410038075273,2025-09
O000649,2025-10-19,C0065,P1001,14,704.46,已完成,赵磊,老客户复购,伺服电机A型,电机类,522,799.93,南通华科,安徽客户065,华东,山东,经销商,B,4927.48,939.19,1041.14,452.72,90.44,9862.44,7450.97,2411.4700000000003,0.24451048624883903,2025-10
O000650,2025-12-21,C0020,P1006,4,2254.61,已完成,张伟,老客户复购,PLC控制器增强版,控制器类,1773,2443.12,苏州精工,福建客户020,华南,福建,经销商,B,4524.97,1174.65,787.3,148.3,128.86,9018.44,6764.080000000001,2254.3599999999997,0.24997227901943125,2025-12
O000651,2025-02-08,C0062,P1003,11,1586.96,已完成,张伟,经销,步进电机A型,电机类,1120,1636.22,常州机电,浙江客户062,华东,上海,经销商,C,7933.77,1605.4,1957.6,440.17,323.85,17456.56,12260.79,5195.77,0.2976399703034275,2025-02
O000652,2025-03-31,C0035,P1015,10,81.7,已完成,李娜,展会线索,传感器支架,配套耗材,70,84.31,苏州精工,江苏客户035,华东,浙江,终端工厂,A,446.48,118.4,91.08,14.5,13.08,817.0,683.5400000000001,133.45999999999992,0.16335373317013455,2025-03
O000653,2025-03-11,C0074,P1012,21,366.87,已完成,王强,老客户复购,不锈钢轴套,机加工件,315,371.9,南通华科,安徽客户074,华东,浙江,终端工厂,B,4691.41,858.5,949.49,235.57,125.64,7704.27,6860.61,843.6600000000008,0.10950550798453335,2025-03
O000654,2025-09-06,C0109,P1002,12,897.94,已完成,李娜,直销,伺服电机B型,电机类,690,1040.91,南通华科,浙江客户109,华东,安徽,经销商,B,5724.73,1006.81,916.79,339.27,204.77,10775.28,8192.369999999999,2582.9100000000017,0.23970699601309678,2025-09
O000655,2025-11-28,C0099,P1004,15,653.21,已完成,王强,展会线索,减速电机C型,电机类,541,716.52,苏州精工,广西客户099,华南,福建,设备集成商,B,5308.89,1280.0,817.38,390.84,137.63,9798.150000000001,7934.740000000001,1863.4100000000008,0.19017977883580067,2025-11
O000656,2025-10-01,C0074,P1014,117,41.75,已完成,张伟,老客户复购,工业线缆,配套耗材,34,41.43,南通华科,安徽客户074,华东,浙江,终端工厂,B,2750.94,693.28,432.77,117.99,97.39,4884.75,4092.37,792.3800000000001,0.1622150570653565,2025-10
O000657,2025-04-05,C0100,P1013,20,156.81,已完成,李娜,展会线索,CNC定制件,机加工件,138,172.93,南通华科,福建客户100,华南,广东,设备集成商,A,1754.33,450.54,396.07,122.01,26.38,3136.2,2749.3300000000004,386.86999999999944,0.12335629105286636,2025-04
O000658,2025-06-21,C0113,P1007,16,919.24,已完成,李娜,展会线索,变频控制器A型,控制器类,780,1044.88,南通华科,安徽客户113,华东,浙江,经销商,B,8006.09,1996.56,1387.46,561.17,182.2,14707.84,12133.480000000001,2574.3599999999988,0.1750331795831338,2025-06
O000659,2025-06-28,C0076,P1009,24,663.12,已完成,王强,直销,同步带轮组件,传动部件,565,711.1,南通华科,浙江客户076,华东,浙江,经销商,A,8931.47,1871.47,2126.95,521.74,213.56,15914.880000000001,13665.189999999999,2249.6900000000023,0.141357647685688,2025-06
O000660,2025-11-26,C0066,P1005,7,1428.98,已取消,王强,展会线索,PLC控制器标准版,控制器类,980,1458.49,苏州精工,上海客户066,华东,山东,终端工厂,A,4904.39,1092.34,1080.25,187.28,177.05,10002.86,7441.31,2561.55,0.2560817606164637,2025-11
O000661,2025-12-14,C0031,P1009,14,655.21,已完成,王强,展会线索,同步带轮组件,传动部件,565,711.1,南通华科,山东客户031,华东,上海,经销商,A,5169.51,1333.86,1197.09,224.76,102.12,9172.94,8027.34,1145.6000000000004,0.12488907591241198,2025-12
O000662,2025-01-08,C0103,P1002,4,979.14,已完成,刘洋,经销,伺服电机B型,电机类,690,1040.91,南通华科,上海客户103,华东,上海,终端工厂,A,1911.58,347.6,401.12,73.89,73.31,3916.56,2807.4999999999995,1109.0600000000004,0.28317196723655463,2025-01
O000663,2025-01-16,C0069,P1013,16,157.33,已完成,赵磊,经销,CNC定制件,机加工件,138,172.93,南通华科,山东客户069,华东,安徽,设备集成商,B,1429.98,341.22,236.32,61.5,27.84,2517.28,2096.86,420.4200000000001,0.16701360198309287,2025-01
O000664,2025-04-12,C0100,P1014,110,39.73,已完成,李娜,展会线索,工业线缆,配套耗材,34,41.43,南通华科,福建客户100,华南,广东,设备集成商,A,2500.96,448.82,573.41,66.73,72.57,4370.299999999999,3662.4900000000002,707.809999999999,0.1619591332402808,2025-04
O000665,2025-07-19,C0037,P1001,12,764.4,已取消,王强,展会线索,伺服电机A型,电机类,522,799.93,南通华科,福建客户037,华南,广东,经销商,B,4178.45,948.58,704.67,332.59,119.78,9172.8,6284.07,2888.7299999999996,0.31492346938775506,2025-07
O000666,2025-11-30,C0031,P1005,11,1381.85,已取消,李娜,老客户复购,PLC控制器标准版,控制器类,980,1458.49,苏州精工,山东客户031,华东,上海,经销商,A,6860.65,1447.62,1121.27,263.27,79.14,15200.349999999999,9771.95,5428.399999999998,0.3571233557122039,2025-11
O000667,2025-07-09,C0047,P1008,20,654.54,已完成,陈敏,老客户复购,精密齿轮箱,传动部件,523,743.47,上海工控,云南客户047,西南,云南,经销商,A,6715.82,1681.76,1244.46,353.4,91.36,13090.8,10086.800000000001,3003.999999999998,0.2294741345066763,2025-07
O000668,2025-02-25,C0050,P1007,8,1043.59,已完成,赵磊,经销,变频控制器A型,控制器类,780,1044.88,南通华科,广东客户050,华南,广西,终端工厂,A,4227.89,876.9,877.21,341.89,114.97,8348.72,6438.860000000001,1909.8599999999988,0.2287608160292834,2025-02
O000669,2025-09-06,C0013,P1015,17,76.85,已完成,赵磊,经销,传感器支架,配套耗材,70,84.31,苏州精工,湖北客户013,华中,湖北,设备集成商,B,770.65,179.11,136.99,60.88,21.55,1306.4499999999998,1169.18,137.26999999999975,0.10507099391480713,2025-09
O000670,2025-09-26,C0022,P1001,15,766.89,已完成,赵磊,直销,伺服电机A型,电机类,522,799.93,南通华科,湖南客户022,华中,河南,终端工厂,A,5240.62,1393.17,1039.87,304.82,73.99,11503.35,8052.469999999999,3450.880000000001,0.2999891336002122,2025-09
O000671,2025-06-24,C0112,P1001,15,777.13,已取消,陈敏,经销,伺服电机A型,电机类,522,799.93,南通华科,广东客户112,华南,福建,终端工厂,A,5280.35,1343.82,1190.18,421.51,127.08,11656.95,8362.94,3294.01,0.28257906227615287,2025-06
O000672,2025-11-05,C0083,P1016,54,97.27,已完成,王强,直销,密封圈套装,配套耗材,83,101.3,苏州精工,浙江客户083,华东,山东,终端工厂,B,3070.3,742.79,558.89,166.34,79.89,5252.58,4618.210000000001,634.369999999999,0.12077302963496016,2025-11
O000673,2025-08-02,C0023,P1012,20,361.92,已完成,陈敏,展会线索,不锈钢轴套,机加工件,315,371.9,南通华科,江苏客户023,华东,浙江,设备集成商,B,4458.29,1055.0,638.46,140.08,128.78,7238.400000000001,6420.61,817.7900000000009,0.11297938770999127,2025-08
O000674,2025-10-16,C0102,P1012,39,372.75,已完成,王强,经销,不锈钢轴套,机加工件,315,371.9,南通华科,北京客户102,华北,天津,终端工厂,C,8641.05,1760.79,1659.17,678.96,271.46,14537.25,13011.43,1525.8199999999997,0.10495932862130043,2025-10
O000675,2025-03-21,C0082,P1009,24,669.18,已完成,李娜,展会线索,同步带轮组件,传动部件,565,711.1,南通华科,河北客户082,华北,河北,经销商,A,9469.07,1797.72,1950.16,297.73,295.66,16060.32,13810.339999999998,2249.9800000000014,0.1400955896271059,2025-03
O000676,2025-02-15,C0002,P1011,24,487.04,已完成,张伟,展会线索,铝合金支架,机加工件,393,502.7,无锡智造,广东客户002,华南,福建,经销商,B,5988.52,1506.68,1288.55,493.17,155.16,11688.960000000001,9432.08,2256.880000000001,0.19307791283399042,2025-02
O000677,2025-03-06,C0044,P1004,11,718.72,退货,陈敏,展会线索,减速电机C型,电机类,541,716.52,苏州精工,安徽客户044,华东,安徽,终端工厂,A,3725.07,966.15,731.91,207.21,157.13,7905.92,5787.47,2118.45,0.26795742936938394,2025-03
O000678,2025-05-26,C0069,P1003,7,1506.98,已完成,刘洋,展会线索,步进电机A型,电机类,1120,1636.22,常州机电,山东客户069,华东,安徽,设备集成商,B,5323.67,1275.12,1031.58,442.51,171.75,10548.86,8244.630000000001,2304.2299999999996,0.21843402983829527,2025-05
O000679,2025-10-30,C0003,P1005,16,1445.0,已完成,王强,直销,PLC控制器标准版,控制器类,980,1458.49,苏州精工,上海客户003,华东,安徽,终端工厂,A,10752.01,2820.28,2000.57,918.25,392.27,23120.0,16883.38,6236.619999999999,0.26974999999999993,2025-10
O000680,2025-04-19,C0051,P1003,8,1627.89,已完成,李娜,老客户复购,步进电机A型,电机类,1120,1636.22,常州机电,广西客户051,华南,广东,终端工厂,C,5892.13,1320.98,1417.02,210.07,130.61,13023.12,8970.810000000001,4052.3099999999995,0.31116276284024097,2025-04
O000681,2025-04-11,C0111,P1001,9,718.57,已完成,赵磊,直销,伺服电机A型,电机类,522,799.93,南通华科,广东客户111,华南,广东,经销商,A,3141.18,564.17,723.25,161.8,57.33,6467.13,4647.7300000000005,1819.3999999999996,0.28133035828876174,2025-04
O000682,2025-11-27,C0035,P1011,13,499.0,已完成,刘洋,展会线索,铝合金支架,机加工件,393,502.7,无锡智造,江苏客户035,华东,浙江,终端工厂,A,3586.68,698.29,712.49,283.82,109.55,6487.0,5390.829999999999,1096.170000000001,0.16897949745645152,2025-11
O000683,2025-12-21,C0009,P1001,17,777.97,已取消,王强,展会线索,伺服电机A型,电机类,522,799.93,南通华科,安徽客户009,华东,浙江,终端工厂,A,6195.78,1112.07,929.91,340.38,73.26,13225.49,8651.4,4574.09,0.3458541044604019,2025-12
O000684,2025-01-01,C0025,P1001,11,718.28,已完成,张伟,老客户复购,伺服电机A型,电机类,522,799.93,南通华科,广东客户025,华南,福建,经销商,B,3847.39,825.05,766.11,201.14,97.08,7901.08,5736.7699999999995,2164.3100000000004,0.27392584304930473,2025-01
O000685,2025-07-30,C0075,P1004,9,710.42,已完成,刘洋,经销,减速电机C型,电机类,541,716.52,苏州精工,江苏客户075,华东,上海,终端工厂,A,3181.77,641.31,676.61,246.61,111.5,6393.78,4857.799999999999,1535.9800000000005,0.24023034887030842,2025-07
O000686,2025-08-24,C0096,P1006,13,2226.12,已完成,陈敏,展会线索,PLC控制器增强版,控制器类,1773,2443.12,苏州精工,天津客户096,华北,北京,经销商,C,21494.3,3740.11,3255.67,491.5,192.35,28939.559999999998,29173.93,-234.37000000000262,-0.008098602743096393,2025-08
O000687,2025-02-17,C0023,P1011,12,466.67,已完成,赵磊,经销,铝合金支架,机加工件,393,502.7,无锡智造,江苏客户023,华东,浙江,设备集成商,B,3033.78,666.53,512.71,122.25,93.14,5600.04,4428.410000000001,1171.6299999999992,0.2092181484417967,2025-02
O000688,2025-09-01,C0045,P1009,6,696.78,已完成,张伟,展会线索,同步带轮组件,传动部件,565,711.1,南通华科,安徽客户045,华东,江苏,设备集成商,A,2190.57,498.13,369.85,161.91,66.57,4180.68,3287.03,893.6500000000001,0.2137570921476889,2025-09
O000689,2025-07-28,C0003,P1002,5,1021.41,已完成,陈敏,直销,伺服电机B型,电机类,690,1040.91,南通华科,上海客户003,华东,安徽,终端工厂,A,2263.78,576.44,394.66,200.28,81.45,5107.05,3516.61,1590.44,0.31142048736550454,2025-07
O000690,2025-09-15,C0099,P1001,13,790.31,已完成,刘洋,经销,伺服电机A型,电机类,522,799.93,南通华科,广西客户099,华南,福建,设备集成商,B,4864.65,908.91,716.76,248.7,70.3,10274.029999999999,6809.32,3464.709999999999,0.3372298893423515,2025-09
O000691,2025-07-10,C0030,P1014,20,40.85,已完成,王强,展会线索,工业线缆,配套耗材,34,41.43,南通华科,福建客户030,华南,广西,设备集成商,A,433.14,95.23,84.89,38.1,6.48,817.0,657.84,159.15999999999997,0.19481028151774782,2025-07
O000692,2025-05-21,C0082,P1003,9,1468.53,已完成,赵磊,展会线索,步进电机A型,电机类,1120,1636.22,常州机电,河北客户082,华北,河北,经销商,A,7229.13,1699.58,1541.11,628.2,215.42,13216.77,11313.44,1903.33,0.14400871014627628,2025-05
O000693,2025-10-06,C0075,P1012,23,380.87,已完成,张伟,展会线索,不锈钢轴套,机加工件,315,371.9,南通华科,江苏客户075,华东,上海,终端工厂,A,5063.37,1059.72,946.39,417.3,93.5,8760.01,7580.280000000001,1179.7299999999996,0.13467222069381193,2025-10
O000694,2025-08-11,C0084,P1016,117,95.72,已完成,陈敏,老客户复购,密封圈套装,配套耗材,83,101.3,苏州精工,天津客户084,华北,河北,终端工厂,A,6061.55,1609.75,1305.06,487.4,68.69,11199.24,9532.45,1666.789999999999,0.148830634935942,2025-08
O000695,2025-05-02,C0069,P1003,6,1506.4,已完成,张伟,直销,步进电机A型,电机类,1120,1636.22,常州机电,山东客户069,华东,安徽,设备集成商,B,4583.87,906.28,1036.2,170.35,159.49,9038.400000000001,6856.19,2182.210000000002,0.24143764383076669,2025-05
O000696,2025-12-06,C0091,P1003,15,1566.6,已完成,王强,直销,步进电机A型,电机类,1120,1636.22,常州机电,广东客户091,华南,广东,经销商,A,10564.77,2041.3,1916.94,626.4,338.34,23499.0,15487.75,8011.25,0.34091876250053194,2025-12
O000697,2025-01-15,C0092,P1014,64,39.48,已完成,李娜,经销,工业线缆,配套耗材,34,41.43,南通华科,江苏客户092,华东,江苏,终端工厂,B,1377.78,318.22,244.27,113.54,14.34,2526.72,2068.15,458.5699999999997,0.18148825354609918,2025-01
O000698,2025-01-30,C0042,P1001,15,771.19,已完成,赵磊,经销,伺服电机A型,电机类,522,799.93,南通华科,重庆客户042,西南,云南,终端工厂,B,5133.3,1236.22,1211.97,524.95,213.17,11567.85,8319.61,3248.24,0.28079893843713394,2025-01
O000699,2025-03-21,C0098,P1013,15,160.37,已完成,陈敏,展会线索,CNC定制件,机加工件,138,172.93,南通华科,福建客户098,华南,广西,设备集成商,C,1296.41,352.84,303.87,112.06,23.27,2405.55,2088.45,317.10000000000036,0.13182016586643402,2025-03
O000700,2025-01-06,C0084,P1015,38,81.74,已完成,陈敏,经销,传感器支架,配套耗材,70,84.31,苏州精工,天津客户084,华北,河北,终端工厂,A,1891.73,383.46,367.2,92.71,35.46,3106.12,2770.56,335.55999999999995,0.10803188543906866,2025-01
O000701,2025-11-27,C0062,P1002,2,917.31,已完成,刘洋,展会线索,伺服电机B型,电机类,690,1040.91,南通华科,浙江客户062,华东,上海,经销商,C,931.04,195.07,203.64,68.21,28.15,1834.62,1426.1100000000001,408.50999999999976,0.2226673643588317,2025-11
O000702,2025-03-31,C0011,P1011,41,481.3,已完成,刘洋,经销,铝合金支架,机加工件,393,502.7,无锡智造,上海客户011,华东,上海,经销商,A,10362.33,2870.93,2249.55,432.2,320.81,19733.3,16235.820000000002,3497.4799999999977,0.17723746154976602,2025-03
O000703,2025-08-12,C0095,P1012,3,369.6,已完成,陈敏,展会线索,不锈钢轴套,机加工件,315,371.9,南通华科,北京客户095,华北,天津,终端工厂,B,602.32,116.99,124.41,38.11,8.69,1108.8000000000002,890.5200000000001,218.2800000000001,0.1968614718614719,2025-08
O000704,2025-02-04,C0106,P1003,8,1595.54,已完成,李娜,经销,步进电机A型,电机类,1120,1636.22,常州机电,河北客户106,华北,天津,经销商,C,5867.35,1583.65,1049.22,260.97,253.86,12764.32,9015.05,3749.2700000000004,0.2937304924978378,2025-02
O000705,2025-06-21,C0025,P1013,44,152.65,已完成,刘洋,直销,CNC定制件,机加工件,138,172.93,南通华科,广东客户025,华南,福建,经销商,B,3948.2,976.47,691.56,230.07,72.5,6716.6,5918.799999999999,797.8000000000011,0.11878033528868788,2025-06
O000706,2025-07-06,C0074,P1007,5,1074.46,已完成,赵磊,经销,变频控制器A型,控制器类,780,1044.88,南通华科,安徽客户074,华东,浙江,终端工厂,B,2793.02,569.28,526.7,258.23,106.58,5372.3,4253.8099999999995,1118.4900000000007,0.20819574483926823,2025-07
O000707,2025-04-09,C0103,P1010,33,592.28,已完成,李娜,展会线索,联轴器套件,传动部件,456,621.63,上海工控,上海客户103,华东,上海,终端工厂,A,9482.74,2559.05,1849.81,700.09,207.68,19545.239999999998,14799.37,4745.869999999997,0.2428146188023272,2025-04
O000708,2025-12-04,C0050,P1014,88,39.21,已完成,刘洋,展会线索,工业线缆,配套耗材,34,41.43,南通华科,广东客户050,华南,广西,终端工厂,A,1975.05,387.56,402.02,117.78,27.05,3450.48,2909.4600000000005,541.0199999999995,0.1567955762676496,2025-12
O000709,2025-09-04,C0034,P1004,15,627.58,已完成,刘洋,老客户复购,减速电机C型,电机类,541,716.52,苏州精工,广东客户034,华南,广东,经销商,A,5470.91,1447.6,1159.35,299.68,176.42,9413.7,8553.960000000001,859.7399999999998,0.09132859555753844,2025-09
O000710,2025-07-08,C0018,P1001,17,693.33,已完成,赵磊,展会线索,伺服电机A型,电机类,522,799.93,南通华科,上海客户018,华东,山东,经销商,B,6012.41,1136.78,1178.92,251.46,194.63,11786.61,8774.199999999999,3012.4100000000017,0.25557900023840624,2025-07
O000711,2025-11-30,C0043,P1008,9,706.87,已完成,王强,老客户复购,精密齿轮箱,传动部件,523,743.47,上海工控,广东客户043,华南,广东,设备集成商,B,3373.59,666.74,593.53,189.28,59.03,6361.83,4882.169999999999,1479.6600000000008,0.23258402063557196,2025-11
O000712,2025-02-07,C0009,P1006,2,2312.66,已完成,赵磊,经销,PLC控制器增强版,控制器类,1773,2443.12,苏州精工,安徽客户009,华东,浙江,终端工厂,A,2480.14,556.95,368.23,205.17,36.11,4625.32,3646.6000000000004,978.7199999999993,0.21160049466847686,2025-02
O000713,2025-04-03,C0057,P1006,3,2363.36,已完成,刘洋,老客户复购,PLC控制器增强版,控制器类,1773,2443.12,苏州精工,浙江客户057,华东,上海,设备集成商,C,3818.59,758.49,728.63,125.66,72.11,7090.08,5503.48,1586.6000000000004,0.22377744679890782,2025-04
O000714,2025-09-30,C0035,P1001,4,788.86,已完成,赵磊,直销,伺服电机A型,电机类,522,799.93,南通华科,江苏客户035,华东,浙江,终端工厂,A,1462.09,310.34,322.13,110.85,59.73,3155.44,2265.14,890.3000000000002,0.2821476561113506,2025-09
O000715,2025-11-21,C0033,P1001,9,793.03,已完成,王强,直销,伺服电机A型,电机类,522,799.93,南通华科,江苏客户033,华东,浙江,终端工厂,B,3374.39,691.7,629.11,315.63,59.4,7137.2699999999995,5070.23,2067.04,0.2896121346116933,2025-11
O000716,2025-11-18,C0001,P1014,73,39.99,已完成,张伟,经销,工业线缆,配套耗材,34,41.43,南通华科,广东客户001,华南,广西,终端工厂,B,1752.7,385.99,356.24,51.95,48.15,2919.27,2595.03,324.2399999999998,0.11106886310618744,2025-11
O000717,2025-09-08,C0009,P1011,3,483.03,已完成,李娜,展会线索,铝合金支架,机加工件,393,502.7,无锡智造,安徽客户009,华东,浙江,终端工厂,A,767.62,198.44,153.92,35.66,27.95,1449.09,1183.5900000000001,265.4999999999998,0.1832184336376621,2025-09
O000718,2025-05-05,C0043,P1005,1,1317.83,已完成,李娜,展会线索,PLC控制器标准版,控制器类,980,1458.49,苏州精工,广东客户043,华南,广东,设备集成商,B,682.58,175.56,119.43,49.71,18.68,1317.83,1045.9600000000003,271.86999999999966,0.2063012679935953,2025-05
O000719,2025-03-11,C0014,P1003,10,1485.88,已完成,陈敏,经销,步进电机A型,电机类,1120,1636.22,常州机电,江苏客户014,华东,上海,设备集成商,B,7714.06,1369.75,1316.04,695.79,168.76,14858.800000000001,11264.400000000003,3594.399999999998,0.24190378765445375,2025-03
O000720,2025-07-01,C0043,P1006,7,2387.71,已完成,陈敏,老客户复购,PLC控制器增强版,控制器类,1773,2443.12,苏州精工,广东客户043,华南,广东,设备集成商,B,8887.07,1648.31,1983.84,658.79,278.22,16713.97,13456.229999999998,3257.7400000000034,0.19491120302357867,2025-07
O000721,2025-07-01,C0002,P1012,6,341.4,已完成,王强,展会线索,不锈钢轴套,机加工件,315,371.9,南通华科,广东客户002,华南,福建,经销商,B,1246.81,329.65,250.86,79.55,13.16,2048.3999999999996,1920.0300000000002,128.36999999999944,0.06266842413591069,2025-07
O000722,2025-10-23,C0035,P1012,6,382.79,已完成,王强,直销,不锈钢轴套,机加工件,315,371.9,南通华科,江苏客户035,华东,浙江,终端工厂,A,1291.19,326.49,209.22,93.75,12.36,2296.7400000000002,1933.01,363.73000000000025,0.1583679476127033,2025-10
O000723,2025-11-30,C0104,P1005,10,1401.8,已完成,李娜,展会线索,PLC控制器标准版,控制器类,980,1458.49,苏州精工,安徽客户104,华东,安徽,终端工厂,B,6983.68,1753.96,1188.26,262.8,208.57,14018.0,10397.269999999999,3620.7300000000014,0.2582914823797975,2025-11
O000724,2025-11-24,C0038,P1004,15,685.45,已取消,赵磊,展会线索,减速电机C型,电机类,541,716.52,苏州精工,江苏客户038,华东,安徽,终端工厂,A,5055.51,1208.72,943.83,324.56,54.23,10281.75,7586.85,2694.8999999999996,0.2621051863739149,2025-11
O000725,2025-11-12,C0051,P1005,11,1489.81,已完成,陈敏,展会线索,PLC控制器标准版,控制器类,980,1458.49,苏州精工,广西客户051,华南,广东,终端工厂,C,6739.24,1303.93,1478.45,567.07,139.25,16387.91,10227.94,6159.969999999999,0.37588502743790997,2025-11
O000726,2025-04-08,C0103,P1005,17,1412.28,已完成,陈敏,展会线索,PLC控制器标准版,控制器类,980,1458.49,苏州精工,上海客户103,华东,上海,终端工厂,A,11406.51,2883.05,1943.21,1059.26,358.63,24008.76,17650.66,6358.0999999999985,0.264824172510367,2025-04
O000727,2025-10-05,C0087,P1004,12,674.87,已完成,赵磊,直销,减速电机C型,电机类,541,716.52,苏州精工,山东客户087,华东,江苏,终端工厂,A,4047.0,925.17,846.98,328.87,75.37,8098.4400000000005,6223.389999999999,1875.050000000001,0.23153224571645908,2025-10
O000728,2025-12-07,C0066,P1001,1,769.71,已完成,李娜,老客户复购,伺服电机A型,电机类,522,799.93,南通华科,上海客户066,华东,山东,终端工厂,A,374.94,84.08,63.88,14.16,5.94,769.71,543.0,226.71000000000004,0.29453950189032235,2025-12
O000729,2025-03-02,C0060,P1003,1,1474.95,已完成,李娜,老客户复购,步进电机A型,电机类,1120,1636.22,常州机电,广西客户060,华南,广东,设备集成商,A,749.01,167.64,163.59,59.61,11.83,1474.95,1151.6799999999998,323.2700000000002,0.2191735313061461,2025-03
O000730,2025-07-06,C0107,P1003,7,1579.62,已完成,陈敏,展会线索,步进电机A型,电机类,1120,1636.22,常州机电,安徽客户107,华东,安徽,经销商,B,5327.25,950.5,971.48,461.57,121.55,11057.34,7832.349999999999,3224.9900000000007,0.2916605621243446,2025-07
O000731,2025-07-25,C0066,P1002,2,994.15,已完成,张伟,直销,伺服电机B型,电机类,690,1040.91,南通华科,上海客户066,华东,山东,终端工厂,A,970.91,246.43,188.28,39.92,21.27,1988.3,1466.81,521.49,0.2622793341045114,2025-07
O000732,2025-11-22,C0080,P1006,1,2330.78,已完成,赵磊,老客户复购,PLC控制器增强版,控制器类,1773,2443.12,苏州精工,广西客户080,华南,广东,终端工厂,B,1100.94,276.88,264.7,86.35,39.14,2330.78,1768.0100000000002,562.77,0.24145135963068154,2025-11
O000733,2025-02-14,C0024,P1015,86,86.5,已完成,张伟,展会线索,传感器支架,配套耗材,70,84.31,苏州精工,广东客户024,华南,广西,终端工厂,B,4213.94,1029.79,698.32,338.43,110.18,7439.0,6390.66,1048.3400000000001,0.1409248554913295,2025-02
O000734,2025-02-05,C0023,P1006,5,2225.36,已完成,陈敏,直销,PLC控制器增强版,控制器类,1773,2443.12,苏州精工,江苏客户023,华东,浙江,设备集成商,B,5753.14,1588.94,1391.9,390.61,196.37,11126.800000000001,9320.960000000001,1805.8400000000001,0.16229643743034836,2025-02
O000735,2025-03-28,C0075,P1007,3,1041.21,已完成,刘洋,经销,变频控制器A型,控制器类,780,1044.88,南通华科,江苏客户075,华东,上海,终端工厂,A,1511.99,339.21,259.83,103.72,38.86,3123.63,2253.61,870.02,0.2785285068974238,2025-03
O000736,2025-06-18,C0065,P1011,34,488.07,已完成,张伟,展会线索,铝合金支架,机加工件,393,502.7,无锡智造,安徽客户065,华东,山东,经销商,B,8568.8,2142.84,1430.63,284.75,178.78,16594.38,12605.800000000001,3988.58,0.24035727758433878,2025-06
O000737,2025-03-02,C0039,P1010,41,596.13,已完成,张伟,展会线索,联轴器套件,传动部件,456,621.63,上海工控,湖北客户039,华中,河南,经销商,B,12357.73,2602.19,2158.95,656.43,182.1,24441.329999999998,17957.399999999998,6483.93,0.2652854816002239,2025-03
O000738,2025-05-06,C0031,P1006,15,2289.53,已完成,张伟,经销,PLC控制器增强版,控制器类,1773,2443.12,苏州精工,山东客户031,华东,上海,经销商,A,17561.88,4634.88,3017.62,1337.86,244.75,34342.950000000004,26796.99,7545.960000000003,0.2197236987503986,2025-05
O000739,2025-02-10,C0064,P1012,30,340.77,已完成,刘洋,老客户复购,不锈钢轴套,机加工件,315,371.9,南通华科,江苏客户064,华东,浙江,经销商,B,6193.44,1316.11,1476.3,306.48,157.0,10223.099999999999,9449.329999999998,773.7700000000004,0.07568839197503698,2025-02
O000740,2025-05-10,C0047,P1008,15,700.4,已完成,赵磊,展会线索,精密齿轮箱,传动部件,523,743.47,上海工控,云南客户047,西南,云南,经销商,A,5336.53,1007.78,1226.74,284.77,59.58,10506.0,7915.4,2590.6000000000004,0.24658290500666288,2025-05
O000741,2025-07-22,C0008,P1009,40,654.71,已完成,李娜,经销,同步带轮组件,传动部件,565,711.1,南通华科,天津客户008,华北,北京,设备集成商,C,14691.0,3167.12,2385.76,961.09,267.16,26188.4,21472.129999999997,4716.270000000004,0.18009003986497854,2025-07
O000742,2025-04-07,C0012,P1014,11,40.43,已完成,张伟,老客户复购,工业线缆,配套耗材,34,41.43,南通华科,云南客户012,西南,云南,终端工厂,A,255.41,45.03,59.44,9.33,6.62,444.73,375.83,68.90000000000003,0.1549254603916984,2025-04
O000743,2025-11-20,C0112,P1003,16,1623.69,已完成,赵磊,经销,步进电机A型,电机类,1120,1636.22,常州机电,广东客户112,华南,福建,终端工厂,A,12393.09,2334.91,1912.11,528.42,226.08,25979.04,17394.61,8584.43,0.33043676748640444,2025-11
O000744,2025-07-02,C0035,P1002,17,996.77,已完成,刘洋,老客户复购,伺服电机B型,电机类,690,1040.91,南通华科,江苏客户035,华东,浙江,终端工厂,A,7469.94,1881.96,1469.18,573.13,96.76,16945.09,11490.97,5454.120000000001,0.32187022907520707,2025-07
O000745,2025-03-23,C0026,P1014,38,40.36,已完成,王强,直销,工业线缆,配套耗材,34,41.43,南通华科,河南客户026,华中,湖北,经销商,B,912.31,168.26,157.12,26.86,10.82,1533.68,1275.37,258.3100000000002,0.1684249647905692,2025-03
O000746,2025-02-16,C0107,P1001,15,708.73,已完成,陈敏,直销,伺服电机A型,电机类,522,799.93,南通华科,安徽客户107,华东,安徽,经销商,B,5375.92,1264.98,1101.04,364.91,205.05,10630.95,8311.9,2319.050000000001,0.21814137024442792,2025-02
O000747,2025-12-12,C0112,P1006,14,2507.96,退货,刘洋,经销,PLC控制器增强版,控制器类,1773,2443.12,苏州精工,广东客户112,华南,福建,终端工厂,A,16648.56,3647.96,2850.87,648.15,464.25,35111.44,24259.79,10851.650000000001,0.3090630859913464,2025-12
O000748,2025-10-25,C0067,P1004,12,725.88,已完成,李娜,经销,减速电机C型,电机类,541,716.52,苏州精工,福建客户067,华南,广东,终端工厂,A,4229.47,983.16,729.49,386.19,174.17,8710.56,6502.48,2208.08,0.2534946088426003,2025-10
O000749,2025-02-24,C0102,P1016,109,103.8,已完成,王强,经销,密封圈套装,配套耗材,83,101.3,苏州精工,北京客户102,华北,天津,终端工厂,C,5900.82,1542.87,1378.57,564.16,114.74,11314.199999999999,9501.16,1813.039999999999,0.16024464831804275,2025-02
O000750,2025-07-08,C0091,P1006,10,2214.68,已完成,刘洋,展会线索,PLC控制器增强版,控制器类,1773,2443.12,苏州精工,广东客户091,华南,广东,经销商,A,12333.06,2371.01,2437.66,878.55,356.94,22146.8,18377.219999999998,3769.5800000000017,0.17020878862860558,2025-07
O000751,2025-12-14,C0075,P1007,7,1052.66,已完成,赵磊,老客户复购,变频控制器A型,控制器类,780,1044.88,南通华科,江苏客户075,华东,上海,终端工厂,A,3498.32,933.24,683.91,166.33,96.81,7368.620000000001,5378.610000000001,1990.0100000000002,0.2700654939459492,2025-12
O000752,2025-07-18,C0060,P1001,3,796.5,已完成,陈敏,展会线索,伺服电机A型,电机类,522,799.93,南通华科,广西客户060,华南,广东,设备集成商,A,1106.12,278.79,226.9,36.31,16.78,2389.5,1664.8999999999999,724.6000000000001,0.30324335635070104,2025-07
O000753,2025-04-18,C0058,P1014,53,40.94,已完成,张伟,展会线索,工业线缆,配套耗材,34,41.43,南通华科,湖南客户058,华中,湖南,终端工厂,B,1130.98,227.18,221.61,58.25,14.55,2169.8199999999997,1652.57,517.2499999999998,0.2383838290733793,2025-04
O000754,2025-08-24,C0016,P1003,4,1545.97,已完成,王强,老客户复购,步进电机A型,电机类,1120,1636.22,常州机电,北京客户016,华北,天津,终端工厂,B,3915.27,703.03,662.09,173.17,68.97,6183.88,5522.530000000001,661.3499999999995,0.10694741812583676,2025-08
O000755,2025-07-24,C0081,P1013,4,163.83,已完成,陈敏,老客户复购,CNC定制件,机加工件,138,172.93,南通华科,安徽客户081,华东,江苏,经销商,B,366.44,86.46,71.53,29.05,12.12,655.32,565.5999999999999,89.72000000000014,0.13691021180491994,2025-07
O000756,2025-09-25,C0085,P1013,16,171.48,已完成,刘洋,直销,CNC定制件,机加工件,138,172.93,南通华科,浙江客户085,华东,山东,终端工厂,A,1472.67,296.72,346.02,111.74,40.06,2743.68,2267.2099999999996,476.47000000000025,0.17366092255656645,2025-09
O000757,2025-05-14,C0061,P1003,12,1662.06,已完成,陈敏,老客户复购,步进电机A型,电机类,1120,1636.22,常州机电,江苏客户061,华东,山东,终端工厂,A,9334.64,1674.07,1398.53,406.06,143.84,19944.72,12957.14,6987.580000000002,0.3503473601033257,2025-05
O000758,2025-03-12,C0067,P1009,22,724.09,已完成,赵磊,展会线索,同步带轮组件,传动部件,565,711.1,南通华科,福建客户067,华南,广东,终端工厂,A,8229.49,1608.99,1880.31,561.27,167.65,15929.980000000001,12447.71,3482.2700000000023,0.21859851675896655,2025-03
O000759,2025-03-10,C0023,P1006,5,2354.03,已完成,陈敏,经销,PLC控制器增强版,控制器类,1773,2443.12,苏州精工,江苏客户023,华东,浙江,设备集成商,B,5558.02,1378.17,948.48,482.73,200.58,11770.150000000001,8567.98,3202.170000000002,0.27205855490371844,2025-03
O000760,2025-04-03,C0036,P1008,10,720.41,已完成,王强,老客户复购,精密齿轮箱,传动部件,523,743.47,上海工控,北京客户036,华北,河北,终端工厂,C,3527.1,674.55,769.92,185.68,60.08,7204.099999999999,5217.33,1986.7699999999995,0.27578323454699405,2025-04
O000761,2025-02-04,C0038,P1004,10,733.51,已完成,赵磊,经销,减速电机C型,电机类,541,716.52,苏州精工,江苏客户038,华东,安徽,终端工厂,A,3608.77,948.69,637.53,342.51,42.58,7335.1,5580.08,1755.0200000000004,0.2392632683944323,2025-02
O000762,2025-06-18,C0100,P1002,3,995.57,已完成,陈敏,老客户复购,伺服电机B型,电机类,690,1040.91,南通华科,福建客户100,华南,广东,设备集成商,A,1300.69,335.16,230.67,77.9,21.04,2986.71,1965.4600000000003,1021.2499999999998,0.34193142286998063,2025-06
O000763,2025-01-04,C0023,P1011,23,489.01,已完成,张伟,直销,铝合金支架,机加工件,393,502.7,无锡智造,江苏客户023,华东,浙江,设备集成商,B,5904.5,1236.78,1303.25,445.06,217.34,11247.23,9106.929999999998,2140.300000000001,0.19029574392983883,2025-01
O000764,2025-05-10,C0016,P1011,8,481.23,已完成,陈敏,直销,铝合金支架,机加工件,393,502.7,无锡智造,北京客户016,华北,天津,终端工厂,B,2177.04,508.35,445.35,176.72,36.36,3849.84,3343.8199999999997,506.02000000000044,0.1314392286432684,2025-05
O000765,2025-05-20,C0061,P1008,13,707.99,已完成,李娜,展会线索,精密齿轮箱,传动部件,523,743.47,上海工控,江苏客户061,华东,山东,终端工厂,A,4419.41,1118.25,773.2,431.85,119.85,9203.87,6862.56,2341.3100000000004,0.2543832105407834,2025-05
O000766,2025-04-22,C0024,P1002,12,1025.92,已完成,陈敏,经销,伺服电机B型,电机类,690,1040.91,南通华科,广东客户024,华南,广西,终端工厂,B,5382.1,1379.17,983.16,599.73,243.08,12311.04,8587.24,3723.800000000001,0.3024764763984197,2025-04
O000767,2025-12-08,C0067,P1005,7,1488.25,退货,李娜,老客户复购,PLC控制器标准版,控制器类,980,1458.49,苏州精工,福建客户067,华南,广东,终端工厂,A,4710.62,869.97,794.34,344.2,185.14,10417.75,6904.27,3513.4799999999996,0.33725900506347334,2025-12
O000768,2025-10-21,C0005,P1007,12,945.58,已完成,王强,直销,变频控制器A型,控制器类,780,1044.88,南通华科,河南客户005,华中,湖南,设备集成商,B,5976.25,1181.83,977.83,371.54,207.31,11346.960000000001,8714.76,2632.2000000000007,0.23197402652340368,2025-10
O000769,2025-02-20,C0090,P1007,10,1045.45,已完成,王强,直销,变频控制器A型,控制器类,780,1044.88,南通华科,河北客户090,华北,北京,终端工厂,B,4869.04,1035.37,1104.44,459.01,178.89,10454.5,7646.750000000001,2807.749999999999,0.26856855899373466,2025-02
O000770,2025-02-26,C0030,P1007,12,993.15,已完成,刘洋,经销,变频控制器A型,控制器类,780,1044.88,南通华科,福建客户030,华南,广西,设备集成商,A,6538.02,1196.1,1159.09,589.53,236.37,11917.8,9719.110000000002,2198.689999999997,0.18448790884223573,2025-02
O000771,2025-06-29,C0047,P1016,34,87.56,已完成,刘洋,老客户复购,密封圈套装,配套耗材,83,101.3,苏州精工,云南客户047,西南,云南,经销商,A,1919.65,458.73,443.27,91.54,21.0,2977.04,2934.19,42.84999999999991,0.014393491521779992,2025-06
O000772,2025-12-09,C0016,P1001,8,819.88,已完成,李娜,展会线索,伺服电机A型,电机类,522,799.93,南通华科,北京客户016,华北,天津,终端工厂,B,2868.47,741.68,592.29,282.8,74.39,6559.04,4559.63,1999.4099999999999,0.30483271942235446,2025-12
O000773,2025-08-17,C0006,P1007,14,975.99,已完成,刘洋,直销,变频控制器A型,控制器类,780,1044.88,南通华科,福建客户006,华南,广东,经销商,B,9230.08,1421.05,1735.84,440.82,70.78,13663.86,12898.57,765.2900000000009,0.056008331467096474,2025-08
O000774,2025-11-05,C0013,P1012,13,353.92,已完成,陈敏,直销,不锈钢轴套,机加工件,315,371.9,南通华科,湖北客户013,华中,湖北,设备集成商,B,2742.74,696.87,544.26,85.39,65.49,4600.96,4134.75,466.21000000000004,0.10132885310891641,2025-11
O000775,2025-01-13,C0085,P1004,5,692.23,已完成,李娜,展会线索,减速电机C型,电机类,541,716.52,苏州精工,浙江客户085,华东,山东,终端工厂,A,1946.9,330.24,407.12,80.44,37.75,3461.15,2802.4500000000003,658.6999999999998,0.1903124683992314,2025-01
O000776,2025-07-27,C0040,P1015,62,80.11,已完成,刘洋,老客户复购,传感器支架,配套耗材,70,84.31,苏州精工,浙江客户040,华东,江苏,终端工厂,A,2852.56,754.85,565.37,152.24,85.78,4966.82,4410.799999999999,556.0200000000004,0.11194687949231107,2025-07
O000777,2025-07-01,C0032,P1005,8,1327.16,已完成,陈敏,经销,PLC控制器标准版,控制器类,980,1458.49,苏州精工,天津客户032,华北,天津,设备集成商,B,4899.14,981.47,794.2,414.92,136.8,10617.28,7226.530000000001,3390.75,0.319361456041472,2025-07
O000778,2025-04-18,C0117,P1005,12,1373.86,已完成,李娜,展会线索,PLC控制器标准版,控制器类,980,1458.49,苏州精工,上海客户117,华东,安徽,经销商,B,8321.4,1762.96,1332.52,711.88,155.22,16486.32,12283.98,4202.34,0.2548986068449478,2025-04
O000779,2025-03-29,C0043,P1001,9,771.83,已完成,张伟,直销,伺服电机A型,电机类,522,799.93,南通华科,广东客户043,华南,广东,设备集成商,B,3352.35,634.35,517.08,224.14,40.0,6946.47,4767.92,2178.55,0.31361972339907895,2025-03
O000780,2025-11-26,C0087,P1004,14,693.5,已完成,王强,经销,减速电机C型,电机类,541,716.52,苏州精工,山东客户087,华东,江苏,终端工厂,A,4723.46,1134.29,855.15,148.81,91.66,9709.0,6953.37,2755.63,0.2838222267998764,2025-11
O000781,2025-02-09,C0049,P1004,15,681.25,已完成,李娜,经销,减速电机C型,电机类,541,716.52,苏州精工,江苏客户049,华东,山东,经销商,C,5418.68,1165.78,877.46,360.61,159.97,10218.75,7982.5,2236.25,0.21883792048929662,2025-02
O000782,2025-01-11,C0084,P1015,32,81.73,已完成,赵磊,直销,传感器支架,配套耗材,70,84.31,苏州精工,天津客户084,华北,河北,终端工厂,A,1540.12,321.72,242.49,84.95,48.01,2615.36,2237.29,378.07000000000016,0.1445575370121131,2025-01
O000783,2025-08-07,C0103,P1003,16,1588.39,已完成,李娜,展会线索,步进电机A型,电机类,1120,1636.22,常州机电,上海客户103,华东,上海,终端工厂,A,14737.23,2360.8,1892.05,1220.83,410.32,25414.24,20621.229999999996,4793.010000000006,0.18859544885072327,2025-08
O000784,2025-06-08,C0003,P1001,12,779.45,已完成,李娜,经销,伺服电机A型,电机类,522,799.93,南通华科,上海客户003,华东,安徽,终端工厂,A,4068.69,1088.14,693.14,315.46,146.87,9353.400000000001,6312.3,3041.1000000000013,0.3251331066777857,2025-06
O000785,2025-01-09,C0065,P1014,63,36.23,已完成,赵磊,展会线索,工业线缆,配套耗材,34,41.43,南通华科,安徽客户065,华东,山东,经销商,B,1412.95,262.17,243.47,106.28,29.32,2282.49,2054.19,228.29999999999973,0.10002234401903173,2025-01
O000786,2025-08-14,C0092,P1015,67,82.01,已完成,张伟,直销,传感器支架,配套耗材,70,84.31,苏州精工,江苏客户092,华东,江苏,终端工厂,B,3290.24,719.17,734.53,257.26,67.27,5494.67,5068.47,426.1999999999998,0.07756607767163448,2025-08
O000787,2025-02-02,C0027,P1010,39,636.33,已完成,张伟,展会线索,联轴器套件,传动部件,456,621.63,上海工控,浙江客户027,华东,浙江,终端工厂,A,11592.1,2776.08,2498.53,805.12,430.18,24816.870000000003,18102.01,6714.860000000004,0.27057642643895075,2025-02
O000788,2025-06-15,C0038,P1006,10,2363.48,已完成,陈敏,老客户复购,PLC控制器增强版,控制器类,1773,2443.12,苏州精工,江苏客户038,华东,安徽,终端工厂,A,11317.64,2483.35,2503.17,558.58,274.11,23634.8,17136.850000000002,6497.949999999997,0.2749314570040786,2025-06
O000789,2025-10-19,C0118,P1005,4,1453.53,已完成,李娜,老客户复购,PLC控制器标准版,控制器类,980,1458.49,苏州精工,浙江客户118,华东,浙江,终端工厂,B,2808.18,617.61,615.22,234.22,92.27,5814.12,4367.500000000001,1446.619999999999,0.24881151403823779,2025-10
O000790,2025-03-04,C0079,P1004,14,668.5,已完成,李娜,老客户复购,减速电机C型,电机类,541,716.52,苏州精工,安徽客户079,华东,浙江,经销商,A,5144.15,973.51,993.58,223.15,186.99,9359.0,7521.379999999999,1837.6200000000008,0.19634790041671127,2025-03
O000791,2025-07-26,C0036,P1015,78,81.45,已完成,刘洋,直销,传感器支架,配套耗材,70,84.31,苏州精工,北京客户036,华北,河北,终端工厂,C,3530.96,730.77,750.38,208.91,33.8,6353.1,5254.82,1098.2800000000007,0.17287308558026798,2025-07
O000792,2025-09-30,C0049,P1001,3,752.64,已完成,刘洋,老客户复购,伺服电机A型,电机类,522,799.93,南通华科,江苏客户049,华东,山东,经销商,C,991.2,264.13,202.05,45.41,27.05,2257.92,1529.84,728.0800000000002,0.32245606575963726,2025-09
O000793,2025-10-21,C0097,P1001,9,712.55,已完成,赵磊,经销,伺服电机A型,电机类,522,799.93,南通华科,上海客户097,华东,安徽,经销商,C,3031.69,626.79,739.76,177.45,36.53,6412.95,4612.219999999999,1800.7300000000005,0.2807958895672039,2025-10
O000794,2025-08-20,C0080,P1001,15,822.42,已完成,王强,直销,伺服电机A型,电机类,522,799.93,南通华科,广西客户080,华南,广东,终端工厂,B,6966.08,1313.02,902.52,361.59,221.24,12336.3,9764.45,2571.8499999999985,0.20847823091202375,2025-08
O000795,2025-08-04,C0057,P1005,15,1449.58,已完成,李娜,展会线索,PLC控制器标准版,控制器类,980,1458.49,苏州精工,浙江客户057,华东,上海,设备集成商,C,11774.64,2235.74,1823.94,812.84,263.08,21743.699999999997,16910.24,4833.4599999999955,0.22229243413034563,2025-08
O000796,2025-07-14,C0085,P1002,17,988.87,已完成,李娜,展会线索,伺服电机B型,电机类,690,1040.91,南通华科,浙江客户085,华东,山东,终端工厂,A,8227.87,1487.24,1499.63,593.36,261.96,16810.79,12070.060000000001,4740.73,0.2820051883343971,2025-07
O000797,2025-02-13,C0026,P1013,22,168.89,已完成,张伟,直销,CNC定制件,机加工件,138,172.93,南通华科,河南客户026,华中,湖北,经销商,B,2007.04,498.31,327.53,140.71,64.63,3715.58,3038.2200000000003,677.3599999999997,0.18230262839179878,2025-02
O000798,2025-05-25,C0058,P1013,32,172.13,退货,王强,经销,CNC定制件,机加工件,138,172.93,南通华科,湖南客户058,华中,湖南,终端工厂,B,3130.7,683.48,524.5,114.12,56.09,5508.16,4508.89,999.2699999999995,0.18141629872770573,2025-05
O000799,2025-11-04,C0118,P1003,12,1549.14,已完成,赵磊,展会线索,步进电机A型,电机类,1120,1636.22,常州机电,浙江客户118,华东,浙江,终端工厂,B,9058.53,1771.12,2112.11,862.56,102.14,18589.68,13906.460000000001,4683.219999999999,0.2519257996910113,2025-11
O000800,2025-02-24,C0119,P1007,13,967.01,已完成,刘洋,经销,变频控制器A型,控制器类,780,1044.88,南通华科,北京客户119,华北,北京,设备集成商,A,6856.63,1697.02,1163.3,419.08,139.41,12571.13,10275.439999999999,2295.6900000000005,0.1826160416764444,2025-02
O000801,2025-05-08,C0007,P1002,17,1004.86,已完成,张伟,直销,伺服电机B型,电机类,690,1040.91,南通华科,福建客户007,华南,广西,终端工厂,A,7503.15,1840.25,1872.36,474.64,226.95,17082.62,11917.35,5165.269999999999,0.30236989407947956,2025-05
O000802,2025-09-22,C0007,P1001,8,782.77,已完成,张伟,老客户复购,伺服电机A型,电机类,522,799.93,南通华科,福建客户007,华南,广西,终端工厂,A,2726.03,720.85,634.23,133.12,115.85,6262.16,4330.080000000001,1932.079999999999,0.308532519130779,2025-09
O000803,2025-06-10,C0015,P1009,31,695.74,已完成,张伟,展会线索,同步带轮组件,传动部件,565,711.1,南通华科,北京客户015,华北,河北,经销商,C,11124.67,2202.1,2437.67,614.83,279.54,21567.94,16658.81,4909.129999999997,0.2276123728089005,2025-06
O000804,2025-04-05,C0107,P1014,67,40.33,已完成,刘洋,展会线索,工业线缆,配套耗材,34,41.43,南通华科,安徽客户107,华东,安徽,经销商,B,1561.02,280.58,267.84,84.12,24.32,2702.1099999999997,2217.88,484.22999999999956,0.17920439952481565,2025-04
O000805,2025-08-26,C0062,P1007,5,971.3,已完成,陈敏,直销,变频控制器A型,控制器类,780,1044.88,南通华科,浙江客户062,华东,上海,经销商,C,2979.05,488.28,577.61,227.76,35.37,4856.5,4308.07,548.4300000000003,0.1129270050447854,2025-08
O000806,2025-04-03,C0100,P1011,5,474.93,已完成,赵磊,经销,铝合金支架,机加工件,393,502.7,无锡智造,福建客户100,华南,广东,设备集成商,A,1346.47,348.31,231.82,106.7,29.9,2374.65,2063.2,311.4500000000003,0.13115617038300392,2025-04
O000807,2025-06-02,C0054,P1007,12,990.37,已完成,王强,直销,变频控制器A型,控制器类,780,1044.88,南通华科,天津客户054,华北,北京,终端工厂,A,6698.54,1199.72,1482.81,361.69,229.3,11884.44,9972.06,1912.380000000001,0.1609146076718803,2025-06
O000808,2025-07-17,C0041,P1009,25,719.26,已完成,李娜,经销,同步带轮组件,传动部件,565,711.1,南通华科,福建客户041,华南,广东,终端工厂,A,9405.4,2144.24,2094.55,724.51,257.03,17981.5,14625.73,3355.7700000000004,0.18662347412618527,2025-07
O000809,2025-04-28,C0021,P1015,29,72.75,已完成,陈敏,直销,传感器支架,配套耗材,70,84.31,苏州精工,山东客户021,华东,江苏,经销商,A,1343.25,340.12,318.49,32.37,29.15,2109.75,2063.3799999999997,46.370000000000346,0.021978907453489915,2025-04
O000810,2025-03-03,C0084,P1011,41,511.77,已完成,陈敏,经销,铝合金支架,机加工件,393,502.7,无锡智造,天津客户084,华北,河北,终端工厂,A,11385.42,2564.98,2385.53,972.06,341.27,20982.57,17649.260000000002,3333.3099999999977,0.15886090216784682,2025-03
O000811,2025-02-08,C0050,P1003,6,1557.08,已完成,张伟,展会线索,步进电机A型,电机类,1120,1636.22,常州机电,广东客户050,华南,广西,终端工厂,A,4648.24,1195.39,1020.24,406.76,58.82,9342.48,7329.45,2013.0299999999997,0.21547062450227347,2025-02
O000812,2025-10-12,C0029,P1008,16,718.63,已完成,赵磊,直销,精密齿轮箱,传动部件,523,743.47,上海工控,云南客户029,西南,四川,终端工厂,B,5388.18,1283.7,1193.06,294.49,73.59,11498.08,8233.02,3265.0599999999995,0.28396567079025364,2025-10
O000813,2025-07-29,C0045,P1012,37,335.79,已完成,刘洋,经销,不锈钢轴套,机加工件,315,371.9,南通华科,安徽客户045,华东,江苏,设备集成商,A,7588.69,1937.78,1779.07,583.34,132.73,12424.230000000001,12021.609999999999,402.6200000000026,0.03240603240603261,2025-07
O000814,2025-09-22,C0095,P1007,3,1036.4,已完成,刘洋,经销,变频控制器A型,控制器类,780,1044.88,南通华科,北京客户095,华北,天津,终端工厂,B,1537.97,337.9,286.76,119.13,32.26,3109.2000000000003,2314.0200000000004,795.1799999999998,0.25575067541489765,2025-09
O000815,2025-11-17,C0024,P1012,12,358.32,已完成,李娜,展会线索,不锈钢轴套,机加工件,315,371.9,南通华科,广东客户024,华南,广西,终端工厂,B,2351.29,553.17,428.84,68.83,51.87,4299.84,3454.0,845.8400000000001,0.19671429634591056,2025-11
O000816,2025-12-08,C0055,P1016,36,100.01,已取消,赵磊,老客户复购,密封圈套装,配套耗材,83,101.3,苏州精工,天津客户055,华北,天津,设备集成商,C,1914.1,439.73,348.6,130.08,71.51,3600.36,2904.02,696.3400000000001,0.1934084369340844,2025-12
O000817,2025-03-23,C0105,P1009,36,672.55,已完成,李娜,老客户复购,同步带轮组件,传动部件,565,711.1,南通华科,安徽客户105,华东,安徽,设备集成商,B,13723.87,3230.27,3155.88,680.11,181.55,24211.8,20971.68,3240.119999999999,0.133824003172007,2025-03
O000818,2025-07-20,C0031,P1016,44,93.37,已完成,张伟,直销,密封圈套装,配套耗材,83,101.3,苏州精工,山东客户031,华东,上海,经销商,A,2367.52,526.5,506.54,62.28,73.13,4108.280000000001,3535.9700000000003,572.3100000000004,0.1393064737554403,2025-07
O000819,2025-06-16,C0117,P1006,12,2151.81,已完成,陈敏,老客户复购,PLC控制器增强版,控制器类,1773,2443.12,苏州精工,上海客户117,华东,安徽,经销商,B,13353.02,3702.86,3339.61,1282.14,442.65,25821.72,22120.280000000002,3701.4399999999987,0.14334598934540374,2025-06
O000820,2025-10-31,C0090,P1001,4,811.1,已完成,王强,直销,伺服电机A型,电机类,522,799.93,南通华科,河北客户090,华北,北京,终端工厂,B,1324.18,339.03,234.27,150.54,31.63,3244.4,2079.65,1164.75,0.35900320552336334,2025-10
O000821,2025-12-17,C0061,P1005,10,1411.6,已完成,赵磊,老客户复购,PLC控制器标准版,控制器类,980,1458.49,苏州精工,江苏客户061,华东,山东,终端工厂,A,6396.26,1715.58,987.78,307.57,159.92,14116.0,9567.11,4548.889999999999,0.32225063757438366,2025-12
O000822,2025-03-15,C0064,P1010,19,585.42,已完成,赵磊,经销,联轴器套件,传动部件,456,621.63,上海工控,江苏客户064,华东,浙江,经销商,B,5978.79,1376.31,1214.39,509.44,75.81,11122.98,9154.74,1968.2399999999998,0.17695257925483995,2025-03
O000823,2025-09-09,C0047,P1007,2,973.34,已完成,王强,直销,变频控制器A型,控制器类,780,1044.88,南通华科,云南客户047,西南,云南,经销商,A,1048.66,255.1,215.54,59.75,10.23,1946.68,1589.28,357.4000000000001,0.18359463291347325,2025-09
O000824,2025-02-13,C0083,P1012,39,364.99,已完成,刘洋,直销,不锈钢轴套,机加工件,315,371.9,南通华科,浙江客户083,华东,山东,终端工厂,B,7690.97,1561.87,1481.49,272.14,162.15,14234.61,11168.619999999999,3065.9900000000016,0.21538981398155632,2025-02
O000825,2025-03-15,C0016,P1001,16,767.78,已完成,赵磊,直销,伺服电机A型,电机类,522,799.93,南通华科,北京客户016,华北,天津,终端工厂,B,5327.44,1392.7,1271.92,351.8,155.64,12284.48,8499.499999999998,3784.9800000000014,0.3081107218213552,2025-03
O000826,2025-05-18,C0036,P1003,6,1650.01,已完成,张伟,经销,步进电机A型,电机类,1120,1636.22,常州机电,北京客户036,华北,河北,终端工厂,C,4807.15,1022.32,1073.21,197.75,177.54,9900.06,7277.969999999999,2622.09,0.26485597056987537,2025-05
O000827,2025-07-24,C0045,P1006,4,2307.38,已完成,王强,展会线索,PLC控制器增强版,控制器类,1773,2443.12,苏州精工,安徽客户045,华东,江苏,设备集成商,A,4749.66,860.71,1122.9,450.19,99.21,9229.52,7282.67,1946.8500000000004,0.21093729684750673,2025-07
O000828,2025-12-23,C0009,P1004,12,701.4,已取消,李娜,直销,减速电机C型,电机类,541,716.52,苏州精工,安徽客户009,华东,浙江,终端工厂,A,4644.47,833.97,914.12,182.79,73.22,8416.8,6648.570000000001,1768.2299999999987,0.21008340461933261,2025-12
O000829,2025-05-21,C0044,P1011,42,483.05,已完成,刘洋,展会线索,铝合金支架,机加工件,393,502.7,无锡智造,安徽客户044,华东,安徽,终端工厂,A,11520.09,2354.44,1657.66,598.47,170.85,20288.100000000002,16301.51,3986.590000000002,0.19649893287197923,2025-05
O000830,2025-03-18,C0050,P1005,11,1484.69,已完成,李娜,展会线索,PLC控制器标准版,控制器类,980,1458.49,苏州精工,广东客户050,华南,广西,终端工厂,A,7420.23,1419.37,1622.77,397.65,177.94,16331.59,11037.96,5293.630000000001,0.3241343923035051,2025-03
O000831,2025-11-19,C0037,P1006,5,2390.55,已完成,王强,老客户复购,PLC控制器增强版,控制器类,1773,2443.12,苏州精工,福建客户037,华南,广东,经销商,B,5760.51,1406.3,940.31,379.3,119.73,11952.75,8606.15,3346.6000000000004,0.2799857773315764,2025-11
O000832,2025-06-30,C0069,P1008,12,711.37,已完成,赵磊,老客户复购,精密齿轮箱,传动部件,523,743.47,上海工控,山东客户069,华东,安徽,设备集成商,B,4446.0,780.76,940.03,178.15,54.02,8536.44,6398.96,2137.4800000000005,0.2503947781510794,2025-06
O000833,2025-06-22,C0001,P1004,11,720.1,已完成,刘洋,直销,减速电机C型,电机类,541,716.52,苏州精工,广东客户001,华南,广西,终端工厂,B,3810.02,750.77,781.12,392.79,43.68,7921.1,5778.38,2142.7200000000003,0.2705078840060093,2025-06
O000834,2025-04-26,C0063,P1001,11,784.28,已完成,赵磊,直销,伺服电机A型,电机类,522,799.93,南通华科,福建客户063,华南,广东,终端工厂,A,3824.82,822.05,691.2,229.61,158.96,8627.08,5726.639999999999,2900.4400000000005,0.33620182031463725,2025-04
O000835,2025-01-20,C0040,P1004,12,682.12,已取消,张伟,展会线索,减速电机C型,电机类,541,716.52,苏州精工,浙江客户040,华东,江苏,终端工厂,A,4037.36,1080.89,747.72,232.59,92.51,8185.4400000000005,6191.070000000001,1994.37,0.24364847827361752,2025-01
O000836,2025-04-01,C0075,P1004,15,715.05,已完成,王强,老客户复购,减速电机C型,电机类,541,716.52,苏州精工,江苏客户075,华东,上海,终端工厂,A,5278.59,1019.35,867.17,272.81,185.85,10725.75,7623.770000000001,3101.9799999999987,0.28920868004568434,2025-04
O000837,2025-02-21,C0033,P1012,7,350.74,已完成,陈敏,直销,不锈钢轴套,机加工件,315,371.9,南通华科,江苏客户033,华东,浙江,终端工厂,B,1396.79,362.85,258.72,112.74,28.05,2455.1800000000003,2159.15,296.0300000000002,0.12057364429491937,2025-02
O000838,2025-08-31,C0037,P1008,44,728.52,已完成,王强,老客户复购,精密齿轮箱,传动部件,523,743.47,上海工控,福建客户037,华南,广东,经销商,B,14662.61,4122.62,2545.08,1117.65,434.0,32054.879999999997,22881.96,9172.919999999998,0.2861629804884623,2025-08
O000839,2025-01-16,C0014,P1002,2,947.93,已完成,李娜,展会线索,伺服电机B型,电机类,690,1040.91,南通华科,江苏客户014,华东,上海,设备集成商,B,907.05,244.38,207.87,83.5,37.18,1895.86,1479.9799999999998,415.8800000000001,0.21936218919118508,2025-01
O000840,2025-04-02,C0105,P1013,26,166.38,已完成,陈敏,经销,CNC定制件,机加工件,138,172.93,南通华科,安徽客户105,华东,安徽,设备集成商,B,2388.57,451.48,523.59,122.55,33.98,4325.88,3520.1700000000005,805.7099999999996,0.1862534328275402,2025-04
O000841,2025-05-08,C0055,P1014,68,39.82,已完成,赵磊,经销,工业线缆,配套耗材,34,41.43,南通华科,天津客户055,华北,天津,设备集成商,C,1545.17,405.86,254.97,121.05,30.52,2707.76,2357.57,350.19000000000005,0.129328300883387,2025-05
O000842,2025-08-12,C0086,P1002,9,954.58,已完成,陈敏,直销,伺服电机B型,电机类,690,1040.91,南通华科,云南客户086,西南,云南,设备集成商,B,4904.75,1061.31,982.28,216.45,82.07,8591.220000000001,7246.859999999999,1344.3600000000024,0.15648068609580504,2025-08
O000843,2025-02-08,C0120,P1004,11,676.11,已完成,王强,直销,减速电机C型,电机类,541,716.52,苏州精工,浙江客户120,华东,山东,经销商,C,4174.11,717.84,675.07,295.31,82.44,7437.21,5944.7699999999995,1492.4400000000005,0.2006720262033747,2025-02
O000844,2025-01-21,C0050,P1005,2,1379.55,已取消,张伟,展会线索,PLC控制器标准版,控制器类,980,1458.49,苏州精工,广东客户050,华南,广西,终端工厂,A,1279.94,337.78,303.88,132.93,25.08,2759.1,2079.6099999999997,679.4900000000002,0.24627233518176225,2025-01
O000845,2025-07-12,C0063,P1008,30,764.6,已完成,刘洋,老客户复购,精密齿轮箱,传动部件,523,743.47,上海工控,福建客户063,华南,广东,终端工厂,A,11159.53,2576.58,1714.18,834.01,123.75,22938.0,16408.050000000003,6529.949999999997,0.28467826314412753,2025-07
O000846,2025-07-10,C0045,P1013,12,163.75,已完成,赵磊,经销,CNC定制件,机加工件,138,172.93,南通华科,安徽客户045,华东,江苏,设备集成商,A,1144.03,271.61,244.03,41.34,28.34,1965.0,1729.3499999999997,235.65000000000032,0.11992366412213756,2025-07
O000847,2025-07-08,C0114,P1004,4,707.4,已完成,张伟,经销,减速电机C型,电机类,541,716.52,苏州精工,江苏客户114,华东,安徽,终端工厂,B,1380.38,382.59,304.04,51.88,22.09,2829.6,2140.9800000000005,688.6199999999994,0.24336301950805747,2025-07
O000848,2025-06-26,C0118,P1010,28,622.52,已完成,张伟,直销,联轴器套件,传动部件,456,621.63,上海工控,浙江客户118,华东,浙江,终端工厂,B,8763.27,1897.33,1840.86,432.76,259.17,17430.559999999998,13193.390000000001,4237.169999999996,0.2430885754674547,2025-06
O000849,2025-08-24,C0008,P1005,15,1399.81,已取消,赵磊,展会线索,PLC控制器标准版,控制器类,980,1458.49,苏州精工,天津客户008,华北,北京,设备集成商,C,12637.17,2243.55,2314.78,776.64,120.73,20997.149999999998,18092.87,2904.279999999999,0.13831781932309856,2025-08
O000850,2025-02-16,C0108,P1007,11,989.43,已完成,王强,展会线索,变频控制器A型,控制器类,780,1044.88,南通华科,湖北客户108,华中,湖南,终端工厂,A,5454.19,1399.26,1132.15,275.39,83.37,10883.73,8344.36,2539.369999999999,0.2333179893290259,2025-02
O000851,2025-07-05,C0069,P1002,11,1006.73,退货,张伟,直销,伺服电机B型,电机类,690,1040.91,南通华科,山东客户069,华东,安徽,设备集成商,B,4840.68,1301.72,1156.52,346.4,72.58,11074.03,7717.9,3356.130000000001,0.3030631125254312,2025-07
O000852,2025-01-21,C0032,P1010,23,611.92,已完成,刘洋,展会线索,联轴器套件,传动部件,456,621.63,上海工控,天津客户032,华北,天津,设备集成商,B,7429.87,1565.03,1324.9,411.77,147.43,14074.16,10879.0,3195.16,0.22702314027977513,2025-01
O000853,2025-01-31,C0076,P1008,11,706.89,已完成,赵磊,直销,精密齿轮箱,传动部件,523,743.47,上海工控,浙江客户076,华东,浙江,经销商,A,3869.47,899.04,736.3,360.66,75.93,7775.79,5941.400000000001,1834.3899999999994,0.23591043482398566,2025-01
O000854,2025-03-21,C0105,P1003,5,1610.1,已完成,李娜,经销,步进电机A型,电机类,1120,1636.22,常州机电,安徽客户105,华东,安徽,设备集成商,B,3795.85,772.78,813.13,149.53,63.04,8050.5,5594.33,2456.17,0.3050953356934352,2025-03
O000855,2025-12-02,C0064,P1002,14,962.8,已完成,王强,展会线索,伺服电机B型,电机类,690,1040.91,南通华科,江苏客户064,华东,浙江,经销商,B,6763.16,1265.38,1328.68,659.92,173.12,13479.199999999999,10190.26,3288.9399999999987,0.24400112766336274,2025-12
O000856,2025-04-01,C0034,P1001,17,743.69,已完成,刘洋,老客户复购,伺服电机A型,电机类,522,799.93,南通华科,广东客户034,华南,广东,经销商,A,5668.18,1235.63,1325.84,345.25,200.42,12642.730000000001,8775.32,3867.4100000000017,0.30589991243979753,2025-04
O000857,2025-02-11,C0026,P1005,14,1387.18,已完成,王强,经销,PLC控制器标准版,控制器类,980,1458.49,苏州精工,河南客户026,华中,湖北,经销商,B,9572.92,2058.97,2016.74,506.71,247.46,19420.52,14402.799999999997,5017.720000000003,0.25837207242648513,2025-02
O000858,2025-03-28,C0076,P1003,3,1470.44,已完成,李娜,经销,步进电机A型,电机类,1120,1636.22,常州机电,浙江客户076,华东,浙江,经销商,A,2313.88,437.08,391.16,166.84,65.42,4411.32,3374.38,1036.9399999999996,0.23506342772684813,2025-03
O000859,2025-11-10,C0085,P1013,14,173.03,已完成,赵磊,直销,CNC定制件,机加工件,138,172.93,南通华科,浙江客户085,华东,山东,终端工厂,A,1293.15,324.06,249.08,111.06,38.85,2422.42,2016.1999999999998,406.22000000000025,0.1676918123199116,2025-11
O000860,2025-07-31,C0078,P1004,1,659.91,已完成,李娜,展会线索,减速电机C型,电机类,541,716.52,苏州精工,四川客户078,西南,云南,设备集成商,A,352.44,77.75,75.77,30.56,5.07,659.91,541.59,118.31999999999994,0.17929717688775734,2025-07
O000861,2025-09-16,C0086,P1003,12,1474.99,已完成,陈敏,直销,步进电机A型,电机类,1120,1636.22,常州机电,云南客户086,西南,云南,设备集成商,B,9024.51,1708.59,1569.35,690.46,109.14,17699.88,13102.05,4597.830000000002,0.2597661679062232,2025-09
O000862,2025-02-04,C0118,P1003,8,1559.64,已完成,李娜,展会线索,步进电机A型,电机类,1120,1636.22,常州机电,浙江客户118,华东,浙江,终端工厂,B,6148.67,1559.48,1417.13,281.76,202.55,12477.12,9609.589999999998,2867.5300000000025,0.22982306814393083,2025-02
O000863,2025-09-28,C0083,P1009,17,700.01,已完成,王强,直销,同步带轮组件,传动部件,565,711.1,南通华科,浙江客户083,华东,山东,终端工厂,B,6844.88,1205.26,1199.1,561.44,95.7,11900.17,9906.380000000001,1993.789999999999,0.16754298468005072,2025-09
O000864,2025-03-16,C0037,P1004,10,687.83,已完成,刘洋,老客户复购,减速电机C型,电机类,541,716.52,苏州精工,福建客户037,华南,广东,经销商,B,3859.36,820.33,573.43,211.48,68.05,6878.3,5532.650000000001,1345.6499999999996,0.19563700332931097,2025-03
O000865,2025-07-23,C0033,P1014,110,42.48,已完成,刘洋,直销,工业线缆,配套耗材,34,41.43,南通华科,江苏客户033,华东,浙江,终端工厂,B,2424.34,570.31,482.52,148.92,29.54,4672.799999999999,3655.63,1017.1699999999992,0.21767890772128046,2025-07
O000866,2025-05-12,C0066,P1011,34,503.16,已完成,王强,经销,铝合金支架,机加工件,393,502.7,无锡智造,上海客户066,华东,山东,终端工厂,A,9356.5,1989.42,1994.34,750.35,166.92,17107.440000000002,14257.53,2849.9100000000017,0.16658892271432788,2025-05
O000867,2025-04-22,C0100,P1005,16,1333.26,已完成,李娜,老客户复购,PLC控制器标准版,控制器类,980,1458.49,苏州精工,福建客户100,华南,广东,设备集成商,A,9728.42,2738.9,2283.66,400.06,331.2,21332.16,15482.24,5849.92,0.274230082654546,2025-04
O000868,2025-01-22,C0056,P1011,39,498.87,已完成,张伟,老客户复购,铝合金支架,机加工件,393,502.7,无锡智造,山东客户056,华东,山东,设备集成商,A,9533.43,1864.77,2016.26,357.24,378.71,19455.93,14150.41,5305.52,0.27269423769513973,2025-01
O000869,2025-06-30,C0021,P1002,2,980.45,已完成,李娜,直销,伺服电机B型,电机类,690,1040.91,南通华科,山东客户021,华东,江苏,经销商,A,978.95,219.4,143.28,51.71,20.74,1960.9,1414.0800000000002,546.8199999999999,0.2788617471569177,2025-06
O000870,2025-02-08,C0014,P1003,17,1608.8,已取消,陈敏,经销,步进电机A型,电机类,1120,1636.22,常州机电,江苏客户014,华东,上海,设备集成商,B,12720.4,2477.75,2563.75,827.38,525.37,27349.6,19114.65,8234.949999999997,0.30109946763389583,2025-02
O000871,2025-02-18,C0021,P1011,16,491.78,已完成,张伟,经销,铝合金支架,机加工件,393,502.7,无锡智造,山东客户021,华东,江苏,经销商,A,4487.24,967.9,871.9,155.98,65.7,7868.48,6548.719999999998,1319.7600000000011,0.16772743909878415,2025-02
O000872,2025-01-02,C0014,P1012,39,352.9,已完成,张伟,经销,不锈钢轴套,机加工件,315,371.9,南通华科,江苏客户014,华东,上海,设备集成商,B,8723.23,1989.56,1368.13,481.12,261.79,13763.099999999999,12823.83,939.2699999999986,0.06824552608060674,2025-01
O000873,2025-09-27,C0054,P1004,17,679.87,已完成,陈敏,老客户复购,减速电机C型,电机类,541,716.52,苏州精工,天津客户054,华北,北京,终端工厂,A,6019.59,1206.18,1439.53,359.96,130.12,11557.79,9155.380000000001,2402.41,0.20786067232576466,2025-09
O000874,2025-03-10,C0106,P1011,35,485.15,已完成,刘洋,直销,铝合金支架,机加工件,393,502.7,无锡智造,河北客户106,华北,天津,经销商,C,8896.14,2386.43,2073.39,494.2,92.7,16980.25,13942.86,3037.3899999999994,0.17887781393089028,2025-03
O000875,2025-01-29,C0077,P1011,17,486.64,已完成,王强,直销,铝合金支架,机加工件,393,502.7,无锡智造,云南客户077,西南,重庆,设备集成商,A,4440.63,874.22,725.32,237.91,53.66,8272.88,6331.74,1941.1399999999994,0.23463896490702144,2025-01
O000876,2025-09-17,C0076,P1002,12,1012.03,已完成,张伟,经销,伺服电机B型,电机类,690,1040.91,南通华科,浙江客户076,华东,浙江,经销商,A,5926.38,1017.22,1027.4,251.32,186.2,12144.36,8408.52,3735.84,0.3076193393476478,2025-09
O000877,2025-04-24,C0073,P1002,13,955.28,已完成,陈敏,经销,伺服电机B型,电机类,690,1040.91,南通华科,湖北客户073,华中,湖南,设备集成商,C,5632.09,1370.69,1313.08,599.23,192.21,12418.64,9107.3,3311.34,0.26664272416303236,2025-04
O000878,2025-04-22,C0120,P1003,4,1540.45,已完成,王强,直销,步进电机A型,电机类,1120,1636.22,常州机电,浙江客户120,华东,山东,经销商,C,2822.17,561.39,644.65,138.87,72.15,6161.8,4239.23,1922.5700000000006,0.31201434645720416,2025-04
O000879,2025-01-08,C0062,P1012,7,362.87,已完成,陈敏,直销,不锈钢轴套,机加工件,315,371.9,南通华科,浙江客户062,华东,上海,经销商,C,1582.44,373.07,332.5,114.63,36.31,2540.09,2438.9500000000003,101.13999999999987,0.03981748678196437,2025-01
O000880,2025-05-06,C0064,P1003,3,1458.33,已完成,赵磊,展会线索,步进电机A型,电机类,1120,1636.22,常州机电,江苏客户064,华东,浙江,经销商,B,2333.16,475.57,537.29,108.44,60.59,4374.99,3515.05,859.9399999999996,0.19655816356151662,2025-05
O000881,2025-03-03,C0051,P1008,15,759.49,已完成,陈敏,展会线索,精密齿轮箱,传动部件,523,743.47,上海工控,广西客户051,华南,广东,终端工厂,C,5085.18,994.15,1051.66,311.78,156.63,11392.35,7599.4,3792.9500000000007,0.3329383314241575,2025-03
O000882,2025-05-10,C0009,P1001,12,808.56,已完成,刘洋,展会线索,伺服电机A型,电机类,522,799.93,南通华科,安徽客户009,华东,浙江,终端工厂,A,4233.64,955.48,672.74,295.02,166.69,9702.72,6323.570000000001,3379.1499999999987,0.3482683206358628,2025-05
O000883,2025-03-10,C0055,P1011,27,458.86,已完成,李娜,经销,铝合金支架,机加工件,393,502.7,无锡智造,天津客户055,华北,天津,设备集成商,C,6913.22,1555.89,1375.5,559.94,183.78,12389.220000000001,10588.330000000002,1800.8899999999994,0.1453594334429447,2025-03
O000884,2025-02-24,C0037,P1001,6,745.09,已完成,陈敏,经销,伺服电机A型,电机类,522,799.93,南通华科,福建客户037,华南,广东,经销商,B,1973.22,538.42,469.56,184.98,53.61,4470.54,3219.79,1250.75,0.279776044952064,2025-02
O000885,2025-01-11,C0076,P1006,4,2105.97,已完成,赵磊,经销,PLC控制器增强版,控制器类,1773,2443.12,苏州精工,浙江客户076,华东,浙江,经销商,A,4934.29,1054.75,1022.65,385.85,154.65,8423.88,7552.19,871.6899999999996,0.10347844461222142,2025-01
O000886,2025-07-06,C0056,P1005,8,1340.69,已完成,陈敏,展会线索,PLC控制器标准版,控制器类,980,1458.49,苏州精工,山东客户056,华东,山东,设备集成商,A,5217.19,1345.03,831.73,199.11,141.83,10725.52,7734.8899999999985,2990.630000000002,0.2788331008659722,2025-07
O000887,2025-10-08,C0081,P1005,8,1419.78,已完成,陈敏,直销,PLC控制器标准版,控制器类,980,1458.49,苏州精工,安徽客户081,华东,江苏,经销商,B,5371.85,1012.77,1006.11,207.89,159.37,11358.24,7757.990000000001,3600.249999999999,0.31697252391215536,2025-10
O000888,2025-01-27,C0056,P1008,44,679.94,已完成,陈敏,经销,精密齿轮箱,传动部件,523,743.47,上海工控,山东客户056,华东,山东,设备集成商,A,16235.18,3779.91,2823.51,1489.37,447.09,29917.36,24775.059999999998,5142.300000000003,0.17188348169758302,2025-01
O000889,2025-08-17,C0089,P1003,7,1448.53,已完成,刘洋,经销,步进电机A型,电机类,1120,1636.22,常州机电,河北客户089,华北,天津,经销商,C,6832.98,1255.83,1249.42,443.59,129.7,10139.71,9911.52,228.1899999999987,0.02250458839552598,2025-08
O000890,2025-08-08,C0009,P1009,7,684.96,已完成,赵磊,直销,同步带轮组件,传动部件,565,711.1,南通华科,安徽客户009,华东,浙江,终端工厂,A,2721.89,614.66,544.84,129.48,54.81,4794.72,4065.68,729.0400000000004,0.15205058898121274,2025-08
O000891,2025-10-06,C0007,P1011,32,513.79,退货,刘洋,老客户复购,铝合金支架,机加工件,393,502.7,无锡智造,福建客户007,华南,广西,终端工厂,A,8498.98,2142.41,1833.26,314.9,142.76,16441.28,12932.31,3508.9699999999993,0.21342438058350685,2025-10
O000892,2025-06-25,C0060,P1008,8,722.56,已完成,陈敏,老客户复购,精密齿轮箱,传动部件,523,743.47,上海工控,广西客户060,华南,广东,设备集成商,A,2605.23,504.08,474.73,248.42,107.35,5780.48,3939.81,1840.6699999999996,0.3184285734056687,2025-06
O000893,2025-03-13,C0075,P1002,6,1056.37,已完成,赵磊,老客户复购,伺服电机B型,电机类,690,1040.91,南通华科,江苏客户075,华东,上海,终端工厂,A,2728.99,636.7,589.38,306.47,118.49,6338.219999999999,4380.03,1958.1899999999996,0.30894951579465524,2025-03
O000894,2025-05-20,C0076,P1008,25,652.72,已完成,李娜,直销,精密齿轮箱,传动部件,523,743.47,上海工控,浙江客户076,华东,浙江,经销商,A,8181.28,1763.69,1346.05,596.9,255.5,16318.0,12143.419999999998,4174.580000000002,0.2558266944478491,2025-05
O000895,2025-08-01,C0055,P1012,11,369.17,已完成,李娜,直销,不锈钢轴套,机加工件,315,371.9,南通华科,天津客户055,华北,天津,设备集成商,C,2255.12,593.32,440.64,202.81,20.33,4060.8700000000003,3512.22,548.6500000000005,0.13510651658388487,2025-08
O000896,2025-02-20,C0113,P1002,3,1018.17,已完成,王强,直销,伺服电机B型,电机类,690,1040.91,南通华科,安徽客户113,华东,浙江,经销商,B,1306.06,285.88,210.17,129.46,17.69,3054.5099999999998,1949.2600000000002,1105.2499999999995,0.36184199757080504,2025-02
O000897,2025-07-11,C0071,P1002,7,1015.37,已完成,陈敏,老客户复购,伺服电机B型,电机类,690,1040.91,南通华科,湖北客户071,华中,湖北,经销商,A,3356.36,594.83,556.24,315.89,136.94,7107.59,4960.26,2147.33,0.3021178768049367,2025-07
O000898,2025-05-01,C0087,P1012,29,349.75,已完成,李娜,经销,不锈钢轴套,机加工件,315,371.9,南通华科,山东客户087,华东,江苏,终端工厂,A,6042.37,1627.82,1257.09,299.76,172.85,10142.75,9399.89,742.8600000000006,0.07324049197702798,2025-05
O000899,2025-10-24,C0041,P1004,16,687.76,已完成,刘洋,经销,减速电机C型,电机类,541,716.52,苏州精工,福建客户041,华南,广东,终端工厂,A,5622.36,1176.76,1206.58,315.46,77.46,11004.16,8398.619999999999,2605.540000000001,0.2367777276957079,2025-10
O000900,2025-11-10,C0027,P1003,15,1598.59,已完成,刘洋,直销,步进电机A型,电机类,1120,1636.22,常州机电,浙江客户027,华东,浙江,终端工厂,A,10528.5,2810.15,2361.32,705.29,442.25,23978.85,16847.51,7131.34,0.2974012515195683,2025-11
O000901,2025-11-26,C0014,P1011,4,495.57,已完成,李娜,展会线索,铝合金支架,机加工件,393,502.7,无锡智造,江苏客户014,华东,上海,设备集成商,B,1039.23,255.64,242.95,88.06,25.11,1982.28,1650.9899999999998,331.2900000000002,0.16712573400326905,2025-11
O000902,2025-08-20,C0019,P1002,14,1047.97,已完成,李娜,经销,伺服电机B型,电机类,690,1040.91,南通华科,湖北客户019,华中,河南,终端工厂,B,8079.87,1398.96,1341.12,352.33,169.03,14671.58,11341.310000000001,3330.2699999999986,0.22698782271575377,2025-08
O000903,2025-12-12,C0109,P1010,23,564.47,已完成,王强,老客户复购,联轴器套件,传动部件,456,621.63,上海工控,浙江客户109,华东,安徽,经销商,B,6542.61,1628.92,1592.77,206.36,103.09,12982.810000000001,10073.75,2909.0600000000013,0.22407013581805488,2025-12
O000904,2025-07-17,C0064,P1001,13,754.1,已完成,张伟,老客户复购,伺服电机A型,电机类,522,799.93,南通华科,江苏客户064,华东,浙江,经销商,B,4519.6,1085.45,748.32,166.5,125.34,9803.300000000001,6645.21,3158.090000000001,0.32214560403129566,2025-07
O000905,2025-03-17,C0099,P1003,14,1519.91,已取消,赵磊,经销,步进电机A型,电机类,1120,1636.22,常州机电,广西客户099,华南,福建,设备集成商,B,11005.34,1914.75,1896.69,813.34,148.12,21278.74,15778.240000000002,5500.5,0.2584974486271273,2025-03
O000906,2025-09-24,C0023,P1009,4,685.87,已完成,李娜,展会线索,同步带轮组件,传动部件,565,711.1,南通华科,江苏客户023,华东,浙江,设备集成商,B,1454.52,343.81,355.26,68.74,33.78,2743.48,2256.11,487.3699999999999,0.17764663857582336,2025-09
O000907,2025-06-14,C0119,P1008,13,711.27,已完成,李娜,展会线索,精密齿轮箱,传动部件,523,743.47,上海工控,北京客户119,华北,北京,设备集成商,A,4487.29,1181.96,709.23,321.92,163.59,9246.51,6863.99,2382.5200000000004,0.2576669467723498,2025-06
O000908,2025-08-15,C0007,P1009,7,729.45,已完成,张伟,经销,同步带轮组件,传动部件,565,711.1,南通华科,福建客户007,华南,广西,终端工厂,A,2842.9,640.41,485.66,150.19,52.47,5106.150000000001,4171.63,934.5200000000004,0.18301851688649967,2025-08
O000909,2025-11-13,C0010,P1011,4,445.0,已完成,张伟,展会线索,铝合金支架,机加工件,393,502.7,无锡智造,河北客户010,华北,河北,经销商,B,1069.53,258.38,234.49,52.65,28.04,1780.0,1643.09,136.91000000000008,0.0769157303370787,2025-11
O000910,2025-11-19,C0079,P1003,13,1526.48,已完成,赵磊,经销,步进电机A型,电机类,1120,1636.22,常州机电,安徽客户079,华东,浙江,经销商,A,10361.22,2551.63,2071.04,740.02,257.44,19844.24,15981.35,3862.8900000000012,0.19466051609938204,2025-11
O000911,2025-10-18,C0063,P1001,7,770.16,已完成,王强,经销,伺服电机A型,电机类,522,799.93,南通华科,福建客户063,华南,广东,终端工厂,A,2332.42,465.58,471.89,110.95,73.62,5391.12,3454.4599999999996,1936.6600000000003,0.3592314769472763,2025-10
O000912,2025-11-05,C0113,P1003,8,1433.16,已完成,王强,直销,步进电机A型,电机类,1120,1636.22,常州机电,安徽客户113,华东,浙江,经销商,B,6133.75,1357.77,915.58,195.14,76.82,11465.28,8679.06,2786.220000000001,0.24301369002763135,2025-11
O000913,2025-01-16,C0012,P1006,13,2296.67,已完成,赵磊,经销,PLC控制器增强版,控制器类,1773,2443.12,苏州精工,云南客户012,西南,云南,终端工厂,A,14644.52,4134.83,2781.32,752.96,172.69,29856.71,22486.319999999996,7370.390000000003,0.2468587463253655,2025-01
O000914,2025-09-11,C0033,P1013,11,164.14,已完成,赵磊,老客户复购,CNC定制件,机加工件,138,172.93,南通华科,江苏客户033,华东,浙江,终端工厂,B,1037.6,241.56,167.78,85.17,30.71,1805.54,1562.82,242.72000000000003,0.13443069663369409,2025-09
O000915,2025-07-07,C0044,P1012,38,352.82,已取消,王强,展会线索,不锈钢轴套,机加工件,315,371.9,南通华科,安徽客户044,华东,安徽,终端工厂,A,7697.09,1785.34,1526.22,364.65,231.47,13407.16,11604.769999999999,1802.3900000000012,0.1344348840470317,2025-07
O000916,2025-11-26,C0106,P1002,7,900.74,已完成,王强,老客户复购,伺服电机B型,电机类,690,1040.91,南通华科,河北客户106,华北,天津,经销商,C,3047.37,699.96,607.04,198.02,112.99,6305.18,4665.38,1639.8000000000002,0.2600718774087338,2025-11
O000917,2025-08-15,C0021,P1011,25,467.39,已完成,李娜,展会线索,铝合金支架,机加工件,393,502.7,无锡智造,山东客户021,华东,江苏,经销商,A,6305.85,1239.67,1346.7,246.36,71.56,11684.75,9210.140000000001,2474.6099999999988,0.2117811677613983,2025-08
O000918,2025-10-04,C0113,P1008,19,686.6,已完成,陈敏,老客户复购,精密齿轮箱,传动部件,523,743.47,上海工控,安徽客户113,华东,浙江,经销商,B,6584.9,1323.4,1209.06,314.26,83.35,13045.4,9514.97,3530.4300000000003,0.27062642770631795,2025-10
O000919,2025-06-30,C0061,P1007,14,987.4,已完成,赵磊,老客户复购,变频控制器A型,控制器类,780,1044.88,南通华科,江苏客户061,华东,山东,终端工厂,A,7382.3,1328.1,1725.17,372.5,213.26,13823.6,11021.33,2802.2700000000004,0.20271636910790244,2025-06
O000920,2025-07-08,C0088,P1014,79,41.9,已完成,赵磊,经销,工业线缆,配套耗材,34,41.43,南通华科,河南客户088,华中,河南,终端工厂,A,1882.98,367.3,389.27,146.09,28.53,3310.1,2814.1700000000005,495.9299999999994,0.1498232681792089,2025-07
O000921,2025-07-15,C0118,P1012,13,359.8,已完成,刘洋,老客户复购,不锈钢轴套,机加工件,315,371.9,南通华科,浙江客户118,华东,浙江,终端工厂,B,2945.33,496.48,462.82,197.86,37.01,4677.400000000001,4139.5,537.9000000000005,0.11499978620601199,2025-07
O000922,2025-03-21,C0083,P1013,18,171.14,已完成,刘洋,直销,CNC定制件,机加工件,138,172.93,南通华科,浙江客户083,华东,山东,终端工厂,B,1713.53,425.59,391.36,97.34,60.28,3080.5199999999995,2688.1000000000004,392.41999999999916,0.1273875839144038,2025-03
O000923,2025-06-27,C0041,P1004,9,705.61,已取消,赵磊,展会线索,减速电机C型,电机类,541,716.52,苏州精工,福建客户041,华南,广东,终端工厂,A,3219.2,648.0,637.04,239.69,75.38,6350.49,4819.3099999999995,1531.1800000000003,0.24111210316054357,2025-06
O000924,2025-05-17,C0086,P1001,3,777.75,已完成,赵磊,直销,伺服电机A型,电机类,522,799.93,南通华科,云南客户086,西南,云南,设备集成商,B,1059.71,227.05,205.91,112.79,29.16,2333.25,1634.6200000000001,698.6299999999999,0.2994235508411014,2025-05
O000925,2025-04-11,C0026,P1011,17,481.69,已完成,王强,经销,铝合金支架,机加工件,393,502.7,无锡智造,河南客户026,华中,湖北,经销商,B,4311.37,1105.87,803.42,356.76,47.93,8188.73,6625.35,1563.3799999999992,0.19091849407661496,2025-04
O000926,2025-07-18,C0044,P1011,26,481.09,已完成,张伟,展会线索,铝合金支架,机加工件,393,502.7,无锡智造,安徽客户044,华东,安徽,终端工厂,A,6674.58,1284.01,1074.11,475.86,134.84,12508.34,9643.400000000001,2864.9399999999987,0.22904238292211426,2025-07
O000927,2025-08-20,C0030,P1002,13,970.29,已完成,刘洋,直销,伺服电机B型,电机类,690,1040.91,南通华科,福建客户030,华南,广西,设备集成商,A,8347.1,1354.33,1055.95,507.47,181.14,12613.77,11445.99,1167.7800000000007,0.09257977591156337,2025-08
O000928,2025-04-26,C0066,P1004,9,716.02,已完成,王强,经销,减速电机C型,电机类,541,716.52,苏州精工,上海客户066,华东,山东,终端工厂,A,3332.14,633.07,682.72,184.98,76.99,6444.18,4909.9,1534.2800000000007,0.238087700840138,2025-04
O000929,2025-12-28,C0064,P1003,3,1571.52,已完成,张伟,老客户复购,步进电机A型,电机类,1120,1636.22,常州机电,江苏客户064,华东,浙江,经销商,B,2392.85,475.77,459.37,130.7,30.27,4714.5599999999995,3488.9599999999996,1225.6,0.2599606325934976,2025-12
O000930,2025-04-10,C0088,P1002,15,1005.12,已完成,王强,经销,伺服电机B型,电机类,690,1040.91,南通华科,河南客户088,华中,河南,终端工厂,A,6886.4,1612.78,1288.06,432.3,260.91,15076.8,10480.449999999999,4596.35,0.30486243765255233,2025-04
O000931,2025-04-24,C0025,P1004,15,676.34,已完成,张伟,老客户复购,减速电机C型,电机类,541,716.52,苏州精工,广东客户025,华南,福建,经销商,B,5055.39,1117.72,1206.74,479.04,113.47,10145.1,7972.360000000001,2172.74,0.21416644488472264,2025-04
O000932,2025-02-28,C0097,P1007,2,1008.43,已完成,张伟,直销,变频控制器A型,控制器类,780,1044.88,南通华科,上海客户097,华东,安徽,经销商,C,1105.85,205.82,176.73,89.99,37.41,2016.86,1615.8,401.05999999999995,0.19885366361571946,2025-02
O000933,2025-02-19,C0004,P1006,9,2504.58,已完成,陈敏,展会线索,PLC控制器增强版,控制器类,1773,2443.12,苏州精工,重庆客户004,西南,四川,终端工厂,A,10248.87,1971.64,1682.18,544.33,370.17,22541.22,14817.19,7724.030000000001,0.34266246458709865,2025-02
O000934,2025-06-30,C0088,P1007,11,985.24,已取消,陈敏,展会线索,变频控制器A型,控制器类,780,1044.88,南通华科,河南客户088,华中,河南,终端工厂,A,5757.17,1264.14,1158.72,500.24,68.89,10837.64,8749.16,2088.4799999999996,0.1927061611199486,2025-06
O000935,2025-07-30,C0081,P1007,12,990.12,已完成,王强,展会线索,变频控制器A型,控制器类,780,1044.88,南通华科,安徽客户081,华东,江苏,经销商,B,6453.46,1643.69,1055.82,526.61,183.81,11881.44,9863.39,2018.050000000001,0.16984894086912034,2025-07
O000936,2025-11-30,C0056,P1003,3,1481.24,已完成,陈敏,经销,步进电机A型,电机类,1120,1636.22,常州机电,山东客户056,华东,山东,设备集成商,A,2088.06,449.89,458.14,144.79,57.41,4443.72,3198.2899999999995,1245.4300000000007,0.2802674335916756,2025-11
O000937,2025-08-31,C0035,P1005,2,1487.22,已完成,张伟,直销,PLC控制器标准版,控制器类,980,1458.49,苏州精工,江苏客户035,华东,浙江,终端工厂,A,1631.6,314.58,227.33,85.16,31.33,2974.44,2289.9999999999995,684.4400000000005,0.2301071798388942,2025-08
O000938,2025-01-12,C0025,P1004,17,625.68,已完成,王强,老客户复购,减速电机C型,电机类,541,716.52,苏州精工,广东客户025,华南,福建,经销商,B,5785.15,1217.06,1030.34,199.91,86.3,10636.56,8318.759999999998,2317.800000000001,0.21790879758117299,2025-01
O000939,2025-06-07,C0098,P1012,26,360.65,已取消,张伟,老客户复购,不锈钢轴套,机加工件,315,371.9,南通华科,福建客户098,华南,广西,设备集成商,C,5574.98,1342.59,1143.47,296.61,54.26,9376.9,8411.91,964.9899999999998,0.10291140995424926,2025-06
O000940,2025-10-07,C0025,P1016,88,89.01,已完成,陈敏,经销,密封圈套装,配套耗材,83,101.3,苏州精工,广东客户025,华南,福建,经销商,B,5228.94,950.14,1023.33,367.76,121.15,7832.88,7691.32,141.5600000000004,0.018072535261615192,2025-10
O000941,2025-02-13,C0012,P1015,113,84.59,已完成,赵磊,直销,传感器支架,配套耗材,70,84.31,苏州精工,云南客户012,西南,云南,终端工厂,A,5076.68,1099.08,805.34,348.38,135.68,9558.67,7465.160000000001,2093.5099999999993,0.2190168715940606,2025-02
O000942,2025-08-22,C0012,P1015,37,82.92,已完成,赵磊,展会线索,传感器支架,配套耗材,70,84.31,苏州精工,云南客户012,西南,云南,终端工厂,A,1793.7,312.51,386.09,125.34,21.82,3068.04,2639.4600000000005,428.5799999999995,0.13969179019830233,2025-08
O000943,2025-05-16,C0061,P1002,8,1001.27,已完成,陈敏,经销,伺服电机B型,电机类,690,1040.91,南通华科,江苏客户061,华东,山东,终端工厂,A,3614.29,873.88,716.21,152.42,50.55,8010.16,5407.35,2602.8099999999995,0.3249385780059324,2025-05
O000944,2025-12-20,C0020,P1005,15,1390.92,已完成,陈敏,经销,PLC控制器标准版,控制器类,980,1458.49,苏州精工,福建客户020,华南,福建,经销商,B,10262.74,1901.56,1621.79,919.72,295.89,20863.800000000003,15001.699999999999,5862.100000000004,0.280969909604195,2025-12
O000945,2025-04-02,C0098,P1005,14,1322.91,已完成,王强,经销,PLC控制器标准版,控制器类,980,1458.49,苏州精工,福建客户098,华南,广西,设备集成商,C,9336.07,2041.0,1840.4,667.89,361.48,18520.74,14246.839999999998,4273.900000000003,0.23076291768039522,2025-04
O000946,2025-12-30,C0048,P1009,30,654.31,退货,陈敏,老客户复购,同步带轮组件,传动部件,565,711.1,南通华科,江苏客户048,华东,山东,经销商,A,10886.94,2252.21,1753.19,746.64,259.81,19629.3,15898.79,3730.5099999999984,0.19004804042935808,2025-12
O000947,2025-09-07,C0103,P1010,13,607.8,已完成,王强,经销,联轴器套件,传动部件,456,621.63,上海工控,上海客户103,华东,上海,终端工厂,A,3741.3,841.02,656.35,210.19,152.25,7901.4,5601.11,2300.29,0.2911243577087605,2025-09
O000948,2025-10-17,C0066,P1011,20,480.19,已完成,陈敏,展会线索,铝合金支架,机加工件,393,502.7,无锡智造,上海客户066,华东,山东,终端工厂,A,5410.29,946.77,905.08,147.54,151.0,9603.8,7560.679999999999,2043.12,0.2127407901039172,2025-10
O000949,2025-03-19,C0011,P1007,15,900.86,已完成,王强,直销,变频控制器A型,控制器类,780,1044.88,南通华科,上海客户011,华东,上海,经销商,A,7803.22,2101.8,1684.98,447.64,230.67,13512.9,12268.31,1244.5900000000001,0.09210384151440476,2025-03
O000950,2025-05-27,C0075,P1010,16,596.39,已完成,王强,展会线索,联轴器套件,传动部件,456,621.63,上海工控,江苏客户075,华东,上海,终端工厂,A,5037.74,982.24,961.73,328.83,112.3,9542.24,7422.839999999999,2119.4000000000005,0.22210717818876916,2025-05
O000951,2025-09-16,C0024,P1007,16,1029.29,已完成,张伟,经销,变频控制器A型,控制器类,780,1044.88,南通华科,广东客户024,华南,广西,终端工厂,B,7961.23,1664.86,1458.45,252.94,308.86,16468.64,11646.340000000002,4822.299999999997,0.29281713608409665,2025-09
O000952,2025-08-09,C0114,P1010,4,609.66,已完成,王强,直销,联轴器套件,传动部件,456,621.63,上海工控,江苏客户114,华东,安徽,终端工厂,B,1256.02,294.35,245.04,95.41,48.11,2438.64,1938.9299999999998,499.71000000000004,0.20491339435094974,2025-08
O000953,2025-07-19,C0033,P1005,15,1482.49,已完成,张伟,老客户复购,PLC控制器标准版,控制器类,980,1458.49,苏州精工,江苏客户033,华东,浙江,终端工厂,B,9680.19,2392.45,1787.1,998.46,397.39,22237.35,15255.59,6981.759999999998,0.31396546800765374,2025-07
O000954,2025-06-04,C0009,P1005,8,1389.57,已完成,陈敏,展会线索,PLC控制器标准版,控制器类,980,1458.49,苏州精工,安徽客户009,华东,浙江,终端工厂,A,5568.18,943.37,924.27,218.86,131.28,11116.56,7785.959999999999,3330.6000000000004,0.2996070726915521,2025-06
O000955,2025-10-25,C0056,P1002,3,1040.14,已完成,王强,直销,伺服电机B型,电机类,690,1040.91,南通华科,山东客户056,华东,山东,设备集成商,A,1385.96,280.18,296.85,76.27,55.57,3120.42,2094.8300000000004,1025.5899999999997,0.3286704994840437,2025-10
O000956,2025-08-30,C0107,P1005,14,1308.82,已完成,陈敏,经销,PLC控制器标准版,控制器类,980,1458.49,苏州精工,安徽客户107,华东,安徽,经销商,B,11584.01,1948.71,1884.23,663.07,113.06,18323.48,16193.08,2130.3999999999996,0.11626612412052731,2025-08
O000957,2025-01-08,C0003,P1010,40,615.98,已完成,陈敏,老客户复购,联轴器套件,传动部件,456,621.63,上海工控,上海客户003,华东,安徽,终端工厂,A,12399.67,3140.77,2773.54,840.37,459.81,24639.2,19614.16,5025.040000000001,0.20394493327705449,2025-01
O000958,2025-02-03,C0064,P1012,19,341.43,已完成,张伟,老客户复购,不锈钢轴套,机加工件,315,371.9,南通华科,江苏客户064,华东,浙江,经销商,B,4218.47,1062.26,903.91,283.76,78.11,6487.17,6546.51,-59.340000000000146,-0.009147286104726737,2025-02
O000959,2025-08-09,C0035,P1015,102,83.52,已完成,王强,经销,传感器支架,配套耗材,70,84.31,苏州精工,江苏客户035,华东,浙江,终端工厂,A,4578.19,1246.95,1023.54,211.79,86.17,8519.039999999999,7146.639999999999,1372.3999999999996,0.16109796408985047,2025-08
O000960,2025-09-19,C0075,P1007,1,989.4,已完成,赵磊,直销,变频控制器A型,控制器类,780,1044.88,南通华科,江苏客户075,华东,上海,终端工厂,A,537.11,115.96,81.81,19.74,16.01,989.4,770.6300000000001,218.76999999999987,0.22111380634728106,2025-09
O000961,2025-08-21,C0050,P1007,17,985.72,已完成,刘洋,直销,变频控制器A型,控制器类,780,1044.88,南通华科,广东客户050,华南,广西,终端工厂,A,10359.93,1995.09,1935.92,691.93,125.77,16757.24,15108.640000000001,1648.6000000000004,0.09838135635701346,2025-08
O000962,2025-02-08,C0052,P1002,8,1017.28,已完成,王强,展会线索,伺服电机B型,电机类,690,1040.91,南通华科,广西客户052,华南,广西,终端工厂,A,3748.72,908.03,601.36,228.02,146.93,8138.24,5633.06,2505.1799999999994,0.3078282282164202,2025-02
O000963,2025-09-25,C0031,P1010,33,594.71,退货,赵磊,经销,联轴器套件,传动部件,456,621.63,上海工控,山东客户031,华东,上海,经销商,A,10750.63,2215.73,1576.59,471.39,166.71,19625.43,15181.049999999997,4444.380000000003,0.22646026099810312,2025-09
O000964,2025-05-15,C0034,P1016,106,99.27,已完成,陈敏,展会线索,密封圈套装,配套耗材,83,101.3,苏州精工,广东客户034,华南,广东,经销商,A,5665.0,1316.47,1187.67,202.96,192.99,10522.619999999999,8565.09,1957.5299999999988,0.18603066536661012,2025-05
O000965,2025-01-07,C0005,P1009,44,707.9,已取消,刘洋,展会线索,同步带轮组件,传动部件,565,711.1,南通华科,河南客户005,华中,湖南,设备集成商,B,16954.45,3874.06,3958.63,1152.0,589.76,31147.6,26528.9,4618.699999999997,0.14828429798764584,2025-01
O000966,2025-12-20,C0114,P1010,38,631.8,已完成,李娜,展会线索,联轴器套件,传动部件,456,621.63,上海工控,江苏客户114,华东,安徽,终端工厂,B,11239.39,2329.02,2269.81,787.51,201.6,24008.399999999998,16827.329999999998,7181.07,0.29910656270305397,2025-12
O000967,2025-04-03,C0033,P1012,17,355.08,已完成,陈敏,直销,不锈钢轴套,机加工件,315,371.9,南通华科,江苏客户033,华东,浙江,终端工厂,B,3694.77,652.12,757.4,187.13,92.57,6036.36,5383.99,652.3699999999999,0.1080734084779569,2025-04
O000968,2025-05-20,C0075,P1003,16,1637.81,已完成,赵磊,经销,步进电机A型,电机类,1120,1636.22,常州机电,江苏客户075,华东,上海,终端工厂,A,11965.33,3201.23,2151.85,1294.26,156.56,26204.96,18769.23,7435.73,0.2837527704678809,2025-05
O000969,2025-04-19,C0101,P1016,116,96.19,已完成,陈敏,经销,密封圈套装,配套耗材,83,101.3,苏州精工,湖南客户101,华中,河南,终端工厂,A,6627.68,1417.75,1437.73,475.74,189.72,11158.039999999999,10148.619999999999,1009.4200000000001,0.09046570903133527,2025-04
O000970,2025-04-09,C0108,P1011,34,497.75,已取消,李娜,经销,铝合金支架,机加工件,393,502.7,无锡智造,湖北客户108,华中,湖南,终端工厂,A,8411.03,2262.75,1507.8,269.06,139.89,16923.5,12590.529999999999,4332.970000000001,0.2560327355452478,2025-04
O000971,2025-03-27,C0011,P1006,1,2391.51,已完成,李娜,直销,PLC控制器增强版,控制器类,1773,2443.12,苏州精工,上海客户011,华东,上海,经销商,A,1184.24,291.71,200.56,45.33,35.13,2391.51,1756.97,634.5400000000002,0.2653302725056555,2025-03
O000972,2025-06-04,C0041,P1006,10,2393.36,已完成,刘洋,展会线索,PLC控制器增强版,控制器类,1773,2443.12,苏州精工,福建客户041,华南,广东,终端工厂,A,12737.05,2766.81,2508.15,829.08,400.53,23933.600000000002,19241.62,4691.980000000003,0.1960415482835847,2025-06
O000973,2025-04-24,C0106,P1001,8,737.1,已完成,刘洋,经销,伺服电机A型,电机类,522,799.93,南通华科,河北客户106,华北,天津,经销商,C,2996.62,637.46,522.03,266.02,115.26,5896.8,4537.389999999999,1359.4100000000008,0.2305335097001765,2025-04
O000974,2025-03-31,C0027,P1003,17,1556.54,已完成,王强,老客户复购,步进电机A型,电机类,1120,1636.22,常州机电,浙江客户027,华东,浙江,终端工厂,A,12050.76,2945.3,2809.31,890.87,294.72,26461.18,18990.960000000003,7470.2199999999975,0.2823086498788035,2025-03
O000975,2025-04-06,C0111,P1012,34,359.44,已完成,张伟,直销,不锈钢轴套,机加工件,315,371.9,南通华科,广东客户111,华南,广东,经销商,A,7341.95,1458.78,1295.35,607.74,177.78,12220.96,10881.6,1339.3599999999988,0.1095953182074075,2025-04
O000976,2025-08-14,C0033,P1006,5,2504.88,已完成,陈敏,老客户复购,PLC控制器增强版,控制器类,1773,2443.12,苏州精工,江苏客户033,华东,浙江,终端工厂,B,8077.9,1493.45,1233.44,556.4,116.57,12524.400000000001,11477.76,1046.6400000000012,0.08356807511737098,2025-08
O000977,2025-12-12,C0023,P1011,12,491.37,已完成,赵磊,展会线索,铝合金支架,机加工件,393,502.7,无锡智造,江苏客户023,华东,浙江,设备集成商,B,3202.45,742.04,519.32,145.66,54.84,5896.4400000000005,4664.3099999999995,1232.130000000001,0.20896167857215556,2025-12
O000978,2025-05-13,C0047,P1015,102,75.23,已完成,张伟,展会线索,传感器支架,配套耗材,70,84.31,苏州精工,云南客户047,西南,云南,经销商,A,4856.59,1273.44,1122.72,176.12,73.46,7673.46,7502.330000000001,171.1299999999992,0.022301543241249607,2025-05
O000979,2025-10-03,C0005,P1009,36,644.51,已完成,李娜,经销,同步带轮组件,传动部件,565,711.1,南通华科,河南客户005,华中,湖南,设备集成商,B,12684.15,2927.51,3052.64,1091.7,198.32,23202.36,19954.32,3248.040000000001,0.1399874840317968,2025-10
O000980,2025-02-23,C0074,P1001,17,754.3,已完成,赵磊,直销,伺服电机A型,电机类,522,799.93,南通华科,安徽客户074,华东,浙江,终端工厂,B,5737.75,1182.47,1073.81,553.53,188.54,12823.099999999999,8736.100000000002,4086.9999999999964,0.3187216819645793,2025-02
O000981,2025-04-28,C0075,P1006,6,2447.2,已取消,赵磊,直销,PLC控制器增强版,控制器类,1773,2443.12,苏州精工,江苏客户075,华东,上海,终端工厂,A,7431.64,1648.7,1228.31,337.42,75.4,14683.199999999999,10721.47,3961.7299999999996,0.26981380080636375,2025-04
O000982,2025-06-07,C0114,P1004,13,708.23,已完成,赵磊,老客户复购,减速电机C型,电机类,541,716.52,苏州精工,江苏客户114,华东,安徽,终端工厂,B,4909.72,1201.43,1027.5,162.08,151.3,9206.99,7452.030000000001,1754.9599999999991,0.19061169828575888,2025-06
O000983,2025-08-16,C0088,P1003,11,1633.4,已完成,王强,展会线索,步进电机A型,电机类,1120,1636.22,常州机电,河南客户088,华中,河南,终端工厂,A,9968.75,1556.45,1557.6,568.94,309.79,17967.4,13961.530000000002,4005.869999999999,0.2229521244030855,2025-08
O000984,2025-10-17,C0092,P1010,42,613.88,已完成,赵磊,展会线索,联轴器套件,传动部件,456,621.63,上海工控,江苏客户092,华东,江苏,终端工厂,B,12167.88,2558.11,2243.48,498.35,240.16,25782.96,17707.98,8074.98,0.3131905723780357,2025-10
O000985,2025-03-23,C0044,P1006,15,2339.37,已完成,王强,展会线索,PLC控制器增强版,控制器类,1773,2443.12,苏州精工,安徽客户044,华东,安徽,终端工厂,A,18426.61,3576.6,3992.48,1103.0,345.43,35090.549999999996,27444.12,7646.429999999997,0.21790567545963221,2025-03
O000986,2025-06-20,C0052,P1011,14,475.51,已完成,赵磊,展会线索,铝合金支架,机加工件,393,502.7,无锡智造,广西客户052,华南,广西,终端工厂,A,3638.15,894.46,720.8,101.55,125.39,6657.139999999999,5480.350000000001,1176.7899999999981,0.17677110591034562,2025-06
O000987,2025-02-18,C0117,P1002,7,992.67,已完成,王强,经销,伺服电机B型,电机类,690,1040.91,南通华科,上海客户117,华东,安徽,经销商,B,3026.48,851.61,491.16,291.74,90.47,6948.69,4751.46,2197.2299999999996,0.3162078031974372,2025-02
O000988,2025-08-13,C0119,P1013,11,168.98,已完成,陈敏,老客户复购,CNC定制件,机加工件,138,172.93,南通华科,北京客户119,华北,北京,设备集成商,A,1017.93,188.79,173.54,78.47,34.14,1858.78,1492.8700000000001,365.90999999999985,0.19685492634954102,2025-08
O000989,2025-05-21,C0104,P1011,41,481.89,已完成,张伟,老客户复购,铝合金支架,机加工件,393,502.7,无锡智造,安徽客户104,华东,安徽,终端工厂,B,10842.63,2275.17,1669.25,768.1,181.31,19757.489999999998,15736.46,4021.029999999999,0.20351927294408345,2025-05
O000990,2025-11-27,C0062,P1003,13,1448.27,已完成,王强,老客户复购,步进电机A型,电机类,1120,1636.22,常州机电,浙江客户062,华东,上海,经销商,C,9107.3,2328.89,1880.32,290.3,125.46,18827.51,13732.269999999997,5095.240000000002,0.27062739576290235,2025-11
O000991,2025-02-03,C0029,P1003,2,1679.38,已完成,陈敏,直销,步进电机A型,电机类,1120,1636.22,常州机电,云南客户029,西南,四川,终端工厂,B,1545.42,277.36,340.39,86.98,21.26,3358.76,2271.4100000000003,1087.35,0.32373554526075093,2025-02
O000992,2025-05-04,C0102,P1005,13,1483.65,退货,李娜,经销,PLC控制器标准版,控制器类,980,1458.49,苏州精工,北京客户102,华北,天津,终端工厂,C,8866.73,1929.67,1508.4,563.45,102.63,19287.45,12970.88,6316.5700000000015,0.3274963771779059,2025-05
O000993,2025-03-02,C0028,P1015,92,81.49,已完成,刘洋,展会线索,传感器支架,配套耗材,70,84.31,苏州精工,广东客户028,华南,广东,经销商,B,4419.58,914.13,919.9,277.29,110.72,7497.08,6641.62,855.46,0.11410575850864604,2025-03
O000994,2025-10-02,C0076,P1016,66,90.38,已完成,王强,老客户复购,密封圈套装,配套耗材,83,101.3,苏州精工,浙江客户076,华东,浙江,经销商,A,3830.71,864.81,685.43,170.88,40.53,5965.08,5592.360000000001,372.71999999999935,0.06248365487135116,2025-10
O000995,2025-06-02,C0084,P1010,8,592.41,已完成,赵磊,直销,联轴器套件,传动部件,456,621.63,上海工控,天津客户084,华北,河北,终端工厂,A,2546.1,604.35,418.71,214.19,65.57,4739.28,3848.92,890.3599999999997,0.18786819938893665,2025-06
O000996,2025-11-29,C0060,P1004,3,671.11,已完成,李娜,展会线索,减速电机C型,电机类,541,716.52,苏州精工,广西客户060,华南,广东,设备集成商,A,1083.95,196.46,199.57,75.35,12.78,2013.33,1568.11,445.22,0.22113612770882074,2025-11
O000997,2025-04-03,C0035,P1013,19,167.59,已完成,赵磊,老客户复购,CNC定制件,机加工件,138,172.93,南通华科,江苏客户035,华东,浙江,终端工厂,A,1746.14,470.93,374.93,108.71,41.38,3184.21,2742.09,442.1199999999999,0.13884762625580596,2025-04
O000998,2025-09-17,C0044,P1011,15,502.22,已完成,赵磊,经销,铝合金支架,机加工件,393,502.7,无锡智造,安徽客户044,华东,安徽,终端工厂,A,3680.7,1046.0,917.8,292.93,48.85,7533.3,5986.280000000001,1547.0199999999995,0.20535754582984875,2025-09
O000999,2025-06-16,C0001,P1001,4,797.78,已完成,刘洋,展会线索,伺服电机A型,电机类,522,799.93,南通华科,广东客户001,华南,广西,终端工厂,B,1337.96,273.6,273.89,71.08,49.26,3191.12,2005.7899999999997,1185.3300000000002,0.37144638872872227,2025-06
O001000,2025-04-30,C0034,P1005,3,1419.15,已完成,赵磊,直销,PLC控制器标准版,控制器类,980,1458.49,苏州精工,广东客户034,华南,广东,经销商,A,1983.1,355.91,425.25,92.0,73.97,4257.450000000001,2930.2299999999996,1327.2200000000012,0.311740595896605,2025-04
O001001,2025-05-04,C0062,P1006,17,2115.49,已完成,李娜,直销,PLC控制器增强版,控制器类,1773,2443.12,苏州精工,浙江客户062,华东,上海,经销商,C,19757.56,4229.3,3035.47,1782.72,509.96,35963.329999999994,29315.010000000002,6648.319999999992,0.18486385993733043,2025-05
O001002,2025-11-30,C0038,P1006,17,2461.22,已完成,陈敏,直销,PLC控制器增强版,控制器类,1773,2443.12,苏州精工,江苏客户038,华东,安徽,终端工厂,A,19961.57,3791.66,4278.48,1041.65,829.46,41840.74,29902.82,11937.919999999998,0.2853180894984171,2025-11
O001003,2025-06-05,C0094,P1014,49,40.93,已完成,刘洋,经销,工业线缆,配套耗材,34,41.43,南通华科,安徽客户094,华东,安徽,终端工厂,A,1191.28,273.42,263.67,37.5,18.45,2005.57,1784.3200000000002,221.24999999999977,0.11031776502440692,2025-06
O001004,2025-07-22,C0064,P1007,10,965.91,已完成,陈敏,展会线索,变频控制器A型,控制器类,780,1044.88,南通华科,江苏客户064,华东,浙江,经销商,B,5033.53,969.7,1235.0,165.16,172.42,9659.1,7575.8099999999995,2083.290000000001,0.21568158524086103,2025-07
O001005,2025-02-12,C0025,P1002,13,979.22,已完成,张伟,直销,伺服电机B型,电机类,690,1040.91,南通华科,广东客户025,华南,福建,经销商,B,6250.44,1278.69,907.12,193.66,102.6,12729.86,8732.51,3997.3500000000004,0.3140136655077118,2025-02
O001006,2025-12-27,C0025,P1005,8,1274.12,已完成,陈敏,展会线索,PLC控制器标准版,控制器类,980,1458.49,苏州精工,广东客户025,华南,福建,经销商,B,5248.0,1156.2,1059.32,428.29,108.66,10192.96,8000.469999999999,2192.49,0.21509846011364706,2025-12
O001007,2025-09-03,C0095,P1012,38,359.15,已完成,陈敏,老客户复购,不锈钢轴套,机加工件,315,371.9,南通华科,北京客户095,华北,天津,终端工厂,B,7613.36,2011.0,1435.94,341.75,224.71,13647.699999999999,11626.76,2020.9399999999987,0.14807916352205858,2025-09
O001008,2025-02-08,C0054,P1013,33,172.92,已完成,王强,直销,CNC定制件,机加工件,138,172.93,南通华科,天津客户054,华北,北京,终端工厂,A,3248.89,796.48,492.95,186.09,36.48,5706.36,4760.889999999999,945.4700000000003,0.16568705794937583,2025-02
O001009,2025-06-01,C0056,P1009,43,656.11,已完成,陈敏,直销,同步带轮组件,传动部件,565,711.1,南通华科,山东客户056,华东,山东,设备集成商,A,17397.59,3229.14,2717.29,1300.92,550.65,28212.73,25195.590000000004,3017.139999999996,0.1069425043234028,2025-06
O001010,2025-10-26,C0061,P1014,72,40.8,已完成,赵磊,经销,工业线缆,配套耗材,34,41.43,南通华科,江苏客户061,华东,山东,终端工厂,A,1688.54,311.53,316.16,128.02,39.91,2937.6,2484.16,453.44000000000005,0.15435729847494556,2025-10
O001011,2025-10-30,C0108,P1006,15,2486.73,已完成,刘洋,经销,PLC控制器增强版,控制器类,1773,2443.12,苏州精工,湖北客户108,华中,湖南,终端工厂,A,16841.54,3465.68,4038.41,1247.57,581.43,37300.95,26174.63,11126.319999999996,0.29828516431887114,2025-10
O001012,2025-12-26,C0071,P1008,9,651.43,已完成,王强,展会线索,精密齿轮箱,传动部件,523,743.47,上海工控,湖北客户071,华中,湖北,经销商,A,3093.94,715.22,746.65,155.6,88.66,5862.87,4800.07,1062.8000000000002,0.18127640558293126,2025-12
O001013,2025-10-17,C0044,P1012,23,374.57,已完成,刘洋,直销,不锈钢轴套,机加工件,315,371.9,南通华科,安徽客户044,华东,安徽,终端工厂,A,4616.88,922.32,1065.15,383.75,129.44,8615.11,7117.54,1497.5700000000006,0.17383063013704997,2025-10
O001014,2025-10-05,C0049,P1012,35,358.81,已完成,李娜,经销,不锈钢轴套,机加工件,315,371.9,南通华科,江苏客户049,华东,山东,经销商,C,7009.91,1482.15,1705.24,315.27,217.04,12558.35,10729.61,1828.7399999999998,0.1456194484147997,2025-10
O001015,2025-12-17,C0069,P1009,15,677.51,已完成,张伟,经销,同步带轮组件,传动部件,565,711.1,南通华科,山东客户069,华东,安徽,设备集成商,B,5496.83,1494.72,1312.5,167.83,168.25,10162.65,8640.13,1522.5200000000004,0.14981525487938682,2025-12
O001016,2025-08-26,C0106,P1012,37,350.81,已完成,王强,老客户复购,不锈钢轴套,机加工件,315,371.9,南通华科,河北客户106,华北,天津,经销商,C,7423.61,1549.14,1487.07,456.52,128.33,12979.97,11044.67,1935.2999999999993,0.14909895785583474,2025-08
O001017,2025-10-22,C0037,P1011,5,479.99,已完成,陈敏,老客户复购,铝合金支架,机加工件,393,502.7,无锡智造,福建客户037,华南,广东,经销商,B,1331.36,255.92,199.13,83.98,30.63,2399.95,1901.02,498.92999999999984,0.2078918310798141,2025-10
O001018,2025-02-11,C0098,P1008,34,714.48,已完成,李娜,展会线索,精密齿轮箱,传动部件,523,743.47,上海工控,福建客户098,华南,广西,设备集成商,C,12251.18,2827.15,2735.75,755.04,124.51,24292.32,18693.63,5598.689999999999,0.2304716058408583,2025-02
O001019,2025-04-16,C0037,P1009,41,630.93,已完成,赵磊,展会线索,同步带轮组件,传动部件,565,711.1,南通华科,福建客户037,华南,广东,经销商,B,15823.21,3718.17,3041.33,1012.11,254.9,25868.129999999997,23849.72,2018.4099999999962,0.07802690028231636,2025-04
O001020,2025-04-20,C0099,P1015,62,78.74,已完成,张伟,老客户复购,传感器支架,配套耗材,70,84.31,苏州精工,广西客户099,华南,福建,设备集成商,B,2755.38,693.85,497.85,151.2,60.41,4881.88,4158.69,723.1900000000005,0.14813760272681845,2025-04
O001021,2025-04-15,C0054,P1003,10,1664.25,已完成,赵磊,老客户复购,步进电机A型,电机类,1120,1636.22,常州机电,天津客户054,华北,北京,终端工厂,A,7478.46,1746.16,1139.79,826.12,262.03,16642.5,11452.560000000001,5189.939999999999,0.3118485804416403,2025-04
O001022,2025-05-06,C0031,P1007,16,908.07,已完成,张伟,展会线索,变频控制器A型,控制器类,780,1044.88,南通华科,山东客户031,华东,上海,经销商,A,8268.48,1640.87,1308.04,559.76,141.72,14529.12,11918.869999999999,2610.250000000002,0.17965644168401126,2025-05
O001023,2025-06-14,C0005,P1009,24,708.37,已完成,王强,老客户复购,同步带轮组件,传动部件,565,711.1,南通华科,河南客户005,华中,湖南,设备集成商,B,8718.37,1936.33,1838.4,654.7,249.53,17000.88,13397.330000000002,3603.5499999999993,0.21196255723233146,2025-06
O001024,2025-10-13,C0058,P1001,11,819.14,已完成,王强,老客户复购,伺服电机A型,电机类,522,799.93,南通华科,湖南客户058,华中,湖南,终端工厂,B,4055.73,764.41,793.57,167.05,119.11,9010.539999999999,5899.87,3110.669999999999,0.34522570234414357,2025-10
O001025,2025-05-12,C0086,P1003,2,1601.86,已完成,赵磊,经销,步进电机A型,电机类,1120,1636.22,常州机电,云南客户086,西南,云南,设备集成商,B,1519.61,297.86,276.64,140.81,23.15,3203.72,2258.0699999999997,945.6500000000001,0.29517248698388127,2025-05
O001026,2025-02-04,C0105,P1007,1,1018.51,已完成,赵磊,展会线索,变频控制器A型,控制器类,780,1044.88,南通华科,安徽客户105,华东,安徽,设备集成商,B,517.49,137.25,101.59,41.13,17.73,1018.51,815.19,203.31999999999994,0.1996249423176993,2025-02
O001027,2025-11-21,C0036,P1008,43,738.16,已完成,刘洋,经销,精密齿轮箱,传动部件,523,743.47,上海工控,北京客户036,华北,河北,终端工厂,C,14401.45,2993.13,3272.5,1312.98,187.36,31740.879999999997,22167.420000000002,9573.459999999995,0.30161293574721293,2025-11
O001028,2025-04-15,C0023,P1014,18,37.95,已完成,刘洋,展会线索,工业线缆,配套耗材,34,41.43,南通华科,江苏客户023,华东,浙江,设备集成商,B,399.18,88.07,91.64,20.33,12.9,683.1,612.12,70.98000000000002,0.10390865173473872,2025-04
O001029,2025-03-11,C0009,P1016,71,103.48,退货,王强,展会线索,密封圈套装,配套耗材,83,101.3,苏州精工,安徽客户009,华东,浙江,终端工厂,A,4240.96,983.21,824.92,210.98,44.12,7347.08,6304.19,1042.8900000000003,0.1419461881454946,2025-03
O001030,2025-12-01,C0033,P1004,4,714.55,已完成,刘洋,直销,减速电机C型,电机类,541,716.52,苏州精工,江苏客户033,华东,浙江,终端工厂,B,1465.71,306.64,261.96,111.67,34.17,2858.2,2180.15,678.0499999999997,0.23722972500174927,2025-12
O001031,2025-04-14,C0021,P1001,10,722.02,已完成,赵磊,经销,伺服电机A型,电机类,522,799.93,南通华科,山东客户021,华东,江苏,经销商,A,3628.99,751.11,569.25,224.89,139.1,7220.2,5313.34,1906.8599999999997,0.26410071743165003,2025-04
O001032,2025-03-06,C0073,P1004,10,706.62,已完成,刘洋,经销,减速电机C型,电机类,541,716.52,苏州精工,湖北客户073,华中,湖南,设备集成商,C,3787.82,715.99,668.02,335.45,48.44,7066.2,5555.719999999999,1510.4800000000005,0.21376128612266854,2025-03
O001033,2025-02-02,C0066,P1013,22,168.76,已完成,刘洋,展会线索,CNC定制件,机加工件,138,172.93,南通华科,上海客户066,华东,山东,终端工厂,A,1959.42,412.09,407.6,109.06,23.01,3712.72,2911.1800000000003,801.5399999999995,0.21589023680751565,2025-02
O001034,2025-08-29,C0032,P1016,118,91.75,已完成,刘洋,老客户复购,密封圈套装,配套耗材,83,101.3,苏州精工,天津客户032,华北,天津,设备集成商,B,6688.5,1233.5,1335.75,354.52,134.3,10826.5,9746.57,1079.9300000000003,0.09974876460536648,2025-08
O001035,2025-05-19,C0076,P1005,17,1328.92,已完成,李娜,经销,PLC控制器标准版,控制器类,980,1458.49,苏州精工,浙江客户076,华东,浙江,经销商,A,10441.65,2638.16,2097.15,663.94,315.08,22591.64,16155.98,6435.66,0.28486909316897757,2025-05
O001036,2025-11-11,C0023,P1002,17,989.77,已完成,陈敏,经销,伺服电机B型,电机类,690,1040.91,南通华科,江苏客户023,华东,浙江,设备集成商,B,7983.73,1418.18,1261.13,391.68,255.25,16826.09,11309.970000000001,5516.119999999999,0.32783136189096806,2025-11
O001037,2025-05-12,C0065,P1015,12,77.39,已完成,刘洋,经销,传感器支架,配套耗材,70,84.31,苏州精工,安徽客户065,华东,山东,经销商,B,569.25,138.98,121.33,41.66,9.89,928.6800000000001,881.11,47.57000000000005,0.051223241590214116,2025-05
O001038,2025-02-12,C0094,P1012,4,351.59,已取消,王强,直销,不锈钢轴套,机加工件,315,371.9,南通华科,安徽客户094,华东,安徽,终端工厂,A,824.68,214.02,143.96,43.8,11.13,1406.36,1237.5900000000001,168.76999999999975,0.12000483517733708,2025-02
O001039,2025-01-01,C0050,P1015,22,82.19,已完成,李娜,老客户复购,传感器支架,配套耗材,70,84.31,苏州精工,广东客户050,华南,广西,终端工厂,A,1095.53,222.48,173.63,70.92,15.68,1808.1799999999998,1578.24,229.93999999999983,0.12716654315388945,2025-01
O001040,2025-11-21,C0021,P1005,11,1423.72,已完成,王强,老客户复购,PLC控制器标准版,控制器类,980,1458.49,苏州精工,山东客户021,华东,江苏,经销商,A,7700.7,1531.37,1507.89,424.15,267.94,15660.92,11432.05,4228.870000000001,0.27002692051297117,2025-11
O001041,2025-11-09,C0087,P1011,32,513.68,已完成,王强,展会线索,铝合金支架,机加工件,393,502.7,无锡智造,山东客户087,华东,江苏,终端工厂,A,8925.09,2103.65,1897.84,305.18,310.03,16437.76,13541.79,2895.9699999999975,0.1761778977184238,2025-11
O001042,2025-03-09,C0062,P1006,4,2374.17,已完成,陈敏,直销,PLC控制器增强版,控制器类,1773,2443.12,苏州精工,浙江客户062,华东,上海,经销商,C,4839.79,1220.91,1000.44,209.54,134.31,9496.68,7404.99,2091.6900000000005,0.22025486801703337,2025-03
O001043,2025-06-28,C0003,P1005,11,1467.52,已完成,赵磊,直销,PLC控制器标准版,控制器类,980,1458.49,苏州精工,上海客户003,华东,安徽,终端工厂,A,6781.64,1743.59,1342.54,327.87,317.83,16142.72,10513.470000000001,5629.249999999998,0.3487175643262101,2025-06
O001044,2025-07-18,C0010,P1014,28,36.79,已完成,李娜,直销,工业线缆,配套耗材,34,41.43,南通华科,河北客户010,华北,河北,经销商,B,676.02,165.28,140.26,40.4,15.27,1030.12,1037.23,-7.110000000000127,-0.006902108492214624,2025-07
O001045,2025-02-16,C0048,P1003,16,1458.98,已完成,陈敏,老客户复购,步进电机A型,电机类,1120,1636.22,常州机电,江苏客户048,华东,山东,经销商,A,11300.52,3118.69,2739.39,961.17,441.42,23343.68,18561.19,4782.490000000002,0.20487301059644417,2025-02
O001046,2025-10-14,C0075,P1005,8,1408.38,已完成,李娜,经销,PLC控制器标准版,控制器类,980,1458.49,苏州精工,江苏客户075,华东,上海,终端工厂,A,5294.42,1151.37,1239.32,352.03,164.72,11267.04,8201.859999999999,3065.180000000002,0.27204838182876795,2025-10
O001047,2025-06-17,C0085,P1001,1,766.76,退货,王强,展会线索,伺服电机A型,电机类,522,799.93,南通华科,浙江客户085,华东,山东,终端工厂,A,343.11,82.57,74.75,28.27,9.75,766.76,538.45,228.30999999999995,0.29775940320308825,2025-06
O001048,2025-05-18,C0001,P1015,21,81.97,退货,陈敏,经销,传感器支架,配套耗材,70,84.31,苏州精工,广东客户001,华南,广西,终端工厂,B,955.52,233.19,227.12,26.24,12.06,1721.37,1454.1299999999999,267.24,0.15524843583889578,2025-05
O001049,2025-09-10,C0062,P1007,15,959.21,已完成,刘洋,经销,变频控制器A型,控制器类,780,1044.88,南通华科,浙江客户062,华东,上海,经销商,C,7394.13,2052.09,1635.25,695.13,197.72,14388.150000000001,11974.32,2413.8300000000017,0.16776514006317708,2025-09
O001050,2025-04-14,C0001,P1004,8,675.97,已完成,陈敏,老客户复购,减速电机C型,电机类,541,716.52,苏州精工,广东客户001,华南,广西,终端工厂,B,2883.2,725.12,474.59,153.29,64.86,5407.76,4301.0599999999995,1106.7000000000007,0.20465035430566458,2025-04
O001051,2025-12-08,C0030,P1012,11,371.08,已完成,李娜,老客户复购,不锈钢轴套,机加工件,315,371.9,南通华科,福建客户030,华南,广西,设备集成商,A,2251.72,492.99,362.74,89.51,40.95,4081.8799999999997,3237.91,843.9699999999998,0.20676012033670757,2025-12
O001052,2025-05-19,C0113,P1010,13,584.75,已完成,张伟,展会线索,联轴器套件,传动部件,456,621.63,上海工控,安徽客户113,华东,浙江,经销商,B,4147.16,776.27,716.09,131.3,101.53,7601.75,5872.35,1729.3999999999996,0.227500246653731,2025-05
O001053,2025-12-24,C0050,P1015,100,80.85,已完成,李娜,经销,传感器支架,配套耗材,70,84.31,苏州精工,广东客户050,华南,广西,终端工厂,A,4767.88,1203.52,1044.03,202.03,57.03,8084.999999999999,7274.489999999999,810.5100000000002,0.10024860853432285,2025-12
O001054,2025-07-24,C0080,P1005,9,1462.61,已完成,张伟,经销,PLC控制器标准版,控制器类,980,1458.49,苏州精工,广西客户080,华南,广东,终端工厂,B,5606.07,1571.18,1238.27,217.07,92.82,13163.49,8725.41,4438.08,0.337150710032066,2025-07
O001055,2025-11-29,C0062,P1002,17,934.81,已完成,刘洋,展会线索,伺服电机B型,电机类,690,1040.91,南通华科,浙江客户062,华东,上海,经销商,C,7842.44,1553.87,1738.62,557.21,225.5,15891.769999999999,11917.64,3974.129999999999,0.2500747242125955,2025-11
O001056,2025-09-23,C0092,P1004,9,729.45,已完成,陈敏,展会线索,减速电机C型,电机类,541,716.52,苏州精工,江苏客户092,华东,江苏,终端工厂,B,3244.13,659.09,659.09,263.22,69.35,6565.05,4894.880000000001,1670.1699999999992,0.2544032414071483,2025-09
O001057,2025-12-18,C0036,P1013,15,173.62,已完成,赵磊,经销,CNC定制件,机加工件,138,172.93,南通华科,北京客户036,华北,河北,终端工厂,C,1387.92,352.69,225.47,88.76,26.63,2604.3,2081.4700000000003,522.8299999999999,0.20075644127020692,2025-12
O001058,2025-07-28,C0058,P1006,3,2399.47,已完成,张伟,老客户复购,PLC控制器增强版,控制器类,1773,2443.12,苏州精工,湖南客户058,华中,湖南,终端工厂,B,3671.6,644.28,745.87,133.9,42.99,7198.41,5238.639999999999,1959.7700000000004,0.27225039974105397,2025-07
O001059,2025-02-28,C0082,P1011,35,488.61,已完成,赵磊,经销,铝合金支架,机加工件,393,502.7,无锡智造,河北客户082,华北,河北,经销商,A,9524.82,2179.07,2114.09,567.56,221.47,17101.350000000002,14607.009999999998,2494.340000000004,0.14585632128457715,2025-02
O001060,2025-04-02,C0017,P1013,35,175.79,已完成,张伟,经销,CNC定制件,机加工件,138,172.93,南通华科,广西客户017,华南,广西,终端工厂,B,3336.09,673.32,493.7,141.83,52.73,6152.65,4697.67,1454.9799999999996,0.23648021584195422,2025-04
O001061,2025-08-22,C0074,P1001,12,783.33,已完成,王强,老客户复购,伺服电机A型,电机类,522,799.93,南通华科,安徽客户074,华东,浙江,终端工厂,B,5132.74,1106.27,928.89,448.93,187.8,9399.960000000001,7804.630000000001,1595.33,0.16971667964544526,2025-08
O001062,2025-03-29,C0006,P1003,1,1571.09,已完成,陈敏,老客户复购,步进电机A型,电机类,1120,1636.22,常州机电,福建客户006,华南,广东,经销商,B,719.83,172.03,171.21,49.18,19.77,1571.09,1132.02,439.06999999999994,0.27946839455409933,2025-03
O001063,2025-12-09,C0106,P1001,8,690.92,已完成,张伟,老客户复购,伺服电机A型,电机类,522,799.93,南通华科,河北客户106,华北,天津,经销商,C,2645.26,606.47,514.57,150.95,101.2,5527.36,4018.4500000000003,1508.9099999999994,0.27298927516933935,2025-12
O001064,2025-09-28,C0043,P1011,16,475.33,已取消,陈敏,老客户复购,铝合金支架,机加工件,393,502.7,无锡智造,广东客户043,华南,广东,设备集成商,B,3935.85,1121.33,631.91,365.78,100.55,7605.28,6155.42,1449.8599999999997,0.19063860896640225,2025-09
O001065,2025-01-10,C0043,P1009,29,666.21,已完成,刘洋,经销,同步带轮组件,传动部件,565,711.1,南通华科,广东客户043,华南,广东,设备集成商,B,11309.66,2150.17,2281.66,886.18,137.02,19320.09,16764.69,2555.4000000000015,0.1322664645972147,2025-01
O001066,2025-03-24,C0044,P1005,3,1480.7,已完成,陈敏,老客户复购,PLC控制器标准版,控制器类,980,1458.49,苏州精工,安徽客户044,华东,安徽,终端工厂,A,1860.16,406.42,322.53,83.83,67.41,4442.1,2740.3499999999995,1701.750000000001,0.38309583305193506,2025-03
O001067,2025-05-11,C0002,P1003,2,1411.28,已完成,李娜,展会线索,步进电机A型,电机类,1120,1636.22,常州机电,广东客户002,华南,福建,经销商,B,1436.7,358.45,339.84,106.75,19.17,2822.56,2260.9100000000003,561.6499999999996,0.19898602686922498,2025-05
O001068,2025-01-13,C0011,P1005,17,1397.26,已完成,李娜,经销,PLC控制器标准版,控制器类,980,1458.49,苏州精工,上海客户011,华东,上海,经销商,A,11284.78,2392.67,2009.23,621.12,449.93,23753.42,16757.73,6995.689999999999,0.2945129585550207,2025-01
O001069,2025-05-21,C0074,P1007,11,1051.09,已完成,张伟,经销,变频控制器A型,控制器类,780,1044.88,南通华科,安徽客户074,华东,浙江,终端工厂,B,5956.67,1098.51,1103.05,302.21,227.41,11561.99,8687.85,2874.1399999999994,0.24858523489468504,2025-05
O001070,2025-08-31,C0081,P1004,9,690.45,已完成,刘洋,直销,减速电机C型,电机类,541,716.52,苏州精工,安徽客户081,华东,江苏,经销商,B,4250.69,677.63,589.77,223.58,75.75,6214.05,5817.42,396.6300000000001,0.06382793830110799,2025-08
O001071,2025-04-04,C0056,P1008,22,706.73,已完成,刘洋,老客户复购,精密齿轮箱,传动部件,523,743.47,上海工控,山东客户056,华东,山东,设备集成商,A,7893.59,1611.39,1601.9,442.01,241.04,15548.060000000001,11789.93,3758.130000000001,0.24171054137943904,2025-04
O001072,2025-07-20,C0020,P1015,98,80.45,已完成,赵磊,直销,传感器支架,配套耗材,70,84.31,苏州精工,福建客户020,华南,福建,经销商,B,4711.31,1032.63,976.07,245.46,53.16,7884.1,7018.63,865.4700000000003,0.10977410230717523,2025-07
O001073,2025-07-28,C0060,P1013,7,160.35,已完成,张伟,直销,CNC定制件,机加工件,138,172.93,南通华科,广西客户060,华南,广东,设备集成商,A,616.51,130.18,100.26,44.78,11.8,1122.45,903.53,218.92000000000007,0.195037640874872,2025-07
O001074,2025-04-04,C0016,P1012,16,368.19,已完成,张伟,直销,不锈钢轴套,机加工件,315,371.9,南通华科,北京客户016,华北,天津,终端工厂,B,3171.94,852.76,710.74,181.61,51.32,5891.04,4968.369999999999,922.670000000001,0.1566225997446972,2025-04
O001075,2025-07-26,C0064,P1011,16,459.47,已完成,陈敏,展会线索,铝合金支架,机加工件,393,502.7,无锡智造,江苏客户064,华东,浙江,经销商,B,3993.98,927.5,962.79,158.75,99.47,7351.52,6142.49,1209.0300000000007,0.16445986680305577,2025-07
O001076,2025-03-13,C0061,P1002,3,1027.33,已完成,赵磊,老客户复购,伺服电机B型,电机类,690,1040.91,南通华科,江苏客户061,华东,山东,终端工厂,A,1482.47,327.53,261.64,123.5,53.53,3081.99,2248.67,833.3199999999997,0.27038374556698747,2025-03
O001077,2025-12-28,C0098,P1001,1,746.78,已完成,李娜,经销,伺服电机A型,电机类,522,799.93,南通华科,福建客户098,华南,广西,设备集成商,C,354.46,89.95,68.32,32.9,14.4,746.78,560.03,186.75,0.2500736495353384,2025-12
O001078,2025-06-09,C0050,P1007,2,1043.13,已完成,刘洋,直销,变频控制器A型,控制器类,780,1044.88,南通华科,广东客户050,华南,广西,终端工厂,A,1045.39,243.83,213.05,88.35,36.19,2086.26,1626.81,459.4500000000003,0.2202266256363062,2025-06
O001079,2025-07-06,C0035,P1001,9,818.4,已完成,刘洋,直销,伺服电机A型,电机类,522,799.93,南通华科,江苏客户035,华东,浙江,终端工厂,A,2925.55,770.48,690.74,291.05,115.68,7365.599999999999,4793.500000000001,2572.0999999999985,0.3492044096882805,2025-07
O001080,2025-05-18,C0072,P1013,20,172.37,已完成,王强,经销,CNC定制件,机加工件,138,172.93,南通华科,云南客户072,西南,云南,设备集成商,A,1722.63,404.4,411.49,164.41,29.1,3447.4,2732.03,715.3699999999999,0.20751000754191562,2025-05
O001081,2025-07-23,C0026,P1015,83,75.67,已完成,张伟,直销,传感器支架,配套耗材,70,84.31,苏州精工,河南客户026,华中,湖北,经销商,B,3938.71,977.59,843.29,230.25,33.16,6280.610000000001,6023.0,257.6100000000006,0.041016716529127036,2025-07
O001082,2025-04-15,C0031,P1013,41,153.12,已完成,张伟,展会线索,CNC定制件,机加工件,138,172.93,南通华科,山东客户031,华东,上海,经销商,A,3917.53,941.46,811.19,262.44,71.97,6277.92,6004.59,273.3299999999999,0.04353830568086244,2025-04
O001083,2025-10-26,C0024,P1008,14,752.68,已完成,李娜,老客户复购,精密齿轮箱,传动部件,523,743.47,上海工控,广东客户024,华南,广西,终端工厂,B,5267.27,1217.26,986.43,502.6,196.24,10537.519999999999,8169.800000000001,2367.7199999999975,0.22469423545578066,2025-10
O001084,2025-04-02,C0015,P1012,42,359.08,已完成,李娜,老客户复购,不锈钢轴套,机加工件,315,371.9,南通华科,北京客户015,华北,河北,经销商,C,9280.27,2035.06,1741.41,399.73,132.16,15081.359999999999,13588.63,1492.7299999999996,0.09897847408986986,2025-04
O001085,2025-08-10,C0093,P1001,11,806.1,已完成,王强,经销,伺服电机A型,电机类,522,799.93,南通华科,湖北客户093,华中,湖南,终端工厂,B,4892.98,888.1,658.44,419.33,118.46,8867.1,6977.31,1889.79,0.21312379470176268,2025-08
O001086,2025-01-30,C0021,P1007,10,923.35,已完成,陈敏,经销,变频控制器A型,控制器类,780,1044.88,南通华科,山东客户021,华东,江苏,经销商,A,5175.8,963.18,1192.96,240.95,135.15,9233.5,7708.04,1525.46,0.16520929225104242,2025-01
O001087,2025-09-26,C0094,P1010,23,627.67,已完成,陈敏,老客户复购,联轴器套件,传动部件,456,621.63,上海工控,安徽客户094,华东,安徽,终端工厂,A,7139.64,1626.37,1379.62,308.22,132.95,14436.41,10586.800000000001,3849.6099999999988,0.26665978591630457,2025-09
O001088,2025-06-12,C0076,P1014,118,37.15,已完成,张伟,直销,工业线缆,配套耗材,34,41.43,南通华科,浙江客户076,华东,浙江,经销商,A,2697.74,671.45,505.19,97.04,27.7,4383.7,3999.1199999999994,384.5800000000004,0.08772954353628222,2025-06
O001089,2025-08-11,C0035,P1013,17,175.36,已完成,赵磊,展会线索,CNC定制件,机加工件,138,172.93,南通华科,江苏客户035,华东,浙江,终端工厂,A,1610.06,341.11,252.25,115.09,24.19,2981.1200000000003,2342.7000000000003,638.4200000000001,0.21415441176470587,2025-08
O001090,2025-09-01,C0036,P1011,40,491.13,已完成,张伟,直销,铝合金支架,机加工件,393,502.7,无锡智造,北京客户036,华北,河北,终端工厂,C,10546.57,2175.2,2450.77,451.64,221.97,19645.2,15846.15,3799.050000000001,0.19338311648647002,2025-09
O001091,2025-03-14,C0075,P1010,8,626.64,已完成,张伟,老客户复购,联轴器套件,传动部件,456,621.63,上海工控,江苏客户075,华东,上海,终端工厂,A,2611.78,507.52,505.89,130.77,33.39,5013.12,3789.35,1223.77,0.24411344631686455,2025-03
O001092,2025-10-26,C0107,P1005,13,1389.14,已完成,陈敏,老客户复购,PLC控制器标准版,控制器类,980,1458.49,苏州精工,安徽客户107,华东,安徽,经销商,B,8698.3,2229.01,1619.94,666.66,255.23,18058.82,13469.14,4589.68,0.2541517109091292,2025-10
O001093,2025-09-30,C0118,P1002,4,999.82,已完成,张伟,直销,伺服电机B型,电机类,690,1040.91,南通华科,浙江客户118,华东,浙江,终端工厂,B,1825.76,433.03,318.94,112.9,46.53,3999.28,2737.1600000000003,1262.12,0.31558680562501246,2025-09
O001094,2025-03-30,C0062,P1009,37,676.18,已完成,张伟,老客户复购,同步带轮组件,传动部件,565,711.1,南通华科,浙江客户062,华东,上海,经销商,C,14767.31,2945.51,2887.15,562.15,219.88,25018.66,21382.000000000004,3636.659999999996,0.14535790485981248,2025-03
O001095,2025-08-28,C0099,P1008,43,688.83,已完成,刘洋,老客户复购,精密齿轮箱,传动部件,523,743.47,上海工控,广西客户099,华南,福建,设备集成商,B,15401.43,3727.3,2872.45,791.69,552.53,29619.690000000002,23345.399999999998,6274.2900000000045,0.2118283479671801,2025-08
O001096,2025-12-05,C0045,P1002,10,967.35,已完成,张伟,直销,伺服电机B型,电机类,690,1040.91,南通华科,安徽客户045,华东,江苏,设备集成商,A,4371.71,1126.38,975.73,378.8,184.1,9673.5,7036.72,2636.7799999999997,0.2725776606192174,2025-12
O001097,2025-09-18,C0032,P1006,7,2264.09,已完成,张伟,直销,PLC控制器增强版,控制器类,1773,2443.12,苏州精工,天津客户032,华北,天津,设备集成商,B,8598.58,1713.88,1504.27,454.68,86.57,15848.630000000001,12357.98,3490.6500000000015,0.22024932123470617,2025-09
O001098,2025-10-23,C0104,P1012,29,368.52,已完成,刘洋,经销,不锈钢轴套,机加工件,315,371.9,南通华科,安徽客户104,华东,安徽,终端工厂,B,6498.19,1136.51,1297.06,433.42,188.69,10687.08,9553.87,1133.2099999999991,0.1060355120388356,2025-10
O001099,2025-02-16,C0114,P1004,11,708.4,已完成,陈敏,老客户复购,减速电机C型,电机类,541,716.52,苏州精工,江苏客户114,华东,安徽,终端工厂,B,4018.93,973.08,703.19,320.23,79.1,7792.4,6094.530000000001,1697.869999999999,0.21788794209742815,2025-02
O001100,2025-08-09,C0104,P1002,14,1010.6,已完成,张伟,老客户复购,伺服电机B型,电机类,690,1040.91,南通华科,安徽客户104,华东,安徽,终端工厂,B,8969.8,1253.9,1149.01,459.21,235.4,14148.4,12067.319999999998,2081.0800000000017,0.14708942353905755,2025-08
O001101,2025-04-13,C0007,P1008,33,723.48,已完成,李娜,直销,精密齿轮箱,传动部件,523,743.47,上海工控,福建客户007,华南,广西,终端工厂,A,11064.26,2220.44,2040.67,762.36,312.4,23874.84,16400.13,7474.709999999999,0.31307895675950076,2025-04
O001102,2025-09-27,C0081,P1006,14,2136.19,已完成,陈敏,老客户复购,PLC控制器增强版,控制器类,1773,2443.12,苏州精工,安徽客户081,华东,江苏,经销商,B,16454.85,3966.19,3118.97,1439.15,266.6,29906.66,25245.76,4660.9000000000015,0.15584822912354646,2025-09
O001103,2025-06-04,C0100,P1001,7,784.92,已完成,刘洋,展会线索,伺服电机A型,电机类,522,799.93,南通华科,福建客户100,华南,广东,设备集成商,A,2494.72,572.52,427.13,161.59,57.59,5494.44,3713.55,1780.8899999999994,0.3241258435800554,2025-06
O001104,2025-06-06,C0054,P1013,24,172.33,已完成,刘洋,经销,CNC定制件,机加工件,138,172.93,南通华科,天津客户054,华北,北京,终端工厂,A,2110.57,492.29,408.04,87.85,48.59,4135.92,3147.34,988.5799999999999,0.23902299851060946,2025-06
O001105,2025-02-25,C0006,P1011,15,451.97,已完成,刘洋,直销,铝合金支架,机加工件,393,502.7,无锡智造,福建客户006,华南,广东,经销商,B,3903.58,753.86,635.9,255.34,105.75,6779.55,5654.429999999999,1125.1200000000008,0.16595791756090017,2025-02
O001106,2025-07-17,C0001,P1012,24,352.25,退货,李娜,直销,不锈钢轴套,机加工件,315,371.9,南通华科,广东客户001,华南,广西,终端工厂,B,5398.73,946.67,809.46,142.14,109.76,8454.0,7406.76,1047.2399999999998,0.12387508871540097,2025-07
O001107,2025-05-08,C0044,P1005,4,1387.16,已完成,赵磊,展会线索,PLC控制器标准版,控制器类,980,1458.49,苏州精工,安徽客户044,华东,安徽,终端工厂,A,2674.52,565.31,579.67,216.59,109.79,5548.64,4145.88,1402.7600000000002,0.2528114997548949,2025-05
O001108,2025-07-21,C0106,P1004,13,668.31,已完成,刘洋,展会线索,减速电机C型,电机类,541,716.52,苏州精工,河北客户106,华北,天津,经销商,C,4457.44,868.57,819.26,136.11,164.98,8688.029999999999,6446.359999999999,2241.67,0.2580182158671184,2025-07
O001109,2025-02-28,C0107,P1008,43,688.0,已完成,陈敏,老客户复购,精密齿轮箱,传动部件,523,743.47,上海工控,安徽客户107,华东,安徽,经销商,B,14626.74,3444.1,2678.08,698.28,215.53,29584.0,21662.729999999996,7921.270000000004,0.26775520551649556,2025-02
O001110,2025-02-25,C0103,P1011,8,477.34,已完成,刘洋,经销,铝合金支架,机加工件,393,502.7,无锡智造,上海客户103,华东,上海,终端工厂,A,2050.0,493.37,497.69,131.87,49.61,3818.72,3222.54,596.1799999999998,0.15612037541375118,2025-02
O001111,2025-08-22,C0109,P1010,31,594.4,已完成,陈敏,直销,联轴器套件,传动部件,456,621.63,上海工控,浙江客户109,华东,安徽,经销商,B,8814.17,2408.86,1451.63,860.85,241.02,18426.399999999998,13776.53,4649.869999999997,0.2523482611904657,2025-08
O001112,2025-03-02,C0107,P1001,3,734.02,已完成,陈敏,直销,伺服电机A型,电机类,522,799.93,南通华科,安徽客户107,华东,安徽,经销商,B,997.3,230.36,250.09,56.54,19.91,2202.06,1554.1999999999998,647.8600000000001,0.2942063340690082,2025-03
O001113,2025-10-20,C0117,P1008,18,639.87,已完成,刘洋,老客户复购,精密齿轮箱,传动部件,523,743.47,上海工控,上海客户117,华东,安徽,经销商,B,5947.77,1466.97,991.8,481.56,216.4,11517.66,9104.5,2413.16,0.20951825283955247,2025-10
O001114,2025-07-11,C0006,P1010,3,599.32,已完成,刘洋,经销,联轴器套件,传动部件,456,621.63,上海工控,福建客户006,华南,广东,经销商,B,975.64,173.02,182.62,33.08,24.42,1797.96,1388.7800000000002,409.17999999999984,0.22758014638812868,2025-07
O001115,2025-03-30,C0049,P1003,10,1453.55,退货,刘洋,老客户复购,步进电机A型,电机类,1120,1636.22,常州机电,江苏客户049,华东,山东,经销商,C,7856.78,1705.39,1706.02,625.88,132.97,14535.5,12027.039999999999,2508.460000000001,0.1725747308314128,2025-03
O001116,2025-02-01,C0067,P1003,3,1614.4,已完成,刘洋,直销,步进电机A型,电机类,1120,1636.22,常州机电,福建客户067,华南,广东,终端工厂,A,2294.91,404.69,415.84,112.99,92.3,4843.200000000001,3320.73,1522.4700000000007,0.31435208126858283,2025-02
O001117,2025-05-15,C0112,P1003,11,1677.07,已完成,刘洋,经销,步进电机A型,电机类,1120,1636.22,常州机电,广东客户112,华南,福建,终端工厂,A,8137.84,1961.88,1773.08,775.96,295.84,18447.77,12944.600000000002,5503.169999999998,0.29831085274805563,2025-05
O001118,2025-01-17,C0063,P1004,9,713.48,已完成,刘洋,展会线索,减速电机C型,电机类,541,716.52,苏州精工,福建客户063,华南,广东,终端工厂,A,3159.57,784.71,647.29,230.58,32.19,6421.32,4854.339999999999,1566.9800000000005,0.2440277076987287,2025-01
O001119,2025-10-10,C0041,P1001,4,763.61,已完成,赵磊,直销,伺服电机A型,电机类,522,799.93,南通华科,福建客户041,华南,广东,终端工厂,A,1348.48,367.16,245.14,92.64,23.82,3054.44,2077.2400000000002,977.1999999999998,0.3199277117900498,2025-10
O001120,2025-05-27,C0119,P1015,31,78.15,已完成,李娜,展会线索,传感器支架,配套耗材,70,84.31,苏州精工,北京客户119,华北,北京,设备集成商,A,1375.48,287.57,289.08,114.27,23.97,2422.65,2090.37,332.2800000000002,0.13715559408086195,2025-05
O001121,2025-12-22,C0048,P1003,8,1504.0,已完成,李娜,直销,步进电机A型,电机类,1120,1636.22,常州机电,江苏客户048,华东,山东,经销商,A,5844.97,1378.48,1087.78,563.87,128.35,12032.0,9003.450000000003,3028.5499999999975,0.2517079454787232,2025-12
O001122,2025-07-08,C0014,P1011,44,482.8,已完成,王强,经销,铝合金支架,机加工件,393,502.7,无锡智造,江苏客户014,华东,上海,设备集成商,B,11569.11,2628.44,2540.61,737.92,182.42,21243.2,17658.499999999996,3584.7000000000044,0.1687457633501546,2025-07
O001123,2025-11-09,C0033,P1003,13,1624.75,已完成,王强,直销,步进电机A型,电机类,1120,1636.22,常州机电,江苏客户033,华东,浙江,终端工厂,B,9207.73,2566.44,2156.25,333.8,365.89,21121.75,14630.109999999999,6491.640000000001,0.30734385171683226,2025-11
O001124,2025-04-14,C0094,P1013,4,173.25,已完成,赵磊,展会线索,CNC定制件,机加工件,138,172.93,南通华科,安徽客户094,华东,安徽,终端工厂,A,374.84,83.43,55.61,29.33,5.52,693.0,548.73,144.26999999999998,0.20818181818181816,2025-04
O001125,2025-03-21,C0003,P1005,7,1456.28,已完成,李娜,直销,PLC控制器标准版,控制器类,980,1458.49,苏州精工,上海客户003,华东,安徽,终端工厂,A,4752.6,829.73,1013.78,161.13,87.04,10193.96,6844.28,3349.6799999999994,0.32859457953533266,2025-03
O001126,2025-02-16,C0067,P1011,18,479.89,已完成,赵磊,展会线索,铝合金支架,机加工件,393,502.7,无锡智造,福建客户067,华南,广东,终端工厂,A,4575.66,915.73,911.58,215.34,171.89,8638.02,6790.2,1847.8200000000006,0.21391707821931422,2025-02
O001127,2025-11-01,C0038,P1010,14,616.36,已完成,陈敏,展会线索,联轴器套件,传动部件,456,621.63,上海工控,江苏客户038,华东,安徽,终端工厂,A,4328.33,983.06,723.0,252.87,59.19,8629.04,6346.449999999999,2282.590000000002,0.2645242112679976,2025-11
O001128,2025-02-28,C0081,P1016,64,88.21,已完成,陈敏,直销,密封圈套装,配套耗材,83,101.3,苏州精工,安徽客户081,华东,江苏,经销商,B,3698.5,742.99,770.87,158.13,111.96,5645.44,5482.45,162.98999999999978,0.02887108887881189,2025-02
O001129,2025-02-14,C0032,P1013,23,160.81,已完成,陈敏,直销,CNC定制件,机加工件,138,172.93,南通华科,天津客户032,华北,天津,设备集成商,B,2022.19,381.17,430.68,178.84,54.39,3698.63,3067.27,631.3600000000001,0.17070104335929792,2025-02
O001130,2025-04-23,C0011,P1011,42,443.66,已完成,张伟,直销,铝合金支架,机加工件,393,502.7,无锡智造,上海客户011,华东,上海,经销商,A,10375.22,2515.99,2551.32,283.75,139.82,18633.72,15866.099999999999,2767.6200000000026,0.14852750819482113,2025-04
O001131,2025-04-26,C0057,P1005,17,1442.14,已完成,赵磊,老客户复购,PLC控制器标准版,控制器类,980,1458.49,苏州精工,浙江客户057,华东,上海,设备集成商,C,11686.26,2892.75,2372.88,1218.58,155.76,24516.38,18326.23,6190.1500000000015,0.25249037582220546,2025-04
O001132,2025-01-23,C0036,P1007,12,1061.46,已完成,赵磊,经销,变频控制器A型,控制器类,780,1044.88,南通华科,北京客户036,华北,河北,终端工厂,C,6313.95,1507.89,1330.61,544.81,239.01,12737.52,9936.27,2801.25,0.21992114634559945,2025-01
O001133,2025-03-30,C0035,P1002,4,1020.68,已完成,陈敏,老客户复购,伺服电机B型,电机类,690,1040.91,南通华科,江苏客户035,华东,浙江,终端工厂,A,1811.01,338.31,336.02,157.21,33.49,4082.72,2676.04,1406.6799999999998,0.3445448132617471,2025-03
O001134,2025-06-25,C0086,P1008,25,683.63,已完成,张伟,经销,精密齿轮箱,传动部件,523,743.47,上海工控,云南客户086,西南,云南,设备集成商,B,9165.54,1741.41,1315.39,560.28,271.69,17090.75,13054.310000000001,4036.4399999999987,0.2361768793060573,2025-06
O001135,2025-10-09,C0054,P1004,11,729.72,已完成,王强,展会线索,减速电机C型,电机类,541,716.52,苏州精工,天津客户054,华北,北京,终端工厂,A,3897.7,981.52,751.64,168.65,51.04,8026.92,5850.549999999999,2176.370000000001,0.27113388447872916,2025-10
O001136,2025-09-01,C0029,P1004,17,728.06,已完成,王强,展会线索,减速电机C型,电机类,541,716.52,苏州精工,云南客户029,西南,四川,终端工厂,B,6355.67,1316.49,1423.39,419.69,126.57,12377.019999999999,9641.81,2735.209999999999,0.22099099783308093,2025-09
O001137,2025-02-13,C0046,P1005,17,1480.51,已完成,刘洋,经销,PLC控制器标准版,控制器类,980,1458.49,苏州精工,湖南客户046,华中,湖南,终端工厂,C,10910.62,2130.59,2259.55,890.36,427.87,25168.67,16618.99,8549.679999999997,0.3396953434567658,2025-02
O001138,2025-06-10,C0099,P1001,16,775.84,已完成,王强,老客户复购,伺服电机A型,电机类,522,799.93,南通华科,广西客户099,华南,福建,设备集成商,B,5346.28,1147.96,883.93,314.52,141.78,12413.44,7834.47,4578.97,0.36887196458032584,2025-06
O001139,2025-02-21,C0081,P1001,13,720.86,已完成,王强,直销,伺服电机A型,电机类,522,799.93,南通华科,安徽客户081,华东,江苏,经销商,B,4861.51,1080.22,997.35,247.33,67.17,9371.18,7253.580000000001,2117.5999999999995,0.22596940833491613,2025-02
O001140,2025-03-28,C0087,P1004,2,700.67,已完成,李娜,展会线索,减速电机C型,电机类,541,716.52,苏州精工,山东客户087,华东,江苏,终端工厂,A,698.62,146.49,146.06,37.77,25.03,1401.34,1053.97,347.3699999999999,0.24788416801061836,2025-03
O001141,2025-11-23,C0014,P1006,7,2431.56,已完成,刘洋,展会线索,PLC控制器增强版,控制器类,1773,2443.12,苏州精工,江苏客户014,华东,上海,设备集成商,B,8921.7,1744.96,1766.13,647.0,134.75,17020.92,13214.54,3806.3799999999974,0.22362951003823517,2025-11
O001142,2025-05-12,C0102,P1002,5,1052.69,已完成,赵磊,经销,伺服电机B型,电机类,690,1040.91,南通华科,北京客户102,华北,天津,终端工厂,C,2455.71,455.28,497.55,142.99,55.3,5263.450000000001,3606.83,1656.6200000000008,0.314740331911579,2025-05
O001143,2025-02-08,C0040,P1009,35,680.33,已完成,陈敏,经销,同步带轮组件,传动部件,565,711.1,南通华科,浙江客户040,华东,江苏,终端工厂,A,13161.15,3398.74,2143.91,402.65,262.66,23811.550000000003,19369.11,4442.440000000002,0.18656660318206927,2025-02
O001144,2025-09-05,C0015,P1009,33,631.96,已完成,李娜,老客户复购,同步带轮组件,传动部件,565,711.1,南通华科,北京客户015,华北,河北,经销商,C,11663.54,3006.62,2715.08,936.69,336.96,20854.68,18658.889999999996,2195.7900000000045,0.10529003561790469,2025-09
O001145,2025-05-11,C0040,P1011,44,497.89,已完成,陈敏,直销,铝合金支架,机加工件,393,502.7,无锡智造,浙江客户040,华东,江苏,终端工厂,A,12305.59,2851.42,2700.4,476.68,273.79,21907.16,18607.88,3299.279999999999,0.15060281661338115,2025-05
O001146,2025-08-14,C0071,P1008,15,663.67,已取消,刘洋,直销,精密齿轮箱,传动部件,523,743.47,上海工控,湖北客户071,华中,湖北,经销商,A,5643.64,1262.22,1198.08,159.92,179.95,9955.05,8443.810000000001,1511.239999999998,0.15180636963149338,2025-08
O001147,2025-03-30,C0028,P1007,7,1002.26,已完成,陈敏,展会线索,变频控制器A型,控制器类,780,1044.88,南通华科,广东客户028,华南,广东,经销商,B,3766.15,711.14,554.41,169.06,131.45,7015.82,5332.21,1683.6099999999997,0.23997337445943592,2025-03
O001148,2025-10-08,C0024,P1001,14,782.02,已完成,赵磊,经销,伺服电机A型,电机类,522,799.93,南通华科,广东客户024,华南,广西,终端工厂,B,5019.23,1280.13,926.43,523.13,130.77,10948.279999999999,7879.6900000000005,3068.5899999999983,0.28028055548451436,2025-10
O001149,2025-01-17,C0095,P1004,3,680.32,已取消,张伟,直销,减速电机C型,电机类,541,716.52,苏州精工,北京客户095,华北,天津,终端工厂,B,1039.41,209.5,259.08,54.46,15.1,2040.96,1577.55,463.4100000000001,0.22705491533396052,2025-01
O001150,2025-09-21,C0065,P1004,1,636.24,已完成,陈敏,展会线索,减速电机C型,电机类,541,716.52,苏州精工,安徽客户065,华东,山东,经销商,B,335.87,74.19,82.96,21.44,9.22,636.24,523.6800000000001,112.55999999999995,0.17691437193511875,2025-09
O001151,2025-04-20,C0081,P1002,1,944.22,已取消,李娜,经销,伺服电机B型,电机类,690,1040.91,南通华科,安徽客户081,华东,江苏,经销商,B,491.44,104.03,103.7,24.87,18.56,944.22,742.6,201.62,0.2135307449535066,2025-04
O001152,2025-11-24,C0008,P1013,24,166.4,已完成,李娜,直销,CNC定制件,机加工件,138,172.93,南通华科,天津客户008,华北,北京,设备集成商,C,2079.54,541.48,462.47,86.7,43.26,3993.6000000000004,3213.45,780.1500000000005,0.19535006009615397,2025-11
O001153,2025-02-02,C0091,P1001,4,756.52,已完成,赵磊,老客户复购,伺服电机A型,电机类,522,799.93,南通华科,广东客户091,华南,广东,经销商,A,1359.88,262.4,282.06,150.63,40.53,3026.08,2095.5000000000005,930.5799999999995,0.3075199598159994,2025-02
O001154,2025-04-07,C0081,P1006,9,2307.96,已完成,陈敏,展会线索,PLC控制器增强版,控制器类,1773,2443.12,苏州精工,安徽客户081,华东,江苏,经销商,B,10763.41,1953.44,1728.99,684.69,410.81,20771.64,15541.34,5230.299999999999,0.25180005045340664,2025-04
O001155,2025-10-28,C0051,P1011,35,475.89,退货,刘洋,经销,铝合金支架,机加工件,393,502.7,无锡智造,广西客户051,华南,广东,终端工厂,C,9733.87,1931.37,1823.64,572.05,254.51,16656.149999999998,14315.44,2340.7099999999973,0.14053127523467293,2025-10
O001156,2025-03-21,C0109,P1002,8,1019.77,已完成,王强,老客户复购,伺服电机B型,电机类,690,1040.91,南通华科,浙江客户109,华东,安徽,经销商,B,3802.06,923.98,560.27,391.83,49.36,8158.16,5727.499999999999,2430.6600000000008,0.2979421830412741,2025-03
O001157,2025-06-17,C0023,P1012,33,359.64,已完成,李娜,经销,不锈钢轴套,机加工件,315,371.9,南通华科,江苏客户023,华东,浙江,设备集成商,B,6939.87,1820.94,1343.66,204.46,100.15,11868.119999999999,10409.079999999998,1459.0400000000009,0.12293775256738228,2025-06
O001158,2025-09-29,C0094,P1013,43,165.84,已完成,刘洋,老客户复购,CNC定制件,机加工件,138,172.93,南通华科,安徽客户094,华东,安徽,终端工厂,A,4022.46,743.36,744.25,189.1,122.86,7131.12,5822.03,1309.0900000000001,0.1835742492062958,2025-09
O001159,2025-12-11,C0103,P1007,16,1024.36,已完成,赵磊,老客户复购,变频控制器A型,控制器类,780,1044.88,南通华科,上海客户103,华东,上海,终端工厂,A,7875.04,2008.88,1552.45,583.0,132.48,16389.76,12151.85,4237.909999999998,0.25857059529852777,2025-12
O001160,2025-03-05,C0117,P1003,5,1550.39,已完成,赵磊,经销,步进电机A型,电机类,1120,1636.22,常州机电,上海客户117,华东,安徽,经销商,B,3813.43,898.46,583.6,339.94,138.91,7751.950000000001,5774.339999999999,1977.6100000000015,0.2551112945774936,2025-03
O001161,2025-08-02,C0079,P1014,114,36.19,已完成,赵磊,老客户复购,工业线缆,配套耗材,34,41.43,南通华科,安徽客户079,华东,浙江,经销商,A,2427.75,605.4,525.74,63.68,41.81,4125.66,3664.38,461.27999999999975,0.11180756533500089,2025-08
O001162,2025-06-22,C0074,P1005,3,1480.96,已完成,刘洋,经销,PLC控制器标准版,控制器类,980,1458.49,苏州精工,安徽客户074,华东,浙江,终端工厂,B,2107.66,450.78,458.62,171.71,24.11,4442.88,3212.8799999999997,1230.0000000000005,0.27684745030250657,2025-06
O001163,2025-08-30,C0076,P1001,10,719.88,退货,刘洋,经销,伺服电机A型,电机类,522,799.93,南通华科,浙江客户076,华东,浙江,经销商,A,4318.22,852.59,695.69,140.02,102.3,7198.8,6108.820000000001,1089.9799999999996,0.1514113463355003,2025-08
O001164,2025-05-08,C0027,P1012,19,366.81,已完成,刘洋,老客户复购,不锈钢轴套,机加工件,315,371.9,南通华科,浙江客户027,华东,浙江,终端工厂,A,4161.36,806.6,691.22,340.62,127.62,6969.39,6127.42,841.9700000000003,0.12080971218428015,2025-05
O001165,2025-09-15,C0095,P1001,11,810.42,已完成,王强,展会线索,伺服电机A型,电机类,522,799.93,南通华科,北京客户095,华北,天津,终端工厂,B,3742.83,972.94,629.92,195.14,68.8,8914.619999999999,5609.630000000001,3304.989999999998,0.3707381806515587,2025-09
O001166,2025-09-17,C0014,P1011,43,483.67,已完成,刘洋,展会线索,铝合金支架,机加工件,393,502.7,无锡智造,江苏客户014,华东,上海,设备集成商,B,10625.62,2894.47,2276.78,500.47,368.74,20797.81,16666.08,4131.73,0.19866178217802735,2025-09
O001167,2025-03-10,C0037,P1004,6,671.48,已完成,赵磊,老客户复购,减速电机C型,电机类,541,716.52,苏州精工,福建客户037,华南,广东,经销商,B,2273.06,409.18,450.05,162.22,63.4,4028.88,3357.91,670.9700000000003,0.16654008061793854,2025-03
O001168,2025-10-20,C0043,P1012,10,356.2,已完成,陈敏,直销,不锈钢轴套,机加工件,315,371.9,南通华科,广东客户043,华南,广东,设备集成商,B,2180.79,410.03,374.55,158.67,65.81,3562.0,3189.85,372.1500000000001,0.1044778214486244,2025-10
O001169,2025-12-19,C0117,P1001,8,738.8,已完成,张伟,展会线索,伺服电机A型,电机类,522,799.93,南通华科,上海客户117,华东,安徽,经销商,B,2705.71,506.89,633.02,166.66,58.76,5910.4,4071.04,1839.3599999999997,0.3112073632918245,2025-12
O001170,2025-08-20,C0090,P1007,11,998.12,已完成,刘洋,直销,变频控制器A型,控制器类,780,1044.88,南通华科,河北客户090,华北,北京,终端工厂,B,7556.21,1243.6,1052.73,382.36,67.9,10979.32,10302.8,676.5200000000004,0.06161765938145536,2025-08
O001171,2025-11-26,C0090,P1002,3,1034.01,已完成,李娜,老客户复购,伺服电机B型,电机类,690,1040.91,南通华科,河北客户090,华北,北京,终端工厂,B,1477.25,364.45,316.21,118.22,25.8,3102.0299999999997,2301.93,800.0999999999999,0.2579278730379784,2025-11
O001172,2025-04-25,C0103,P1014,106,39.98,已完成,李娜,直销,工业线缆,配套耗材,34,41.43,南通华科,上海客户103,华东,上海,终端工厂,A,2252.31,453.96,430.46,138.31,84.33,4237.88,3359.37,878.5100000000002,0.20729940441919079,2025-04
O001173,2025-04-01,C0067,P1011,41,473.94,已完成,王强,经销,铝合金支架,机加工件,393,502.7,无锡智造,福建客户067,华南,广东,终端工厂,A,10691.69,2440.78,2283.36,414.39,369.05,19431.54,16199.27,3232.2700000000004,0.16634142224445414,2025-04
O001174,2025-07-30,C0003,P1002,13,1012.81,已完成,张伟,老客户复购,伺服电机B型,电机类,690,1040.91,南通华科,上海客户003,华东,安徽,终端工厂,A,6035.94,1225.08,1400.28,485.72,161.36,13166.529999999999,9308.38,3858.1499999999996,0.29302709217994416,2025-07
O001175,2025-04-22,C0008,P1002,6,1039.4,已完成,张伟,经销,伺服电机B型,电机类,690,1040.91,南通华科,天津客户008,华北,北京,设备集成商,C,2806.98,682.68,452.39,282.32,120.94,6236.400000000001,4345.3099999999995,1891.090000000001,0.30323423770123803,2025-04
O001176,2025-11-02,C0050,P1003,16,1671.03,已完成,赵磊,展会线索,步进电机A型,电机类,1120,1636.22,常州机电,广东客户050,华南,广西,终端工厂,A,12126.46,2883.98,2716.49,751.79,531.85,26736.48,19010.57,7725.91,0.2889651143306823,2025-11
O001177,2025-03-16,C0085,P1007,8,999.08,已完成,刘洋,老客户复购,变频控制器A型,控制器类,780,1044.88,南通华科,浙江客户085,华东,山东,终端工厂,A,4293.43,907.55,877.6,265.83,53.35,7992.64,6397.760000000001,1594.8799999999992,0.19954358009368608,2025-03
O001178,2025-12-02,C0106,P1008,28,698.74,已完成,张伟,展会线索,精密齿轮箱,传动部件,523,743.47,上海工控,河北客户106,华北,天津,经销商,C,10244.75,2253.16,2163.66,399.55,255.82,19564.72,15316.939999999999,4247.7800000000025,0.21711427508290446,2025-12
O001179,2025-04-22,C0082,P1002,9,900.98,已完成,刘洋,老客户复购,伺服电机B型,电机类,690,1040.91,南通华科,河北客户082,华北,河北,经销商,A,4326.27,1113.44,950.53,366.94,70.64,8108.82,6827.820000000001,1280.999999999999,0.1579761296958126,2025-04
O001180,2025-10-25,C0081,P1002,9,1006.27,已取消,张伟,直销,伺服电机B型,电机类,690,1040.91,南通华科,安徽客户081,华东,江苏,经销商,B,4370.59,808.27,694.81,170.75,161.78,9056.43,6206.2,2850.2300000000005,0.3147189345028891,2025-10
O001181,2025-06-19,C0091,P1004,6,617.46,已完成,李娜,展会线索,减速电机C型,电机类,541,716.52,苏州精工,广东客户091,华南,广东,经销商,A,2047.66,416.42,372.49,129.83,67.44,3704.76,3033.8399999999997,670.9200000000005,0.18109675120655602,2025-06
O001182,2025-09-26,C0048,P1011,9,449.37,已完成,刘洋,老客户复购,铝合金支架,机加工件,393,502.7,无锡智造,江苏客户048,华东,山东,经销商,A,2340.87,540.37,389.03,98.31,28.35,4044.33,3396.9299999999994,647.4000000000005,0.16007595819332265,2025-09
O001183,2025-09-26,C0087,P1007,1,1010.26,已完成,赵磊,经销,变频控制器A型,控制器类,780,1044.88,南通华科,山东客户087,华东,江苏,终端工厂,A,515.57,121.23,91.29,45.07,19.92,1010.26,793.08,217.17999999999995,0.21497436303525821,2025-09
O001184,2025-07-21,C0042,P1012,37,364.22,已完成,李娜,老客户复购,不锈钢轴套,机加工件,315,371.9,南通华科,重庆客户042,西南,云南,终端工厂,B,7366.14,1411.09,1717.79,292.06,138.77,13476.140000000001,10925.85,2550.290000000001,0.18924484310789297,2025-07
O001185,2025-08-16,C0107,P1001,8,726.3,已完成,刘洋,直销,伺服电机A型,电机类,522,799.93,南通华科,安徽客户107,华东,安徽,经销商,B,3342.85,730.78,582.68,95.41,30.34,5810.4,4782.06,1028.3399999999992,0.17698265179677808,2025-08
O001186,2025-09-10,C0082,P1006,1,2292.31,已完成,李娜,直销,PLC控制器增强版,控制器类,1773,2443.12,苏州精工,河北客户082,华北,河北,经销商,A,1155.67,264.3,266.43,59.64,24.41,2292.31,1770.4500000000003,521.8599999999997,0.22765681779514974,2025-09
O001187,2025-08-15,C0019,P1013,25,166.65,已完成,陈敏,老客户复购,CNC定制件,机加工件,138,172.93,南通华科,湖北客户019,华中,河南,终端工厂,B,2252.62,415.86,542.73,82.76,38.81,4166.25,3332.78,833.4699999999998,0.20005280528052802,2025-08
O001188,2025-08-22,C0039,P1002,5,926.11,已完成,李娜,经销,伺服电机B型,电机类,690,1040.91,南通华科,湖北客户039,华中,河南,经销商,B,2584.97,515.54,537.96,85.78,53.78,4630.55,3778.03,852.52,0.18410771938538617,2025-08
O001189,2025-06-04,C0003,P1003,17,1628.63,已完成,王强,直销,步进电机A型,电机类,1120,1636.22,常州机电,上海客户003,华东,安徽,终端工厂,A,13272.59,3017.34,2703.34,873.01,515.37,27686.710000000003,20381.649999999998,7305.060000000005,0.2638471671065289,2025-06
O001190,2025-01-31,C0063,P1004,1,715.66,已完成,刘洋,经销,减速电机C型,电机类,541,716.52,苏州精工,福建客户063,华南,广东,终端工厂,A,357.58,81.61,76.67,23.77,5.61,715.66,545.24,170.41999999999996,0.23812983819131986,2025-01
O001191,2025-01-18,C0047,P1006,10,2351.67,已完成,王强,直销,PLC控制器增强版,控制器类,1773,2443.12,苏州精工,云南客户047,西南,云南,经销商,A,11554.77,2225.78,2233.21,854.33,159.39,23516.7,17027.480000000003,6489.2199999999975,0.27594092708585805,2025-01
O001192,2025-09-24,C0041,P1008,27,725.98,已完成,刘洋,老客户复购,精密齿轮箱,传动部件,523,743.47,上海工控,福建客户041,华南,广东,终端工厂,A,9645.47,2451.01,1698.24,446.35,360.57,19601.46,14601.64,4999.82,0.2550738567433242,2025-09
O001193,2025-06-15,C0064,P1010,5,586.21,已完成,赵磊,老客户复购,联轴器套件,传动部件,456,621.63,上海工控,江苏客户064,华东,浙江,经销商,B,1571.36,288.02,283.83,113.12,39.91,2931.05,2296.24,634.8100000000004,0.21658108868835413,2025-06
O001194,2025-07-25,C0050,P1003,13,1547.95,已完成,刘洋,老客户复购,步进电机A型,电机类,1120,1636.22,常州机电,广东客户050,华南,广西,终端工厂,A,9927.8,2242.65,2153.19,527.53,314.47,20123.350000000002,15165.64,4957.710000000003,0.24636603746394126,2025-07
O001195,2025-09-13,C0102,P1007,7,1068.02,已完成,李娜,直销,变频控制器A型,控制器类,780,1044.88,南通华科,北京客户102,华北,天津,终端工厂,C,3926.33,782.95,805.15,176.54,68.99,7476.139999999999,5759.959999999999,1716.1800000000003,0.22955428871048433,2025-09
O001196,2025-09-28,C0102,P1008,39,727.04,已完成,李娜,展会线索,精密齿轮箱,传动部件,523,743.47,上海工控,北京客户102,华北,天津,终端工厂,C,14552.98,2479.38,2305.79,904.57,312.69,28354.559999999998,20555.41,7799.149999999998,0.2750580506274828,2025-09
O001197,2025-12-27,C0107,P1006,16,2269.61,已完成,陈敏,直销,PLC控制器增强版,控制器类,1773,2443.12,苏州精工,安徽客户107,华东,安徽,经销商,B,19372.99,3732.19,2956.88,1014.12,467.19,36313.76,27543.37,8770.390000000003,0.2415169897030768,2025-12
O001198,2025-08-08,C0118,P1003,4,1590.74,已完成,李娜,老客户复购,步进电机A型,电机类,1120,1636.22,常州机电,浙江客户118,华东,浙江,终端工厂,B,3619.87,699.28,595.48,150.17,104.79,6362.96,5169.589999999999,1193.3700000000008,0.18754950526170222,2025-08
O001199,2025-05-15,C0114,P1014,75,42.19,已完成,王强,经销,工业线缆,配套耗材,34,41.43,南通华科,江苏客户114,华东,安徽,终端工厂,B,1631.58,419.12,297.8,102.12,31.35,3164.25,2481.97,682.2800000000002,0.21562139527534177,2025-05
O001200,2025-01-04,C0048,P1006,11,2251.36,已取消,赵磊,展会线索,PLC控制器增强版,控制器类,1773,2443.12,苏州精工,江苏客户048,华东,山东,经销商,A,13080.63,2746.01,3113.7,681.33,356.76,24764.960000000003,19978.43,4786.5300000000025,0.19327832550506854,2025-01
O001201,2025-07-24,C0100,P1003,11,1566.06,退货,刘洋,直销,步进电机A型,电机类,1120,1636.22,常州机电,福建客户100,华南,广东,设备集成商,A,8732.84,1949.96,1650.28,601.61,214.42,17226.66,13149.11,4077.5499999999993,0.23669997550308647,2025-07
O001202,2025-08-29,C0062,P1012,37,351.34,已完成,王强,展会线索,不锈钢轴套,机加工件,315,371.9,南通华科,浙江客户062,华东,上海,经销商,C,8167.33,1433.86,1784.47,461.75,230.52,12999.58,12077.93,921.6499999999996,0.07089844441128096,2025-08
O001203,2025-01-21,C0107,P1009,21,680.08,已完成,刘洋,经销,同步带轮组件,传动部件,565,711.1,南通华科,安徽客户107,华东,安徽,经销商,B,7368.63,2042.64,1272.03,574.73,160.64,14281.68,11418.67,2863.01,0.20046731196890002,2025-01
O001204,2025-08-31,C0038,P1004,15,725.48,已取消,刘洋,老客户复购,减速电机C型,电机类,541,716.52,苏州精工,江苏客户038,华东,安徽,终端工厂,A,7121.12,1279.67,891.06,359.24,99.66,10882.2,9750.75,1131.4500000000007,0.103972542316811,2025-08
O001205,2025-01-15,C0007,P1001,9,800.93,已完成,张伟,展会线索,伺服电机A型,电机类,522,799.93,南通华科,福建客户007,华南,广西,终端工厂,A,3259.47,586.67,615.18,263.95,67.98,7208.37,4793.249999999999,2415.120000000001,0.33504384486367944,2025-01
O001206,2025-09-01,C0014,P1006,17,2409.77,已完成,刘洋,老客户复购,PLC控制器增强版,控制器类,1773,2443.12,苏州精工,江苏客户014,华东,上海,设备集成商,B,21559.87,4557.87,3344.17,769.04,537.68,40966.09,30768.629999999997,10197.46,0.24892441529079296,2025-09
O001207,2025-04-21,C0013,P1002,4,971.92,已完成,赵磊,老客户复购,伺服电机B型,电机类,690,1040.91,南通华科,湖北客户013,华中,湖北,设备集成商,B,1814.77,363.09,281.08,135.41,54.35,3887.68,2648.7,1238.98,0.318693925425961,2025-04
O001208,2025-06-10,C0016,P1007,6,1065.77,已完成,赵磊,展会线索,变频控制器A型,控制器类,780,1044.88,南通华科,北京客户016,华北,天津,终端工厂,B,2967.96,730.57,735.31,314.87,117.2,6394.62,4865.91,1528.71,0.2390618989087702,2025-06
O001209,2025-07-01,C0109,P1003,17,1597.37,已完成,王强,经销,步进电机A型,电机类,1120,1636.22,常州机电,浙江客户109,华东,安徽,经销商,B,13341.48,2523.98,2082.71,830.22,388.17,27155.289999999997,19166.559999999998,7988.73,0.29418687850507214,2025-07
O001210,2025-11-07,C0081,P1005,7,1375.64,已完成,张伟,直销,PLC控制器标准版,控制器类,980,1458.49,苏州精工,安徽客户081,华东,江苏,经销商,B,4836.77,918.68,883.42,362.65,112.51,9629.480000000001,7114.030000000001,2515.4500000000007,0.2612238667093135,2025-11
O001211,2025-12-24,C0064,P1010,30,552.81,已完成,赵磊,直销,联轴器套件,传动部件,456,621.63,上海工控,江苏客户064,华东,浙江,经销商,B,9102.94,1826.38,2177.85,524.59,215.45,16584.3,13847.210000000001,2737.0899999999983,0.16504103278401852,2025-12
O001212,2025-08-09,C0033,P1016,102,96.39,已完成,李娜,经销,密封圈套装,配套耗材,83,101.3,苏州精工,江苏客户033,华东,浙江,终端工厂,B,5433.95,1277.08,976.31,217.1,89.82,9831.78,7994.26,1837.5200000000004,0.1868959639048067,2025-08
O001213,2025-01-29,C0052,P1014,100,39.26,已完成,陈敏,直销,工业线缆,配套耗材,34,41.43,南通华科,广西客户052,华南,广西,终端工厂,A,2108.94,524.31,419.05,182.38,22.03,3926.0,3256.7100000000005,669.2899999999995,0.17047631176770237,2025-01
O001214,2025-05-02,C0063,P1002,9,1049.42,已完成,刘洋,展会线索,伺服电机B型,电机类,690,1040.91,南通华科,福建客户063,华南,广东,终端工厂,A,3877.03,1075.28,668.19,142.39,72.57,9444.78,5835.46,3609.3200000000006,0.38214971656301155,2025-05
O001215,2025-05-07,C0075,P1012,29,356.94,已完成,张伟,经销,不锈钢轴套,机加工件,315,371.9,南通华科,江苏客户075,华东,上海,终端工厂,A,6416.31,1536.17,1099.93,397.29,130.52,10351.26,9580.220000000001,771.039999999999,0.07448755030788513,2025-05
O001216,2025-07-10,C0103,P1004,8,727.61,已完成,刘洋,老客户复购,减速电机C型,电机类,541,716.52,苏州精工,上海客户103,华东,上海,终端工厂,A,3074.93,534.01,643.97,122.07,63.3,5820.88,4438.28,1382.6000000000004,0.2375242231415182,2025-07
O001217,2025-07-23,C0074,P1008,4,717.14,已完成,张伟,直销,精密齿轮箱,传动部件,523,743.47,上海工控,安徽客户074,华东,浙江,终端工厂,B,1337.2,339.23,294.34,98.04,44.38,2868.56,2113.19,755.3699999999999,0.26332724433165067,2025-07
O001218,2025-09-06,C0085,P1011,20,503.63,已完成,王强,直销,铝合金支架,机加工件,393,502.7,无锡智造,浙江客户085,华东,山东,终端工厂,A,5375.9,1309.37,898.9,302.3,73.27,10072.6,7959.74,2112.8600000000006,0.20976311975061063,2025-09
O001219,2025-09-06,C0050,P1001,13,758.58,已完成,李娜,老客户复购,伺服电机A型,电机类,522,799.93,南通华科,广东客户050,华南,广西,终端工厂,A,4498.84,1100.02,960.11,392.78,94.98,9861.54,7046.73,2814.8100000000013,0.2854331067967073,2025-09
O001220,2025-03-19,C0056,P1010,37,578.15,已完成,陈敏,展会线索,联轴器套件,传动部件,456,621.63,上海工控,山东客户056,华东,山东,设备集成商,A,11577.93,2396.63,2643.33,577.95,300.45,21391.55,17496.29,3895.2599999999984,0.18209339669168426,2025-03
O001221,2025-01-31,C0034,P1011,44,483.1,已完成,张伟,展会线索,铝合金支架,机加工件,393,502.7,无锡智造,广东客户034,华南,广东,经销商,A,12018.19,3015.46,2183.56,587.04,243.39,21256.4,18047.640000000003,3208.7599999999984,0.15095500649216229,2025-01
O001222,2025-01-29,C0056,P1011,36,478.79,已完成,赵磊,直销,铝合金支架,机加工件,393,502.7,无锡智造,山东客户056,华东,山东,设备集成商,A,9229.73,2252.86,2206.56,334.6,231.21,17236.440000000002,14254.96,2981.480000000003,0.17297539399087067,2025-01
O001223,2025-11-22,C0008,P1009,44,700.5,已完成,赵磊,直销,同步带轮组件,传动部件,565,711.1,南通华科,天津客户008,华北,北京,设备集成商,C,17644.75,3132.53,3222.65,1395.71,570.42,30822.0,25966.059999999998,4855.940000000002,0.15754785542794117,2025-11
O001224,2025-03-23,C0034,P1012,29,363.56,已完成,赵磊,直销,不锈钢轴套,机加工件,315,371.9,南通华科,广东客户034,华南,广东,经销商,A,6133.56,1109.88,971.4,374.65,72.3,10543.24,8661.789999999999,1881.4500000000007,0.17845083674468198,2025-03
O001225,2025-04-24,C0107,P1002,1,983.56,已完成,张伟,老客户复购,伺服电机B型,电机类,690,1040.91,南通华科,安徽客户107,华东,安徽,经销商,B,438.11,114.77,100.08,43.77,6.48,983.56,703.21,280.3499999999999,0.2850359917036072,2025-04
O001226,2025-03-17,C0018,P1002,12,991.84,已取消,张伟,老客户复购,伺服电机B型,电机类,690,1040.91,南通华科,上海客户018,华东,山东,经销商,B,5297.66,1407.42,1186.24,514.27,236.21,11902.08,8641.8,3260.2800000000007,0.2739252298757865,2025-03
O001227,2025-05-16,C0030,P1007,7,1039.51,已完成,王强,直销,变频控制器A型,控制器类,780,1044.88,南通华科,福建客户030,华南,广西,设备集成商,A,3857.18,825.7,647.81,254.23,106.08,7276.57,5691.0,1585.5699999999997,0.21790074169560655,2025-05
O001228,2025-09-08,C0114,P1002,2,1023.53,已完成,陈敏,展会线索,伺服电机B型,电机类,690,1040.91,南通华科,江苏客户114,华东,安徽,终端工厂,B,901.87,229.43,145.68,86.55,11.22,2047.06,1374.75,672.31,0.328427110099362,2025-09
O001229,2025-09-07,C0031,P1002,1,980.85,已完成,刘洋,直销,伺服电机B型,电机类,690,1040.91,南通华科,山东客户031,华东,上海,经销商,A,462.16,118.46,72.58,32.49,7.25,980.85,692.94,287.90999999999997,0.2935311209665086,2025-09
O001230,2025-07-05,C0074,P1009,17,728.02,已完成,赵磊,经销,同步带轮组件,传动部件,565,711.1,南通华科,安徽客户074,华东,浙江,终端工厂,B,6814.57,1632.28,1498.72,564.66,198.62,12376.34,10708.85,1667.4899999999998,0.13473207749625493,2025-07
O001231,2025-09-22,C0090,P1014,45,41.41,已完成,陈敏,老客户复购,工业线缆,配套耗材,34,41.43,南通华科,河北客户090,华北,北京,终端工厂,B,976.89,211.37,198.61,66.36,31.18,1863.4499999999998,1484.4099999999999,379.03999999999996,0.20340765783895462,2025-09
O001232,2025-03-15,C0029,P1003,13,1603.33,已取消,李娜,老客户复购,步进电机A型,电机类,1120,1636.22,常州机电,云南客户029,西南,四川,终端工厂,B,9357.65,1859.26,1877.61,427.8,321.11,20843.29,13843.43,6999.860000000001,0.3358327787983567,2025-03
O001233,2025-11-27,C0040,P1014,83,39.66,已完成,刘洋,老客户复购,工业线缆,配套耗材,34,41.43,南通华科,浙江客户040,华东,江苏,终端工厂,A,1912.08,464.12,292.94,160.52,16.46,3291.7799999999997,2846.12,445.65999999999985,0.1353857183651398,2025-11
O001234,2025-08-23,C0098,P1012,27,357.19,已取消,张伟,经销,不锈钢轴套,机加工件,315,371.9,南通华科,福建客户098,华南,广西,设备集成商,C,5549.89,1367.42,873.54,172.8,59.31,9644.13,8022.960000000001,1621.1699999999983,0.16809914424629266,2025-08
O001235,2025-04-25,C0052,P1003,14,1556.52,已完成,张伟,展会线索,步进电机A型,电机类,1120,1636.22,常州机电,广西客户052,华南,广西,终端工厂,A,10633.41,2724.49,2090.56,787.21,222.05,21791.28,16457.719999999998,5333.560000000001,0.2447566182436278,2025-04
O001236,2025-04-20,C0050,P1004,7,693.7,已完成,张伟,老客户复购,减速电机C型,电机类,541,716.52,苏州精工,广东客户050,华南,广西,终端工厂,A,2355.04,459.35,580.54,90.27,97.1,4855.900000000001,3582.2999999999997,1273.6000000000008,0.26227887724211796,2025-04
O001237,2025-04-22,C0036,P1010,13,639.44,已完成,刘洋,老客户复购,联轴器套件,传动部件,456,621.63,上海工控,北京客户036,华北,河北,终端工厂,C,3772.83,951.31,930.32,230.1,133.14,8312.720000000001,6017.7,2295.0200000000013,0.2760853246590768,2025-04
O001238,2025-05-03,C0113,P1013,36,161.35,已完成,刘洋,经销,CNC定制件,机加工件,138,172.93,南通华科,安徽客户113,华东,浙江,经销商,B,3254.47,687.06,556.95,254.03,51.47,5808.599999999999,4803.98,1004.6199999999999,0.17295389594738836,2025-05
O001239,2025-07-16,C0096,P1002,4,981.49,已完成,李娜,老客户复购,伺服电机B型,电机类,690,1040.91,南通华科,天津客户096,华北,北京,经销商,C,1789.35,496.63,330.2,116.98,77.93,3925.96,2811.0899999999997,1114.8700000000003,0.2839738560759662,2025-07
O001240,2025-07-27,C0016,P1011,12,489.46,已完成,李娜,直销,铝合金支架,机加工件,393,502.7,无锡智造,北京客户016,华北,天津,终端工厂,B,3098.08,669.53,705.81,152.23,49.96,5873.5199999999995,4675.61,1197.9099999999999,0.20395095275065037,2025-07
O001241,2025-07-10,C0038,P1012,27,357.67,已完成,赵磊,展会线索,不锈钢轴套,机加工件,315,371.9,南通华科,江苏客户038,华东,安徽,终端工厂,A,5633.04,1378.14,872.57,271.24,98.44,9657.09,8253.43,1403.6599999999999,0.14535020383987307,2025-07
O001242,2025-05-03,C0114,P1012,37,373.42,已完成,张伟,老客户复购,不锈钢轴套,机加工件,315,371.9,南通华科,江苏客户114,华东,安徽,终端工厂,B,7511.44,1856.14,1368.29,500.65,173.61,13816.54,11410.13,2406.4100000000017,0.17416878610708625,2025-05
O001243,2025-09-29,C0069,P1007,17,978.34,已完成,王强,直销,变频控制器A型,控制器类,780,1044.88,南通华科,山东客户069,华东,安徽,设备集成商,B,8509.19,1803.28,1461.73,282.44,237.63,16631.78,12294.27,4337.509999999998,0.2607964992321927,2025-09
O001244,2025-07-02,C0098,P1002,1,987.45,已完成,赵磊,展会线索,伺服电机B型,电机类,690,1040.91,南通华科,福建客户098,华南,广西,设备集成商,C,474.22,89.67,94.48,48.75,6.04,987.45,713.16,274.2900000000001,0.27777608992860403,2025-07
O001245,2025-11-07,C0080,P1014,10,39.82,已取消,王强,经销,工业线缆,配套耗材,34,41.43,南通华科,广西客户080,华南,广东,终端工厂,B,227.47,55.75,34.94,16.82,7.84,398.2,342.82,55.379999999999995,0.13907584128578604,2025-11
O001246,2025-10-08,C0105,P1004,11,665.56,已完成,李娜,直销,减速电机C型,电机类,541,716.52,苏州精工,安徽客户105,华东,安徽,设备集成商,B,3742.28,1007.71,730.28,146.75,90.77,7321.16,5717.79,1603.37,0.21900491178993492,2025-10
O001247,2025-04-30,C0031,P1015,19,73.87,已完成,张伟,经销,传感器支架,配套耗材,70,84.31,苏州精工,山东客户031,华东,上海,经销商,A,834.11,201.26,134.54,56.84,17.29,1403.5300000000002,1244.0399999999997,159.49000000000046,0.11363490627204295,2025-04
O001248,2025-07-29,C0027,P1005,16,1470.44,已完成,陈敏,老客户复购,PLC控制器标准版,控制器类,980,1458.49,苏州精工,浙江客户027,华东,浙江,终端工厂,A,10441.22,2066.18,1907.88,502.67,377.16,23527.04,15295.109999999999,8231.930000000002,0.34989229414324974,2025-07
O001249,2025-03-21,C0009,P1003,3,1675.13,已完成,王强,经销,步进电机A型,电机类,1120,1636.22,常州机电,安徽客户009,华东,浙江,终端工厂,A,2150.07,527.54,392.37,190.94,65.87,5025.39,3326.79,1698.6000000000004,0.33800361762967657,2025-03
O001250,2025-12-12,C0032,P1002,2,1038.93,已完成,王强,老客户复购,伺服电机B型,电机类,690,1040.91,南通华科,天津客户032,华北,天津,设备集成商,B,914.03,221.32,172.42,90.9,33.13,2077.86,1431.8000000000002,646.06,0.3109256639042091,2025-12
O001251,2025-03-21,C0003,P1008,19,723.42,已取消,李娜,直销,精密齿轮箱,传动部件,523,743.47,上海工控,上海客户003,华东,安徽,终端工厂,A,6698.17,1715.36,1487.88,462.03,82.84,13744.98,10446.28,3298.699999999999,0.2399930738349564,2025-03
O001252,2025-08-27,C0037,P1011,36,486.48,已完成,李娜,展会线索,铝合金支架,机加工件,393,502.7,无锡智造,福建客户037,华南,广东,经销商,B,9572.53,1999.33,1873.29,659.37,256.96,17513.28,14361.480000000001,3151.7999999999975,0.17996628843940127,2025-08
O001253,2025-08-15,C0070,P1016,88,93.23,已完成,王强,经销,密封圈套装,配套耗材,83,101.3,苏州精工,四川客户070,西南,四川,设备集成商,B,5020.42,1174.16,778.29,178.11,118.62,8204.24,7269.599999999999,934.6400000000003,0.11392158201125276,2025-08
O001254,2025-05-29,C0064,P1005,5,1262.9,已完成,王强,展会线索,PLC控制器标准版,控制器类,980,1458.49,苏州精工,江苏客户064,华东,浙江,经销商,B,3238.0,812.28,526.72,137.05,84.47,6314.5,4798.52,1515.9799999999996,0.2400791828331617,2025-05
O001255,2025-04-24,C0080,P1011,17,502.82,已完成,王强,老客户复购,铝合金支架,机加工件,393,502.7,无锡智造,广西客户080,华南,广东,终端工厂,B,4476.77,908.51,831.79,138.68,47.49,8547.94,6403.240000000001,2144.7,0.2509025566393774,2025-04
O001256,2025-10-18,C0097,P1014,103,38.73,已完成,张伟,经销,工业线缆,配套耗材,34,41.43,南通华科,上海客户097,华东,安徽,经销商,C,2204.48,541.44,531.68,96.17,21.98,3989.1899999999996,3395.75,593.4399999999996,0.1487620293844113,2025-10
O001257,2025-06-03,C0014,P1003,7,1486.6,已完成,张伟,老客户复购,步进电机A型,电机类,1120,1636.22,常州机电,江苏客户014,华东,上海,设备集成商,B,5416.36,1343.16,849.0,296.59,76.81,10406.199999999999,7981.92,2424.279999999999,0.23296496319501828,2025-06
O001258,2025-06-08,C0059,P1014,40,35.7,已完成,李娜,经销,工业线缆,配套耗材,34,41.43,南通华科,河北客户059,华北,河北,经销商,B,857.66,216.09,214.95,55.31,28.23,1428.0,1372.24,55.75999999999999,0.03904761904761904,2025-06
O001259,2025-12-23,C0075,P1011,16,494.92,已完成,刘洋,直销,铝合金支架,机加工件,393,502.7,无锡智造,江苏客户075,华东,上海,终端工厂,A,4171.71,1093.31,706.17,151.46,123.04,7918.72,6245.6900000000005,1673.0299999999997,0.21127530712034265,2025-12
O001260,2025-12-22,C0090,P1007,17,1019.62,已完成,张伟,直销,变频控制器A型,控制器类,780,1044.88,南通华科,河北客户090,华北,北京,终端工厂,B,8713.69,1843.95,1860.07,462.32,235.53,17333.54,13115.560000000001,4217.98,0.24334209861343958,2025-12
O001261,2025-09-22,C0003,P1011,8,499.13,已完成,赵磊,展会线索,铝合金支架,机加工件,393,502.7,无锡智造,上海客户003,华东,安徽,终端工厂,A,2043.43,525.13,373.33,134.66,21.35,3993.04,3097.8999999999996,895.1400000000003,0.2241750646124257,2025-09
O001262,2025-09-07,C0081,P1014,94,39.08,已完成,李娜,直销,工业线缆,配套耗材,34,41.43,南通华科,安徽客户081,华东,江苏,经销商,B,2234.56,502.48,356.46,82.79,32.83,3673.52,3209.12,464.4000000000001,0.12641825823733097,2025-09
O001263,2025-03-10,C0064,P1013,37,163.21,已完成,赵磊,展会线索,CNC定制件,机加工件,138,172.93,南通华科,江苏客户064,华东,浙江,经销商,B,3460.1,780.7,594.5,237.28,110.72,6038.77,5183.3,855.4700000000003,0.14166295454206737,2025-03
O001264,2025-10-28,C0096,P1004,15,666.61,已完成,李娜,老客户复购,减速电机C型,电机类,541,716.52,苏州精工,天津客户096,华北,北京,经销商,C,5066.61,1176.93,1100.48,355.22,52.93,9999.15,7752.170000000001,2246.9799999999987,0.22471710095358094,2025-10
O001265,2025-08-31,C0042,P1006,3,2432.08,已完成,赵磊,老客户复购,PLC控制器增强版,控制器类,1773,2443.12,苏州精工,重庆客户042,西南,云南,终端工厂,B,4216.57,658.01,713.48,274.26,53.96,7296.24,5916.28,1379.96,0.18913303290461939,2025-08
O001266,2025-11-10,C0074,P1006,3,2487.16,已完成,赵磊,直销,PLC控制器增强版,控制器类,1773,2443.12,苏州精工,安徽客户074,华东,浙江,终端工厂,B,3473.2,899.91,594.02,255.12,124.94,7461.48,5347.189999999999,2114.290000000001,0.28336067375373264,2025-11
O001267,2025-12-13,C0014,P1003,8,1507.11,已完成,赵磊,直销,步进电机A型,电机类,1120,1636.22,常州机电,江苏客户014,华东,上海,设备集成商,B,6298.5,1433.55,1057.03,528.17,194.51,12056.88,9511.76,2545.119999999999,0.21109275368088587,2025-12
O001268,2025-12-02,C0085,P1008,42,729.95,已完成,赵磊,经销,精密齿轮箱,传动部件,523,743.47,上海工控,浙江客户085,华东,山东,终端工厂,A,15166.36,2724.67,2253.62,1206.01,587.77,30657.9,21938.429999999997,8719.470000000005,0.28441184816963994,2025-12
O001269,2025-09-02,C0053,P1012,6,381.08,已完成,李娜,展会线索,不锈钢轴套,机加工件,315,371.9,南通华科,河北客户053,华北,河北,终端工厂,A,1318.03,321.09,250.8,58.67,34.68,2286.48,1983.27,303.21000000000004,0.13260995066652673,2025-09
O001270,2025-02-26,C0069,P1003,13,1631.0,已完成,赵磊,经销,步进电机A型,电机类,1120,1636.22,常州机电,山东客户069,华东,安徽,设备集成商,B,10063.83,2337.19,2283.05,590.53,118.63,21203.0,15393.23,5809.77,0.27400698014431923,2025-02
O001271,2025-01-31,C0006,P1011,10,471.33,已完成,陈敏,老客户复购,铝合金支架,机加工件,393,502.7,无锡智造,福建客户006,华南,广东,经销商,B,2793.62,509.45,557.43,214.75,45.49,4713.3,4120.74,592.5600000000004,0.12572083253771252,2025-01
O001272,2025-06-20,C0102,P1007,17,1000.74,已完成,陈敏,经销,变频控制器A型,控制器类,780,1044.88,南通华科,北京客户102,华北,天津,终端工厂,C,9322.33,1855.39,1957.91,296.77,252.27,17012.58,13684.67,3327.9100000000017,0.1956146569185862,2025-06
O001273,2025-06-30,C0058,P1008,26,707.73,已完成,王强,经销,精密齿轮箱,传动部件,523,743.47,上海工控,湖南客户058,华中,湖南,终端工厂,B,9351.53,2032.7,1920.38,870.58,294.56,18400.98,14469.75,3931.2299999999996,0.21364242556646437,2025-06
O001274,2025-08-01,C0085,P1010,43,628.52,已完成,李娜,老客户复购,联轴器套件,传动部件,456,621.63,上海工控,浙江客户085,华东,山东,终端工厂,A,14041.87,2880.74,2582.32,654.87,534.69,27026.36,20694.489999999998,6331.870000000003,0.23428497215311284,2025-08
O001275,2025-03-06,C0059,P1011,17,460.6,已完成,陈敏,直销,铝合金支架,机加工件,393,502.7,无锡智造,河北客户059,华北,河北,经销商,B,4179.06,945.48,787.43,223.38,146.94,7830.200000000001,6282.290000000001,1547.9099999999999,0.19768460575719646,2025-03
O001276,2025-05-19,C0029,P1009,10,690.24,已完成,刘洋,老客户复购,同步带轮组件,传动部件,565,711.1,南通华科,云南客户029,西南,四川,终端工厂,B,3710.94,988.86,708.51,310.03,88.53,6902.4,5806.87,1095.5299999999997,0.1587172577654149,2025-05
O001277,2025-12-09,C0104,P1004,12,718.87,已完成,赵磊,老客户复购,减速电机C型,电机类,541,716.52,苏州精工,安徽客户104,华东,安徽,终端工厂,B,4227.17,954.07,814.5,207.87,80.61,8626.44,6284.219999999999,2342.220000000001,0.27151640769541097,2025-12
O001278,2025-08-26,C0074,P1002,4,994.91,已完成,王强,经销,伺服电机B型,电机类,690,1040.91,南通华科,安徽客户074,华东,浙江,终端工厂,B,2375.69,386.84,379.4,113.54,62.42,3979.64,3317.8900000000003,661.7499999999995,0.1662838849745202,2025-08
O001279,2025-06-17,C0056,P1013,7,165.72,已完成,陈敏,老客户复购,CNC定制件,机加工件,138,172.93,南通华科,山东客户056,华东,山东,设备集成商,A,635.35,142.73,106.11,33.33,18.45,1160.04,935.9700000000001,224.06999999999982,0.19315713251267183,2025-06
O001280,2025-01-14,C0056,P1003,7,1472.86,已完成,张伟,老客户复购,步进电机A型,电机类,1120,1636.22,常州机电,山东客户056,华东,山东,设备集成商,A,5031.25,1026.44,961.05,450.06,148.0,10310.019999999999,7616.800000000001,2693.2199999999975,0.26122354757798705,2025-01
O001281,2025-07-06,C0056,P1016,56,100.85,已完成,李娜,展会线索,密封圈套装,配套耗材,83,101.3,苏州精工,山东客户056,华东,山东,设备集成商,A,3326.84,810.02,506.95,93.13,62.05,5647.599999999999,4798.990000000001,848.6099999999988,0.1502602875557757,2025-07
O001282,2025-09-09,C0040,P1003,9,1560.12,已完成,王强,展会线索,步进电机A型,电机类,1120,1636.22,常州机电,浙江客户040,华东,江苏,终端工厂,A,6775.86,1521.42,1089.11,271.96,80.08,14041.079999999998,9738.429999999998,4302.65,0.3064329809387882,2025-09
O001283,2025-04-06,C0110,P1006,4,2355.54,已完成,赵磊,直销,PLC控制器增强版,控制器类,1773,2443.12,苏州精工,云南客户110,西南,云南,终端工厂,A,5000.47,1254.32,758.43,211.61,59.81,9422.16,7284.64,2137.5199999999995,0.22686093210049496,2025-04
O001284,2025-07-27,C0017,P1003,11,1544.86,已完成,李娜,展会线索,步进电机A型,电机类,1120,1636.22,常州机电,广西客户017,华南,广西,终端工厂,B,8719.48,2187.08,1425.52,435.46,177.41,16993.46,12944.949999999999,4048.51,0.23823929911860212,2025-07
O001285,2025-01-28,C0031,P1007,15,992.3,已完成,张伟,老客户复购,变频控制器A型,控制器类,780,1044.88,南通华科,山东客户031,华东,上海,经销商,A,7841.88,1883.09,1524.08,718.7,96.73,14884.5,12064.48,2820.0200000000004,0.18946017669387621,2025-01
O001286,2025-12-14,C0051,P1003,14,1576.53,已完成,李娜,经销,步进电机A型,电机类,1120,1636.22,常州机电,广西客户051,华南,广东,终端工厂,C,10973.81,2196.28,1923.2,878.64,418.05,22071.42,16389.98,5681.439999999999,0.25741162100127674,2025-12
O001287,2025-03-21,C0035,P1014,58,41.53,已完成,刘洋,直销,工业线缆,配套耗材,34,41.43,南通华科,江苏客户035,华东,浙江,终端工厂,A,1363.87,328.44,286.03,63.19,39.39,2408.7400000000002,2080.92,327.82000000000016,0.136096050217126,2025-03
O001288,2025-02-25,C0090,P1003,1,1568.05,已完成,陈敏,老客户复购,步进电机A型,电机类,1120,1636.22,常州机电,河北客户090,华北,北京,终端工厂,B,782.27,170.24,148.07,65.22,27.06,1568.05,1192.86,375.19000000000005,0.23927170689710153,2025-02
O001289,2025-02-09,C0034,P1012,32,333.62,已完成,陈敏,展会线索,不锈钢轴套,机加工件,315,371.9,南通华科,广东客户034,华南,广东,经销商,A,6589.49,1694.38,1500.43,247.62,168.19,10675.84,10200.11,475.72999999999956,0.04456136472633531,2025-02
O001290,2025-04-25,C0002,P1003,16,1440.74,已完成,赵磊,经销,步进电机A型,电机类,1120,1636.22,常州机电,广东客户002,华南,福建,经销商,B,11444.67,2250.45,2409.75,1078.89,127.52,23051.84,17311.28,5740.560000000001,0.24902827713536105,2025-04
O001291,2025-04-03,C0082,P1008,41,639.65,已完成,陈敏,直销,精密齿轮箱,传动部件,523,743.47,上海工控,河北客户082,华北,河北,经销商,A,15066.93,3224.78,3251.91,1167.61,475.45,26225.649999999998,23186.68,3038.9699999999975,0.11587777614663498,2025-04
O001292,2025-01-09,C0051,P1004,12,682.35,已完成,李娜,经销,减速电机C型,电机类,541,716.52,苏州精工,广西客户051,华南,广东,终端工厂,C,4524.19,1107.4,717.77,209.9,70.72,8188.200000000001,6629.9800000000005,1558.2200000000003,0.1903006765833761,2025-01
O001293,2025-03-17,C0011,P1012,19,361.72,已完成,赵磊,直销,不锈钢轴套,机加工件,315,371.9,南通华科,上海客户011,华东,上海,经销商,A,4155.04,773.37,663.94,314.52,107.13,6872.68,6014.000000000001,858.6799999999994,0.12494107102323974,2025-03
O001294,2025-09-01,C0041,P1006,1,2333.94,已完成,李娜,直销,PLC控制器增强版,控制器类,1773,2443.12,苏州精工,福建客户041,华南,广东,终端工厂,A,1254.46,227.58,219.74,58.14,12.01,2333.94,1771.93,562.01,0.24079882087800028,2025-09
O001295,2025-12-01,C0074,P1015,102,84.49,已完成,李娜,展会线索,传感器支架,配套耗材,70,84.31,苏州精工,安徽客户074,华东,浙江,终端工厂,B,4629.95,1019.41,753.51,300.14,92.62,8617.98,6795.63,1822.3499999999995,0.21145906581356647,2025-12
O001296,2025-03-01,C0111,P1004,11,675.37,已完成,赵磊,直销,减速电机C型,电机类,541,716.52,苏州精工,广东客户111,华南,广东,经销商,A,3717.27,965.48,855.5,328.41,91.25,7429.07,5957.91,1471.1599999999999,0.19802747854038258,2025-03
O001297,2025-02-17,C0051,P1007,3,1025.19,已完成,刘洋,老客户复购,变频控制器A型,控制器类,780,1044.88,南通华科,广西客户051,华南,广东,终端工厂,C,1677.47,409.13,311.41,94.03,15.52,3075.57,2507.56,568.0100000000002,0.18468446499348096,2025-02
O001298,2025-03-03,C0097,P1010,9,536.28,已取消,李娜,展会线索,联轴器套件,传动部件,456,621.63,上海工控,上海客户097,华东,安徽,经销商,C,2836.27,631.59,641.26,172.78,96.01,4826.5199999999995,4377.91,448.6099999999997,0.09294688512634355,2025-03
O001299,2025-01-04,C0048,P1010,27,535.95,已完成,陈敏,展会线索,联轴器套件,传动部件,456,621.63,上海工控,江苏客户048,华东,山东,经销商,A,8684.66,2181.88,1473.25,292.69,245.32,14470.650000000001,12877.800000000001,1592.8500000000004,0.11007453016968831,2025-01
O001300,2025-10-20,C0065,P1005,14,1336.69,已完成,陈敏,经销,PLC控制器标准版,控制器类,980,1458.49,苏州精工,安徽客户065,华东,山东,经销商,B,9585.06,1820.46,2001.54,661.88,124.31,18713.66,14193.25,4520.41,0.24155670243020338,2025-10
O001301,2025-07-16,C0017,P1013,42,168.75,已完成,李娜,老客户复购,CNC定制件,机加工件,138,172.93,南通华科,广西客户017,华南,广西,终端工厂,B,3884.35,1019.33,755.73,301.96,38.51,7087.5,5999.88,1087.62,0.15345608465608465,2025-07
O001302,2025-08-09,C0013,P1014,118,37.98,已完成,刘洋,老客户复购,工业线缆,配套耗材,34,41.43,南通华科,湖北客户013,华中,湖北,设备集成商,B,2779.55,709.36,521.45,120.2,65.88,4481.639999999999,4196.4400000000005,285.1999999999989,0.06363741844503328,2025-08
O001303,2025-10-25,C0083,P1001,4,807.52,已取消,赵磊,直销,伺服电机A型,电机类,522,799.93,南通华科,浙江客户083,华东,山东,终端工厂,B,1485.88,272.71,259.37,66.12,40.21,3230.08,2124.29,1105.79,0.3423413661581137,2025-10
O001304,2025-11-15,C0117,P1011,9,461.75,已完成,陈敏,经销,铝合金支架,机加工件,393,502.7,无锡智造,上海客户117,华东,安徽,经销商,B,2384.09,624.82,441.24,144.8,75.96,4155.75,3670.9100000000008,484.83999999999924,0.11666726824279594,2025-11
O001305,2025-09-12,C0034,P1006,4,2183.38,已完成,李娜,展会线索,PLC控制器增强版,控制器类,1773,2443.12,苏州精工,广东客户034,华南,广东,经销商,A,4624.98,1137.91,1031.39,232.04,65.2,8733.52,7091.5199999999995,1642.000000000001,0.18801124861453353,2025-09
O001306,2025-07-17,C0082,P1003,5,1449.52,已完成,赵磊,直销,步进电机A型,电机类,1120,1636.22,常州机电,河北客户082,华北,河北,经销商,A,3753.63,791.89,649.53,355.64,90.83,7247.6,5641.52,1606.08,0.22160163364424082,2025-07
O001307,2025-05-11,C0107,P1003,17,1434.22,已完成,赵磊,直销,步进电机A型,电机类,1120,1636.22,常州机电,安徽客户107,华东,安徽,经销商,B,13435.53,2507.93,2977.22,1043.66,417.67,24381.74,20382.01,3999.730000000003,0.1640461263224037,2025-05
O001308,2025-04-15,C0063,P1010,21,592.45,已完成,赵磊,直销,联轴器套件,传动部件,456,621.63,上海工控,福建客户063,华南,广东,终端工厂,A,6310.36,1428.15,1298.52,530.53,220.66,12441.45,9788.220000000001,2653.2299999999996,0.21325729717999103,2025-04
O001309,2025-02-14,C0090,P1008,39,703.3,已完成,刘洋,经销,精密齿轮箱,传动部件,523,743.47,上海工控,河北客户090,华北,北京,终端工厂,B,12805.33,3554.05,3187.03,980.61,213.98,27428.699999999997,20741.0,6687.699999999997,0.24382125292121018,2025-02
O001310,2025-10-09,C0061,P1012,32,354.76,已完成,赵磊,直销,不锈钢轴套,机加工件,315,371.9,南通华科,江苏客户061,华东,山东,终端工厂,A,7074.56,1541.39,1502.24,494.03,71.53,11352.32,10683.750000000002,668.5699999999979,0.058892807813733045,2025-10
O001311,2025-04-15,C0060,P1002,9,1040.2,已完成,刘洋,展会线索,伺服电机B型,电机类,690,1040.91,南通华科,广西客户060,华南,广东,设备集成商,A,4227.16,925.22,973.52,237.63,75.74,9361.800000000001,6439.2699999999995,2922.5300000000016,0.3121760772501016,2025-04
O001312,2025-11-10,C0109,P1006,6,2129.73,已完成,王强,直销,PLC控制器增强版,控制器类,1773,2443.12,苏州精工,浙江客户109,华东,安徽,经销商,B,7549.88,1371.48,1501.99,325.86,172.73,12778.380000000001,10921.94,1856.4400000000005,0.145279761597323,2025-11
O001313,2025-09-10,C0120,P1003,3,1411.15,已完成,陈敏,经销,步进电机A型,电机类,1120,1636.22,常州机电,浙江客户120,华东,山东,经销商,C,2290.25,487.34,532.55,83.04,46.02,4233.450000000001,3439.2000000000003,794.2500000000005,0.1876129398008717,2025-09
O001314,2025-03-30,C0105,P1004,15,683.74,已取消,陈敏,展会线索,减速电机C型,电机类,541,716.52,苏州精工,安徽客户105,华东,安徽,设备集成商,B,5380.57,1281.06,1009.79,188.67,197.03,10256.1,8057.119999999999,2198.9800000000014,0.21440703581283346,2025-03
O001315,2025-08-25,C0036,P1012,5,381.28,已完成,刘洋,直销,不锈钢轴套,机加工件,315,371.9,南通华科,北京客户036,华北,河北,终端工厂,C,1042.03,221.38,199.72,43.05,12.4,1906.3999999999999,1518.58,387.81999999999994,0.20343054972723457,2025-08
O001316,2025-03-31,C0101,P1006,5,2416.73,已完成,王强,展会线索,PLC控制器增强版,控制器类,1773,2443.12,苏州精工,湖南客户101,华中,河南,终端工厂,A,5628.01,1152.44,991.64,358.87,173.5,12083.65,8304.460000000001,3779.1899999999987,0.3127523554555121,2025-03
O001317,2025-04-30,C0054,P1002,12,1039.46,已完成,张伟,老客户复购,伺服电机B型,电机类,690,1040.91,南通华科,天津客户054,华北,北京,终端工厂,A,5654.32,993.65,1285.53,546.34,242.72,12473.52,8722.559999999998,3750.9600000000028,0.30071383218209474,2025-04
O001318,2025-02-13,C0071,P1005,4,1289.92,已完成,赵磊,展会线索,PLC控制器标准版,控制器类,980,1458.49,苏州精工,湖北客户071,华中,湖北,经销商,A,2571.51,626.76,431.52,224.94,38.29,5159.68,3893.0200000000004,1266.6599999999999,0.24549196849417013,2025-02
O001319,2025-04-19,C0060,P1016,28,96.78,已完成,张伟,直销,密封圈套装,配套耗材,83,101.3,苏州精工,广西客户060,华南,广东,设备集成商,A,1516.64,347.32,315.3,93.73,17.7,2709.84,2290.69,419.1500000000001,0.15467702890207544,2025-04
O001320,2025-01-10,C0002,P1003,14,1450.56,已完成,张伟,直销,步进电机A型,电机类,1120,1636.22,常州机电,广东客户002,华南,福建,经销商,B,10382.79,2749.87,2388.72,724.53,275.88,20307.84,16521.79,3786.0499999999993,0.18643292442721626,2025-01
O001321,2025-11-07,C0027,P1001,16,787.91,已完成,李娜,老客户复购,伺服电机A型,电机类,522,799.93,南通华科,浙江客户027,华东,浙江,终端工厂,A,5271.51,1102.59,961.8,404.5,201.33,12606.56,7941.7300000000005,4664.829999999999,0.37003195161883967,2025-11
O001322,2025-05-27,C0019,P1001,13,823.01,已完成,张伟,经销,伺服电机A型,电机类,522,799.93,南通华科,湖北客户019,华中,河南,终端工厂,B,4519.97,865.65,857.49,221.39,174.04,10699.13,6638.54,4060.5899999999992,0.37952525111854885,2025-05
O001323,2025-11-02,C0071,P1004,5,661.24,已完成,赵磊,老客户复购,减速电机C型,电机类,541,716.52,苏州精工,湖北客户071,华中,湖北,经销商,A,1722.14,402.92,383.04,76.0,20.3,3306.2,2604.4,701.7999999999997,0.2122678603835218,2025-11
O001324,2025-12-19,C0033,P1001,10,752.36,已完成,赵磊,展会线索,伺服电机A型,电机类,522,799.93,南通华科,江苏客户033,华东,浙江,终端工厂,B,3530.44,643.38,706.09,311.27,74.78,7523.6,5265.96,2257.6400000000003,0.30007443245254933,2025-12
O001325,2025-07-19,C0058,P1009,30,690.82,已完成,赵磊,老客户复购,同步带轮组件,传动部件,565,711.1,南通华科,湖南客户058,华中,湖南,终端工厂,B,11336.75,2978.55,2174.12,1033.73,152.43,20724.600000000002,17675.579999999998,3049.020000000004,0.1471208129469328,2025-07
O001326,2025-08-02,C0091,P1014,73,35.97,退货,陈敏,经销,工业线缆,配套耗材,34,41.43,南通华科,广东客户091,华南,广东,经销商,A,1714.8,395.03,378.1,47.88,24.17,2625.81,2559.98,65.82999999999993,0.025070359241529252,2025-08
O001327,2025-08-14,C0062,P1011,37,483.31,已完成,赵磊,展会线索,铝合金支架,机加工件,393,502.7,无锡智造,浙江客户062,华东,上海,经销商,C,9207.62,2559.01,1826.32,837.83,168.38,17882.47,14599.16,3283.3100000000013,0.18360494942812716,2025-08
O001328,2025-06-14,C0109,P1013,26,153.29,已完成,赵磊,展会线索,CNC定制件,机加工件,138,172.93,南通华科,浙江客户109,华东,安徽,经销商,B,2269.9,494.4,487.36,177.69,42.97,3985.54,3472.32,513.2199999999998,0.12877050537693757,2025-06
O001329,2025-07-23,C0102,P1010,26,604.25,已完成,王强,老客户复购,联轴器套件,传动部件,456,621.63,上海工控,北京客户102,华北,天津,终端工厂,C,8435.32,1596.46,1678.96,640.2,143.11,15710.5,12494.05,3216.4500000000007,0.2047325037395373,2025-07
O001330,2025-07-19,C0098,P1007,8,987.2,已完成,陈敏,经销,变频控制器A型,控制器类,780,1044.88,南通华科,福建客户098,华南,广西,设备集成商,C,3885.63,885.54,640.92,367.45,152.45,7897.6,5931.99,1965.6100000000006,0.24888700364667754,2025-07
O001331,2025-02-12,C0012,P1009,30,678.69,已完成,刘洋,直销,同步带轮组件,传动部件,565,711.1,南通华科,云南客户012,西南,云南,终端工厂,A,11755.47,2773.04,1939.99,358.09,346.77,20360.7,17173.36,3187.34,0.15654373376160938,2025-02
O001332,2025-03-02,C0063,P1007,4,991.95,已完成,陈敏,经销,变频控制器A型,控制器类,780,1044.88,南通华科,福建客户063,华南,广东,终端工厂,A,2108.86,502.0,457.95,116.38,28.44,3967.8,3213.63,754.1700000000001,0.19007258430364435,2025-03
O001333,2025-01-02,C0091,P1003,17,1595.22,已完成,赵磊,展会线索,步进电机A型,电机类,1120,1636.22,常州机电,广东客户091,华南,广东,经销商,A,13318.55,2803.18,2848.68,822.23,223.87,27118.74,20016.51,7102.230000000003,0.2618938048006656,2025-01
O001334,2025-04-12,C0040,P1003,16,1646.53,已完成,赵磊,直销,步进电机A型,电机类,1120,1636.22,常州机电,浙江客户040,华东,江苏,终端工厂,A,11416.84,2950.26,2410.12,768.23,326.19,26344.48,17871.64,8472.84,0.3216172799766782,2025-04
O001335,2025-06-08,C0109,P1003,1,1458.4,已完成,刘洋,直销,步进电机A型,电机类,1120,1636.22,常州机电,浙江客户109,华东,安徽,经销商,B,755.96,150.49,137.41,36.8,15.79,1458.4,1096.45,361.95000000000005,0.24818294020844764,2025-06
O001336,2025-02-16,C0032,P1004,12,669.17,已完成,李娜,展会线索,减速电机C型,电机类,541,716.52,苏州精工,天津客户032,华北,天津,设备集成商,B,4350.0,846.57,802.48,228.79,74.6,8030.039999999999,6302.44,1727.5999999999995,0.21514214125957026,2025-02
O001337,2025-09-18,C0030,P1012,44,340.79,已取消,陈敏,直销,不锈钢轴套,机加工件,315,371.9,南通华科,福建客户030,华南,广西,设备集成商,A,9977.12,1724.43,1920.68,316.47,263.8,14994.76,14202.5,792.2600000000002,0.05283579063619559,2025-09
O001338,2025-01-29,C0069,P1007,10,1010.21,已完成,李娜,老客户复购,变频控制器A型,控制器类,780,1044.88,南通华科,山东客户069,华东,安徽,设备集成商,B,5549.07,1123.89,1165.39,239.89,71.74,10102.1,8149.9800000000005,1952.12,0.193239029508716,2025-01
O001339,2025-09-18,C0117,P1007,16,961.33,已完成,张伟,展会线索,变频控制器A型,控制器类,780,1044.88,南通华科,上海客户117,华东,安徽,经销商,B,8131.82,1753.45,1545.54,431.5,171.77,15381.28,12034.080000000002,3347.199999999999,0.2176151789708008,2025-09
O001340,2025-02-27,C0059,P1012,42,326.39,已取消,陈敏,老客户复购,不锈钢轴套,机加工件,315,371.9,南通华科,河北客户059,华北,河北,经销商,B,9141.97,1782.54,1337.75,440.57,160.72,13708.38,12863.549999999997,844.8300000000017,0.06162872637029334,2025-02
O001341,2025-03-29,C0035,P1003,9,1544.01,已完成,赵磊,直销,步进电机A型,电机类,1120,1636.22,常州机电,江苏客户035,华东,浙江,终端工厂,A,6310.15,1290.52,1316.4,322.62,252.41,13896.09,9492.1,4403.99,0.31692296178277485,2025-03
O001342,2025-03-21,C0011,P1001,12,756.03,已取消,李娜,展会线索,伺服电机A型,电机类,522,799.93,南通华科,上海客户011,华东,上海,经销商,A,3992.23,759.24,794.61,449.22,131.62,9072.36,6126.92,2945.4400000000005,0.3246608379738018,2025-03
O001343,2025-01-07,C0070,P1005,6,1440.77,已完成,李娜,老客户复购,PLC控制器标准版,控制器类,980,1458.49,苏州精工,四川客户070,西南,四川,设备集成商,B,3853.77,711.55,759.09,192.14,127.22,8644.619999999999,5643.77,3000.8499999999985,0.34713498106336643,2025-01
O001344,2025-11-26,C0051,P1006,6,2481.66,已完成,赵磊,经销,PLC控制器增强版,控制器类,1773,2443.12,苏州精工,广西客户051,华南,广东,终端工厂,C,7215.76,1445.84,1107.77,616.83,205.21,14889.96,10591.41,4298.549999999999,0.28868781380205183,2025-11
O001345,2025-07-03,C0087,P1008,41,719.52,已完成,刘洋,直销,精密齿轮箱,传动部件,523,743.47,上海工控,山东客户087,华东,江苏,终端工厂,A,15100.43,2907.41,2984.26,565.04,276.63,29500.32,21833.77,7666.549999999999,0.25988023180765496,2025-07
O001346,2025-09-02,C0007,P1009,36,704.26,已完成,刘洋,直销,同步带轮组件,传动部件,565,711.1,南通华科,福建客户007,华南,广西,终端工厂,A,13946.2,3448.34,2425.66,1089.18,384.52,25353.36,21293.9,4059.459999999999,0.16011526677331916,2025-09
O001347,2025-04-10,C0089,P1015,27,79.11,退货,张伟,老客户复购,传感器支架,配套耗材,70,84.31,苏州精工,河北客户089,华北,天津,经销商,C,1237.7,326.18,246.75,80.5,26.56,2135.97,1917.69,218.27999999999975,0.10219244652312522,2025-04
O001348,2025-06-26,C0058,P1001,9,818.19,已完成,王强,展会线索,伺服电机A型,电机类,522,799.93,南通华科,湖南客户058,华中,湖南,终端工厂,B,3125.45,802.79,552.87,119.9,134.0,7363.710000000001,4735.009999999999,2628.7000000000016,0.356980380813476,2025-06
O001349,2025-01-19,C0074,P1002,7,1000.82,已完成,李娜,直销,伺服电机B型,电机类,690,1040.91,南通华科,安徽客户074,华东,浙江,终端工厂,B,3393.09,685.83,536.74,270.73,43.31,7005.740000000001,4929.7,2076.040000000001,0.2963341488550818,2025-01
O001350,2025-02-15,C0087,P1013,10,171.36,已完成,张伟,直销,CNC定制件,机加工件,138,172.93,南通华科,山东客户087,华东,江苏,终端工厂,A,914.08,172.71,187.51,27.34,24.74,1713.6000000000001,1326.3799999999999,387.22000000000025,0.22596872082166214,2025-02
O001351,2025-11-29,C0028,P1002,7,909.24,已完成,刘洋,老客户复购,伺服电机B型,电机类,690,1040.91,南通华科,广东客户028,华南,广东,经销商,B,3319.76,720.77,533.72,118.06,61.73,6364.68,4754.04,1610.6400000000003,0.2530590697411339,2025-11
O001352,2025-08-22,C0111,P1003,14,1494.11,已完成,王强,经销,步进电机A型,电机类,1120,1636.22,常州机电,广东客户111,华南,广东,经销商,A,13122.03,2485.79,1569.18,834.34,328.21,20917.539999999997,18339.55,2577.989999999998,0.12324537206573996,2025-08
O001353,2025-12-01,C0099,P1011,40,472.5,已完成,李娜,展会线索,铝合金支架,机加工件,393,502.7,无锡智造,广西客户099,华南,福建,设备集成商,B,10286.23,2680.87,2312.02,933.94,199.94,18900.0,16413.0,2487.0,0.13158730158730159,2025-12
O001354,2025-11-16,C0034,P1013,33,154.91,已取消,赵磊,直销,CNC定制件,机加工件,138,172.93,南通华科,广东客户034,华南,广东,经销商,A,3236.45,570.36,567.83,159.95,59.37,5112.03,4593.96,518.0699999999997,0.10134330197592732,2025-11
O001355,2025-07-10,C0040,P1009,25,702.18,已完成,陈敏,直销,同步带轮组件,传动部件,565,711.1,南通华科,浙江客户040,华东,江苏,终端工厂,A,9640.45,1839.25,2146.82,602.33,325.87,17554.5,14554.720000000001,2999.779999999999,0.1708838189637984,2025-07
O001356,2025-05-06,C0095,P1012,16,370.94,已完成,赵磊,老客户复购,不锈钢轴套,机加工件,315,371.9,南通华科,北京客户095,华北,天津,终端工厂,B,3126.13,795.31,628.73,193.95,95.89,5935.04,4840.01,1095.0299999999997,0.1845025475818191,2025-05
O001357,2025-10-09,C0052,P1003,14,1656.59,已完成,张伟,老客户复购,步进电机A型,电机类,1120,1636.22,常州机电,广西客户052,华南,广西,终端工厂,A,10077.77,2074.37,2229.39,771.09,197.24,23192.26,15349.859999999999,7842.4,0.3381472956926147,2025-10
O001358,2025-12-03,C0063,P1013,15,171.44,已完成,赵磊,老客户复购,CNC定制件,机加工件,138,172.93,南通华科,福建客户063,华南,广东,终端工厂,A,1383.59,305.48,292.88,38.81,35.49,2571.6,2056.2499999999995,515.3500000000004,0.20040052885363213,2025-12
O001359,2025-10-20,C0079,P1007,11,973.03,已完成,陈敏,展会线索,变频控制器A型,控制器类,780,1044.88,南通华科,安徽客户079,华东,浙江,经销商,A,5839.27,1413.39,1315.78,325.45,108.51,10703.33,9002.400000000001,1700.9299999999985,0.15891596353658147,2025-10
O001360,2025-10-06,C0044,P1002,13,999.76,已完成,王强,展会线索,伺服电机B型,电机类,690,1040.91,南通华科,安徽客户044,华东,安徽,终端工厂,A,5653.18,1257.69,933.86,560.15,222.31,12996.88,8627.19,4369.689999999999,0.3362106905657357,2025-10
O001361,2025-11-02,C0079,P1002,8,934.33,已完成,赵磊,直销,伺服电机B型,电机类,690,1040.91,南通华科,安徽客户079,华东,浙江,经销商,A,3652.72,748.39,591.09,334.81,135.76,7474.64,5462.77,2011.87,0.26915945115751394,2025-11
O001362,2025-07-07,C0015,P1004,8,634.7,已完成,王强,直销,减速电机C型,电机类,541,716.52,苏州精工,北京客户015,华北,河北,经销商,C,2798.61,680.82,499.97,116.17,27.0,5077.6,4122.570000000001,955.0299999999997,0.188086891444777,2025-07
O001363,2025-01-13,C0031,P1009,18,626.06,已完成,李娜,经销,同步带轮组件,传动部件,565,711.1,南通华科,山东客户031,华东,上海,经销商,A,6892.37,1311.89,1024.55,210.39,109.38,11269.079999999998,9548.579999999998,1720.5,0.15267439755507994,2025-01
O001364,2025-06-15,C0042,P1005,10,1444.75,已完成,陈敏,老客户复购,PLC控制器标准版,控制器类,980,1458.49,苏州精工,重庆客户042,西南,云南,终端工厂,B,6731.78,1295.14,1501.9,362.59,144.02,14447.5,10035.43,4412.07,0.3053863990309742,2025-06
O001365,2025-09-09,C0024,P1010,27,627.7,已完成,张伟,老客户复购,联轴器套件,传动部件,456,621.63,上海工控,广东客户024,华南,广西,终端工厂,B,7901.81,1664.93,1285.97,429.07,303.27,16947.9,11585.05,5362.850000000002,0.3164315342903842,2025-09
O001366,2025-06-15,C0052,P1008,6,738.77,已完成,张伟,展会线索,精密齿轮箱,传动部件,523,743.47,上海工控,广西客户052,华南,广西,终端工厂,A,2161.59,541.36,333.54,137.17,37.41,4432.62,3211.07,1221.5499999999997,0.2755819357400363,2025-06
O001367,2025-01-20,C0022,P1011,24,503.64,已完成,王强,直销,铝合金支架,机加工件,393,502.7,无锡智造,湖南客户022,华中,河南,终端工厂,A,6528.09,1680.92,1404.63,196.24,117.85,12087.36,9927.73,2159.630000000001,0.1786684602758585,2025-01
O001368,2025-07-20,C0079,P1010,13,562.46,已完成,李娜,展会线索,联轴器套件,传动部件,456,621.63,上海工控,安徽客户079,华东,浙江,经销商,A,3692.3,725.65,621.08,180.4,69.92,7311.9800000000005,5289.349999999999,2022.630000000001,0.2766186450181758,2025-07
O001369,2025-06-21,C0083,P1008,37,715.74,已完成,李娜,老客户复购,精密齿轮箱,传动部件,523,743.47,上海工控,浙江客户083,华东,山东,终端工厂,B,12772.54,2792.27,2830.75,528.3,195.07,26482.38,19118.93,7363.450000000001,0.27805091536334725,2025-06
O001370,2025-12-09,C0076,P1002,13,908.66,已完成,刘洋,经销,伺服电机B型,电机类,690,1040.91,南通华科,浙江客户076,华东,浙江,经销商,A,6123.45,1384.11,979.89,529.55,117.37,11812.58,9134.369999999999,2678.210000000001,0.22672523699310404,2025-12
O001371,2025-03-20,C0032,P1011,17,467.57,已完成,李娜,经销,铝合金支架,机加工件,393,502.7,无锡智造,天津客户032,华北,天津,设备集成商,B,4387.39,970.27,797.46,274.32,86.08,7948.69,6515.5199999999995,1433.17,0.18030266622550384,2025-03
O001372,2025-01-20,C0021,P1002,1,941.02,已完成,王强,经销,伺服电机B型,电机类,690,1040.91,南通华科,山东客户021,华东,江苏,经销商,A,445.7,120.25,81.77,37.12,9.61,941.02,694.45,246.56999999999994,0.26202418652100906,2025-01
O001373,2025-09-26,C0012,P1012,8,376.8,已完成,李娜,老客户复购,不锈钢轴套,机加工件,315,371.9,南通华科,云南客户012,西南,云南,终端工厂,A,1672.08,338.07,365.75,122.99,16.08,3014.4,2514.9699999999993,499.43000000000075,0.16568139596602996,2025-09
O001374,2025-02-20,C0097,P1002,4,959.84,已完成,张伟,直销,伺服电机B型,电机类,690,1040.91,南通华科,上海客户097,华东,安徽,经销商,C,1727.81,483.95,423.19,125.6,47.61,3839.36,2808.16,1031.2000000000003,0.2685864310718454,2025-02
O001375,2025-07-15,C0098,P1005,16,1416.22,已取消,刘洋,展会线索,PLC控制器标准版,控制器类,980,1458.49,苏州精工,福建客户098,华南,广西,设备集成商,C,10995.48,2011.85,2183.0,717.39,365.95,22659.52,16273.67,6385.85,0.28181753188064,2025-07
O001376,2025-09-03,C0067,P1001,10,803.74,已完成,赵磊,直销,伺服电机A型,电机类,522,799.93,南通华科,福建客户067,华南,广东,终端工厂,A,3252.11,812.04,696.37,357.1,121.79,8037.4,5239.410000000001,2797.989999999999,0.3481212830019657,2025-09
O001377,2025-01-10,C0119,P1002,2,987.81,已完成,王强,老客户复购,伺服电机B型,电机类,690,1040.91,南通华科,北京客户119,华北,北京,设备集成商,A,977.06,239.07,171.8,39.14,28.56,1975.62,1455.6299999999999,519.99,0.2632034500561849,2025-01
O001378,2025-12-16,C0053,P1016,17,102.69,已完成,赵磊,老客户复购,密封圈套装,配套耗材,83,101.3,苏州精工,河北客户053,华北,河北,终端工厂,A,998.11,175.67,188.33,33.21,9.44,1745.73,1404.76,340.97,0.19531657243674566,2025-12
O001379,2025-06-17,C0069,P1015,27,78.37,已完成,赵磊,老客户复购,传感器支架,配套耗材,70,84.31,苏州精工,山东客户069,华东,安徽,设备集成商,B,1300.25,304.12,257.11,95.37,13.15,2115.9900000000002,1970.0,145.99000000000024,0.06899370980014094,2025-06
O001380,2025-04-09,C0112,P1013,30,174.02,已完成,赵磊,经销,CNC定制件,机加工件,138,172.93,南通华科,广东客户112,华南,福建,终端工厂,A,2610.38,711.55,539.01,128.2,83.91,5220.6,4073.05,1147.5500000000002,0.21981189901543885,2025-04
O001381,2025-05-21,C0113,P1005,2,1344.35,已完成,陈敏,展会线索,PLC控制器标准版,控制器类,980,1458.49,苏州精工,安徽客户113,华东,浙江,经销商,B,1390.5,316.3,289.13,66.91,25.09,2688.7,2087.93,600.77,0.22344255588202477,2025-05
O001382,2025-11-16,C0102,P1011,14,507.07,已取消,张伟,老客户复购,铝合金支架,机加工件,393,502.7,无锡智造,北京客户102,华北,天津,终端工厂,C,3886.68,863.22,627.5,236.72,108.53,7098.98,5722.65,1376.33,0.19387714854810129,2025-11
O001383,2025-12-09,C0091,P1012,37,334.53,已完成,刘洋,经销,不锈钢轴套,机加工件,315,371.9,南通华科,广东客户091,华南,广东,经销商,A,7480.82,1856.58,1194.97,317.23,187.02,12377.609999999999,11036.619999999999,1340.9899999999998,0.10833997839647556,2025-12
O001384,2025-04-28,C0118,P1003,10,1641.45,已完成,张伟,展会线索,步进电机A型,电机类,1120,1636.22,常州机电,浙江客户118,华东,浙江,终端工厂,B,7111.27,1493.32,1710.75,633.62,204.92,16414.5,11153.880000000001,5260.619999999999,0.3204861555332175,2025-04
O001385,2025-07-07,C0110,P1012,24,362.24,已完成,张伟,直销,不锈钢轴套,机加工件,315,371.9,南通华科,云南客户110,西南,云南,终端工厂,A,4846.64,1062.06,1016.52,177.67,106.29,8693.76,7209.180000000001,1484.579999999999,0.1707638582155476,2025-07
O001386,2025-04-09,C0017,P1003,16,1580.94,已完成,陈敏,直销,步进电机A型,电机类,1120,1636.22,常州机电,广西客户017,华南,广西,终端工厂,B,11843.28,2662.93,1905.5,473.71,492.28,25295.04,17377.699999999997,7917.340000000004,0.31299970270851535,2025-04
O001387,2025-03-10,C0061,P1004,12,708.35,已完成,赵磊,老客户复购,减速电机C型,电机类,541,716.52,苏州精工,江苏客户061,华东,山东,终端工厂,A,4660.85,945.04,956.53,322.61,57.41,8500.2,6942.44,1557.7600000000011,0.1832615703159927,2025-03
O001388,2025-10-31,C0068,P1006,8,2417.6,已完成,王强,经销,PLC控制器增强版,控制器类,1773,2443.12,苏州精工,四川客户068,西南,重庆,终端工厂,A,9214.89,1969.01,1925.43,682.71,364.62,19340.8,14156.660000000002,5184.139999999998,0.26804165287888804,2025-10
O001389,2025-06-16,C0109,P1006,13,2272.59,已完成,赵磊,老客户复购,PLC控制器增强版,控制器类,1773,2443.12,苏州精工,浙江客户109,华东,安徽,经销商,B,16111.33,3950.85,3537.42,1271.7,295.24,29543.670000000002,25166.54,4377.130000000001,0.1481579641256486,2025-06
O001390,2025-02-24,C0115,P1004,5,674.61,已完成,陈敏,展会线索,减速电机C型,电机类,541,716.52,苏州精工,重庆客户115,西南,四川,经销商,B,1735.26,417.4,382.42,96.23,59.79,3373.05,2691.1,681.9500000000003,0.20217607210091765,2025-02
O001391,2025-04-07,C0097,P1007,16,976.0,已完成,刘洋,老客户复购,变频控制器A型,控制器类,780,1044.88,南通华科,上海客户097,华东,安徽,经销商,C,8936.39,1923.96,1589.9,694.93,83.76,15616.0,13228.939999999999,2387.0600000000013,0.15285988729508204,2025-04
O001392,2025-09-07,C0073,P1001,6,752.51,已完成,陈敏,老客户复购,伺服电机A型,电机类,522,799.93,南通华科,湖北客户073,华中,湖南,设备集成商,C,1982.25,534.76,450.76,133.49,82.77,4515.0599999999995,3184.03,1331.0299999999993,0.29479785429208016,2025-09
O001393,2025-05-05,C0102,P1012,44,366.23,已完成,赵磊,经销,不锈钢轴套,机加工件,315,371.9,南通华科,北京客户102,华北,天津,终端工厂,C,9080.32,2190.31,1913.51,345.67,149.42,16114.12,13679.23,2434.8900000000012,0.15110288368213723,2025-05
O001394,2025-06-22,C0038,P1010,7,602.14,退货,刘洋,经销,联轴器套件,传动部件,456,621.63,上海工控,江苏客户038,华东,安徽,终端工厂,A,2271.43,418.17,352.44,133.98,26.9,4214.98,3202.92,1012.0599999999995,0.2401102733583551,2025-06
O001395,2025-10-02,C0041,P1003,3,1658.87,已完成,刘洋,老客户复购,步进电机A型,电机类,1120,1636.22,常州机电,福建客户041,华南,广东,终端工厂,A,2383.79,423.39,460.3,133.83,84.92,4976.61,3486.23,1490.3799999999997,0.2994769531870088,2025-10
O001396,2025-03-06,C0018,P1004,14,618.95,已完成,赵磊,展会线索,减速电机C型,电机类,541,716.52,苏州精工,上海客户018,华东,山东,经销商,B,5142.6,1085.34,1204.51,150.07,118.43,8665.300000000001,7700.950000000001,964.3500000000004,0.1112887032185845,2025-03
O001397,2025-08-17,C0074,P1008,17,752.25,已完成,李娜,经销,精密齿轮箱,传动部件,523,743.47,上海工控,安徽客户074,华东,浙江,终端工厂,B,6392.25,1435.52,1283.74,206.19,68.04,12788.25,9385.740000000002,3402.5099999999984,0.26606533341153,2025-08
O001398,2025-07-12,C0024,P1003,17,1637.0,已完成,刘洋,经销,步进电机A型,电机类,1120,1636.22,常州机电,广东客户024,华南,广西,终端工厂,B,11873.55,3417.75,3023.0,743.25,260.61,27829.0,19318.16,8510.84,0.3058262963096051,2025-07
O001399,2025-01-13,C0001,P1015,98,85.56,已完成,张伟,经销,传感器支架,配套耗材,70,84.31,苏州精工,广东客户001,华南,广西,终端工厂,B,4353.33,958.67,838.35,345.37,150.88,8384.880000000001,6646.6,1738.2800000000007,0.20731125549799168,2025-01
O001400,2025-01-10,C0098,P1013,29,158.28,已完成,李娜,老客户复购,CNC定制件,机加工件,138,172.93,南通华科,福建客户098,华南,广西,设备集成商,C,2780.08,635.47,584.11,187.49,55.71,4590.12,4242.860000000001,347.2599999999993,0.07565379554347149,2025-01
O001401,2025-06-23,C0069,P1015,80,80.2,已完成,王强,老客户复购,传感器支架,配套耗材,70,84.31,苏州精工,山东客户069,华东,安徽,设备集成商,B,3660.08,767.01,788.26,311.66,88.0,6416.0,5615.01,800.9899999999998,0.12484258104738151,2025-06
O001402,2025-04-20,C0062,P1011,21,446.9,已完成,赵磊,直销,铝合金支架,机加工件,393,502.7,无锡智造,浙江客户062,华东,上海,经销商,C,5869.97,997.41,1218.71,421.16,135.75,9384.9,8643.0,741.8999999999996,0.07905252053831151,2025-04
O001403,2025-12-21,C0076,P1009,40,689.27,已完成,刘洋,经销,同步带轮组件,传动部件,565,711.1,南通华科,浙江客户076,华东,浙江,经销商,A,16122.98,3511.92,2586.17,621.72,367.73,27570.8,23210.52,4360.279999999999,0.1581484759238034,2025-12
O001404,2025-04-19,C0077,P1008,6,735.99,已完成,王强,展会线索,精密齿轮箱,传动部件,523,743.47,上海工控,云南客户077,西南,重庆,设备集成商,A,2230.01,390.19,427.59,185.22,29.72,4415.9400000000005,3262.73,1153.2100000000005,0.26114711703510474,2025-04
O001405,2025-05-27,C0062,P1008,14,650.12,已完成,张伟,展会线索,精密齿轮箱,传动部件,523,743.47,上海工控,浙江客户062,华东,上海,经销商,C,4625.14,1039.49,852.52,199.7,72.64,9101.68,6789.49,2312.1900000000005,0.25403991351047284,2025-05
O001406,2025-03-25,C0113,P1007,10,917.91,已完成,王强,老客户复购,变频控制器A型,控制器类,780,1044.88,南通华科,安徽客户113,华东,浙江,经销商,B,4937.92,1221.88,1102.04,363.52,119.19,9179.1,7744.55,1434.5500000000002,0.1562843851793749,2025-03
O001407,2025-12-18,C0061,P1011,15,510.59,已完成,赵磊,老客户复购,铝合金支架,机加工件,393,502.7,无锡智造,江苏客户061,华东,山东,终端工厂,A,4216.64,1018.84,928.21,219.1,139.14,7658.849999999999,6521.930000000001,1136.9199999999983,0.14844526266998287,2025-12
O001408,2025-05-26,C0056,P1003,5,1479.52,已完成,陈敏,直销,步进电机A型,电机类,1120,1636.22,常州机电,山东客户056,华东,山东,设备集成商,A,3899.21,786.23,595.82,287.71,52.13,7397.6,5621.1,1776.5,0.24014545257921488,2025-05
O001409,2025-05-04,C0087,P1013,31,174.55,已完成,刘洋,经销,CNC定制件,机加工件,138,172.93,南通华科,山东客户087,华东,江苏,终端工厂,A,2778.04,641.79,602.31,256.58,75.21,5411.05,4353.93,1057.12,0.1953631919867678,2025-05
O001410,2025-03-24,C0120,P1004,15,644.65,已完成,刘洋,经销,减速电机C型,电机类,541,716.52,苏州精工,浙江客户120,华东,山东,经销商,C,5576.15,1124.75,1146.14,293.21,172.64,9669.75,8312.89,1356.8600000000006,0.14032007032239724,2025-03
O001411,2025-05-08,C0096,P1009,7,636.22,退货,王强,老客户复购,同步带轮组件,传动部件,565,711.1,南通华科,天津客户096,华北,北京,经销商,C,2607.31,585.72,498.15,193.24,85.98,4453.54,3970.4,483.1399999999999,0.10848448649838104,2025-05
O001412,2025-03-10,C0092,P1003,14,1644.0,已完成,赵磊,展会线索,步进电机A型,电机类,1120,1636.22,常州机电,江苏客户092,华东,江苏,终端工厂,B,10234.77,2328.51,2232.14,1066.52,285.53,23016.0,16147.470000000001,6868.529999999999,0.2984241397288842,2025-03
O001413,2025-09-05,C0035,P1016,89,99.03,已完成,陈敏,直销,密封圈套装,配套耗材,83,101.3,苏州精工,江苏客户035,华东,浙江,终端工厂,A,4660.38,1049.84,982.63,261.0,68.73,8813.67,7022.58,1791.0900000000001,0.2032172749830661,2025-09
O001414,2025-05-01,C0113,P1013,31,165.74,已完成,王强,展会线索,CNC定制件,机加工件,138,172.93,南通华科,安徽客户113,华东,浙江,经销商,B,2668.18,689.8,682.62,242.37,78.35,5137.9400000000005,4361.32,776.6200000000008,0.15115396442932397,2025-05
O001415,2025-08-16,C0097,P1016,91,92.53,已完成,李娜,经销,密封圈套装,配套耗材,83,101.3,苏州精工,上海客户097,华东,安徽,经销商,C,5318.47,1022.25,1037.37,144.16,131.42,8420.23,7653.67,766.5599999999995,0.09103789326419819,2025-08
O001416,2025-03-10,C0106,P1012,14,331.67,已完成,王强,展会线索,不锈钢轴套,机加工件,315,371.9,南通华科,河北客户106,华北,天津,经销商,C,3161.91,756.97,582.41,197.84,88.96,4643.38,4788.09,-144.71000000000004,-0.031164798056588096,2025-03
O001417,2025-01-27,C0042,P1001,2,804.62,已完成,赵磊,展会线索,伺服电机A型,电机类,522,799.93,南通华科,重庆客户042,西南,云南,终端工厂,B,669.83,174.97,121.3,73.53,10.42,1609.24,1050.0500000000002,559.1899999999998,0.34748701250279623,2025-01
O001418,2025-05-08,C0043,P1011,3,457.45,已完成,张伟,直销,铝合金支架,机加工件,393,502.7,无锡智造,广东客户043,华南,广东,设备集成商,B,751.99,192.46,130.26,28.18,18.3,1372.35,1121.19,251.15999999999985,0.18301453710788054,2025-05
O001419,2025-11-15,C0045,P1010,29,590.48,已完成,李娜,老客户复购,联轴器套件,传动部件,456,621.63,上海工控,安徽客户045,华东,江苏,设备集成商,A,9303.07,1799.89,1989.79,741.1,234.37,17123.920000000002,14068.220000000001,3055.7000000000007,0.17844629033539053,2025-11
O001420,2025-01-05,C0053,P1003,17,1681.97,已完成,王强,老客户复购,步进电机A型,电机类,1120,1636.22,常州机电,河北客户053,华北,河北,终端工厂,A,13035.86,2331.0,2323.42,692.5,207.3,28593.49,18590.079999999998,10003.410000000003,0.34984921392946444,2025-01
O001421,2025-07-26,C0084,P1012,29,373.57,已完成,陈敏,老客户复购,不锈钢轴套,机加工件,315,371.9,南通华科,天津客户084,华北,河北,终端工厂,A,6019.65,1290.72,1313.01,389.29,202.55,10833.53,9215.22,1618.3100000000013,0.1493797497214667,2025-07
O001422,2025-12-18,C0023,P1009,8,678.5,已完成,王强,展会线索,同步带轮组件,传动部件,565,711.1,南通华科,江苏客户023,华东,浙江,设备集成商,B,2868.12,558.6,596.99,81.62,91.28,5428.0,4196.61,1231.3900000000003,0.2268588798820929,2025-12
O001423,2025-03-30,C0058,P1005,16,1502.04,已完成,李娜,直销,PLC控制器标准版,控制器类,980,1458.49,苏州精工,湖南客户058,华中,湖南,终端工厂,B,10514.97,2340.77,1909.04,675.9,275.58,24032.64,15716.259999999998,8316.380000000001,0.34604521184522385,2025-03
O001424,2025-06-30,C0049,P1006,11,2358.03,已完成,李娜,老客户复购,PLC控制器增强版,控制器类,1773,2443.12,苏州精工,江苏客户049,华东,山东,经销商,C,12123.13,2438.12,2541.3,525.36,432.69,25938.33,18060.6,7877.730000000003,0.30370999212362565,2025-06
O001425,2025-06-05,C0085,P1008,24,756.03,已取消,刘洋,直销,精密齿轮箱,传动部件,523,743.47,上海工控,浙江客户085,华东,山东,终端工厂,A,8126.77,1579.97,1432.34,498.95,100.34,18144.72,11738.37,6406.35,0.35306965332063545,2025-06
O001426,2025-07-30,C0066,P1011,26,485.43,已完成,陈敏,直销,铝合金支架,机加工件,393,502.7,无锡智造,上海客户066,华东,山东,终端工厂,A,6479.92,1424.7,1212.15,542.88,222.75,12621.18,9882.4,2738.7800000000007,0.2169987275357772,2025-07
O001427,2025-02-22,C0097,P1009,41,615.82,已完成,陈敏,直销,同步带轮组件,传动部件,565,711.1,南通华科,上海客户097,华东,安徽,经销商,C,14810.35,2952.06,3197.92,1089.78,491.23,25248.620000000003,22541.34,2707.2800000000025,0.10722487011171312,2025-02
O001428,2025-01-08,C0061,P1008,29,757.5,已完成,陈敏,直销,精密齿轮箱,传动部件,523,743.47,上海工控,江苏客户061,华东,山东,终端工厂,A,9413.85,2196.5,2184.64,966.56,130.36,21967.5,14891.91,7075.59,0.32209354728576306,2025-01
O001429,2025-06-04,C0119,P1011,9,498.3,已完成,赵磊,经销,铝合金支架,机加工件,393,502.7,无锡智造,北京客户119,华北,北京,设备集成商,A,2433.67,485.76,369.53,144.04,33.06,4484.7,3466.06,1018.6399999999999,0.22713670925591453,2025-06
O001430,2025-03-08,C0081,P1005,5,1270.8,已完成,陈敏,老客户复购,PLC控制器标准版,控制器类,980,1458.49,苏州精工,安徽客户081,华东,江苏,经销商,B,3399.13,805.93,737.57,179.28,33.04,6354.0,5154.95,1199.0500000000002,0.18870790053509603,2025-03
O001431,2025-12-25,C0002,P1001,17,738.48,已完成,刘洋,老客户复购,伺服电机A型,电机类,522,799.93,南通华科,广东客户002,华南,福建,经销商,B,5732.37,1313.96,1256.92,356.18,163.72,12554.16,8823.15,3731.01,0.2971931216425472,2025-12
O001432,2025-09-16,C0037,P1008,19,640.51,已完成,李娜,经销,精密齿轮箱,传动部件,523,743.47,上海工控,福建客户037,华南,广东,经销商,B,6681.9,1290.81,1365.17,369.64,208.33,12169.69,9915.849999999999,2253.840000000002,0.18520110208230464,2025-09
O001433,2025-12-22,C0025,P1007,17,936.88,已完成,李娜,直销,变频控制器A型,控制器类,780,1044.88,南通华科,广东客户025,华南,福建,经销商,B,9136.95,1679.88,1714.86,630.51,100.42,15926.96,13262.620000000003,2664.3399999999965,0.16728490559403658,2025-12
O001434,2025-09-26,C0073,P1004,6,660.13,已完成,王强,老客户复购,减速电机C型,电机类,541,716.52,苏州精工,湖北客户073,华中,湖南,设备集成商,C,2269.76,432.76,422.58,189.8,53.75,3960.7799999999997,3368.6500000000005,592.1299999999992,0.1494983311367961,2025-09
O001435,2025-02-01,C0049,P1015,94,78.82,已完成,陈敏,老客户复购,传感器支架,配套耗材,70,84.31,苏州精工,江苏客户049,华东,山东,经销商,C,4358.63,792.28,710.67,261.19,91.93,7409.079999999999,6214.7,1194.3799999999992,0.1612048999335949,2025-02
O001436,2025-10-03,C0101,P1013,41,168.07,已完成,李娜,经销,CNC定制件,机加工件,138,172.93,南通华科,湖南客户101,华中,河南,终端工厂,A,3713.81,992.37,678.67,232.91,93.24,6890.87,5711.0,1179.87,0.17122221141887742,2025-10
O001437,2025-12-08,C0088,P1003,16,1605.24,已完成,陈敏,展会线索,步进电机A型,电机类,1120,1636.22,常州机电,河南客户088,华中,河南,终端工厂,A,12055.62,2663.9,2154.41,1202.18,302.09,25683.84,18378.2,7305.639999999999,0.28444500510827037,2025-12
O001438,2025-10-06,C0118,P1001,12,821.81,已完成,刘洋,老客户复购,伺服电机A型,电机类,522,799.93,南通华科,浙江客户118,华东,浙江,终端工厂,B,4214.7,998.41,651.83,417.6,125.12,9861.72,6407.66,3454.0599999999995,0.3502492465817322,2025-10
O001439,2025-06-29,C0097,P1014,95,36.57,已完成,陈敏,经销,工业线缆,配套耗材,34,41.43,南通华科,上海客户097,华东,安徽,经销商,C,2214.87,537.22,492.4,99.8,59.66,3474.15,3403.9500000000003,70.19999999999982,0.02020638141703721,2025-06
O001440,2025-03-01,C0082,P1013,29,155.81,已完成,陈敏,老客户复购,CNC定制件,机加工件,138,172.93,南通华科,河北客户082,华北,河北,经销商,A,2584.83,638.8,424.86,70.95,29.08,4518.49,3748.52,769.9699999999998,0.17040427222368532,2025-03
O001441,2025-02-05,C0089,P1007,4,988.32,已完成,王强,经销,变频控制器A型,控制器类,780,1044.88,南通华科,河北客户089,华北,天津,经销商,C,2034.05,380.22,430.03,103.1,63.43,3953.28,3010.83,942.4500000000003,0.23839697668771254,2025-02
O001442,2025-11-21,C0063,P1005,5,1461.54,已完成,张伟,经销,PLC控制器标准版,控制器类,980,1458.49,苏州精工,福建客户063,华南,广东,终端工厂,A,3060.5,651.71,609.95,207.49,50.9,7307.7,4580.549999999999,2727.1500000000005,0.37318855453836375,2025-11
O001443,2025-08-18,C0073,P1010,9,566.05,已完成,陈敏,直销,联轴器套件,传动部件,456,621.63,上海工控,湖北客户073,华中,湖南,设备集成商,C,2952.47,562.52,587.95,115.65,92.55,5094.45,4311.139999999999,783.3100000000004,0.15375752043890908,2025-08
O001444,2025-06-24,C0081,P1002,9,1007.51,已完成,陈敏,展会线索,伺服电机B型,电机类,690,1040.91,南通华科,安徽客户081,华东,江苏,经销商,B,4091.0,1080.88,748.37,138.76,115.66,9067.59,6174.67,2892.92,0.3190395683968949,2025-06
O001445,2025-08-26,C0024,P1002,8,1038.19,已完成,陈敏,老客户复购,伺服电机B型,电机类,690,1040.91,南通华科,广东客户024,华南,广西,终端工厂,B,4689.18,702.09,629.82,352.34,46.11,8305.52,6419.54,1885.9800000000005,0.2270754871458982,2025-08
O001446,2025-10-28,C0023,P1010,7,564.07,已完成,张伟,老客户复购,联轴器套件,传动部件,456,621.63,上海工控,江苏客户023,华东,浙江,设备集成商,B,2148.35,514.94,326.37,140.16,19.93,3948.4900000000002,3149.7499999999995,798.7400000000007,0.20228998933769635,2025-10
O001447,2025-04-28,C0027,P1008,20,762.46,已完成,赵磊,展会线索,精密齿轮箱,传动部件,523,743.47,上海工控,浙江客户027,华东,浙江,终端工厂,A,6762.58,1568.8,1617.92,296.3,114.97,15249.2,10360.569999999998,4888.630000000003,0.3205827190934608,2025-04
O001448,2025-10-21,C0023,P1001,1,763.5,已完成,李娜,展会线索,伺服电机A型,电机类,522,799.93,南通华科,江苏客户023,华东,浙江,设备集成商,B,358.57,74.38,71.73,38.11,15.12,763.5,557.91,205.59000000000003,0.26927308447937137,2025-10
O001449,2025-03-18,C0018,P1004,17,632.46,已完成,李娜,老客户复购,减速电机C型,电机类,541,716.52,苏州精工,上海客户018,华东,山东,经销商,B,6027.45,1381.72,1418.93,195.96,126.71,10751.82,9150.769999999999,1601.050000000001,0.14890967296699545,2025-03
O001450,2025-10-31,C0035,P1003,10,1610.3,已完成,刘洋,经销,步进电机A型,电机类,1120,1636.22,常州机电,江苏客户035,华东,浙江,终端工厂,A,7366.89,1542.16,1788.11,654.98,174.41,16103.0,11526.550000000001,4576.449999999999,0.2841985965348071,2025-10
O001451,2025-02-22,C0045,P1007,12,1039.56,已完成,赵磊,老客户复购,变频控制器A型,控制器类,780,1044.88,南通华科,安徽客户045,华东,江苏,设备集成商,A,6579.16,1398.2,1426.18,303.43,104.21,12474.72,9811.179999999998,2663.540000000001,0.21351501276180956,2025-02
O001452,2025-02-27,C0113,P1005,3,1257.96,已完成,刘洋,老客户复购,PLC控制器标准版,控制器类,980,1458.49,苏州精工,安徽客户113,华东,浙江,经销商,B,1895.5,447.79,345.39,76.04,75.17,3773.88,2839.89,933.9900000000002,0.24748799643867855,2025-02
O001453,2025-03-19,C0094,P1001,3,756.92,已完成,张伟,经销,伺服电机A型,电机类,522,799.93,南通华科,安徽客户094,华东,安徽,终端工厂,A,1111.93,247.59,240.37,108.41,34.38,2270.7599999999998,1742.68,528.0799999999997,0.23255650090718516,2025-03
O001454,2025-08-08,C0057,P1005,5,1381.23,已完成,张伟,展会线索,PLC控制器标准版,控制器类,980,1458.49,苏州精工,浙江客户057,华东,上海,设备集成商,C,4134.31,847.31,656.93,134.24,72.53,6906.15,5845.320000000001,1060.829999999999,0.15360656805890388,2025-08
O001455,2025-10-23,C0013,P1011,29,484.87,已完成,王强,展会线索,铝合金支架,机加工件,393,502.7,无锡智造,湖北客户013,华中,湖北,设备集成商,B,8132.18,1818.4,1738.23,583.76,135.66,14061.23,12408.23,1653.0,0.11755728339554933,2025-10
O001456,2025-04-03,C0078,P1004,10,704.54,已完成,张伟,经销,减速电机C型,电机类,541,716.52,苏州精工,四川客户078,西南,云南,设备集成商,A,3743.02,712.59,673.48,304.45,99.9,7045.4,5533.44,1511.96,0.21460243563175974,2025-04
O001457,2025-01-08,C0071,P1004,12,653.97,已完成,赵磊,直销,减速电机C型,电机类,541,716.52,苏州精工,湖北客户071,华中,湖北,经销商,A,4560.9,878.25,941.24,173.29,103.43,7847.64,6657.11,1190.5300000000007,0.1517054808834249,2025-01
O001458,2025-07-12,C0100,P1006,11,2366.74,已完成,张伟,老客户复购,PLC控制器增强版,控制器类,1773,2443.12,苏州精工,福建客户100,华南,广东,设备集成商,A,12937.38,2991.54,2108.9,719.66,390.6,26034.14,19148.079999999998,6886.060000000001,0.26450115118071893,2025-07
O001459,2025-05-30,C0087,P1002,10,993.13,已完成,刘洋,展会线索,伺服电机B型,电机类,690,1040.91,南通华科,山东客户087,华东,江苏,终端工厂,A,4663.39,1055.27,901.48,477.06,188.88,9931.3,7286.08,2645.2199999999993,0.2663518371210214,2025-05
O001460,2025-11-19,C0019,P1002,4,1011.77,已完成,李娜,直销,伺服电机B型,电机类,690,1040.91,南通华科,湖北客户019,华中,河南,终端工厂,B,1810.6,389.47,367.89,74.25,38.63,4047.08,2680.8399999999997,1366.2400000000002,0.33758660565148213,2025-11
O001461,2025-06-17,C0028,P1011,40,454.97,已完成,陈敏,经销,铝合金支架,机加工件,393,502.7,无锡智造,广东客户028,华南,广东,经销商,B,10109.32,2097.1,2174.24,517.8,137.72,18198.800000000003,15036.179999999998,3162.6200000000044,0.1737817878101855,2025-06
O001462,2025-11-14,C0008,P1003,12,1500.57,已完成,王强,展会线索,步进电机A型,电机类,1120,1636.22,常州机电,天津客户008,华北,北京,设备集成商,C,9525.7,2317.71,2039.49,516.37,105.43,18006.84,14504.7,3502.1399999999994,0.19448942735093994,2025-11
O001463,2025-10-17,C0061,P1005,15,1477.81,退货,陈敏,直销,PLC控制器标准版,控制器类,980,1458.49,苏州精工,江苏客户061,华东,山东,终端工厂,A,9270.91,2007.47,1664.01,1010.59,438.81,22167.149999999998,14391.789999999999,7775.359999999999,0.35076047214008116,2025-10
O001464,2025-01-08,C0085,P1004,11,736.21,已完成,李娜,直销,减速电机C型,电机类,541,716.52,苏州精工,浙江客户085,华东,山东,终端工厂,A,4175.62,974.72,805.27,339.7,155.53,8098.31,6450.84,1647.4700000000003,0.20343380285516363,2025-01
O001465,2025-03-03,C0114,P1011,41,491.68,已完成,陈敏,直销,铝合金支架,机加工件,393,502.7,无锡智造,江苏客户114,华东,安徽,终端工厂,B,10959.01,2083.04,1769.71,714.33,201.63,20158.88,15727.719999999998,4431.1600000000035,0.21981181494210011,2025-03
O001466,2025-05-01,C0090,P1006,3,2473.09,已完成,李娜,经销,PLC控制器增强版,控制器类,1773,2443.12,苏州精工,河北客户090,华北,北京,终端工厂,B,3781.94,833.48,747.8,112.8,92.61,7419.27,5568.63,1850.6400000000003,0.24943693921369625,2025-05
O001467,2025-11-20,C0048,P1002,5,932.01,已完成,王强,展会线索,伺服电机B型,电机类,690,1040.91,南通华科,江苏客户048,华东,山东,经销商,A,2287.75,560.12,424.21,229.18,70.15,4660.05,3571.41,1088.6400000000003,0.23361122734734613,2025-11
O001468,2025-03-08,C0097,P1014,51,35.74,已完成,张伟,经销,工业线缆,配套耗材,34,41.43,南通华科,上海客户097,华东,安徽,经销商,C,1189.51,303.73,276.94,39.96,31.27,1822.74,1841.41,-18.670000000000073,-0.010242821247133476,2025-03
O001469,2025-01-17,C0081,P1002,6,947.19,已完成,陈敏,经销,伺服电机B型,电机类,690,1040.91,南通华科,安徽客户081,华东,江苏,经销商,B,2634.0,610.33,438.89,209.24,68.36,5683.14,3960.82,1722.3200000000002,0.3030578166295393,2025-01
O001470,2025-01-29,C0072,P1003,1,1509.39,已完成,张伟,经销,步进电机A型,电机类,1120,1636.22,常州机电,云南客户072,西南,云南,设备集成商,A,764.81,179.96,153.63,38.17,26.5,1509.39,1163.0700000000002,346.31999999999994,0.22944368254725414,2025-01
O001471,2025-04-27,C0112,P1005,7,1455.21,已完成,张伟,经销,PLC控制器标准版,控制器类,980,1458.49,苏州精工,广东客户112,华南,福建,终端工厂,A,4631.66,1024.82,1092.28,253.88,131.61,10186.470000000001,7134.249999999999,3052.220000000002,0.2996347115340252,2025-04
O001472,2025-11-26,C0105,P1005,17,1344.62,已完成,刘洋,老客户复购,PLC控制器标准版,控制器类,980,1458.49,苏州精工,安徽客户105,华东,安徽,设备集成商,B,11465.95,2124.38,2020.1,984.27,195.47,22858.539999999997,16790.170000000002,6068.369999999995,0.26547496034304885,2025-11
O001473,2025-11-12,C0048,P1009,8,644.65,已取消,李娜,直销,同步带轮组件,传动部件,565,711.1,南通华科,江苏客户048,华东,山东,经销商,A,3025.37,713.43,634.02,208.82,92.78,5157.2,4674.419999999999,482.78000000000065,0.09361281315442502,2025-11
O001474,2025-01-21,C0052,P1002,12,984.9,已完成,赵磊,直销,伺服电机B型,电机类,690,1040.91,南通华科,广西客户052,华南,广西,终端工厂,A,5458.89,1344.65,1191.74,301.49,230.73,11818.8,8527.5,3291.2999999999993,0.27848004873591226,2025-01
O001475,2025-10-06,C0087,P1001,14,810.96,已完成,刘洋,老客户复购,伺服电机A型,电机类,522,799.93,南通华科,山东客户087,华东,江苏,终端工厂,A,5163.26,1004.06,1026.8,455.53,130.25,11353.44,7779.9,3573.540000000001,0.3147539424174524,2025-10
O001476,2025-08-12,C0037,P1005,17,1369.78,已完成,张伟,经销,PLC控制器标准版,控制器类,980,1458.49,苏州精工,福建客户037,华南,广东,经销商,B,14754.57,2689.15,2323.89,529.28,258.89,23286.26,20555.78,2730.4799999999996,0.11725712931144802,2025-08
O001477,2025-11-30,C0052,P1008,42,733.86,退货,李娜,展会线索,精密齿轮箱,传动部件,523,743.47,上海工控,广西客户052,华南,广西,终端工厂,A,15230.48,3450.94,2309.76,794.27,372.82,30822.12,22158.27,8663.849999999999,0.28109195603676834,2025-11
O001478,2025-04-26,C0087,P1012,16,355.36,已完成,李娜,老客户复购,不锈钢轴套,机加工件,315,371.9,南通华科,山东客户087,华东,江苏,终端工厂,A,3496.11,829.66,652.34,108.56,53.41,5685.76,5140.080000000001,545.6799999999994,0.09597309770373694,2025-04
O001479,2025-01-10,C0061,P1002,9,1039.13,已完成,陈敏,经销,伺服电机B型,电机类,690,1040.91,南通华科,江苏客户061,华东,山东,终端工厂,A,4008.36,1036.21,688.06,292.46,140.85,9352.170000000002,6165.94,3186.2300000000023,0.3406941918292762,2025-01
O001480,2025-06-27,C0061,P1003,4,1548.88,已完成,张伟,展会线索,步进电机A型,电机类,1120,1636.22,常州机电,江苏客户061,华东,山东,终端工厂,A,3209.82,806.2,704.15,248.68,100.35,6195.52,5069.200000000001,1126.3199999999997,0.18179587831207059,2025-06
O001481,2025-08-25,C0057,P1011,7,469.36,已完成,李娜,老客户复购,铝合金支架,机加工件,393,502.7,无锡智造,浙江客户057,华东,上海,设备集成商,C,1914.48,472.5,432.2,100.54,36.95,3285.52,2956.6699999999996,328.85000000000036,0.10009070101536449,2025-08
O001482,2025-11-09,C0069,P1002,4,985.71,已完成,李娜,经销,伺服电机B型,电机类,690,1040.91,南通华科,山东客户069,华东,安徽,设备集成商,B,1838.29,440.47,404.41,179.28,46.7,3942.84,2909.15,1033.69,0.2621688934879427,2025-11
O001483,2025-08-17,C0091,P1009,25,664.62,已完成,刘洋,老客户复购,同步带轮组件,传动部件,565,711.1,南通华科,广东客户091,华南,广东,经销商,A,9270.76,2528.39,1609.02,378.34,261.38,16615.5,14047.89,2567.6100000000006,0.15453101020131807,2025-08
O001484,2025-09-12,C0002,P1001,12,767.79,已取消,刘洋,直销,伺服电机A型,电机类,522,799.93,南通华科,广东客户002,华南,福建,经销商,B,3996.22,901.79,736.29,192.61,126.18,9213.48,5953.09,3260.3899999999994,0.35387171839522086,2025-09
O001485,2025-11-16,C0097,P1004,13,688.55,已完成,刘洋,经销,减速电机C型,电机类,541,716.52,苏州精工,上海客户097,华东,安徽,经销商,C,4623.15,1039.01,785.95,374.83,87.01,8951.15,6909.95,2041.1999999999998,0.22803773816772147,2025-11
O001486,2025-05-10,C0061,P1012,6,382.56,已完成,张伟,经销,不锈钢轴套,机加工件,315,371.9,南通华科,江苏客户061,华东,山东,终端工厂,A,1236.57,255.39,238.26,71.67,29.71,2295.36,1831.6000000000001,463.76,0.2020423811515405,2025-05
O001487,2025-01-17,C0025,P1009,11,673.48,已完成,王强,老客户复购,同步带轮组件,传动部件,565,711.1,南通华科,广东客户025,华南,福建,经销商,B,4454.64,1083.16,848.74,121.21,105.08,7408.280000000001,6612.83,795.4500000000007,0.10737310144864944,2025-01
O001488,2025-11-18,C0044,P1013,34,174.4,已完成,陈敏,经销,CNC定制件,机加工件,138,172.93,南通华科,安徽客户044,华东,安徽,终端工厂,A,2951.11,763.02,579.01,262.8,113.48,5929.6,4669.42,1260.1800000000003,0.21252361036157585,2025-11
O001489,2025-04-23,C0042,P1003,7,1606.5,已完成,陈敏,老客户复购,步进电机A型,电机类,1120,1636.22,常州机电,重庆客户042,西南,云南,终端工厂,B,5187.81,1157.45,1061.61,246.27,212.65,11245.5,7865.79,3379.71,0.3005388822195545,2025-04
O001490,2025-09-02,C0050,P1002,5,1015.25,已完成,王强,直销,伺服电机B型,电机类,690,1040.91,南通华科,广东客户050,华南,广西,终端工厂,A,2288.38,448.53,502.89,115.08,36.31,5076.25,3391.1899999999996,1685.0600000000004,0.3319497660674711,2025-09
O001491,2025-12-14,C0013,P1010,29,564.37,已完成,陈敏,老客户复购,联轴器套件,传动部件,456,621.63,上海工控,湖北客户013,华中,湖北,设备集成商,B,8943.22,2119.67,1774.31,621.57,110.19,16366.73,13568.96,2797.7700000000004,0.17094251570105945,2025-12
O001492,2025-12-06,C0063,P1001,13,787.07,已完成,陈敏,经销,伺服电机A型,电机类,522,799.93,南通华科,福建客户063,华南,广东,终端工厂,A,4530.35,959.68,1074.92,171.25,96.94,10231.91,6833.14,3398.7699999999995,0.33217356290272293,2025-12
O001493,2025-09-06,C0040,P1002,1,1051.98,已完成,赵磊,老客户复购,伺服电机B型,电机类,690,1040.91,南通华科,浙江客户040,华东,江苏,终端工厂,A,492.79,123.52,103.15,18.58,14.12,1051.98,752.1600000000001,299.81999999999994,0.28500541835396104,2025-09
O001494,2025-08-05,C0067,P1012,9,370.51,已完成,陈敏,老客户复购,不锈钢轴套,机加工件,315,371.9,南通华科,福建客户067,华南,广东,终端工厂,A,1871.13,477.38,292.86,73.03,41.14,3334.59,2755.5400000000004,579.0499999999997,0.17364953412563455,2025-08
O001495,2025-05-22,C0005,P1002,10,939.13,已完成,赵磊,经销,伺服电机B型,电机类,690,1040.91,南通华科,河南客户005,华中,湖南,设备集成商,B,4386.78,1114.78,1029.8,372.44,108.98,9391.3,7012.779999999999,2378.5200000000004,0.25326845058724573,2025-05
O001496,2025-03-31,C0045,P1005,10,1457.68,已完成,李娜,展会线索,PLC控制器标准版,控制器类,980,1458.49,苏州精工,安徽客户045,华东,江苏,设备集成商,A,6936.82,1256.96,1133.08,468.41,86.3,14576.800000000001,9881.569999999998,4695.230000000003,0.32210293068437534,2025-03
O001497,2025-06-06,C0097,P1007,12,944.29,已完成,王强,老客户复购,变频控制器A型,控制器类,780,1044.88,南通华科,上海客户097,华东,安徽,经销商,C,5892.76,1346.4,1466.09,530.25,135.86,11331.48,9371.36,1960.119999999999,0.1729800520320381,2025-06
O001498,2025-03-20,C0109,P1003,10,1416.97,已完成,刘洋,展会线索,步进电机A型,电机类,1120,1636.22,常州机电,浙江客户109,华东,安徽,经销商,B,7103.22,1463.69,1373.71,316.73,88.48,14169.7,10345.829999999998,3823.8700000000026,0.2698624529806561,2025-03
O001499,2025-03-27,C0016,P1016,88,104.26,已完成,张伟,老客户复购,密封圈套装,配套耗材,83,101.3,苏州精工,北京客户016,华北,天津,终端工厂,B,5020.61,1131.29,858.06,387.76,152.66,9174.880000000001,7550.379999999999,1624.5000000000018,0.17705953647350173,2025-03
O001500,2025-03-17,C0096,P1013,43,160.99,已完成,李娜,老客户复购,CNC定制件,机加工件,138,172.93,南通华科,天津客户096,华北,北京,经销商,C,3970.44,746.45,920.41,265.85,60.27,6922.570000000001,5963.420000000001,959.1499999999996,0.13855403412316517,2025-03
O001501,2025-03-12,C0109,P1008,14,716.38,已完成,刘洋,展会线索,精密齿轮箱,传动部件,523,743.47,上海工控,浙江客户109,华东,安徽,经销商,B,4986.61,1056.57,1011.32,316.78,123.18,10029.32,7494.459999999999,2534.8600000000006,0.2527449518013186,2025-03
O001502,2025-05-10,C0067,P1005,6,1423.53,已完成,刘洋,展会线索,PLC控制器标准版,控制器类,980,1458.49,苏州精工,福建客户067,华南,广东,终端工厂,A,4078.3,922.12,616.21,147.66,81.78,8541.18,5846.07,2695.1100000000006,0.3155430514284912,2025-05
O001503,2025-09-19,C0098,P1011,43,454.16,已完成,李娜,老客户复购,铝合金支架,机加工件,393,502.7,无锡智造,福建客户098,华南,广西,设备集成商,C,11204.45,2306.94,2350.44,426.29,303.91,19528.88,16592.030000000002,2936.8499999999985,0.15038496831359496,2025-09
O001504,2025-10-23,C0094,P1003,6,1568.95,已完成,刘洋,老客户复购,步进电机A型,电机类,1120,1636.22,常州机电,安徽客户094,华东,安徽,终端工厂,A,4685.96,856.53,934.41,457.98,74.3,9413.7,7009.179999999999,2404.5200000000013,0.25542772767349725,2025-10
O001505,2025-10-08,C0051,P1012,26,368.16,已完成,赵磊,直销,不锈钢轴套,机加工件,315,371.9,南通华科,广西客户051,华南,广东,终端工厂,C,5822.52,1280.61,1109.39,160.98,155.3,9572.16,8528.8,1043.3600000000006,0.10899943168522054,2025-10
O001506,2025-05-07,C0117,P1003,16,1461.92,已完成,李娜,经销,步进电机A型,电机类,1120,1636.22,常州机电,上海客户117,华东,安徽,经销商,B,11967.47,2925.81,2662.03,779.68,209.46,23390.72,18544.449999999997,4846.270000000004,0.2071877223103865,2025-05
O001507,2025-02-17,C0037,P1011,16,480.69,已完成,李娜,直销,铝合金支架,机加工件,393,502.7,无锡智造,福建客户037,华南,广东,经销商,B,3987.58,815.11,955.88,148.63,82.84,7691.04,5990.04,1701.0,0.22116644823066842,2025-02
O001508,2025-06-29,C0014,P1011,11,489.77,已完成,张伟,直销,铝合金支架,机加工件,393,502.7,无锡智造,江苏客户014,华东,上海,设备集成商,B,2824.77,743.24,556.2,268.7,86.5,5387.469999999999,4479.41,908.0599999999995,0.1685503585170775,2025-06
O001509,2025-01-09,C0046,P1002,6,1068.72,已完成,陈敏,展会线索,伺服电机B型,电机类,690,1040.91,南通华科,湖南客户046,华中,湖南,终端工厂,C,2919.08,521.31,476.87,126.58,76.65,6412.32,4120.49,2291.83,0.35741042243680915,2025-01
O001510,2025-11-14,C0004,P1005,17,1387.73,已完成,刘洋,老客户复购,PLC控制器标准版,控制器类,980,1458.49,苏州精工,重庆客户004,西南,四川,终端工厂,A,11525.87,2168.2,1796.12,861.35,199.46,23591.41,16551.0,7040.41,0.29843108148262437,2025-11
O001511,2025-07-05,C0114,P1002,17,1012.85,已完成,李娜,直销,伺服电机B型,电机类,690,1040.91,南通华科,江苏客户114,华东,安徽,终端工厂,B,7834.85,1443.58,1652.02,584.5,253.31,17218.45,11768.26,5450.1900000000005,0.3165319758747158,2025-07
O001512,2025-07-24,C0105,P1009,29,711.06,已完成,李娜,展会线索,同步带轮组件,传动部件,565,711.1,南通华科,安徽客户105,华东,安徽,设备集成商,B,10609.95,2240.09,2426.32,827.92,282.42,20620.739999999998,16386.7,4234.039999999997,0.20532919769125635,2025-07
O001513,2025-02-10,C0094,P1004,1,680.17,已取消,张伟,展会线索,减速电机C型,电机类,541,716.52,苏州精工,安徽客户094,华东,安徽,终端工厂,A,369.4,67.97,81.89,28.53,9.43,680.17,557.2199999999999,122.95000000000005,0.18076363262125653,2025-02
O001514,2025-09-12,C0048,P1012,27,358.86,已完成,张伟,老客户复购,不锈钢轴套,机加工件,315,371.9,南通华科,江苏客户048,华东,山东,经销商,A,6054.37,1106.66,1200.9,471.91,93.5,9689.220000000001,8927.34,761.880000000001,0.07863171648491839,2025-09
O001515,2025-12-03,C0025,P1001,13,712.27,已完成,陈敏,老客户复购,伺服电机A型,电机类,522,799.93,南通华科,广东客户025,华南,福建,经销商,B,4217.7,1113.53,681.44,421.67,54.12,9259.51,6488.46,2771.05,0.29926529589578715,2025-12
O001516,2025-07-01,C0111,P1007,15,965.08,已完成,张伟,老客户复购,变频控制器A型,控制器类,780,1044.88,南通华科,广东客户111,华南,广东,经销商,A,8017.73,1668.78,1312.75,672.26,234.42,14476.2,11905.94,2570.26,0.17755073845346156,2025-07
O001517,2025-12-28,C0021,P1005,10,1371.02,已完成,刘洋,直销,PLC控制器标准版,控制器类,980,1458.49,苏州精工,山东客户021,华东,江苏,经销商,A,6409.63,1343.08,1412.78,607.09,215.77,13710.2,9988.35,3721.8500000000004,0.27146577001064903,2025-12
O001518,2025-12-04,C0069,P1007,2,1017.46,已完成,张伟,经销,变频控制器A型,控制器类,780,1044.88,南通华科,山东客户069,华东,安徽,设备集成商,B,1067.04,208.53,235.82,83.92,25.96,2034.92,1621.27,413.6500000000001,0.2032758044542292,2025-12
O001519,2025-11-13,C0038,P1005,10,1499.1,已取消,张伟,直销,PLC控制器标准版,控制器类,980,1458.49,苏州精工,江苏客户038,华东,安徽,终端工厂,A,6577.36,1510.67,1467.03,614.32,267.49,14991.0,10436.869999999999,4554.130000000001,0.3037909412314056,2025-11
O001520,2025-06-14,C0103,P1007,2,1060.26,已完成,赵磊,展会线索,变频控制器A型,控制器类,780,1044.88,南通华科,上海客户103,华东,上海,终端工厂,A,1046.34,245.67,235.99,49.05,24.73,2120.52,1601.78,518.74,0.24462867598513574,2025-06
O001521,2025-10-07,C0074,P1004,7,735.0,已完成,赵磊,经销,减速电机C型,电机类,541,716.52,苏州精工,安徽客户074,华东,浙江,终端工厂,B,2582.98,662.38,382.3,115.45,43.82,5145.0,3786.9300000000003,1358.0699999999997,0.2639591836734693,2025-10
O001522,2025-06-24,C0037,P1001,14,743.94,已完成,李娜,展会线索,伺服电机A型,电机类,522,799.93,南通华科,福建客户037,华南,广东,经销商,B,4769.65,1000.52,989.56,479.06,151.59,10415.16,7390.38,3024.7799999999997,0.29042088647702,2025-06
O001523,2025-01-29,C0110,P1013,16,176.52,已完成,刘洋,老客户复购,CNC定制件,机加工件,138,172.93,南通华科,云南客户110,西南,云南,终端工厂,A,1422.29,379.39,304.53,64.01,29.44,2824.32,2199.6600000000003,624.6599999999999,0.22117182188987078,2025-01
O001524,2025-12-26,C0083,P1011,39,513.91,已完成,刘洋,展会线索,铝合金支架,机加工件,393,502.7,无锡智造,浙江客户083,华东,山东,终端工厂,B,10713.52,2518.78,2062.94,402.19,341.71,20042.489999999998,16039.140000000001,4003.3499999999967,0.19974314568698784,2025-12
O001525,2025-11-25,C0114,P1005,4,1470.67,已完成,李娜,经销,PLC控制器标准版,控制器类,980,1458.49,苏州精工,江苏客户114,华东,安徽,终端工厂,B,2550.96,651.88,544.31,142.63,48.15,5882.68,3937.9300000000003,1944.75,0.33058911924497,2025-11
O001526,2025-10-29,C0041,P1007,11,1021.39,已完成,赵磊,老客户复购,变频控制器A型,控制器类,780,1044.88,南通华科,福建客户041,华南,广东,终端工厂,A,5431.92,1154.15,939.25,411.18,157.09,11235.289999999999,8093.59,3141.699999999999,0.2796278511725108,2025-10
O001527,2025-04-20,C0033,P1003,8,1675.93,已完成,赵磊,展会线索,步进电机A型,电机类,1120,1636.22,常州机电,江苏客户033,华东,浙江,终端工厂,B,6080.41,1420.28,1334.03,629.81,113.37,13407.44,9577.9,3829.540000000001,0.2856279796888892,2025-04
O001528,2025-09-08,C0020,P1014,96,36.64,已取消,王强,老客户复购,工业线缆,配套耗材,34,41.43,南通华科,福建客户020,华南,福建,经销商,B,2215.53,407.02,349.93,133.32,43.26,3517.44,3149.0600000000004,368.37999999999965,0.10472957605531286,2025-09
O001529,2025-08-29,C0118,P1009,35,729.83,已完成,陈敏,展会线索,同步带轮组件,传动部件,565,711.1,南通华科,浙江客户118,华东,浙江,终端工厂,B,13760.1,2878.07,2128.9,1162.81,159.48,25544.050000000003,20089.360000000004,5454.689999999999,0.21354053096513662,2025-08
O001530,2025-07-31,C0068,P1002,17,991.64,已完成,王强,经销,伺服电机B型,电机类,690,1040.91,南通华科,四川客户068,西南,重庆,终端工厂,A,7494.26,1602.54,1873.48,498.83,211.16,16857.88,11680.269999999999,5177.610000000002,0.3071329253737719,2025-07
O001531,2025-11-24,C0057,P1002,3,1029.75,已完成,李娜,展会线索,伺服电机B型,电机类,690,1040.91,南通华科,浙江客户057,华东,上海,设备集成商,C,1442.73,327.44,311.5,98.93,60.5,3089.25,2241.1,848.1500000000001,0.2745488387148985,2025-11
O001532,2025-03-18,C0057,P1014,110,38.7,已完成,刘洋,老客户复购,工业线缆,配套耗材,34,41.43,南通华科,浙江客户057,华东,上海,设备集成商,C,2616.81,538.87,459.56,202.34,64.99,4257.0,3882.5699999999997,374.4300000000003,0.0879563072586329,2025-03
O001533,2025-05-06,C0094,P1008,19,734.79,已完成,陈敏,展会线索,精密齿轮箱,传动部件,523,743.47,上海工控,安徽客户094,华东,安徽,终端工厂,A,6778.46,1644.27,1328.08,287.19,136.65,13961.009999999998,10174.65,3786.3599999999988,0.2712096044627143,2025-05
O001534,2025-11-02,C0029,P1002,13,1001.25,已取消,张伟,直销,伺服电机B型,电机类,690,1040.91,南通华科,云南客户029,西南,四川,终端工厂,B,6061.88,1086.18,1132.38,539.56,97.15,13016.25,8917.15,4099.1,0.31492173244982236,2025-11
O001535,2025-10-30,C0100,P1016,63,92.48,退货,赵磊,直销,密封圈套装,配套耗材,83,101.3,苏州精工,福建客户100,华南,广东,设备集成商,A,3275.74,889.78,716.56,123.4,99.6,5826.240000000001,5105.08,721.1600000000008,0.12377794254956896,2025-10
O001536,2025-08-19,C0026,P1006,3,2367.53,已完成,王强,直销,PLC控制器增强版,控制器类,1773,2443.12,苏州精工,河南客户026,华中,湖北,经销商,B,4620.1,744.91,651.96,145.29,124.5,7102.59,6286.76,815.8299999999999,0.11486373280732802,2025-08
O001537,2025-11-12,C0080,P1007,14,1021.32,已完成,李娜,经销,变频控制器A型,控制器类,780,1044.88,南通华科,广西客户080,华南,广东,终端工厂,B,7378.66,1889.26,1102.37,247.97,106.15,14298.480000000001,10724.41,3574.0700000000015,0.2499615343728845,2025-11
O001538,2025-10-03,C0092,P1003,8,1584.06,已完成,张伟,老客户复购,步进电机A型,电机类,1120,1636.22,常州机电,江苏客户092,华东,江苏,终端工厂,B,5582.11,1429.02,1236.77,283.59,91.76,12672.48,8623.25,4049.2299999999996,0.3195294054518137,2025-10
O001539,2025-10-10,C0101,P1005,10,1405.83,已完成,赵磊,经销,PLC控制器标准版,控制器类,980,1458.49,苏州精工,湖南客户101,华中,河南,终端工厂,A,6218.77,1736.51,1387.78,498.93,138.3,14058.3,9980.29,4078.0099999999984,0.29007845898864004,2025-10
O001540,2025-07-29,C0118,P1009,15,694.55,已完成,陈敏,老客户复购,同步带轮组件,传动部件,565,711.1,南通华科,浙江客户118,华东,浙江,终端工厂,B,5621.5,1062.46,1355.06,431.61,149.21,10418.25,8619.84,1798.4099999999999,0.17262112158951837,2025-07
O001541,2025-01-23,C0063,P1004,1,703.35,已完成,王强,老客户复购,减速电机C型,电机类,541,716.52,苏州精工,福建客户063,华南,广东,终端工厂,A,367.22,81.29,62.46,16.12,9.31,703.35,536.4,166.95000000000005,0.23736404350607812,2025-01
O001542,2025-01-15,C0061,P1002,7,1041.12,已完成,李娜,经销,伺服电机B型,电机类,690,1040.91,南通华科,江苏客户061,华东,山东,终端工厂,A,3028.51,601.18,645.52,343.94,136.39,7287.839999999999,4755.54,2532.2999999999993,0.34746920898373174,2025-01
O001543,2025-10-04,C0092,P1001,1,801.11,已完成,王强,直销,伺服电机A型,电机类,522,799.93,南通华科,江苏客户092,华东,江苏,终端工厂,B,324.21,66.0,70.46,35.81,15.47,801.11,511.95,289.16,0.36094918300857565,2025-10
O001544,2025-08-27,C0100,P1007,14,985.82,已完成,赵磊,经销,变频控制器A型,控制器类,780,1044.88,南通华科,福建客户100,华南,广东,设备集成商,A,9900.25,1754.37,1223.38,242.1,78.84,13801.480000000001,13198.94,602.5400000000009,0.04365763671722169,2025-08
O001545,2025-07-29,C0030,P1010,38,598.33,已完成,刘洋,老客户复购,联轴器套件,传动部件,456,621.63,上海工控,福建客户030,华南,广西,设备集成商,A,10806.07,2847.93,2473.54,404.4,422.88,22736.54,16954.820000000003,5781.7199999999975,0.254291989898199,2025-07
O001546,2025-12-10,C0079,P1009,26,636.12,已完成,李娜,展会线索,同步带轮组件,传动部件,565,711.1,南通华科,安徽客户079,华东,浙江,经销商,A,9874.51,2559.97,2263.68,362.14,177.11,16539.12,15237.41,1301.7099999999991,0.07870491295788405,2025-12
O001547,2025-07-16,C0049,P1010,16,600.86,已完成,刘洋,直销,联轴器套件,传动部件,456,621.63,上海工控,江苏客户049,华东,山东,经销商,C,4621.74,1214.77,950.29,456.73,78.09,9613.76,7321.620000000001,2292.1399999999994,0.23842284392370927,2025-07
O001548,2025-11-04,C0048,P1014,24,38.09,已完成,王强,直销,工业线缆,配套耗材,34,41.43,南通华科,江苏客户048,华东,山东,经销商,A,562.09,146.35,114.18,15.91,12.64,914.1600000000001,851.1700000000001,62.99000000000001,0.06890478690819989,2025-11
O001549,2025-01-28,C0051,P1003,16,1601.99,已完成,赵磊,展会线索,步进电机A型,电机类,1120,1636.22,常州机电,广西客户051,华南,广东,终端工厂,C,11432.68,2183.2,2152.15,623.2,431.42,25631.84,16822.649999999998,8809.190000000002,0.3436815304714762,2025-01
O001550,2025-05-20,C0050,P1008,17,721.92,已完成,张伟,老客户复购,精密齿轮箱,传动部件,523,743.47,上海工控,广东客户050,华南,广西,终端工厂,A,5844.66,1457.92,897.76,190.45,66.76,12272.64,8457.550000000001,3815.0899999999983,0.31086139575511046,2025-05
O001551,2025-09-13,C0018,P1008,8,716.14,已完成,陈敏,展会线索,精密齿轮箱,传动部件,523,743.47,上海工控,上海客户018,华东,山东,经销商,B,2685.86,595.97,570.99,283.63,59.1,5729.12,4195.55,1533.5699999999997,0.26767985310134884,2025-09
O001552,2025-03-16,C0076,P1011,41,447.43,已取消,张伟,经销,铝合金支架,机加工件,393,502.7,无锡智造,浙江客户076,华东,浙江,经销商,A,10079.74,2121.99,2479.33,724.21,309.16,18344.63,15714.43,2630.2000000000007,0.14337710817825164,2025-03
O001553,2025-02-08,C0061,P1013,38,162.76,已完成,赵磊,直销,CNC定制件,机加工件,138,172.93,南通华科,江苏客户061,华东,山东,终端工厂,A,3316.39,671.75,559.72,278.33,50.4,6184.879999999999,4876.589999999999,1308.29,0.21153037730723961,2025-02
O001554,2025-03-06,C0003,P1014,57,40.66,已完成,刘洋,展会线索,工业线缆,配套耗材,34,41.43,南通华科,上海客户003,华东,安徽,终端工厂,A,1326.2,292.58,257.1,50.62,33.67,2317.62,1960.17,357.4499999999998,0.15423149610376155,2025-03
O001555,2025-06-04,C0026,P1003,11,1467.12,已完成,赵磊,直销,步进电机A型,电机类,1120,1636.22,常州机电,河南客户026,华中,湖北,经销商,B,7691.5,2212.77,1251.78,270.41,159.28,16138.32,11585.740000000002,4552.579999999998,0.2820975169658303,2025-06
O001556,2025-09-01,C0026,P1012,41,341.17,已完成,赵磊,经销,不锈钢轴套,机加工件,315,371.9,南通华科,河南客户026,华中,湖北,经销商,B,9081.34,1749.1,1657.2,218.62,86.49,13987.970000000001,12792.750000000002,1195.2199999999993,0.08544627991052306,2025-09
O001557,2025-02-18,C0041,P1002,2,1061.91,已完成,刘洋,经销,伺服电机B型,电机类,690,1040.91,南通华科,福建客户041,华南,广东,终端工厂,A,939.5,181.69,195.48,90.24,37.71,2123.82,1444.6200000000001,679.2,0.3198011130886798,2025-02
O001558,2025-05-05,C0039,P1008,17,704.07,已完成,刘洋,展会线索,精密齿轮箱,传动部件,523,743.47,上海工控,湖北客户039,华中,河南,经销商,B,5631.38,1309.92,1394.33,502.98,80.84,11969.19,8919.45,3049.74,0.25479919693813863,2025-05
O001559,2025-06-22,C0105,P1010,4,571.51,退货,赵磊,直销,联轴器套件,传动部件,456,621.63,上海工控,安徽客户105,华东,安徽,设备集成商,B,1222.54,319.83,230.56,101.29,28.43,2286.04,1902.6499999999999,383.3900000000001,0.16770922643523303,2025-06
O001560,2025-04-18,C0047,P1005,8,1337.22,已完成,王强,展会线索,PLC控制器标准版,控制器类,980,1458.49,苏州精工,云南客户047,西南,云南,经销商,A,4944.54,1010.35,805.96,233.6,196.88,10697.76,7191.330000000001,3506.4299999999994,0.3277723560820208,2025-04
O001561,2025-10-28,C0011,P1005,1,1318.18,已完成,王强,直销,PLC控制器标准版,控制器类,980,1458.49,苏州精工,上海客户011,华东,上海,经销商,A,671.32,161.04,134.55,37.61,10.88,1318.18,1015.4000000000001,302.78,0.22969548923515754,2025-10
O001562,2025-10-27,C0042,P1011,27,516.29,已完成,刘洋,直销,铝合金支架,机加工件,393,502.7,无锡智造,重庆客户042,西南,云南,终端工厂,B,7560.99,1601.09,1367.4,695.09,149.98,13939.829999999998,11374.55,2565.279999999999,0.18402519973342568,2025-10
O001563,2025-01-13,C0103,P1015,94,81.17,已完成,王强,直销,传感器支架,配套耗材,70,84.31,苏州精工,上海客户103,华东,上海,终端工厂,A,4641.61,1130.05,749.86,139.78,149.81,7629.9800000000005,6811.11,818.8700000000008,0.10732269285109539,2025-01
O001564,2025-11-12,C0081,P1003,14,1423.64,已完成,陈敏,经销,步进电机A型,电机类,1120,1636.22,常州机电,安徽客户081,华东,江苏,经销商,B,10389.41,1883.69,2037.48,730.98,331.68,19930.960000000003,15373.24,4557.720000000003,0.22867538743743415,2025-11
O001565,2025-11-23,C0063,P1011,13,509.78,已完成,陈敏,经销,铝合金支架,机加工件,393,502.7,无锡智造,福建客户063,华南,广东,终端工厂,A,3649.33,893.62,799.09,106.86,103.89,6627.139999999999,5552.79,1074.3499999999995,0.16211367196105703,2025-11
O001566,2025-04-15,C0008,P1005,10,1385.09,已完成,刘洋,经销,PLC控制器标准版,控制器类,980,1458.49,苏州精工,天津客户008,华北,北京,设备集成商,C,6297.34,1286.28,1450.59,409.98,259.69,13850.9,9703.88,4147.02,0.29940437083510824,2025-04
O001567,2025-01-28,C0059,P1010,44,594.31,已完成,刘洋,经销,联轴器套件,传动部件,456,621.63,上海工控,河北客户059,华北,河北,经销商,B,12524.82,3373.38,2171.13,553.85,317.99,26149.64,18941.170000000002,7208.4699999999975,0.27566230357282157,2025-01
O001568,2025-02-27,C0046,P1015,93,84.31,已完成,王强,展会线索,传感器支架,配套耗材,70,84.31,苏州精工,湖南客户046,华中,湖南,终端工厂,C,4293.73,971.1,1018.17,298.02,73.35,7840.83,6654.370000000001,1186.4599999999991,0.15131816402090073,2025-02
O001569,2025-09-19,C0013,P1009,25,662.5,已完成,赵磊,直销,同步带轮组件,传动部件,565,711.1,南通华科,湖北客户013,华中,湖北,设备集成商,B,9001.73,2050.99,1795.27,597.0,148.9,16562.5,13593.89,2968.6100000000006,0.17923683018867928,2025-09
O001570,2025-09-25,C0044,P1013,38,171.02,已完成,陈敏,展会线索,CNC定制件,机加工件,138,172.93,南通华科,安徽客户044,华东,安徽,终端工厂,A,3653.76,660.26,700.74,239.31,52.66,6498.76,5306.7300000000005,1192.0299999999997,0.1834242224670552,2025-09
O001571,2025-09-28,C0111,P1013,5,150.33,已完成,李娜,老客户复购,CNC定制件,机加工件,138,172.93,南通华科,广东客户111,华南,广东,经销商,A,484.79,108.28,95.73,24.37,14.01,751.6500000000001,727.1800000000001,24.470000000000027,0.032555045566420575,2025-09
O001572,2025-10-24,C0110,P1003,13,1583.62,已完成,刘洋,直销,步进电机A型,电机类,1120,1636.22,常州机电,云南客户110,西南,云南,终端工厂,A,10037.56,2080.77,1664.45,360.01,154.0,20587.059999999998,14296.79,6290.269999999997,0.3055448422455658,2025-10
O001573,2025-08-01,C0025,P1006,8,2241.18,已完成,李娜,老客户复购,PLC控制器增强版,控制器类,1773,2443.12,苏州精工,广东客户025,华南,福建,经销商,B,13704.36,2048.25,2183.22,375.98,204.04,17929.44,18515.850000000002,-586.4100000000035,-0.032706542981822274,2025-08
O001574,2025-09-12,C0096,P1006,17,2224.94,已完成,陈敏,经销,PLC控制器增强版,控制器类,1773,2443.12,苏州精工,天津客户096,华北,北京,经销商,C,18962.1,4691.12,4676.39,1824.59,669.11,37823.98,30823.309999999998,7000.6700000000055,0.18508549338276947,2025-09
O001575,2025-12-25,C0008,P1012,17,357.52,已完成,李娜,经销,不锈钢轴套,机加工件,315,371.9,南通华科,天津客户008,华北,北京,设备集成商,C,3778.45,852.15,606.32,246.6,119.59,6077.84,5603.11,474.7300000000005,0.07810834112118786,2025-12
O001576,2025-05-21,C0012,P1011,27,483.85,已完成,李娜,直销,铝合金支架,机加工件,393,502.7,无锡智造,云南客户012,西南,云南,终端工厂,A,7136.89,1439.3,1426.21,511.73,106.13,13063.95,10620.26,2443.6900000000005,0.18705598230244302,2025-05
O001577,2025-06-07,C0049,P1011,43,474.84,已完成,张伟,经销,铝合金支架,机加工件,393,502.7,无锡智造,江苏客户049,华东,山东,经销商,C,11692.74,2623.5,2310.79,524.94,149.64,20418.12,17301.609999999997,3116.510000000002,0.1526345226690803,2025-06
O001578,2025-04-08,C0106,P1003,8,1502.89,已取消,李娜,老客户复购,步进电机A型,电机类,1120,1636.22,常州机电,河北客户106,华北,天津,经销商,C,6113.81,1390.36,1077.72,304.86,122.74,12023.12,9009.49,3013.630000000001,0.25065290872918183,2025-04
O001579,2025-02-24,C0035,P1012,27,364.16,已完成,刘洋,直销,不锈钢轴套,机加工件,315,371.9,南通华科,江苏客户035,华东,浙江,终端工厂,A,5689.75,1518.05,1240.15,440.6,123.74,9832.320000000002,9012.29,820.0300000000007,0.08340147594870799,2025-02
O001580,2025-10-09,C0094,P1002,7,1060.91,已完成,陈敏,直销,伺服电机B型,电机类,690,1040.91,南通华科,安徽客户094,华东,安徽,终端工厂,A,3248.72,638.81,691.96,220.97,119.84,7426.370000000001,4920.3,2506.0700000000006,0.3374555805864777,2025-10
O001581,2025-06-10,C0001,P1005,14,1415.39,已完成,刘洋,经销,PLC控制器标准版,控制器类,980,1458.49,苏州精工,广东客户001,华南,广西,终端工厂,B,9067.62,1735.73,1514.46,860.09,175.95,19815.460000000003,13353.850000000002,6461.610000000001,0.32608932621296705,2025-06
O001582,2025-09-12,C0109,P1007,15,972.76,已完成,赵磊,老客户复购,变频控制器A型,控制器类,780,1044.88,南通华科,浙江客户109,华东,安徽,经销商,B,7563.29,2056.42,1631.66,277.25,104.38,14591.4,11632.999999999998,2958.4000000000015,0.20274956481214973,2025-09
O001583,2025-07-13,C0063,P1012,14,351.25,已完成,赵磊,经销,不锈钢轴套,机加工件,315,371.9,南通华科,福建客户063,华南,广东,终端工厂,A,2854.31,686.37,640.2,121.01,88.81,4917.5,4390.700000000001,526.7999999999993,0.10712760549059466,2025-07
O001584,2025-08-02,C0105,P1014,44,38.57,已完成,刘洋,直销,工业线缆,配套耗材,34,41.43,南通华科,安徽客户105,华东,安徽,设备集成商,B,943.85,198.15,236.71,33.46,31.09,1697.08,1443.26,253.81999999999994,0.14956277841940271,2025-08
O001585,2025-06-21,C0108,P1014,82,41.96,已完成,刘洋,直销,工业线缆,配套耗材,34,41.43,南通华科,湖北客户108,华中,湖南,终端工厂,A,1924.82,346.79,359.71,114.11,65.31,3440.7200000000003,2810.7400000000002,629.98,0.18309539863749447,2025-06
O001586,2025-08-14,C0091,P1007,8,960.26,已完成,张伟,老客户复购,变频控制器A型,控制器类,780,1044.88,南通华科,广东客户091,华南,广东,经销商,A,4929.71,916.07,666.11,287.09,62.71,7682.08,6861.69,820.3900000000003,0.10679269156270181,2025-08
O001587,2025-02-13,C0074,P1006,17,2510.47,已完成,刘洋,老客户复购,PLC控制器增强版,控制器类,1773,2443.12,苏州精工,安徽客户074,华东,浙江,终端工厂,B,21692.23,4104.53,3269.19,1685.02,739.41,42677.99,31490.379999999997,11187.61,0.26214003986598244,2025-02
O001588,2025-03-27,C0006,P1003,9,1561.32,已完成,刘洋,直销,步进电机A型,电机类,1120,1636.22,常州机电,福建客户006,华南,广东,经销商,B,6314.19,1273.34,1062.54,233.87,209.26,14051.88,9093.2,4958.6799999999985,0.35288374224658897,2025-03
O001589,2025-09-01,C0037,P1003,13,1423.3,已完成,刘洋,老客户复购,步进电机A型,电机类,1120,1636.22,常州机电,福建客户037,华南,广东,经销商,B,9883.78,2326.23,1897.75,806.96,244.24,18502.899999999998,15158.960000000001,3343.939999999997,0.18072518361986484,2025-09
O001590,2025-04-01,C0065,P1004,3,644.36,已完成,刘洋,老客户复购,减速电机C型,电机类,541,716.52,苏州精工,安徽客户065,华东,山东,经销商,B,1155.37,242.05,239.29,56.56,22.29,1933.08,1715.5599999999997,217.5200000000002,0.1125250894944856,2025-04
O001591,2025-02-07,C0043,P1012,41,340.39,已完成,张伟,老客户复购,不锈钢轴套,机加工件,315,371.9,南通华科,广东客户043,华南,广东,设备集成商,B,9103.77,1633.23,1729.25,564.13,226.87,13955.99,13257.25,698.7399999999998,0.050067390418021204,2025-02
O001592,2025-06-22,C0120,P1010,31,561.69,已完成,刘洋,展会线索,联轴器套件,传动部件,456,621.63,上海工控,浙江客户120,华东,山东,经销商,C,9600.46,2076.35,1634.79,815.42,183.65,17412.390000000003,14310.669999999998,3101.720000000005,0.17813292718575705,2025-06
O001593,2025-01-26,C0056,P1005,16,1362.76,已完成,陈敏,直销,PLC控制器标准版,控制器类,980,1458.49,苏州精工,山东客户056,华东,山东,设备集成商,A,10974.42,1911.39,1786.42,590.79,328.67,21804.16,15591.69,6212.469999999999,0.28492131776688484,2025-01
O001594,2025-11-08,C0033,P1011,29,500.3,已完成,陈敏,直销,铝合金支架,机加工件,393,502.7,无锡智造,江苏客户033,华东,浙江,终端工厂,B,7430.08,1395.93,1258.59,349.24,110.86,14508.7,10544.7,3964.0,0.2732153811161579,2025-11
O001595,2025-12-08,C0088,P1015,118,85.93,已完成,赵磊,展会线索,传感器支架,配套耗材,70,84.31,苏州精工,河南客户088,华中,河南,终端工厂,A,5289.48,1372.3,1030.2,295.89,197.72,10139.740000000002,8185.59,1954.1500000000015,0.19272190411193987,2025-12
O001596,2025-11-29,C0019,P1009,11,695.61,已完成,刘洋,直销,同步带轮组件,传动部件,565,711.1,南通华科,湖北客户019,华中,河南,终端工厂,B,4130.93,1091.72,733.02,222.07,83.74,7651.71,6261.48,1390.2300000000005,0.18168879897434698,2025-11
O001597,2025-11-24,C0111,P1003,15,1427.42,已完成,赵磊,老客户复购,步进电机A型,电机类,1120,1636.22,常州机电,广东客户111,华南,广东,经销商,A,11333.41,2604.92,1930.11,915.88,266.53,21411.300000000003,17050.85,4360.450000000004,0.20365181002554744,2025-11
O001598,2025-02-19,C0076,P1013,21,158.3,已完成,陈敏,经销,CNC定制件,机加工件,138,172.93,南通华科,浙江客户076,华东,浙江,经销商,A,1798.8,450.58,428.57,79.01,18.51,3324.3,2775.4700000000007,548.8299999999995,0.16509641127455388,2025-02
O001599,2025-06-05,C0061,P1015,28,84.93,已完成,刘洋,老客户复购,传感器支架,配套耗材,70,84.31,苏州精工,江苏客户061,华东,山东,终端工厂,A,1373.41,350.01,205.0,113.74,24.71,2378.04,2066.87,311.1700000000001,0.1308514575028175,2025-06
O001600,2025-03-10,C0007,P1013,10,177.14,已完成,王强,经销,CNC定制件,机加工件,138,172.93,南通华科,福建客户007,华南,广西,终端工厂,A,985.52,219.32,211.71,75.29,9.6,1771.3999999999999,1501.4399999999998,269.96000000000004,0.15239923224568142,2025-03
O001601,2025-10-25,C0003,P1012,18,354.2,退货,赵磊,老客户复购,不锈钢轴套,机加工件,315,371.9,南通华科,上海客户003,华东,安徽,终端工厂,A,3552.51,859.26,611.1,198.51,123.17,6375.599999999999,5344.550000000001,1031.0499999999984,0.1617181128050691,2025-10
O001602,2025-09-13,C0091,P1007,17,906.86,已完成,刘洋,老客户复购,变频控制器A型,控制器类,780,1044.88,南通华科,广东客户091,华南,广东,经销商,A,8612.05,1980.18,1631.72,571.09,121.91,15416.62,12916.949999999999,2499.670000000002,0.16214124756269543,2025-09
O001603,2025-03-01,C0093,P1011,18,475.58,已完成,张伟,老客户复购,铝合金支架,机加工件,393,502.7,无锡智造,湖北客户093,华中,湖南,终端工厂,B,4569.76,1213.38,1051.76,364.86,141.79,8560.44,7341.55,1218.8900000000003,0.14238637266308743,2025-03
O001604,2025-06-26,C0040,P1006,7,2369.12,已完成,王强,展会线索,PLC控制器增强版,控制器类,1773,2443.12,苏州精工,浙江客户040,华东,江苏,终端工厂,A,8265.03,2032.1,1529.44,307.21,180.77,16583.84,12314.550000000001,4269.289999999999,0.2574367577111211,2025-06
O001605,2025-07-17,C0090,P1011,42,499.64,已完成,张伟,展会线索,铝合金支架,机加工件,393,502.7,无锡智造,河北客户090,华北,北京,终端工厂,B,10495.61,2367.8,1945.16,754.84,218.73,20984.88,15782.14,5202.740000000002,0.24792803199255853,2025-07
O001606,2025-03-26,C0051,P1012,5,364.5,已完成,刘洋,经销,不锈钢轴套,机加工件,315,371.9,南通华科,广西客户051,华南,广东,终端工厂,C,1087.63,237.4,244.39,33.14,27.91,1822.5,1630.4700000000003,192.02999999999975,0.10536625514403278,2025-03
O001607,2025-02-07,C0091,P1012,17,333.33,已完成,赵磊,经销,不锈钢轴套,机加工件,315,371.9,南通华科,广东客户091,华南,广东,经销商,A,3680.17,948.04,654.88,145.58,42.99,5666.61,5471.66,194.94999999999982,0.03440328520932265,2025-02
O001608,2025-01-21,C0041,P1002,5,1055.23,已完成,王强,老客户复购,伺服电机B型,电机类,690,1040.91,南通华科,福建客户041,华南,广东,终端工厂,A,2230.52,517.89,518.41,131.64,38.86,5276.15,3437.3199999999997,1838.83,0.3485173848355335,2025-01
O001609,2025-04-23,C0093,P1014,12,41.4,已完成,李娜,经销,工业线缆,配套耗材,34,41.43,南通华科,湖北客户093,华中,湖南,终端工厂,B,264.06,51.43,63.49,22.63,4.78,496.79999999999995,406.39,90.40999999999997,0.1819847020933977,2025-04
O001610,2025-12-05,C0021,P1006,7,2211.96,已完成,赵磊,经销,PLC控制器增强版,控制器类,1773,2443.12,苏州精工,山东客户021,华东,江苏,经销商,A,8001.36,2163.53,1242.42,557.73,290.17,15483.720000000001,12255.21,3228.510000000002,0.20850997047221223,2025-12
O001611,2025-10-16,C0038,P1016,29,95.3,已完成,王强,经销,密封圈套装,配套耗材,83,101.3,苏州精工,江苏客户038,华东,安徽,终端工厂,A,1614.75,289.27,272.31,130.68,14.52,2763.7,2321.5299999999997,442.1700000000001,0.1599920396569816,2025-10
O001612,2025-02-10,C0085,P1013,17,168.65,已完成,李娜,经销,CNC定制件,机加工件,138,172.93,南通华科,浙江客户085,华东,山东,终端工厂,A,1547.14,392.68,352.57,90.93,24.33,2867.05,2407.65,459.4000000000001,0.16023438726216846,2025-02
O001613,2025-05-22,C0057,P1003,4,1632.37,已完成,赵磊,直销,步进电机A型,电机类,1120,1636.22,常州机电,浙江客户057,华东,上海,设备集成商,C,3046.27,608.5,516.62,282.5,47.76,6529.48,4501.650000000001,2027.829999999999,0.31056531301114315,2025-05
O001614,2025-02-15,C0104,P1004,1,697.96,已完成,李娜,直销,减速电机C型,电机类,541,716.52,苏州精工,安徽客户104,华东,安徽,终端工厂,B,335.72,75.85,70.04,27.69,11.67,697.96,520.97,176.99,0.2535818671557109,2025-02
O001615,2025-02-21,C0064,P1005,17,1293.67,已完成,陈敏,展会线索,PLC控制器标准版,控制器类,980,1458.49,苏州精工,江苏客户064,华东,浙江,经销商,B,11434.62,2625.46,2331.48,538.89,236.1,21992.39,17166.55,4825.84,0.21943226725244505,2025-02
O001616,2025-09-19,C0068,P1009,11,723.46,已完成,刘洋,老客户复购,同步带轮组件,传动部件,565,711.1,南通华科,四川客户068,西南,重庆,终端工厂,A,4236.42,770.25,731.63,232.57,103.47,7958.06,6074.34,1883.7200000000003,0.23670593084244151,2025-09
O001617,2025-09-01,C0083,P1001,8,765.88,已完成,李娜,直销,伺服电机A型,电机类,522,799.93,南通华科,浙江客户083,华东,山东,终端工厂,B,2792.27,681.06,536.22,285.79,65.59,6127.04,4360.93,1766.1099999999997,0.2882484854024129,2025-09
O001618,2025-11-29,C0040,P1015,52,84.17,已完成,张伟,老客户复购,传感器支架,配套耗材,70,84.31,苏州精工,浙江客户040,华东,江苏,终端工厂,A,2448.04,437.5,431.81,198.4,43.78,4376.84,3559.53,817.31,0.18673517880479978,2025-11
O001619,2025-11-07,C0065,P1012,29,346.35,已完成,赵磊,经销,不锈钢轴套,机加工件,315,371.9,南通华科,安徽客户065,华东,山东,经销商,B,5894.99,1394.11,956.65,337.55,95.97,10044.150000000001,8679.269999999999,1364.8800000000028,0.13588805424052833,2025-11
O001620,2025-07-04,C0113,P1013,20,156.14,已完成,李娜,直销,CNC定制件,机加工件,138,172.93,南通华科,安徽客户113,华东,浙江,经销商,B,1816.94,462.25,385.62,95.6,42.67,3122.7999999999997,2803.08,319.7199999999998,0.1023824772639938,2025-07
O001621,2025-09-21,C0069,P1001,7,761.95,已完成,刘洋,展会线索,伺服电机A型,电机类,522,799.93,南通华科,山东客户069,华东,安徽,设备集成商,B,2545.69,601.99,406.03,136.18,54.53,5333.650000000001,3744.42,1589.2300000000005,0.2979629334508264,2025-09
O001622,2025-03-05,C0060,P1009,17,665.88,已完成,赵磊,展会线索,同步带轮组件,传动部件,565,711.1,南通华科,广西客户060,华南,广东,设备集成商,A,6135.23,1159.61,1060.76,490.02,149.3,11319.96,8994.919999999998,2325.040000000001,0.2053929519185581,2025-03
O001623,2025-12-14,C0084,P1015,40,84.95,已完成,王强,经销,传感器支架,配套耗材,70,84.31,苏州精工,天津客户084,华北,河北,终端工厂,A,1831.66,438.2,404.29,93.12,40.75,3398.0,2808.02,589.98,0.17362566215420835,2025-12
O001624,2025-08-09,C0060,P1004,9,715.35,已完成,陈敏,展会线索,减速电机C型,电机类,541,716.52,苏州精工,广西客户060,华南,广东,设备集成商,A,3926.96,758.71,591.02,194.26,73.0,6438.150000000001,5543.950000000001,894.1999999999998,0.1388908304404215,2025-08
O001625,2025-06-16,C0101,P1013,9,170.29,已完成,李娜,经销,CNC定制件,机加工件,138,172.93,南通华科,湖南客户101,华中,河南,终端工厂,A,841.14,180.5,125.46,56.3,27.88,1532.61,1231.28,301.3299999999999,0.19661231493987377,2025-06
O001626,2025-07-26,C0065,P1006,14,2115.15,已完成,张伟,老客户复购,PLC控制器增强版,控制器类,1773,2443.12,苏州精工,安徽客户065,华东,山东,经销商,B,17299.82,4440.58,2689.33,674.81,387.59,29612.100000000002,25492.130000000005,4119.9699999999975,0.13913130105598714,2025-07
O001627,2025-09-15,C0086,P1006,7,2370.95,已取消,李娜,经销,PLC控制器增强版,控制器类,1773,2443.12,苏州精工,云南客户086,西南,云南,设备集成商,B,7987.57,1515.05,1540.67,416.04,148.65,16596.649999999998,11607.98,4988.669999999998,0.3005829489686171,2025-09
O001628,2025-01-23,C0057,P1004,17,700.17,已完成,张伟,经销,减速电机C型,电机类,541,716.52,苏州精工,浙江客户057,华东,上海,设备集成商,C,6578.77,1235.22,991.12,230.75,203.48,11902.89,9239.34,2663.5499999999993,0.2237733861272346,2025-01
O001629,2025-12-05,C0085,P1009,42,686.69,已取消,陈敏,展会线索,同步带轮组件,传动部件,565,711.1,南通华科,浙江客户085,华东,山东,终端工厂,A,16408.93,3031.96,2685.88,1187.01,263.01,28840.980000000003,23576.789999999997,5264.190000000006,0.18252465762259137,2025-12
O001630,2025-12-25,C0019,P1015,95,82.19,已完成,陈敏,经销,传感器支架,配套耗材,70,84.31,苏州精工,湖北客户019,华中,河南,终端工厂,B,4775.73,1013.69,741.61,351.82,76.46,7808.05,6959.3099999999995,848.7400000000007,0.10870063588219858,2025-12
O001631,2025-08-04,C0031,P1011,44,445.87,已完成,张伟,展会线索,铝合金支架,机加工件,393,502.7,无锡智造,山东客户031,华东,上海,经销商,A,11220.45,2414.77,2526.22,413.21,210.44,19618.28,16785.09,2833.1899999999987,0.14441582034714556,2025-08
O001632,2025-09-02,C0098,P1016,101,92.52,已完成,陈敏,直销,密封圈套装,配套耗材,83,101.3,苏州精工,福建客户098,华南,广西,设备集成商,C,5223.31,1421.74,1009.67,221.33,128.0,9344.52,8004.05,1340.4700000000003,0.14344985082165806,2025-09
O001633,2025-02-05,C0055,P1003,7,1608.86,已完成,陈敏,展会线索,步进电机A型,电机类,1120,1636.22,常州机电,天津客户055,华北,天津,设备集成商,C,5413.51,1323.19,947.6,489.12,134.84,11262.019999999999,8308.26,2953.7599999999984,0.26227621687761155,2025-02
O001634,2025-06-11,C0088,P1002,15,1008.13,已完成,张伟,经销,伺服电机B型,电机类,690,1040.91,南通华科,河南客户088,华中,河南,终端工厂,A,6521.68,1767.56,1375.08,545.7,288.26,15121.95,10498.28,4623.67,0.3057588472386167,2025-06
O001635,2025-12-11,C0118,P1001,14,820.34,已完成,陈敏,直销,伺服电机A型,电机类,522,799.93,南通华科,浙江客户118,华东,浙江,终端工厂,B,4939.59,879.41,1112.55,286.73,143.86,11484.76,7362.14,4122.62,0.35896440151992726,2025-12
O001636,2025-03-23,C0082,P1003,10,1574.29,已完成,赵磊,直销,步进电机A型,电机类,1120,1636.22,常州机电,河北客户082,华北,河北,经销商,A,7173.47,1543.57,1581.43,472.84,226.81,15742.9,10998.12,4744.779999999999,0.3013917384979895,2025-03
O001637,2025-02-09,C0064,P1016,80,97.48,已完成,陈敏,展会线索,密封圈套装,配套耗材,83,101.3,苏州精工,江苏客户064,华东,浙江,经销商,B,4663.65,932.58,890.43,329.21,122.64,7798.400000000001,6938.51,859.8900000000003,0.11026492613869515,2025-02
O001638,2025-10-26,C0097,P1013,15,158.81,已完成,王强,展会线索,CNC定制件,机加工件,138,172.93,南通华科,上海客户097,华东,安徽,经销商,C,1395.15,296.02,257.61,71.85,24.38,2382.15,2045.0100000000002,337.1399999999999,0.14152761161135943,2025-10
O001639,2025-06-14,C0049,P1009,35,656.49,已完成,王强,直销,同步带轮组件,传动部件,565,711.1,南通华科,江苏客户049,华东,山东,经销商,C,13642.92,2521.81,3125.38,971.12,217.65,22977.15,20478.88,2498.2700000000004,0.1087284541381329,2025-06
O001640,2025-12-05,C0003,P1013,43,170.58,已完成,李娜,展会线索,CNC定制件,机加工件,138,172.93,南通华科,上海客户003,华东,安徽,终端工厂,A,3704.33,965.33,854.86,357.41,64.59,7334.9400000000005,5946.5199999999995,1388.420000000001,0.18928852860418774,2025-12
O001641,2025-07-21,C0067,P1010,3,626.43,已完成,陈敏,直销,联轴器套件,传动部件,456,621.63,上海工控,福建客户067,华南,广东,终端工厂,A,859.48,239.27,158.03,75.65,11.11,1879.29,1343.54,535.75,0.28508106785009235,2025-07
O001642,2025-01-19,C0042,P1011,42,514.82,已完成,张伟,经销,铝合金支架,机加工件,393,502.7,无锡智造,重庆客户042,西南,云南,终端工厂,B,11489.14,2106.52,2339.48,727.21,418.01,21622.440000000002,17080.359999999997,4542.080000000005,0.21006324910602156,2025-01
O001643,2025-06-26,C0097,P1010,3,605.34,已完成,刘洋,经销,联轴器套件,传动部件,456,621.63,上海工控,上海客户097,华东,安徽,经销商,C,853.21,188.13,142.51,83.12,25.26,1816.02,1292.2300000000002,523.7899999999997,0.2884274402264291,2025-06
O001644,2025-08-12,C0058,P1011,39,472.64,已完成,王强,展会线索,铝合金支架,机加工件,393,502.7,无锡智造,湖南客户058,华中,湖南,终端工厂,B,10322.69,1960.13,1982.42,533.72,179.47,18432.96,14978.429999999998,3454.5300000000007,0.18741048643299832,2025-08
O001645,2025-09-28,C0038,P1012,15,364.4,已完成,陈敏,经销,不锈钢轴套,机加工件,315,371.9,南通华科,江苏客户038,华东,安徽,终端工厂,A,3294.36,584.37,655.84,239.44,101.72,5466.0,4875.73,590.2700000000004,0.10798938894987202,2025-09
O001646,2025-05-11,C0040,P1005,10,1454.02,已完成,张伟,老客户复购,PLC控制器标准版,控制器类,980,1458.49,苏州精工,浙江客户040,华东,江苏,终端工厂,A,6807.0,1342.08,1333.1,290.06,98.23,14540.2,9870.47,4669.730000000001,0.3211599565342981,2025-05
O001647,2025-06-06,C0096,P1005,5,1371.86,已完成,刘洋,经销,PLC控制器标准版,控制器类,980,1458.49,苏州精工,天津客户096,华北,北京,经销商,C,3350.93,838.23,509.77,128.34,92.49,6859.299999999999,4919.76,1939.539999999999,0.28276063155132436,2025-06
O001648,2025-05-02,C0050,P1005,14,1462.76,已完成,张伟,直销,PLC控制器标准版,控制器类,980,1458.49,苏州精工,广东客户050,华南,广西,终端工厂,A,8805.79,2150.05,1548.61,390.67,269.98,20478.64,13165.1,7313.539999999999,0.35713016098725303,2025-05
O001649,2025-06-09,C0009,P1015,48,84.24,已完成,陈敏,老客户复购,传感器支架,配套耗材,70,84.31,苏州精工,安徽客户009,华东,浙江,终端工厂,A,2372.9,541.32,501.05,98.35,73.95,4043.5199999999995,3587.57,455.94999999999936,0.11276066397594162,2025-06
O001650,2025-12-02,C0094,P1009,7,688.99,已完成,刘洋,展会线索,同步带轮组件,传动部件,565,711.1,南通华科,安徽客户094,华东,安徽,终端工厂,A,2601.22,676.89,507.31,117.56,42.94,4822.93,3945.9199999999996,877.0100000000007,0.18184174350446733,2025-12
O001651,2025-07-22,C0077,P1002,8,950.84,已完成,赵磊,经销,伺服电机B型,电机类,690,1040.91,南通华科,云南客户077,西南,重庆,设备集成商,A,3735.75,688.57,860.03,186.37,76.33,7606.72,5547.049999999999,2059.670000000001,0.2707697930251148,2025-07
O001652,2025-11-03,C0116,P1002,16,1039.83,已完成,陈敏,直销,伺服电机B型,电机类,690,1040.91,南通华科,北京客户116,华北,北京,终端工厂,A,7102.36,1326.79,1562.75,593.44,285.24,16637.28,10870.58,5766.699999999999,0.346613148303088,2025-11
O001653,2025-10-28,C0104,P1008,16,712.22,已完成,王强,经销,精密齿轮箱,传动部件,523,743.47,上海工控,安徽客户104,华东,安徽,终端工厂,B,5222.48,1470.42,1002.93,535.1,75.29,11395.52,8306.220000000001,3089.2999999999993,0.2710977647356153,2025-10
O001654,2025-01-16,C0117,P1009,16,677.42,已完成,李娜,经销,同步带轮组件,传动部件,565,711.1,南通华科,上海客户117,华东,安徽,经销商,B,6277.3,1399.04,1098.28,192.6,152.51,10838.72,9119.730000000001,1718.989999999998,0.15859714062177066,2025-01
O001655,2025-12-26,C0058,P1013,7,164.56,已完成,张伟,展会线索,CNC定制件,机加工件,138,172.93,南通华科,湖南客户058,华中,湖南,终端工厂,B,601.47,144.97,131.62,46.81,22.89,1151.92,947.7600000000001,204.15999999999997,0.17723453017570662,2025-12
O001656,2025-11-02,C0082,P1016,40,91.68,已完成,刘洋,展会线索,密封圈套装,配套耗材,83,101.3,苏州精工,河北客户082,华北,河北,经销商,A,2144.75,462.62,399.96,148.91,69.59,3667.2000000000003,3225.83,441.37000000000035,0.12035613001745209,2025-11
O001657,2025-08-20,C0056,P1004,5,703.2,已完成,李娜,直销,减速电机C型,电机类,541,716.52,苏州精工,山东客户056,华东,山东,设备集成商,A,2602.83,478.11,413.22,174.69,37.41,3516.0,3706.2599999999998,-190.25999999999976,-0.054112627986348055,2025-08
O001658,2025-10-05,C0115,P1005,17,1397.25,已完成,李娜,直销,PLC控制器标准版,控制器类,980,1458.49,苏州精工,重庆客户115,西南,四川,经销商,B,11597.06,2167.59,1711.45,534.61,396.23,23753.25,16406.940000000002,7346.309999999998,0.3092759938113731,2025-10
O001659,2025-03-19,C0103,P1007,16,1076.16,已完成,王强,直销,变频控制器A型,控制器类,780,1044.88,南通华科,上海客户103,华东,上海,终端工厂,A,8525.96,1665.6,1803.55,343.45,298.36,17218.56,12636.92,4581.640000000001,0.2660872918525127,2025-03
O001660,2025-03-10,C0038,P1007,12,1020.28,已完成,陈敏,直销,变频控制器A型,控制器类,780,1044.88,南通华科,江苏客户038,华东,安徽,终端工厂,A,6546.53,1669.4,1020.4,572.15,123.86,12243.36,9932.34,2311.0200000000004,0.1887570078801898,2025-03
O001661,2025-01-18,C0011,P1006,16,2274.93,已完成,陈敏,经销,PLC控制器增强版,控制器类,1773,2443.12,苏州精工,上海客户011,华东,上海,经销商,A,18768.44,4201.49,3903.84,1813.27,509.56,36398.88,29196.600000000002,7202.279999999995,0.19787092350094276,2025-01
O001662,2025-04-30,C0035,P1013,32,173.3,已完成,刘洋,展会线索,CNC定制件,机加工件,138,172.93,南通华科,江苏客户035,华东,浙江,终端工厂,A,3147.16,597.49,547.16,181.11,54.59,5545.6,4527.509999999999,1018.090000000001,0.18358518465089457,2025-04
O001663,2025-08-24,C0020,P1001,7,737.32,已完成,陈敏,直销,伺服电机A型,电机类,522,799.93,南通华科,福建客户020,华南,福建,经销商,B,3102.14,597.58,470.39,213.14,61.99,5161.240000000001,4445.24,716.0000000000009,0.13872635258193783,2025-08
O001664,2025-06-29,C0080,P1009,7,678.7,已完成,张伟,经销,同步带轮组件,传动部件,565,711.1,南通华科,广西客户080,华南,广东,终端工厂,B,2666.93,622.96,628.34,78.05,60.25,4750.900000000001,4056.53,694.3700000000003,0.14615546528026274,2025-06
O001665,2025-11-27,C0023,P1006,8,2350.27,已完成,王强,经销,PLC控制器增强版,控制器类,1773,2443.12,苏州精工,江苏客户023,华东,浙江,设备集成商,B,8933.3,1828.88,1937.93,434.42,305.3,18802.16,13439.83,5362.33,0.28519755177064765,2025-11
O001666,2025-08-24,C0014,P1007,12,1002.55,已完成,李娜,直销,变频控制器A型,控制器类,780,1044.88,南通华科,江苏客户014,华东,上海,设备集成商,B,7429.24,1245.75,1213.31,180.83,215.84,12030.599999999999,10284.97,1745.6299999999992,0.14509916379897922,2025-08
O001667,2025-03-23,C0002,P1007,17,1014.35,已完成,张伟,经销,变频控制器A型,控制器类,780,1044.88,南通华科,广东客户002,华南,福建,经销商,B,8230.5,2077.71,2100.53,775.25,151.41,17243.95,13335.4,3908.550000000001,0.22666210468019224,2025-03
O001668,2025-08-15,C0106,P1013,5,164.81,已完成,刘洋,老客户复购,CNC定制件,机加工件,138,172.93,南通华科,河北客户106,华北,天津,经销商,C,441.37,108.72,103.06,22.8,9.46,824.05,685.4100000000001,138.63999999999987,0.16824221831199548,2025-08
O001669,2025-01-07,C0008,P1009,44,657.26,已完成,张伟,直销,同步带轮组件,传动部件,565,711.1,南通华科,天津客户008,华北,北京,设备集成商,C,15700.31,3211.16,3333.75,537.7,232.24,28919.44,23015.160000000003,5904.279999999995,0.20416301283842272,2025-01
O001670,2025-01-09,C0039,P1004,17,687.21,已完成,李娜,经销,减速电机C型,电机类,541,716.52,苏州精工,湖北客户039,华中,河南,经销商,B,5917.97,1348.61,944.87,379.59,221.15,11682.57,8812.19,2870.379999999999,0.24569765043136907,2025-01
O001671,2025-05-02,C0028,P1016,101,93.77,已完成,赵磊,经销,密封圈套装,配套耗材,83,101.3,苏州精工,广东客户028,华南,广东,经销商,B,5217.97,1323.33,1258.71,245.64,66.04,9470.77,8111.6900000000005,1359.08,0.14350258743481256,2025-05
O001672,2025-11-27,C0114,P1015,78,84.58,已取消,刘洋,老客户复购,传感器支架,配套耗材,70,84.31,苏州精工,江苏客户114,华东,安徽,终端工厂,B,3408.86,866.14,726.91,151.9,115.28,6597.24,5269.089999999999,1328.1500000000005,0.201319036445544,2025-11
O001673,2025-01-18,C0049,P1011,4,486.1,已取消,张伟,老客户复购,铝合金支架,机加工件,393,502.7,无锡智造,江苏客户049,华东,山东,经销商,C,1090.26,214.71,228.26,45.84,29.42,1944.4,1608.49,335.9100000000001,0.17275766303229792,2025-01
O001674,2025-07-05,C0111,P1002,10,943.82,已完成,陈敏,直销,伺服电机B型,电机类,690,1040.91,南通华科,广东客户111,华南,广东,经销商,A,4359.8,1114.59,788.85,330.68,71.61,9438.2,6665.530000000001,2772.67,0.2937710580407281,2025-07
O001675,2025-04-06,C0001,P1014,61,40.13,已完成,赵磊,直销,工业线缆,配套耗材,34,41.43,南通华科,广东客户001,华南,广西,终端工厂,B,1436.45,256.46,227.98,52.5,13.76,2447.9300000000003,1987.15,460.7800000000002,0.1882325066484745,2025-04
O001676,2025-05-17,C0068,P1004,8,731.96,已完成,李娜,直销,减速电机C型,电机类,541,716.52,苏州精工,四川客户068,西南,重庆,终端工厂,A,3005.8,774.09,634.93,264.22,29.81,5855.68,4708.850000000001,1146.829999999999,0.19584915842395742,2025-05
O001677,2025-03-10,C0097,P1001,8,734.04,已完成,王强,老客户复购,伺服电机A型,电机类,522,799.93,南通华科,上海客户097,华东,安徽,经销商,C,2638.34,641.19,662.61,223.88,62.32,5872.32,4228.34,1643.9799999999996,0.2799540896953844,2025-03
O001678,2025-08-12,C0092,P1012,39,358.19,已完成,赵磊,经销,不锈钢轴套,机加工件,315,371.9,南通华科,江苏客户092,华东,江苏,终端工厂,B,7796.24,1586.86,1495.89,558.54,76.51,13969.41,11514.039999999999,2455.370000000001,0.17576762368632612,2025-08
O001679,2025-04-02,C0066,P1007,11,1071.4,已完成,赵磊,直销,变频控制器A型,控制器类,780,1044.88,南通华科,上海客户066,华东,山东,终端工厂,A,6050.77,1514.31,1315.56,553.39,61.64,11785.400000000001,9495.669999999998,2289.730000000003,0.19428530215351222,2025-04
O001680,2025-05-26,C0044,P1008,31,757.55,已完成,刘洋,直销,精密齿轮箱,传动部件,523,743.47,上海工控,安徽客户044,华东,安徽,终端工厂,A,11637.35,2301.94,2466.92,505.81,274.71,23484.05,17186.73,6297.32,0.2681530655913269,2025-05
O001681,2025-05-29,C0112,P1010,34,634.24,已完成,刘洋,老客户复购,联轴器套件,传动部件,456,621.63,上海工控,广东客户112,华南,福建,终端工厂,A,9680.95,1897.76,2427.87,935.26,279.2,21564.16,15221.040000000003,6343.119999999997,0.2941510357927226,2025-05
O001682,2025-08-03,C0006,P1014,76,38.45,已完成,王强,老客户复购,工业线缆,配套耗材,34,41.43,南通华科,福建客户006,华南,广东,经销商,B,1737.86,426.17,311.37,121.75,35.87,2922.2000000000003,2633.0199999999995,289.18000000000075,0.09895968790637216,2025-08
O001683,2025-02-26,C0012,P1011,3,472.65,已完成,赵磊,老客户复购,铝合金支架,机加工件,393,502.7,无锡智造,云南客户012,西南,云南,终端工厂,A,806.19,209.73,151.24,42.03,26.35,1417.9499999999998,1235.54,182.40999999999985,0.12864346415599978,2025-02
O001684,2025-11-29,C0114,P1009,22,672.85,已取消,赵磊,展会线索,同步带轮组件,传动部件,565,711.1,南通华科,江苏客户114,华东,安徽,终端工厂,B,8828.51,2231.75,1653.83,400.4,127.39,14802.7,13241.88,1560.8200000000015,0.10544157484783191,2025-11
O001685,2025-11-15,C0016,P1015,48,84.66,已完成,刘洋,展会线索,传感器支架,配套耗材,70,84.31,苏州精工,北京客户016,华北,天津,终端工厂,B,2094.66,549.71,383.07,147.24,76.19,4063.68,3250.8700000000003,812.8099999999995,0.20001821009528298,2025-11
O001686,2025-12-01,C0022,P1012,31,367.64,已完成,李娜,经销,不锈钢轴套,机加工件,315,371.9,南通华科,湖南客户022,华中,河南,终端工厂,A,6982.18,1174.38,1162.27,504.97,148.69,11396.84,9972.49,1424.3500000000004,0.12497762537685887,2025-12
O001687,2025-11-26,C0056,P1006,8,2383.26,已完成,李娜,直销,PLC控制器增强版,控制器类,1773,2443.12,苏州精工,山东客户056,华东,山东,设备集成商,A,9939.45,2428.29,1795.09,525.55,225.58,19066.08,14913.960000000001,4152.120000000001,0.21777523224490825,2025-11
O001688,2025-12-14,C0105,P1012,39,337.75,已完成,陈敏,直销,不锈钢轴套,机加工件,315,371.9,南通华科,安徽客户105,华东,安徽,设备集成商,B,8418.66,1744.83,1799.74,614.35,121.64,13172.25,12699.22,473.03000000000065,0.03591110098882125,2025-12
O001689,2025-12-24,C0028,P1008,23,672.24,已完成,李娜,展会线索,精密齿轮箱,传动部件,523,743.47,上海工控,广东客户028,华南,广东,经销商,B,8618.77,1892.93,1836.71,288.16,135.64,15461.52,12772.21,2689.3100000000013,0.1739356803212104,2025-12
O001690,2025-09-27,C0097,P1001,9,708.76,已完成,王强,老客户复购,伺服电机A型,电机类,522,799.93,南通华科,上海客户097,华东,安徽,经销商,C,3063.57,649.12,518.24,289.52,71.95,6378.84,4592.400000000001,1786.4399999999996,0.2800571890814003,2025-09
O001691,2025-07-26,C0047,P1009,25,651.67,已完成,刘洋,经销,同步带轮组件,传动部件,565,711.1,南通华科,云南客户047,西南,云南,经销商,A,10117.92,2189.49,1529.79,555.66,324.26,16291.749999999998,14717.12,1574.6299999999974,0.09665198643485184,2025-07
O001692,2025-01-19,C0056,P1010,9,580.12,已完成,李娜,老客户复购,联轴器套件,传动部件,456,621.63,上海工控,山东客户056,华东,山东,设备集成商,A,2776.43,492.94,640.16,121.24,80.03,5221.08,4110.799999999999,1110.2800000000007,0.2126533207688832,2025-01
O001693,2025-09-28,C0039,P1011,10,435.92,已完成,张伟,老客户复购,铝合金支架,机加工件,393,502.7,无锡智造,湖北客户039,华中,河南,经销商,B,2639.03,548.34,459.65,207.09,81.43,4359.2,3935.5400000000004,423.6599999999994,0.09718755734997234,2025-09
O001694,2025-01-06,C0044,P1016,108,96.17,已完成,赵磊,老客户复购,密封圈套装,配套耗材,83,101.3,苏州精工,安徽客户044,华东,安徽,终端工厂,A,6017.65,1214.71,951.44,212.71,133.3,10386.36,8529.809999999998,1856.550000000003,0.17874885908056362,2025-01
O001695,2025-11-26,C0109,P1008,12,724.41,已完成,张伟,老客户复购,精密齿轮箱,传动部件,523,743.47,上海工控,浙江客户109,华东,安徽,经销商,B,4084.31,768.96,799.0,357.42,159.74,8692.92,6169.43,2523.49,0.29029255992232755,2025-11
O001696,2025-10-27,C0106,P1015,105,82.12,已完成,刘洋,直销,传感器支架,配套耗材,70,84.31,苏州精工,河北客户106,华北,天津,经销商,C,4987.18,1200.97,895.56,279.1,137.48,8622.6,7500.290000000001,1122.3099999999995,0.1301591167397304,2025-10
O001697,2025-05-29,C0026,P1005,11,1400.54,已完成,李娜,老客户复购,PLC控制器标准版,控制器类,980,1458.49,苏州精工,河南客户026,华中,湖北,经销商,B,7468.02,1568.18,1429.64,729.24,223.08,15405.939999999999,11418.16,3987.779999999999,0.258846912294868,2025-05
O001698,2025-07-05,C0062,P1006,2,2196.06,已完成,刘洋,展会线索,PLC控制器增强版,控制器类,1773,2443.12,苏州精工,浙江客户062,华东,上海,经销商,C,2426.38,592.46,379.11,146.26,85.17,4392.12,3629.38,762.7399999999998,0.17366101108348583,2025-07
O001699,2025-01-06,C0048,P1006,10,2136.72,已完成,张伟,经销,PLC控制器增强版,控制器类,1773,2443.12,苏州精工,江苏客户048,华东,山东,经销商,A,11633.82,2441.34,2412.57,485.87,285.02,21367.199999999997,17258.62,4108.579999999998,0.19228443595791675,2025-01
O001700,2025-01-30,C0094,P1001,17,785.72,已完成,刘洋,展会线索,伺服电机A型,电机类,522,799.93,南通华科,安徽客户094,华东,安徽,终端工厂,A,5640.01,1373.59,1208.13,395.96,143.47,13357.24,8761.159999999998,4596.080000000002,0.3440890483363331,2025-01
O001701,2025-04-15,C0003,P1009,21,721.68,已完成,赵磊,老客户复购,同步带轮组件,传动部件,565,711.1,南通华科,上海客户003,华东,安徽,终端工厂,A,7647.54,1659.38,1541.27,358.7,253.74,15155.279999999999,11460.630000000001,3694.649999999998,0.24378632397421876,2025-04
O001702,2025-08-30,C0081,P1010,25,596.87,已完成,陈敏,直销,联轴器套件,传动部件,456,621.63,上海工控,安徽客户081,华东,江苏,经销商,B,7876.3,1552.21,1206.65,223.92,208.17,14921.75,11067.25,3854.5,0.2583142057734515,2025-08
O001703,2025-06-17,C0044,P1009,19,681.79,已完成,王强,老客户复购,同步带轮组件,传动部件,565,711.1,南通华科,安徽客户044,华东,安徽,终端工厂,A,6882.6,1296.3,1304.79,630.47,198.83,12954.009999999998,10312.99,2641.0199999999986,0.20387663742732937,2025-06
O001704,2025-09-28,C0076,P1003,12,1591.79,已完成,张伟,经销,步进电机A型,电机类,1120,1636.22,常州机电,浙江客户076,华东,浙江,经销商,A,9485.63,1729.52,1403.1,294.23,369.33,19101.48,13281.81,5819.67,0.30467115637112935,2025-09
O001705,2025-12-17,C0035,P1004,9,675.51,已完成,王强,老客户复购,减速电机C型,电机类,541,716.52,苏州精工,江苏客户035,华东,浙江,终端工厂,A,3164.95,718.52,602.16,246.62,58.66,6079.59,4790.91,1288.6800000000003,0.21196824127942843,2025-12
O001706,2025-09-03,C0048,P1005,15,1415.13,已完成,李娜,老客户复购,PLC控制器标准版,控制器类,980,1458.49,苏州精工,江苏客户048,华东,山东,经销商,A,9901.12,2642.1,1861.66,727.97,266.14,21226.95,15398.99,5827.960000000001,0.2745547523313524,2025-09
O001707,2025-05-02,C0074,P1002,16,984.35,已完成,王强,展会线索,伺服电机B型,电机类,690,1040.91,南通华科,安徽客户074,华东,浙江,终端工厂,B,7731.52,1501.55,1216.9,651.93,176.94,15749.6,11278.84,4470.76,0.2838649870472901,2025-05
O001708,2025-02-16,C0102,P1005,15,1438.24,已完成,李娜,展会线索,PLC控制器标准版,控制器类,980,1458.49,苏州精工,北京客户102,华北,天津,终端工厂,C,10457.18,2332.15,1967.75,376.8,344.23,21573.6,15478.109999999999,6095.49,0.28254394259650684,2025-02
O001709,2025-01-01,C0092,P1014,40,40.58,已完成,张伟,老客户复购,工业线缆,配套耗材,34,41.43,南通华科,江苏客户092,华东,江苏,终端工厂,B,936.5,215.43,157.86,78.13,15.95,1623.1999999999998,1403.8700000000001,219.3299999999997,0.13512198127156216,2025-01
O001710,2025-01-16,C0120,P1003,2,1571.07,已完成,王强,直销,步进电机A型,电机类,1120,1636.22,常州机电,浙江客户120,华东,山东,经销商,C,1422.9,401.48,324.3,92.75,59.82,3142.14,2301.2500000000005,840.8899999999994,0.2676169744187081,2025-01
O001711,2025-04-23,C0053,P1010,42,636.46,已完成,张伟,展会线索,联轴器套件,传动部件,456,621.63,上海工控,河北客户053,华北,河北,终端工厂,A,12048.75,2398.97,2699.42,567.48,501.4,26731.32,18216.02,8515.3,0.31855142207717385,2025-04
O001712,2025-03-31,C0061,P1011,10,515.19,已完成,王强,展会线索,铝合金支架,机加工件,393,502.7,无锡智造,江苏客户061,华东,山东,终端工厂,A,2766.86,543.84,602.59,85.01,68.16,5151.900000000001,4066.4600000000005,1085.44,0.2106873192414449,2025-03
O001713,2025-09-23,C0037,P1010,31,548.53,已完成,王强,经销,联轴器套件,传动部件,456,621.63,上海工控,福建客户037,华南,广东,经销商,B,10086.83,2421.82,1715.61,363.9,138.72,17004.43,14726.88,2277.550000000001,0.1339386265814262,2025-09
O001714,2025-09-24,C0066,P1010,8,597.25,已完成,李娜,直销,联轴器套件,传动部件,456,621.63,上海工控,上海客户066,华东,山东,终端工厂,A,2449.45,568.38,371.98,140.83,83.4,4778.0,3614.04,1163.96,0.24360820426956886,2025-09
O001715,2025-07-30,C0081,P1003,6,1476.09,已完成,张伟,经销,步进电机A型,电机类,1120,1636.22,常州机电,安徽客户081,华东,江苏,经销商,B,4464.99,874.61,1057.0,215.39,150.35,8856.539999999999,6762.34,2094.199999999999,0.23645802988525982,2025-07
O001716,2025-06-15,C0067,P1011,19,513.34,已完成,陈敏,直销,铝合金支架,机加工件,393,502.7,无锡智造,福建客户067,华南,广东,终端工厂,A,4774.25,1085.63,966.42,317.2,124.33,9753.460000000001,7267.83,2485.630000000001,0.25484597260869485,2025-06
O001717,2025-01-01,C0045,P1013,10,160.87,已完成,赵磊,经销,CNC定制件,机加工件,138,172.93,南通华科,安徽客户045,华东,江苏,设备集成商,A,886.64,208.32,177.89,35.88,31.89,1608.7,1340.6200000000001,268.0799999999999,0.1666438739354758,2025-01
O001718,2025-11-11,C0054,P1011,29,487.19,已完成,陈敏,老客户复购,铝合金支架,机加工件,393,502.7,无锡智造,天津客户054,华北,北京,终端工厂,A,8052.62,1974.58,1608.51,291.0,191.04,14128.51,12117.750000000002,2010.7599999999984,0.14231932454306917,2025-11
O001719,2025-02-08,C0020,P1002,12,925.89,已完成,李娜,直销,伺服电机B型,电机类,690,1040.91,南通华科,福建客户020,华南,福建,经销商,B,5813.75,1012.84,1074.33,320.7,90.91,11110.68,8312.53,2798.1499999999996,0.2518432715189349,2025-02
O001720,2025-09-10,C0035,P1009,37,717.43,已完成,赵磊,经销,同步带轮组件,传动部件,565,711.1,南通华科,江苏客户035,华东,浙江,终端工厂,A,13751.83,3742.2,2997.66,676.47,373.76,26544.91,21541.92,5002.990000000002,0.18847266764136708,2025-09
O001721,2025-10-29,C0117,P1001,8,693.07,已完成,张伟,展会线索,伺服电机A型,电机类,522,799.93,南通华科,上海客户117,华东,安徽,经销商,B,2692.12,654.17,642.14,191.24,88.71,5544.56,4268.38,1276.1800000000003,0.2301679484034802,2025-10
O001722,2025-02-19,C0054,P1011,24,513.47,已完成,赵磊,直销,铝合金支架,机加工件,393,502.7,无锡智造,天津客户054,华北,北京,终端工厂,A,6275.43,1428.45,1336.56,535.25,183.52,12323.28,9759.210000000001,2564.0699999999997,0.20806717042865208,2025-02
O001723,2025-12-04,C0006,P1001,9,717.58,已完成,张伟,直销,伺服电机A型,电机类,522,799.93,南通华科,福建客户006,华南,广东,经销商,B,3371.99,794.85,688.87,287.9,59.53,6458.22,5203.139999999999,1255.0800000000008,0.19433837806702167,2025-12
O001724,2025-01-02,C0053,P1003,2,1644.74,已完成,张伟,直销,步进电机A型,电机类,1120,1636.22,常州机电,河北客户053,华北,河北,终端工厂,A,1485.58,344.66,286.14,146.91,17.78,3289.48,2281.07,1008.4099999999999,0.30655605141238124,2025-01
O001725,2025-03-30,C0116,P1002,14,984.82,已完成,刘洋,老客户复购,伺服电机B型,电机类,690,1040.91,南通华科,北京客户116,华北,北京,终端工厂,A,6191.26,1670.24,1000.25,316.35,141.58,13787.480000000001,9319.68,4467.800000000001,0.3240476142123144,2025-03
O001726,2025-01-16,C0008,P1002,9,984.18,已完成,王强,经销,伺服电机B型,电机类,690,1040.91,南通华科,天津客户008,华北,北京,设备集成商,C,4316.41,953.92,976.69,203.51,160.16,8857.619999999999,6610.6900000000005,2246.9299999999985,0.25367197960625976,2025-01
O001727,2025-02-22,C0078,P1012,33,369.86,已完成,李娜,老客户复购,不锈钢轴套,机加工件,315,371.9,南通华科,四川客户078,西南,云南,设备集成商,A,6738.99,1400.52,1350.34,213.5,131.39,12205.380000000001,9834.74,2370.6400000000012,0.19422910224835285,2025-02
O001728,2025-02-03,C0077,P1002,17,1023.63,已完成,王强,展会线索,伺服电机B型,电机类,690,1040.91,南通华科,云南客户077,西南,重庆,设备集成商,A,7689.81,1520.28,1778.83,496.06,343.31,17401.71,11828.289999999999,5573.42,0.3202800184579562,2025-02
O001729,2025-04-22,C0107,P1011,19,460.26,已完成,王强,经销,铝合金支架,机加工件,393,502.7,无锡智造,安徽客户107,华东,安徽,经销商,B,5301.35,983.32,973.0,315.37,151.15,8744.94,7724.19,1020.7500000000009,0.11672464305072429,2025-04
O001730,2025-01-18,C0104,P1006,10,2333.89,已完成,张伟,直销,PLC控制器增强版,控制器类,1773,2443.12,苏州精工,安徽客户104,华东,安徽,终端工厂,B,12562.84,2791.43,1810.38,743.22,426.45,23338.899999999998,18334.320000000003,5004.5799999999945,0.2144308429274728,2025-01
O001731,2025-07-31,C0061,P1002,12,992.03,已取消,赵磊,直销,伺服电机B型,电机类,690,1040.91,南通华科,江苏客户061,华东,山东,终端工厂,A,5724.87,1425.89,1162.88,196.91,232.37,11904.36,8742.92,3161.4400000000005,0.26556992564068965,2025-07
O001732,2025-07-12,C0024,P1016,88,100.67,已完成,王强,老客户复购,密封圈套装,配套耗材,83,101.3,苏州精工,广东客户024,华南,广西,终端工厂,B,5199.0,931.95,779.79,300.03,144.9,8858.960000000001,7355.669999999999,1503.2900000000018,0.16969147620036681,2025-07
O001733,2025-03-20,C0095,P1016,81,100.6,已完成,刘洋,老客户复购,密封圈套装,配套耗材,83,101.3,苏州精工,北京客户095,华北,天津,终端工厂,B,4425.2,861.77,878.25,218.5,83.74,8148.599999999999,6467.459999999999,1681.1400000000003,0.20631028642957078,2025-03
O001734,2025-08-23,C0046,P1004,15,679.17,已完成,李娜,直销,减速电机C型,电机类,541,716.52,苏州精工,湖南客户046,华中,湖南,终端工厂,C,7075.0,1405.0,1083.48,397.99,151.79,10187.55,10113.26,74.28999999999905,0.007292234148543964,2025-08
O001735,2025-08-29,C0112,P1015,47,79.75,已完成,王强,展会线索,传感器支架,配套耗材,70,84.31,苏州精工,广东客户112,华南,福建,终端工厂,A,2142.04,469.38,391.32,176.59,65.22,3748.25,3244.55,503.6999999999998,0.134382711932235,2025-08
O001736,2025-02-18,C0024,P1013,14,166.1,已完成,张伟,展会线索,CNC定制件,机加工件,138,172.93,南通华科,广东客户024,华南,广西,终端工厂,B,1309.77,337.59,295.95,110.39,19.36,2325.4,2073.06,252.34000000000015,0.10851466414380327,2025-02
O001737,2025-09-30,C0047,P1001,1,692.2,已完成,张伟,直销,伺服电机A型,电机类,522,799.93,南通华科,云南客户047,西南,云南,经销商,A,361.09,81.72,75.18,16.76,10.68,692.2,545.43,146.7700000000001,0.21203409419243005,2025-09
O001738,2025-06-08,C0118,P1005,12,1411.89,已完成,张伟,展会线索,PLC控制器标准版,控制器类,980,1458.49,苏州精工,浙江客户118,华东,浙江,终端工厂,B,7773.16,1999.74,1737.21,379.47,131.44,16942.68,12021.02,4921.66,0.2904888718903975,2025-06
O001739,2025-01-23,C0032,P1012,5,367.55,已完成,刘洋,展会线索,不锈钢轴套,机加工件,315,371.9,南通华科,天津客户032,华北,天津,设备集成商,B,1089.54,241.02,210.16,75.97,32.76,1837.75,1649.45,188.29999999999995,0.10246225003400895,2025-01
O001740,2025-10-22,C0056,P1013,8,166.52,已完成,王强,老客户复购,CNC定制件,机加工件,138,172.93,南通华科,山东客户056,华东,山东,设备集成商,A,710.86,169.28,165.31,60.68,12.4,1332.16,1118.5300000000002,213.62999999999988,0.1603636199855872,2025-10
O001741,2025-08-19,C0070,P1007,10,947.99,已完成,刘洋,直销,变频控制器A型,控制器类,780,1044.88,南通华科,四川客户070,西南,四川,设备集成商,B,5813.28,1044.96,1222.49,295.65,106.92,9479.9,8483.3,996.6000000000004,0.10512769122037156,2025-08
O001742,2025-07-12,C0051,P1004,7,710.96,退货,陈敏,经销,减速电机C型,电机类,541,716.52,苏州精工,广西客户051,华南,广东,终端工厂,C,2367.26,606.38,512.72,174.9,33.12,4976.72,3694.3800000000006,1282.3399999999997,0.2576677008149945,2025-07
O001743,2025-09-16,C0085,P1004,14,702.31,已完成,刘洋,展会线索,减速电机C型,电机类,541,716.52,苏州精工,浙江客户085,华东,山东,终端工厂,A,4962.53,1278.05,836.89,451.25,67.08,9832.34,7595.8,2236.54,0.22746772385820668,2025-09
O001744,2025-06-17,C0014,P1010,6,579.98,已完成,王强,展会线索,联轴器套件,传动部件,456,621.63,上海工控,江苏客户014,华东,上海,设备集成商,B,1742.6,406.75,428.78,92.34,51.76,3479.88,2722.2300000000005,757.6499999999996,0.2177230249318941,2025-06
O001745,2025-10-24,C0118,P1007,1,1029.94,已完成,李娜,经销,变频控制器A型,控制器类,780,1044.88,南通华科,浙江客户118,华东,浙江,终端工厂,B,529.52,100.6,89.61,48.98,8.01,1029.94,776.72,253.22000000000003,0.24585898207662585,2025-10
O001746,2025-02-06,C0013,P1002,5,987.22,已完成,赵磊,老客户复购,伺服电机B型,电机类,690,1040.91,南通华科,湖北客户013,华中,湖北,设备集成商,B,2378.78,613.69,369.74,143.01,41.26,4936.1,3546.4800000000005,1389.62,0.2815218492332003,2025-02
O001747,2025-06-01,C0085,P1006,3,2383.0,已完成,陈敏,经销,PLC控制器增强版,控制器类,1773,2443.12,苏州精工,浙江客户085,华东,山东,终端工厂,A,3415.63,676.25,739.2,293.98,108.32,7149.0,5233.379999999999,1915.6200000000008,0.2679563575325221,2025-06
O001748,2025-03-28,C0003,P1006,8,2439.04,已完成,刘洋,老客户复购,PLC控制器增强版,控制器类,1773,2443.12,苏州精工,上海客户003,华东,安徽,终端工厂,A,10105.61,1826.06,1690.6,528.0,165.49,19512.32,14315.76,5196.5599999999995,0.26632199553922853,2025-03
O001749,2025-08-14,C0068,P1002,7,986.06,已完成,王强,展会线索,伺服电机B型,电机类,690,1040.91,南通华科,四川客户068,西南,重庆,终端工厂,A,4043.34,720.65,724.82,334.14,47.9,6902.42,5870.849999999999,1031.5700000000006,0.14945048258436905,2025-08
O001750,2025-09-07,C0113,P1011,15,445.13,已完成,张伟,展会线索,铝合金支架,机加工件,393,502.7,无锡智造,安徽客户113,华东,浙江,经销商,B,4140.99,844.98,628.42,331.51,99.05,6676.95,6044.95,632.0,0.09465399621084478,2025-09
O001751,2025-04-26,C0027,P1016,88,100.15,已完成,陈敏,展会线索,密封圈套装,配套耗材,83,101.3,苏州精工,浙江客户027,华东,浙江,终端工厂,A,5245.88,1088.44,903.59,208.45,174.09,8813.2,7620.45,1192.750000000001,0.13533676757590896,2025-04
O001752,2025-03-12,C0095,P1009,19,707.05,已完成,王强,老客户复购,同步带轮组件,传动部件,565,711.1,南通华科,北京客户095,华北,天津,终端工厂,B,6927.57,1303.51,1403.58,378.79,119.84,13433.949999999999,10133.29,3300.659999999998,0.2456954209298083,2025-03
O001753,2025-11-27,C0066,P1014,107,40.22,已完成,李娜,直销,工业线缆,配套耗材,34,41.43,南通华科,上海客户066,华东,山东,终端工厂,A,2486.43,516.07,451.6,68.02,59.54,4303.54,3581.66,721.8800000000001,0.16774097603368393,2025-11
O001754,2025-10-12,C0087,P1011,23,508.14,已完成,刘洋,直销,铝合金支架,机加工件,393,502.7,无锡智造,山东客户087,华东,江苏,终端工厂,A,5714.52,1200.63,1292.82,303.44,87.05,11687.22,8598.460000000001,3088.7599999999984,0.26428526202125047,2025-10
O001755,2025-11-03,C0049,P1004,1,644.06,已完成,刘洋,直销,减速电机C型,电机类,541,716.52,苏州精工,江苏客户049,华东,山东,经销商,C,366.66,71.9,62.9,23.67,10.37,644.06,535.5,108.55999999999995,0.16855572462192955,2025-11
O001756,2025-10-30,C0066,P1013,35,170.16,已完成,赵磊,展会线索,CNC定制件,机加工件,138,172.93,南通华科,上海客户066,华东,山东,终端工厂,A,3351.86,719.35,614.66,253.52,47.02,5955.599999999999,4986.410000000001,969.1899999999987,0.16273591241856383,2025-10
O001757,2025-07-02,C0073,P1013,31,162.13,已完成,陈敏,经销,CNC定制件,机加工件,138,172.93,南通华科,湖北客户073,华中,湖南,设备集成商,C,2717.47,683.97,532.91,200.29,44.48,5026.03,4179.119999999999,846.9100000000008,0.16850476419758753,2025-07
O001758,2025-06-13,C0097,P1015,109,77.64,已完成,赵磊,经销,传感器支架,配套耗材,70,84.31,苏州精工,上海客户097,华东,安徽,经销商,C,4978.48,1326.1,956.03,301.98,55.86,8462.76,7618.45,844.3100000000004,0.09976768808284772,2025-06
O001759,2025-11-02,C0069,P1012,42,370.56,退货,陈敏,直销,不锈钢轴套,机加工件,315,371.9,南通华科,山东客户069,华东,安徽,设备集成商,B,8439.19,1616.09,1659.87,772.14,281.83,15563.52,12769.12,2794.3999999999996,0.1795480713874496,2025-11
O001760,2025-07-28,C0117,P1002,8,938.91,已完成,刘洋,展会线索,伺服电机B型,电机类,690,1040.91,南通华科,上海客户117,华东,安徽,经销商,B,3771.77,947.6,748.79,209.62,57.11,7511.28,5734.889999999999,1776.3900000000003,0.23649630955043618,2025-07
O001761,2025-09-17,C0079,P1008,26,713.68,已完成,陈敏,老客户复购,精密齿轮箱,传动部件,523,743.47,上海工控,安徽客户079,华东,浙江,经销商,A,9318.78,1789.27,1700.37,814.65,128.75,18555.68,13751.820000000002,4803.859999999999,0.25888892242159806,2025-09
O001762,2025-07-05,C0059,P1007,16,913.86,已完成,李娜,经销,变频控制器A型,控制器类,780,1044.88,南通华科,河北客户059,华北,河北,经销商,B,7898.62,1665.63,1661.28,348.15,183.47,14621.76,11757.15,2864.6100000000006,0.19591417175497344,2025-07
O001763,2025-04-13,C0023,P1011,16,463.63,已完成,张伟,展会线索,铝合金支架,机加工件,393,502.7,无锡智造,江苏客户023,华东,浙江,设备集成商,B,4088.45,945.56,733.54,365.71,91.92,7418.08,6225.18,1192.8999999999996,0.16080980523262078,2025-04
O001764,2025-05-07,C0100,P1002,15,949.61,已完成,赵磊,展会线索,伺服电机B型,电机类,690,1040.91,南通华科,福建客户100,华南,广东,设备集成商,A,7186.67,1677.04,1339.64,332.75,180.34,14244.15,10716.439999999999,3527.710000000001,0.24766026754843223,2025-05
O001765,2025-12-17,C0053,P1012,31,361.09,已完成,张伟,展会线索,不锈钢轴套,机加工件,315,371.9,南通华科,河北客户053,华北,河北,终端工厂,A,6719.27,1441.27,1024.5,174.95,111.02,11193.789999999999,9471.010000000002,1722.779999999997,0.15390497767065464,2025-12
O001766,2025-02-16,C0092,P1004,7,720.23,已完成,陈敏,直销,减速电机C型,电机类,541,716.52,苏州精工,江苏客户092,华东,江苏,终端工厂,B,2404.83,660.34,418.65,145.2,79.06,5041.610000000001,3708.08,1333.5300000000007,0.26450479112823094,2025-02
O001767,2025-10-18,C0017,P1015,71,84.41,已完成,刘洋,展会线索,传感器支架,配套耗材,70,84.31,苏州精工,广西客户017,华南,广西,终端工厂,B,3486.66,738.85,551.01,146.72,67.63,5993.11,4990.870000000001,1002.2399999999989,0.16723203812377863,2025-10
O001768,2025-01-30,C0003,P1005,5,1454.93,已完成,刘洋,直销,PLC控制器标准版,控制器类,980,1458.49,苏州精工,上海客户003,华东,安徽,终端工厂,A,3216.65,690.51,528.77,341.66,39.62,7274.650000000001,4817.21,2457.4400000000005,0.3378086918270983,2025-01
O001769,2025-03-04,C0105,P1008,42,694.12,已完成,李娜,直销,精密齿轮箱,传动部件,523,743.47,上海工控,安徽客户105,华东,安徽,设备集成商,B,14585.43,3927.94,3066.09,799.94,209.65,29153.04,22589.05,6563.990000000002,0.22515627872770735,2025-03
O001770,2025-03-10,C0106,P1012,20,351.11,已完成,刘洋,经销,不锈钢轴套,机加工件,315,371.9,南通华科,河北客户106,华北,天津,经销商,C,4513.24,761.29,887.56,321.65,37.76,7022.200000000001,6521.5,500.7000000000007,0.07130244083050906,2025-03
O001771,2025-01-16,C0017,P1004,2,718.88,已完成,王强,展会线索,减速电机C型,电机类,541,716.52,苏州精工,广西客户017,华南,广西,终端工厂,B,749.3,194.68,149.73,42.43,26.05,1437.76,1162.19,275.56999999999994,0.19166620298241704,2025-01
O001772,2025-08-31,C0021,P1001,3,710.88,已完成,陈敏,经销,伺服电机A型,电机类,522,799.93,南通华科,山东客户021,华东,江苏,经销商,A,1262.25,258.34,211.83,34.85,17.48,2132.64,1784.7499999999998,347.8900000000001,0.16312645359741923,2025-08
O001773,2025-08-05,C0045,P1003,7,1622.77,已完成,王强,老客户复购,步进电机A型,电机类,1120,1636.22,常州机电,安徽客户045,华东,江苏,设备集成商,A,6464.89,948.05,982.12,241.42,202.6,11359.39,8839.080000000002,2520.3099999999977,0.22187018845202056,2025-08
O001774,2025-03-28,C0066,P1004,4,724.55,已完成,刘洋,老客户复购,减速电机C型,电机类,541,716.52,苏州精工,上海客户066,华东,山东,终端工厂,A,1465.72,323.17,249.62,91.65,42.37,2898.2,2172.53,725.6699999999996,0.25038644676005783,2025-03
O001775,2025-05-18,C0092,P1007,4,1024.51,已完成,陈敏,老客户复购,变频控制器A型,控制器类,780,1044.88,南通华科,江苏客户092,华东,江苏,终端工厂,B,2178.46,389.69,444.62,168.0,54.85,4098.04,3235.62,862.4200000000001,0.21044694536900568,2025-05
O001776,2025-09-04,C0019,P1011,14,503.95,退货,赵磊,直销,铝合金支架,机加工件,393,502.7,无锡智造,湖北客户019,华中,河南,终端工厂,B,3529.16,838.24,716.15,223.3,84.03,7055.3,5390.879999999999,1664.420000000001,0.23591059203719203,2025-09
O001777,2025-02-01,C0100,P1007,11,980.4,已完成,赵磊,展会线索,变频控制器A型,控制器类,780,1044.88,南通华科,福建客户100,华南,广东,设备集成商,A,5414.69,1123.75,908.11,253.29,96.54,10784.4,7796.379999999999,2988.0200000000004,0.2770687289047143,2025-02
O001778,2025-03-15,C0049,P1001,10,736.03,已完成,王强,直销,伺服电机A型,电机类,522,799.93,南通华科,江苏客户049,华东,山东,经销商,C,3364.33,692.46,752.33,321.28,72.92,7360.299999999999,5203.32,2156.9799999999996,0.29305598956564266,2025-03
O001779,2025-04-03,C0108,P1009,33,679.22,已完成,赵磊,直销,同步带轮组件,传动部件,565,711.1,南通华科,湖北客户108,华中,湖南,终端工厂,A,12128.81,3181.62,2562.48,566.42,352.0,22414.260000000002,18791.329999999998,3622.930000000004,0.16163504840222268,2025-04
O001780,2025-11-12,C0104,P1016,67,102.47,已完成,赵磊,老客户复购,密封圈套装,配套耗材,83,101.3,苏州精工,安徽客户104,华东,安徽,终端工厂,B,3639.45,863.03,887.3,175.45,130.16,6865.49,5695.389999999999,1170.1000000000004,0.17043211773668018,2025-11
O001781,2025-02-20,C0084,P1015,12,79.41,已完成,王强,直销,传感器支架,配套耗材,70,84.31,苏州精工,天津客户084,华北,河北,终端工厂,A,547.73,128.03,107.18,40.41,5.64,952.92,828.99,123.92999999999995,0.1300528900642236,2025-02
O001782,2025-09-14,C0120,P1006,2,2191.84,已完成,刘洋,展会线索,PLC控制器增强版,控制器类,1773,2443.12,苏州精工,浙江客户120,华东,山东,经销商,C,2420.9,587.36,455.05,81.91,38.02,4383.68,3583.2400000000002,800.44,0.18259544492298707,2025-09
O001783,2025-12-20,C0045,P1002,2,965.05,已完成,刘洋,展会线索,伺服电机B型,电机类,690,1040.91,南通华科,安徽客户045,华东,江苏,设备集成商,A,949.39,239.74,172.91,66.81,16.26,1930.1,1445.1100000000001,484.9899999999998,0.2512771358996942,2025-12
O001784,2025-10-08,C0016,P1012,11,360.59,已完成,陈敏,经销,不锈钢轴套,机加工件,315,371.9,南通华科,北京客户016,华北,天津,终端工厂,B,2291.13,485.82,482.78,196.2,68.22,3966.49,3524.15,442.3399999999997,0.11151925253813819,2025-10
O001785,2025-09-29,C0035,P1013,22,166.62,已完成,陈敏,经销,CNC定制件,机加工件,138,172.93,南通华科,江苏客户035,华东,浙江,终端工厂,A,1940.66,469.55,315.7,86.66,27.8,3665.6400000000003,2840.37,825.2700000000004,0.22513667463253356,2025-09
O001786,2025-05-28,C0023,P1016,94,92.25,已完成,陈敏,老客户复购,密封圈套装,配套耗材,83,101.3,苏州精工,江苏客户023,华东,浙江,设备集成商,B,5099.03,1254.01,1013.98,413.21,71.03,8671.5,7851.26,820.2399999999998,0.0945903246266505,2025-05
O001787,2025-09-12,C0080,P1005,13,1495.62,已完成,李娜,老客户复购,PLC控制器标准版,控制器类,980,1458.49,苏州精工,广西客户080,华南,广东,终端工厂,B,8362.8,1780.94,1454.37,967.51,210.15,19443.059999999998,12775.77,6667.289999999997,0.3429136154494199,2025-09
O001788,2025-04-08,C0025,P1001,14,724.79,退货,刘洋,经销,伺服电机A型,电机类,522,799.93,南通华科,广东客户025,华南,福建,经销商,B,5218.28,1048.17,820.29,194.54,180.96,10147.06,7462.24,2684.8199999999997,0.2645909258445303,2025-04
O001789,2025-02-24,C0018,P1008,39,650.19,已完成,张伟,直销,精密齿轮箱,传动部件,523,743.47,上海工控,上海客户018,华东,山东,经销商,B,12711.61,3627.89,2551.49,599.91,361.64,25357.410000000003,19852.539999999997,5504.870000000006,0.21709117768731134,2025-02
O001790,2025-11-19,C0008,P1001,10,759.67,已完成,陈敏,展会线索,伺服电机A型,电机类,522,799.93,南通华科,天津客户008,华北,北京,设备集成商,C,3305.78,649.0,781.26,226.86,97.04,7596.7,5059.94,2536.76,0.33392920610264987,2025-11
O001791,2025-06-30,C0085,P1014,28,41.59,退货,李娜,直销,工业线缆,配套耗材,34,41.43,南通华科,浙江客户085,华东,山东,终端工厂,A,607.06,117.75,116.21,38.1,19.19,1164.52,898.3100000000001,266.2099999999999,0.22860062515027646,2025-06
O001792,2025-11-29,C0037,P1005,17,1426.68,已完成,陈敏,展会线索,PLC控制器标准版,控制器类,980,1458.49,苏州精工,福建客户037,华南,广东,经销商,B,11163.95,2781.39,1781.39,418.1,179.06,24253.56,16323.89,7929.670000000002,0.32694870361299544,2025-11
O001793,2025-12-03,C0021,P1014,112,36.2,已完成,刘洋,展会线索,工业线缆,配套耗材,34,41.43,南通华科,山东客户021,华东,江苏,经销商,A,2654.94,630.45,413.1,65.21,61.95,4054.4000000000005,3825.65,228.75000000000045,0.056420185477506025,2025-12
O001794,2025-10-28,C0053,P1012,35,362.95,已完成,陈敏,展会线索,不锈钢轴套,机加工件,315,371.9,南通华科,河北客户053,华北,河北,终端工厂,A,7778.45,1821.84,1236.65,450.1,207.83,12703.25,11494.869999999999,1208.380000000001,0.09512368881979029,2025-10
O001795,2025-05-07,C0011,P1015,77,73.64,已完成,陈敏,展会线索,传感器支架,配套耗材,70,84.31,苏州精工,上海客户011,华东,上海,经销商,A,3479.69,817.46,640.7,129.82,110.82,5670.28,5178.489999999999,491.7900000000009,0.08673116671487138,2025-05
O001796,2025-02-20,C0078,P1006,3,2201.31,已完成,李娜,展会线索,PLC控制器增强版,控制器类,1773,2443.12,苏州精工,四川客户078,西南,云南,设备集成商,A,3783.18,780.51,575.55,267.31,58.35,6603.93,5464.900000000001,1139.0299999999997,0.1724776004591205,2025-02
O001797,2025-12-03,C0063,P1012,44,357.6,已完成,赵磊,展会线索,不锈钢轴套,机加工件,315,371.9,南通华科,福建客户063,华南,广东,终端工厂,A,8826.77,1980.48,1826.62,289.68,213.61,15734.400000000001,13137.16,2597.2400000000016,0.16506762253406557,2025-12
O001798,2025-05-18,C0025,P1001,12,717.24,已完成,李娜,老客户复购,伺服电机A型,电机类,522,799.93,南通华科,广东客户025,华南,福建,经销商,B,3893.29,1086.88,972.45,349.93,103.27,8606.880000000001,6405.820000000001,2201.0600000000004,0.2557326232037626,2025-05
O001799,2025-04-02,C0086,P1002,12,981.56,已完成,赵磊,老客户复购,伺服电机B型,电机类,690,1040.91,南通华科,云南客户086,西南,云南,设备集成商,B,5344.65,1363.27,1290.92,242.04,141.2,11778.72,8382.080000000002,3396.6399999999976,0.28837089259274334,2025-04
O001800,2025-12-30,C0052,P1013,38,177.99,已完成,张伟,展会线索,CNC定制件,机加工件,138,172.93,南通华科,广西客户052,华南,广西,终端工厂,A,3416.6,741.53,652.07,326.77,60.06,6763.620000000001,5197.03,1566.590000000001,0.23162004961839974,2025-12
O001801,2025-10-27,C0092,P1001,2,761.48,已完成,张伟,展会线索,伺服电机A型,电机类,522,799.93,南通华科,江苏客户092,华东,江苏,终端工厂,B,698.72,184.88,134.22,68.88,8.96,1522.96,1095.66,427.29999999999995,0.28057204391448226,2025-10
O001802,2025-12-16,C0035,P1010,31,639.99,已取消,张伟,经销,联轴器套件,传动部件,456,621.63,上海工控,江苏客户035,华东,浙江,终端工厂,A,10111.52,1855.38,2244.74,419.51,231.44,19839.69,14862.590000000002,4977.099999999997,0.2508658149396486,2025-12
O001803,2025-10-12,C0087,P1011,8,516.22,已完成,赵磊,老客户复购,铝合金支架,机加工件,393,502.7,无锡智造,山东客户087,华东,江苏,终端工厂,A,2046.31,459.0,361.66,201.47,39.59,4129.76,3108.0299999999997,1021.7300000000005,0.2474066289566465,2025-10
O001804,2025-06-29,C0031,P1008,42,708.38,已完成,张伟,直销,精密齿轮箱,传动部件,523,743.47,上海工控,山东客户031,华东,上海,经销商,A,15053.9,2817.07,3283.11,1011.2,585.87,29751.96,22751.15,7000.809999999998,0.23530584203528096,2025-06
O001805,2025-11-13,C0112,P1010,38,635.22,已完成,刘洋,直销,联轴器套件,传动部件,456,621.63,上海工控,广东客户112,华南,福建,终端工厂,A,11477.03,2282.56,2092.55,984.7,359.34,24138.36,17196.18,6942.18,0.287599488946225,2025-11
O001806,2025-10-30,C0042,P1015,112,85.91,已完成,赵磊,老客户复购,传感器支架,配套耗材,70,84.31,苏州精工,重庆客户042,西南,云南,终端工厂,B,5471.02,975.36,1057.01,458.25,63.68,9621.92,8025.320000000001,1596.5999999999995,0.1659336182383557,2025-10
O001807,2025-04-16,C0120,P1013,32,160.94,已完成,王强,直销,CNC定制件,机加工件,138,172.93,南通华科,浙江客户120,华东,山东,经销商,C,2779.58,719.79,525.11,195.96,67.88,5150.08,4288.32,861.7600000000002,0.16732943954268675,2025-04
O001808,2025-01-18,C0033,P1002,10,1034.07,已完成,赵磊,展会线索,伺服电机B型,电机类,690,1040.91,南通华科,江苏客户033,华东,浙江,终端工厂,B,4958.39,1196.07,970.72,249.82,92.33,10340.699999999999,7467.33,2873.369999999999,0.27786997011807707,2025-01
O001809,2025-06-25,C0045,P1010,17,619.98,已完成,王强,展会线索,联轴器套件,传动部件,456,621.63,上海工控,安徽客户045,华东,江苏,设备集成商,A,5490.16,1202.49,1142.31,324.04,68.99,10539.66,8227.99,2311.67,0.21933060459255801,2025-06
O001810,2025-05-08,C0108,P1013,17,174.85,已完成,王强,老客户复购,CNC定制件,机加工件,138,172.93,南通华科,湖北客户108,华中,湖南,终端工厂,A,1532.57,304.2,344.65,117.47,18.8,2972.45,2317.69,654.7599999999998,0.22027620313209637,2025-05
O001811,2025-03-11,C0034,P1010,3,594.96,已完成,刘洋,老客户复购,联轴器套件,传动部件,456,621.63,上海工控,广东客户034,华南,广东,经销商,A,933.17,235.91,194.04,58.7,17.27,1784.88,1439.09,345.7900000000002,0.1937329120164942,2025-03
O001812,2025-02-01,C0119,P1009,26,684.77,已完成,赵磊,老客户复购,同步带轮组件,传动部件,565,711.1,南通华科,北京客户119,华北,北京,设备集成商,A,10410.95,2135.46,2222.94,754.98,307.0,17804.02,15831.33,1972.6900000000005,0.11080025746994221,2025-02
O001813,2025-05-28,C0056,P1007,8,956.54,已完成,陈敏,经销,变频控制器A型,控制器类,780,1044.88,南通华科,山东客户056,华东,山东,设备集成商,A,4486.43,1029.14,636.74,169.81,42.3,7652.32,6364.420000000001,1287.8999999999987,0.1683019006000793,2025-05
O001814,2025-12-19,C0052,P1010,19,591.03,已完成,刘洋,老客户复购,联轴器套件,传动部件,456,621.63,上海工控,广西客户052,华南,广西,终端工厂,A,5536.22,1071.62,1127.16,179.53,135.75,11229.57,8050.28,3179.29,0.2831176972938412,2025-12
O001815,2025-05-15,C0016,P1013,35,166.35,已完成,赵磊,直销,CNC定制件,机加工件,138,172.93,南通华科,北京客户016,华北,天津,终端工厂,B,3428.74,796.54,756.56,133.52,75.49,5822.25,5190.85,631.3999999999996,0.10844604749023137,2025-05
O001816,2025-10-17,C0074,P1005,3,1387.25,已完成,张伟,经销,PLC控制器标准版,控制器类,980,1458.49,苏州精工,安徽客户074,华东,浙江,终端工厂,B,1916.46,439.91,392.27,67.7,35.37,4161.75,2851.7099999999996,1310.0400000000004,0.31478104162912246,2025-10
O001817,2025-07-07,C0057,P1007,11,947.19,已完成,王强,老客户复购,变频控制器A型,控制器类,780,1044.88,南通华科,浙江客户057,华东,上海,设备集成商,C,5924.3,1427.5,1151.15,255.05,115.4,10419.09,8873.4,1545.6900000000005,0.14835172745412512,2025-07
O001818,2025-09-23,C0064,P1002,10,989.66,已完成,王强,老客户复购,伺服电机B型,电机类,690,1040.91,南通华科,江苏客户064,华东,浙江,经销商,B,4344.27,1222.62,1049.63,171.17,74.2,9896.6,6861.89,3034.71,0.3066416749186589,2025-09
O001819,2025-08-02,C0029,P1002,14,1065.26,已完成,张伟,直销,伺服电机B型,电机类,690,1040.91,南通华科,云南客户029,西南,四川,终端工厂,B,7736.43,1293.92,1507.58,618.11,135.7,14913.64,11291.740000000002,3621.899999999998,0.24285821570052635,2025-08
O001820,2025-10-31,C0075,P1002,5,1071.93,已完成,赵磊,经销,伺服电机B型,电机类,690,1040.91,南通华科,江苏客户075,华东,上海,终端工厂,A,2414.81,501.79,477.97,134.23,38.28,5359.650000000001,3567.08,1792.5700000000006,0.33445654100547617,2025-10
O001821,2025-12-24,C0030,P1002,4,983.71,已完成,王强,经销,伺服电机B型,电机类,690,1040.91,南通华科,福建客户030,华南,广西,设备集成商,A,1897.59,405.77,314.94,77.98,53.94,3934.84,2750.22,1184.6200000000003,0.301059255268321,2025-12
O001822,2025-11-30,C0003,P1007,3,1052.09,已完成,刘洋,经销,变频控制器A型,控制器类,780,1044.88,南通华科,上海客户003,华东,安徽,终端工厂,A,1620.58,320.66,337.21,67.57,31.8,3156.2699999999995,2377.82,778.4499999999994,0.24663606092000984,2025-11
O001823,2025-09-26,C0048,P1003,4,1545.45,已完成,赵磊,直销,步进电机A型,电机类,1120,1636.22,常州机电,江苏客户048,华东,山东,经销商,A,3111.31,715.05,520.72,119.15,34.85,6181.8,4501.08,1680.7200000000003,0.2718819761234592,2025-09
O001824,2025-10-09,C0012,P1002,1,1002.93,已完成,张伟,经销,伺服电机B型,电机类,690,1040.91,南通华科,云南客户012,西南,云南,终端工厂,A,485.62,85.91,73.75,23.39,11.72,1002.93,680.39,322.53999999999996,0.32159771868425513,2025-10
O001825,2025-12-27,C0041,P1004,12,682.31,已完成,李娜,展会线索,减速电机C型,电机类,541,716.52,苏州精工,福建客户041,华南,广东,终端工厂,A,4537.77,875.44,860.91,148.71,97.99,8187.719999999999,6520.820000000001,1666.8999999999987,0.2035853693091604,2025-12
O001826,2025-05-24,C0016,P1013,5,175.73,已完成,陈敏,展会线索,CNC定制件,机加工件,138,172.93,南通华科,北京客户016,华北,天津,终端工厂,B,440.06,91.54,84.19,36.59,14.2,878.65,666.58,212.06999999999994,0.24135890286234557,2025-05
O001827,2025-12-18,C0045,P1001,5,735.63,已完成,陈敏,经销,伺服电机A型,电机类,522,799.93,南通华科,安徽客户045,华东,江苏,设备集成商,A,1726.51,331.78,304.96,120.23,66.36,3678.15,2549.84,1128.31,0.3067601919443198,2025-12
O001828,2025-07-11,C0097,P1008,26,706.46,已完成,刘洋,老客户复购,精密齿轮箱,传动部件,523,743.47,上海工控,上海客户097,华东,安徽,经销商,C,9747.39,2151.86,1645.92,721.33,184.48,18367.96,14450.98,3916.9799999999996,0.2132506821661197,2025-07
O001829,2025-04-05,C0048,P1010,13,564.54,已完成,王强,直销,联轴器套件,传动部件,456,621.63,上海工控,江苏客户048,华东,山东,经销商,A,4046.14,798.06,687.76,129.41,82.95,7339.0199999999995,5744.32,1594.6999999999998,0.2172905919318928,2025-04
O001830,2025-03-25,C0057,P1004,8,673.64,已完成,陈敏,展会线索,减速电机C型,电机类,541,716.52,苏州精工,浙江客户057,华东,上海,设备集成商,C,2950.91,724.19,643.23,268.03,34.04,5389.12,4620.4,768.7200000000003,0.14264295469390184,2025-03
O001831,2025-03-02,C0072,P1004,5,647.31,已完成,陈敏,经销,减速电机C型,电机类,541,716.52,苏州精工,云南客户072,西南,云南,设备集成商,A,1810.49,409.22,401.08,78.72,19.55,3236.5499999999997,2719.06,517.4899999999998,0.1598893883919605,2025-03
O001832,2025-05-05,C0102,P1011,9,472.75,已完成,刘洋,展会线索,铝合金支架,机加工件,393,502.7,无锡智造,北京客户102,华北,天津,终端工厂,C,2303.92,633.25,544.58,122.68,77.2,4254.75,3681.6299999999997,573.1200000000003,0.13470121628767856,2025-05
O001833,2025-01-30,C0009,P1008,22,704.22,已完成,李娜,展会线索,精密齿轮箱,传动部件,523,743.47,上海工控,安徽客户009,华东,浙江,终端工厂,A,7171.41,1597.63,1652.36,352.47,123.57,15492.84,10897.44,4595.4,0.29661443608789606,2025-01
O001834,2025-07-14,C0014,P1002,10,1038.75,已完成,陈敏,展会线索,伺服电机B型,电机类,690,1040.91,南通华科,江苏客户014,华东,上海,设备集成商,B,4872.65,1083.0,1099.46,204.77,107.43,10387.5,7367.31,3020.1899999999996,0.29075234657039706,2025-07
O001835,2025-06-20,C0113,P1013,28,153.09,已完成,赵磊,直销,CNC定制件,机加工件,138,172.93,南通华科,安徽客户113,华东,浙江,经销商,B,2515.93,667.73,445.59,117.33,30.62,4286.52,3777.2,509.3200000000006,0.11881899536220537,2025-06
O001836,2025-09-13,C0033,P1014,11,39.21,已完成,赵磊,老客户复购,工业线缆,配套耗材,34,41.43,南通华科,江苏客户033,华东,浙江,终端工厂,B,260.88,50.21,38.93,13.04,4.69,431.31,367.75,63.56,0.1473650042892583,2025-09
O001837,2025-05-07,C0098,P1004,6,685.36,已取消,陈敏,老客户复购,减速电机C型,电机类,541,716.52,苏州精工,福建客户098,华南,广西,设备集成商,C,2070.17,415.54,499.21,71.45,26.69,4112.16,3083.06,1029.1,0.25025777207112565,2025-05
O001838,2025-12-08,C0038,P1007,1,1072.28,已完成,王强,直销,变频控制器A型,控制器类,780,1044.88,南通华科,江苏客户038,华东,安徽,终端工厂,A,502.71,138.19,82.0,46.71,19.71,1072.28,789.32,282.9599999999999,0.26388629835490723,2025-12
O001839,2025-01-27,C0031,P1013,34,152.8,已完成,赵磊,展会线索,CNC定制件,机加工件,138,172.93,南通华科,山东客户031,华东,上海,经销商,A,3086.34,645.78,659.9,205.69,86.76,5195.200000000001,4684.469999999999,510.7300000000014,0.09830805358792757,2025-01
O001840,2025-02-08,C0103,P1007,3,1039.59,已完成,刘洋,经销,变频控制器A型,控制器类,780,1044.88,南通华科,上海客户103,华东,上海,终端工厂,A,1645.15,318.48,330.45,61.51,39.49,3118.7699999999995,2395.08,723.6899999999996,0.23204340172568022,2025-02
O001841,2025-09-16,C0098,P1002,15,1030.41,已完成,赵磊,经销,伺服电机B型,电机类,690,1040.91,南通华科,福建客户098,华南,广西,设备集成商,C,7051.34,1342.44,1082.51,337.19,174.79,15456.150000000001,9988.270000000002,5467.879999999999,0.3537672706333724,2025-09
O001842,2025-10-29,C0062,P1012,35,320.61,已完成,刘洋,经销,不锈钢轴套,机加工件,315,371.9,南通华科,浙江客户062,华东,上海,经销商,C,7814.34,1674.86,1597.63,236.72,73.95,11221.35,11397.500000000002,-176.15000000000146,-0.015697754726481345,2025-10
O001843,2025-03-14,C0024,P1001,11,775.79,已完成,张伟,直销,伺服电机A型,电机类,522,799.93,南通华科,广东客户024,华南,广西,终端工厂,B,3697.63,797.18,763.03,391.21,97.21,8533.689999999999,5746.26,2787.4299999999985,0.3266383006647768,2025-03
O001844,2025-12-04,C0009,P1006,7,2507.14,已完成,张伟,展会线索,PLC控制器增强版,控制器类,1773,2443.12,苏州精工,安徽客户009,华东,浙江,终端工厂,A,8338.7,1492.76,1265.91,314.7,271.76,17549.98,11683.830000000002,5866.149999999998,0.33425394216973453,2025-12
O001845,2025-03-29,C0081,P1006,13,2271.39,已完成,张伟,展会线索,PLC控制器增强版,控制器类,1773,2443.12,苏州精工,安徽客户081,华东,江苏,经销商,B,15411.0,3032.73,3124.43,1005.77,186.97,29528.07,22760.9,6767.169999999998,0.2291775249787744,2025-03
O001846,2025-04-29,C0043,P1003,3,1565.24,已完成,刘洋,老客户复购,步进电机A型,电机类,1120,1636.22,常州机电,广东客户043,华南,广东,设备集成商,B,2298.38,557.86,393.77,183.42,37.55,4695.72,3470.9800000000005,1224.7399999999998,0.26082049185215467,2025-04
O001847,2025-02-22,C0066,P1004,6,723.35,已完成,张伟,直销,减速电机C型,电机类,541,716.52,苏州精工,上海客户066,华东,山东,终端工厂,A,2258.15,567.1,410.66,102.26,47.69,4340.1,3385.86,954.2400000000002,0.21986590170733397,2025-02
O001848,2025-07-16,C0023,P1013,38,157.69,已完成,张伟,经销,CNC定制件,机加工件,138,172.93,南通华科,江苏客户023,华东,浙江,设备集成商,B,3382.42,629.67,729.06,98.8,48.87,5992.22,4888.82,1103.4000000000005,0.1841387666006923,2025-07
O001849,2025-09-14,C0015,P1006,15,2323.58,已取消,刘洋,直销,PLC控制器增强版,控制器类,1773,2443.12,苏州精工,北京客户015,华北,河北,经销商,C,18410.25,4253.7,2776.51,1327.99,660.78,34853.7,27429.23,7424.4699999999975,0.21301813006940434,2025-09
O001850,2025-12-07,C0117,P1015,63,75.21,已完成,张伟,直销,传感器支架,配套耗材,70,84.31,苏州精工,上海客户117,华东,安徽,经销商,B,2767.06,639.19,634.01,181.81,39.79,4738.23,4261.860000000001,476.369999999999,0.10053754250004727,2025-12
O001851,2025-05-01,C0030,P1005,8,1423.49,已完成,李娜,展会线索,PLC控制器标准版,控制器类,980,1458.49,苏州精工,福建客户030,华南,广西,设备集成商,A,4988.64,1309.71,1233.82,476.76,221.47,11387.92,8230.4,3157.5200000000004,0.2772692467105495,2025-05
O001852,2025-03-16,C0056,P1009,21,656.09,已完成,刘洋,经销,同步带轮组件,传动部件,565,711.1,南通华科,山东客户056,华东,山东,设备集成商,A,8074.13,2085.23,1678.02,644.96,102.28,13777.890000000001,12584.62,1193.2700000000004,0.08660760101873366,2025-03
O001853,2025-12-29,C0120,P1010,36,558.31,已完成,刘洋,经销,联轴器套件,传动部件,456,621.63,上海工控,浙江客户120,华东,山东,经销商,C,11516.75,2163.71,1668.62,665.59,196.44,20099.159999999996,16211.109999999999,3888.0499999999975,0.19344340758519252,2025-12
O001854,2025-08-13,C0015,P1005,10,1362.03,已完成,陈敏,直销,PLC控制器标准版,控制器类,980,1458.49,苏州精工,北京客户015,华北,河北,经销商,C,7627.73,1752.42,1371.88,634.21,272.22,13620.3,11658.459999999997,1961.840000000002,0.14403794336394954,2025-08
O001855,2025-12-28,C0117,P1010,23,568.41,已完成,王强,展会线索,联轴器套件,传动部件,456,621.63,上海工控,上海客户117,华东,安徽,经销商,B,6769.73,1374.27,1373.0,473.43,158.01,13073.429999999998,10148.44,2924.989999999998,0.22373546957454918,2025-12
O001856,2025-11-16,C0002,P1002,6,956.07,已完成,刘洋,老客户复购,伺服电机B型,电机类,690,1040.91,南通华科,广东客户002,华南,福建,经销商,B,2727.12,538.6,523.76,103.16,103.12,5736.42,3995.7599999999993,1740.6600000000008,0.30344012467706355,2025-11
O001857,2025-09-03,C0073,P1004,15,704.95,已完成,张伟,老客户复购,减速电机C型,电机类,541,716.52,苏州精工,湖北客户073,华中,湖南,设备集成商,C,5069.36,1159.14,860.26,445.43,102.48,10574.25,7636.67,2937.58,0.2778050452750786,2025-09
O001858,2025-01-10,C0046,P1010,5,598.12,已完成,陈敏,展会线索,联轴器套件,传动部件,456,621.63,上海工控,湖南客户046,华中,湖南,终端工厂,C,1439.39,346.31,353.35,139.97,26.15,2990.6,2305.17,685.4299999999998,0.22919481040593856,2025-01
O001859,2025-09-29,C0105,P1012,27,337.51,已完成,张伟,老客户复购,不锈钢轴套,机加工件,315,371.9,南通华科,安徽客户105,华东,安徽,设备集成商,B,5885.17,1036.05,917.78,296.0,76.83,9112.77,8211.83,900.9400000000005,0.09886565775280189,2025-09
O001860,2025-11-15,C0006,P1016,99,92.28,已取消,王强,经销,密封圈套装,配套耗材,83,101.3,苏州精工,福建客户006,华南,广东,经销商,B,5750.47,1445.08,823.84,211.51,105.91,9135.72,8336.81,798.9099999999999,0.08744904616165994,2025-11
O001861,2025-02-24,C0060,P1002,4,999.67,已完成,陈敏,经销,伺服电机B型,电机类,690,1040.91,南通华科,广西客户060,华南,广东,设备集成商,A,1866.61,482.87,423.7,149.15,35.43,3998.68,2957.7599999999998,1040.92,0.260315904248402,2025-02
O001862,2025-10-20,C0010,P1011,31,481.83,已完成,李娜,展会线索,铝合金支架,机加工件,393,502.7,无锡智造,河北客户010,华北,河北,经销商,B,8507.74,1610.09,1923.82,227.1,202.34,14936.73,12471.09,2465.6399999999994,0.1650722748553398,2025-10
O001863,2025-05-13,C0073,P1003,17,1612.01,已完成,赵磊,展会线索,步进电机A型,电机类,1120,1636.22,常州机电,湖北客户073,华中,湖南,设备集成商,C,11973.11,2750.44,2629.35,1072.49,459.94,27404.17,18885.33,8518.839999999997,0.3108592597403971,2025-05
O001864,2025-11-24,C0098,P1003,13,1602.27,已完成,刘洋,直销,步进电机A型,电机类,1120,1636.22,常州机电,福建客户098,华南,广西,设备集成商,C,9891.09,1966.75,2232.85,903.77,154.15,20829.51,15148.61,5680.899999999998,0.27273325200640813,2025-11
O001865,2025-04-03,C0080,P1016,90,95.34,已完成,刘洋,老客户复购,密封圈套装,配套耗材,83,101.3,苏州精工,广西客户080,华南,广东,终端工厂,B,5248.8,1332.34,1032.6,213.34,120.98,8580.6,7948.0599999999995,632.5400000000009,0.07371745565578175,2025-04
O001866,2025-11-03,C0030,P1009,32,701.28,已完成,张伟,直销,同步带轮组件,传动部件,565,711.1,南通华科,福建客户030,华南,广西,设备集成商,A,11828.9,2902.87,2399.0,1066.67,320.2,22440.96,18517.640000000003,3923.319999999996,0.17482852783481617,2025-11
O001867,2025-01-10,C0055,P1007,15,974.97,已完成,王强,展会线索,变频控制器A型,控制器类,780,1044.88,南通华科,天津客户055,华北,天津,设备集成商,C,7504.36,1913.03,1381.22,358.79,159.07,14624.550000000001,11316.47,3308.0800000000017,0.22620046428779014,2025-01
O001868,2025-03-20,C0010,P1003,3,1498.57,已完成,陈敏,经销,步进电机A型,电机类,1120,1636.22,常州机电,河北客户010,华北,河北,经销商,B,2087.23,598.58,443.32,189.14,39.87,4495.71,3358.14,1137.5700000000002,0.25303455961349824,2025-03
O001869,2025-10-23,C0066,P1004,12,688.33,已完成,张伟,直销,减速电机C型,电机类,541,716.52,苏州精工,上海客户066,华东,山东,终端工厂,A,4509.74,999.96,814.41,404.52,102.49,8259.960000000001,6831.119999999999,1428.840000000002,0.17298388854183336,2025-10
O001870,2025-12-11,C0058,P1016,87,100.87,已完成,王强,经销,密封圈套装,配套耗材,83,101.3,苏州精工,湖南客户058,华中,湖南,终端工厂,B,4951.77,873.17,852.71,404.6,143.78,8775.69,7226.030000000001,1549.6599999999999,0.17658554484034872,2025-12
O001871,2025-10-19,C0014,P1001,14,790.32,已完成,陈敏,直销,伺服电机A型,电机类,522,799.93,南通华科,江苏客户014,华东,上海,设备集成商,B,4923.22,1271.66,944.0,385.35,118.75,11064.480000000001,7642.9800000000005,3421.500000000001,0.3092327881653725,2025-10
O001872,2025-11-08,C0005,P1002,1,1004.54,已完成,陈敏,展会线索,伺服电机B型,电机类,690,1040.91,南通华科,河南客户005,华中,湖南,设备集成商,B,470.58,96.01,84.96,49.04,6.7,1004.54,707.2900000000001,297.2499999999999,0.2959065841081489,2025-11
O001873,2025-11-17,C0094,P1008,34,745.28,已完成,刘洋,直销,精密齿轮箱,传动部件,523,743.47,上海工控,安徽客户094,华东,安徽,终端工厂,A,11212.01,2180.05,2119.66,733.28,162.62,25339.52,16407.620000000003,8931.899999999998,0.3524889184956936,2025-11
O001874,2025-01-04,C0065,P1013,14,153.74,已完成,张伟,展会线索,CNC定制件,机加工件,138,172.93,南通华科,安徽客户065,华东,山东,经销商,B,1303.93,299.46,280.26,105.81,30.76,2152.36,2020.22,132.1400000000001,0.06139307550781472,2025-01
O001875,2025-04-03,C0046,P1001,15,795.9,已取消,陈敏,直销,伺服电机A型,电机类,522,799.93,南通华科,湖南客户046,华中,湖南,终端工厂,C,4942.02,981.19,1148.29,450.82,88.69,11938.5,7611.01,4327.49,0.36248188633412903,2025-04
O001876,2025-08-06,C0102,P1015,72,81.75,已完成,王强,老客户复购,传感器支架,配套耗材,70,84.31,苏州精工,北京客户102,华北,天津,终端工厂,C,3252.49,831.67,675.21,208.81,47.97,5886.0,5016.150000000001,869.8499999999995,0.1477828746177369,2025-08
O001877,2025-06-01,C0075,P1015,60,80.89,已完成,陈敏,直销,传感器支架,配套耗材,70,84.31,苏州精工,江苏客户075,华东,上海,终端工厂,A,2868.2,698.2,643.08,197.95,66.23,4853.4,4473.659999999999,379.7400000000007,0.07824205711460022,2025-06
O001878,2025-06-16,C0027,P1009,8,687.15,已完成,刘洋,直销,同步带轮组件,传动部件,565,711.1,南通华科,浙江客户027,华东,浙江,终端工厂,A,3106.71,673.96,513.53,252.2,71.4,5497.2,4617.799999999999,879.4000000000005,0.159972349559776,2025-06
O001879,2025-07-21,C0050,P1016,115,97.13,已完成,王强,直销,密封圈套装,配套耗材,83,101.3,苏州精工,广东客户050,华南,广西,终端工厂,A,6485.18,1712.44,1518.62,396.77,61.54,11169.949999999999,10174.550000000003,995.399999999996,0.08911409630302697,2025-07
O001880,2025-08-07,C0074,P1002,5,1066.91,已完成,王强,经销,伺服电机B型,电机类,690,1040.91,南通华科,安徽客户074,华东,浙江,终端工厂,B,2905.07,608.02,404.68,266.59,33.42,5334.55,4217.78,1116.7700000000004,0.2093466178028138,2025-08
O001881,2025-12-20,C0107,P1005,4,1257.3,已完成,张伟,展会线索,PLC控制器标准版,控制器类,980,1458.49,苏州精工,安徽客户107,华东,安徽,经销商,B,2632.46,530.46,615.11,184.43,42.51,5029.2,4004.9700000000003,1024.2299999999996,0.20365664519207818,2025-12
O001882,2025-01-07,C0044,P1004,5,703.32,已完成,王强,展会线索,减速电机C型,电机类,541,716.52,苏州精工,安徽客户044,华东,安徽,终端工厂,A,1780.99,441.66,318.82,161.01,26.32,3516.6000000000004,2728.8000000000006,787.7999999999997,0.22402320423135974,2025-01
O001883,2025-03-15,C0002,P1016,34,97.88,已完成,刘洋,老客户复购,密封圈套装,配套耗材,83,101.3,苏州精工,广东客户002,华南,福建,经销商,B,1824.28,363.17,299.84,84.9,66.52,3327.92,2638.71,689.21,0.20709932931080074,2025-03
O001884,2025-12-09,C0026,P1012,32,351.1,已完成,刘洋,展会线索,不锈钢轴套,机加工件,315,371.9,南通华科,河南客户026,华中,湖北,经销商,B,6344.68,1338.42,1172.27,411.99,181.79,11235.2,9449.150000000001,1786.0499999999993,0.15896913272571908,2025-12
O001885,2025-08-09,C0075,P1016,91,96.06,已完成,李娜,直销,密封圈套装,配套耗材,83,101.3,苏州精工,江苏客户075,华东,上海,终端工厂,A,5250.8,910.27,1050.71,324.1,111.58,8741.460000000001,7647.46,1094.000000000001,0.12515071852985665,2025-08
O001886,2025-01-01,C0024,P1007,7,1001.0,已完成,刘洋,经销,变频控制器A型,控制器类,780,1044.88,南通华科,广东客户024,华南,广西,终端工厂,B,3592.25,916.44,658.66,161.51,67.63,7007.0,5396.490000000001,1610.5099999999993,0.22984301412872832,2025-01
O001887,2025-07-30,C0114,P1013,35,164.98,已完成,张伟,老客户复购,CNC定制件,机加工件,138,172.93,南通华科,江苏客户114,华东,安徽,终端工厂,B,3206.95,641.63,659.07,265.31,80.45,5774.299999999999,4853.41,920.8899999999994,0.15948080286788,2025-07
O001888,2025-08-30,C0080,P1013,44,177.42,已完成,陈敏,直销,CNC定制件,机加工件,138,172.93,南通华科,广西客户080,华南,广东,终端工厂,B,4035.86,1018.96,879.73,217.39,109.78,7806.48,6261.719999999999,1544.7600000000002,0.19788175976880748,2025-08
O001889,2025-10-15,C0096,P1007,11,977.98,已完成,张伟,老客户复购,变频控制器A型,控制器类,780,1044.88,南通华科,天津客户096,华北,北京,经销商,C,5945.81,1155.96,1046.56,201.19,213.17,10757.78,8562.69,2195.09,0.2040467457040393,2025-10
O001890,2025-07-19,C0061,P1002,1,1011.75,已完成,张伟,展会线索,伺服电机B型,电机类,690,1040.91,南通华科,江苏客户061,华东,山东,终端工厂,A,433.73,89.78,88.87,45.82,10.46,1011.75,668.6600000000001,343.0899999999999,0.3391055102545094,2025-07
O001891,2025-10-04,C0104,P1015,77,81.41,已完成,刘洋,展会线索,传感器支架,配套耗材,70,84.31,苏州精工,安徽客户104,华东,安徽,终端工厂,B,3756.07,865.43,745.54,279.43,32.68,6268.57,5679.150000000001,589.4199999999992,0.09402782452776298,2025-10
O001892,2025-07-09,C0105,P1011,23,481.29,已取消,赵磊,经销,铝合金支架,机加工件,393,502.7,无锡智造,安徽客户105,华东,安徽,设备集成商,B,6444.04,1534.4,1412.54,473.51,201.23,11069.67,10065.72,1003.9500000000007,0.09069376051860631,2025-07
O001893,2025-09-19,C0066,P1007,1,1059.67,已完成,李娜,直销,变频控制器A型,控制器类,780,1044.88,南通华科,上海客户066,华东,山东,终端工厂,A,499.44,108.54,92.75,19.94,16.9,1059.67,737.57,322.1,0.3039625543801372,2025-09
O001894,2025-03-06,C0083,P1015,34,84.85,已完成,李娜,展会线索,传感器支架,配套耗材,70,84.31,苏州精工,浙江客户083,华东,山东,终端工厂,B,1508.01,293.1,348.73,134.62,47.49,2884.8999999999996,2331.95,552.9499999999998,0.1916704218517106,2025-03
O001895,2025-01-12,C0074,P1002,14,1000.04,已完成,陈敏,直销,伺服电机B型,电机类,690,1040.91,南通华科,安徽客户074,华东,浙江,终端工厂,B,6786.49,1504.42,1480.54,453.4,277.56,14000.56,10502.41,3498.1499999999996,0.249857862828344,2025-01
O001896,2025-03-06,C0038,P1008,17,703.66,已完成,刘洋,经销,精密齿轮箱,传动部件,523,743.47,上海工控,江苏客户038,华东,安徽,终端工厂,A,5604.37,1498.59,1231.26,422.54,190.05,11962.22,8946.81,3015.41,0.2520777915804926,2025-03
O001897,2025-04-17,C0016,P1002,15,1003.76,已完成,刘洋,直销,伺服电机B型,电机类,690,1040.91,南通华科,北京客户016,华北,天津,终端工厂,B,7286.7,1777.85,1143.91,329.68,78.93,15056.4,10617.07,4439.33,0.2948467097048431,2025-04
O001898,2025-11-03,C0001,P1013,35,174.71,已完成,张伟,展会线索,CNC定制件,机加工件,138,172.93,南通华科,广东客户001,华南,广西,终端工厂,B,3058.28,656.07,691.96,193.55,100.09,6114.85,4699.950000000001,1414.8999999999996,0.23138752381497496,2025-11
O001899,2025-04-19,C0113,P1010,40,568.82,已完成,赵磊,直销,联轴器套件,传动部件,456,621.63,上海工控,安徽客户113,华东,浙江,经销商,B,12196.24,2796.85,1945.55,959.7,372.51,22752.800000000003,18270.85,4481.950000000004,0.19698454695685821,2025-04
O001900,2025-05-06,C0079,P1016,30,93.95,已完成,张伟,直销,密封圈套装,配套耗材,83,101.3,苏州精工,安徽客户079,华东,浙江,经销商,A,1620.38,347.89,281.82,122.56,45.67,2818.5,2418.32,400.17999999999984,0.14198332446336698,2025-05
O001901,2025-08-28,C0045,P1005,8,1434.11,已完成,赵磊,经销,PLC控制器标准版,控制器类,980,1458.49,苏州精工,安徽客户045,华东,江苏,设备集成商,A,6469.11,1053.14,864.84,192.28,65.21,11472.88,8644.58,2828.2999999999993,0.24652049006003718,2025-08
O001902,2025-10-06,C0020,P1009,43,654.88,已完成,李娜,展会线索,同步带轮组件,传动部件,565,711.1,南通华科,福建客户020,华南,福建,经销商,B,15307.14,3726.04,2951.49,860.93,391.73,28159.84,23237.329999999998,4922.510000000002,0.1748060358297491,2025-10
O001903,2025-04-29,C0051,P1007,4,1055.7,已完成,刘洋,展会线索,变频控制器A型,控制器类,780,1044.88,南通华科,广西客户051,华南,广东,终端工厂,C,2140.04,495.74,360.83,183.0,79.24,4222.8,3258.8499999999995,963.9500000000007,0.22827271005020383,2025-04
O001904,2025-04-06,C0067,P1005,1,1432.49,已完成,刘洋,经销,PLC控制器标准版,控制器类,980,1458.49,苏州精工,福建客户067,华南,广东,终端工厂,A,638.56,118.6,150.87,67.79,8.26,1432.49,984.0799999999999,448.4100000000001,0.31302836319974314,2025-04
O001905,2025-04-01,C0093,P1016,95,102.35,已完成,李娜,直销,密封圈套装,配套耗材,83,101.3,苏州精工,湖北客户093,华中,湖南,终端工厂,B,4892.61,1332.44,931.12,457.09,80.23,9723.25,7693.489999999999,2029.7600000000011,0.20875324608541396,2025-04
O001906,2025-01-01,C0018,P1008,22,658.31,已完成,王强,直销,精密齿轮箱,传动部件,523,743.47,上海工控,上海客户018,华东,山东,经销商,B,8124.56,1428.11,1330.53,710.52,122.64,14482.82,11716.36,2766.459999999999,0.19101666664365083,2025-01
O001907,2025-04-05,C0041,P1011,6,490.68,已完成,李娜,展会线索,铝合金支架,机加工件,393,502.7,无锡智造,福建客户041,华南,广东,终端工厂,A,1493.32,404.22,252.47,54.2,29.0,2944.08,2233.2099999999996,710.8700000000003,0.24145743322192345,2025-04
O001908,2025-07-26,C0101,P1013,18,162.8,已完成,王强,经销,CNC定制件,机加工件,138,172.93,南通华科,湖南客户101,华中,河南,终端工厂,A,1697.9,404.01,379.74,99.43,31.95,2930.4,2613.0299999999993,317.3700000000008,0.10830262080262107,2025-07
O001909,2025-02-24,C0062,P1013,7,159.43,已完成,赵磊,直销,CNC定制件,机加工件,138,172.93,南通华科,浙江客户062,华东,上海,经销商,C,633.58,165.01,138.55,52.11,21.72,1116.01,1010.9700000000001,105.03999999999985,0.09412102042096383,2025-02
O001910,2025-08-14,C0018,P1001,14,768.58,已完成,刘洋,展会线索,伺服电机A型,电机类,522,799.93,南通华科,上海客户018,华东,山东,经销商,B,6306.03,1109.21,1007.84,223.11,62.41,10760.12,8708.6,2051.5200000000004,0.19065958372211464,2025-08
O001911,2025-07-23,C0024,P1010,18,639.3,已完成,张伟,展会线索,联轴器套件,传动部件,456,621.63,上海工控,广东客户024,华南,广西,终端工厂,B,5528.52,1266.05,1094.08,476.68,82.65,11507.4,8447.98,3059.42,0.26586544310617516,2025-07
O001912,2025-10-28,C0011,P1006,5,2252.46,已完成,张伟,经销,PLC控制器增强版,控制器类,1773,2443.12,苏州精工,上海客户011,华东,上海,经销商,A,6040.65,1313.52,1363.59,373.76,215.61,11262.3,9307.130000000001,1955.1699999999983,0.1736030828516376,2025-10
O001913,2025-03-19,C0095,P1001,4,816.05,已取消,刘洋,老客户复购,伺服电机A型,电机类,522,799.93,南通华科,北京客户095,华北,天津,终端工厂,B,1368.32,371.69,318.44,115.71,33.64,3264.2,2207.7999999999997,1056.4,0.32363213038416766,2025-03
O001914,2025-09-08,C0049,P1001,12,688.06,已完成,陈敏,经销,伺服电机A型,电机类,522,799.93,南通华科,江苏客户049,华东,山东,经销商,C,4119.16,1042.11,844.62,239.9,120.06,8256.72,6365.849999999999,1890.87,0.22900982472458797,2025-09
O001915,2025-02-24,C0041,P1015,54,79.66,已完成,刘洋,老客户复购,传感器支架,配套耗材,70,84.31,苏州精工,福建客户041,华南,广东,终端工厂,A,2620.76,458.79,398.38,78.75,36.47,4301.639999999999,3593.15,708.4899999999993,0.16470229958806396,2025-02
O001916,2025-03-26,C0025,P1008,17,718.72,已完成,陈敏,经销,精密齿轮箱,传动部件,523,743.47,上海工控,广东客户025,华南,福建,经销商,B,5892.06,1495.64,1076.4,190.75,149.68,12218.24,8804.53,3413.709999999999,0.27939457728772715,2025-03
O001917,2025-10-15,C0037,P1006,13,2300.4,已取消,赵磊,直销,PLC控制器增强版,控制器类,1773,2443.12,苏州精工,福建客户037,华南,广东,经销商,B,16587.51,3248.56,3634.26,554.65,227.17,29905.2,24252.15,5653.049999999999,0.18903234220135626,2025-10
O001918,2025-01-20,C0089,P1006,15,2287.25,已完成,刘洋,展会线索,PLC控制器增强版,控制器类,1773,2443.12,苏州精工,河北客户089,华北,天津,经销商,C,18414.7,3991.18,3880.4,1551.6,300.76,34308.75,28138.64,6170.110000000001,0.17984071118883668,2025-01
O001919,2025-01-11,C0037,P1012,40,350.1,已完成,张伟,老客户复购,不锈钢轴套,机加工件,315,371.9,南通华科,福建客户037,华南,广东,经销商,B,8672.36,1971.35,1911.32,420.87,80.92,14004.0,13056.820000000002,947.1799999999985,0.06763638960297047,2025-01
O001920,2025-06-05,C0081,P1014,63,38.52,已完成,张伟,经销,工业线缆,配套耗材,34,41.43,南通华科,安徽客户081,华东,江苏,经销商,B,1451.03,380.28,216.08,56.81,23.64,2426.76,2127.8399999999997,298.9200000000005,0.12317658112050656,2025-06
O001921,2025-07-04,C0066,P1007,8,993.64,已完成,赵磊,直销,变频控制器A型,控制器类,780,1044.88,南通华科,上海客户066,华东,山东,终端工厂,A,4346.68,869.83,713.51,299.68,45.28,7949.12,6274.9800000000005,1674.1399999999994,0.21060696026729997,2025-07
O001922,2025-10-28,C0013,P1009,28,705.06,已完成,赵磊,经销,同步带轮组件,传动部件,565,711.1,南通华科,湖北客户013,华中,湖北,设备集成商,B,10078.28,2285.7,1919.54,536.0,130.85,19741.68,14950.37,4791.3099999999995,0.24270021598972324,2025-10
O001923,2025-08-12,C0100,P1003,5,1627.7,已完成,刘洋,经销,步进电机A型,电机类,1120,1636.22,常州机电,福建客户100,华南,广东,设备集成商,A,4378.94,940.13,699.05,289.05,60.66,8138.5,6367.83,1770.67,0.2175671192480187,2025-08
O001924,2025-06-20,C0030,P1007,7,998.09,已完成,李娜,直销,变频控制器A型,控制器类,780,1044.88,南通华科,福建客户030,华南,广西,设备集成商,A,3865.66,763.76,660.77,319.42,109.11,6986.63,5718.72,1267.9099999999999,0.18147662034485865,2025-06
O001925,2025-11-12,C0079,P1007,3,947.3,已完成,刘洋,展会线索,变频控制器A型,控制器类,780,1044.88,南通华科,安徽客户079,华东,浙江,经销商,A,1627.77,376.55,248.85,137.92,52.96,2841.8999999999996,2444.05,397.84999999999945,0.13999436996375647,2025-11
O001926,2025-11-03,C0074,P1014,23,41.84,已完成,李娜,直销,工业线缆,配套耗材,34,41.43,南通华科,安徽客户074,华东,浙江,终端工厂,B,503.31,131.56,97.41,37.46,7.2,962.32,776.94,185.38,0.19263862332695983,2025-11
O001927,2025-04-04,C0033,P1004,10,737.14,已完成,王强,老客户复购,减速电机C型,电机类,541,716.52,苏州精工,江苏客户033,华东,浙江,终端工厂,B,3645.56,690.3,715.04,173.42,86.89,7371.4,5311.21,2060.1899999999996,0.2794842228070651,2025-04
O001928,2025-01-21,C0020,P1010,28,588.53,已完成,王强,老客户复购,联轴器套件,传动部件,456,621.63,上海工控,福建客户020,华南,福建,经销商,B,8769.02,2204.07,1403.42,762.38,178.8,16478.84,13317.689999999999,3161.1500000000015,0.19183085702634417,2025-01
O001929,2025-02-05,C0031,P1005,1,1268.1,已完成,陈敏,直销,PLC控制器标准版,控制器类,980,1458.49,苏州精工,山东客户031,华东,上海,经销商,A,690.29,147.74,148.7,48.44,16.02,1268.1,1051.19,216.90999999999985,0.17105117892910643,2025-02
O001930,2025-12-29,C0068,P1004,11,719.88,已完成,张伟,经销,减速电机C型,电机类,541,716.52,苏州精工,四川客户068,西南,重庆,终端工厂,A,3875.61,1060.08,881.07,224.43,59.4,7918.68,6100.59,1818.0900000000001,0.22959508402915638,2025-12
O001931,2025-08-09,C0035,P1011,11,490.82,已完成,张伟,展会线索,铝合金支架,机加工件,393,502.7,无锡智造,江苏客户035,华东,浙江,终端工厂,A,3017.25,775.53,504.66,254.05,37.15,5399.0199999999995,4588.639999999999,810.3800000000001,0.15009761030705576,2025-08
O001932,2025-11-13,C0007,P1004,13,718.24,已完成,张伟,经销,减速电机C型,电机类,541,716.52,苏州精工,福建客户007,华南,广西,终端工厂,A,5030.15,1158.48,849.56,239.61,136.8,9337.12,7414.5999999999985,1922.5200000000023,0.20590074883904266,2025-11
O001933,2025-11-09,C0007,P1001,3,812.76,已完成,赵磊,老客户复购,伺服电机A型,电机类,522,799.93,南通华科,福建客户007,华南,广西,终端工厂,A,1063.86,274.26,228.6,82.69,46.12,2438.2799999999997,1695.5299999999997,742.75,0.30462047016749516,2025-11
O001934,2025-08-27,C0097,P1004,14,653.62,已完成,刘洋,老客户复购,减速电机C型,电机类,541,716.52,苏州精工,上海客户097,华东,安徽,经销商,C,6581.5,1295.01,1139.56,431.65,55.03,9150.68,9502.75,-352.0699999999997,-0.03847473630375007,2025-08
O001935,2025-05-30,C0043,P1013,31,156.88,已完成,张伟,老客户复购,CNC定制件,机加工件,138,172.93,南通华科,广东客户043,华南,广东,设备集成商,B,2852.74,639.27,545.85,215.5,47.55,4863.28,4300.91,562.3699999999999,0.11563594940040466,2025-05
O001936,2025-05-08,C0067,P1005,4,1415.21,已完成,李娜,展会线索,PLC控制器标准版,控制器类,980,1458.49,苏州精工,福建客户067,华南,广东,终端工厂,A,2611.8,517.6,451.2,215.76,38.23,5660.84,3834.5899999999997,1826.2500000000005,0.32261113191681806,2025-05
O001937,2025-04-20,C0107,P1003,14,1553.97,已完成,陈敏,经销,步进电机A型,电机类,1120,1636.22,常州机电,安徽客户107,华东,安徽,经销商,B,10016.1,2378.37,1609.18,422.98,390.52,21755.58,14817.150000000001,6938.43,0.31892645473023473,2025-04
O001938,2025-05-14,C0064,P1014,41,39.37,已完成,赵磊,展会线索,工业线缆,配套耗材,34,41.43,南通华科,江苏客户064,华东,浙江,经销商,B,982.23,196.37,168.51,77.12,8.7,1614.1699999999998,1432.93,181.23999999999978,0.11228061480513192,2025-05
O001939,2025-10-27,C0072,P1011,40,458.38,已完成,陈敏,经销,铝合金支架,机加工件,393,502.7,无锡智造,云南客户072,西南,云南,设备集成商,A,10658.62,2449.86,2315.14,885.8,189.54,18335.2,16498.96,1836.2400000000016,0.10014834853178593,2025-10
O001940,2025-10-28,C0102,P1015,28,82.96,已完成,赵磊,展会线索,传感器支架,配套耗材,70,84.31,苏州精工,北京客户102,华北,天津,终端工厂,C,1301.02,314.14,309.75,107.27,34.86,2322.8799999999997,2067.04,255.8399999999997,0.1101391376222619,2025-10
O001941,2025-03-15,C0026,P1012,5,340.23,已完成,王强,经销,不锈钢轴套,机加工件,315,371.9,南通华科,河南客户026,华中,湖北,经销商,B,1111.43,197.05,193.14,26.3,13.03,1701.15,1540.9499999999998,160.20000000000027,0.0941715898068955,2025-03
O001942,2025-03-11,C0039,P1010,17,543.71,已完成,李娜,老客户复购,联轴器套件,传动部件,456,621.63,上海工控,湖北客户039,华中,河南,经销商,B,5295.0,1342.13,1069.52,353.5,60.61,9243.07,8120.759999999999,1122.3100000000004,0.12142177869474108,2025-03
O001943,2025-02-20,C0008,P1008,28,681.94,退货,李娜,老客户复购,精密齿轮箱,传动部件,523,743.47,上海工控,天津客户008,华北,北京,设备集成商,C,10052.9,2156.49,2036.78,504.4,262.02,19094.32,15012.59,4081.7299999999996,0.21376671177606743,2025-02
O001944,2025-08-28,C0004,P1007,3,993.55,已完成,刘洋,直销,变频控制器A型,控制器类,780,1044.88,南通华科,重庆客户004,西南,四川,终端工厂,A,2023.08,359.23,254.65,86.0,31.64,2980.6499999999996,2754.6,226.04999999999973,0.07583916259876193,2025-08
O001945,2025-12-10,C0028,P1005,2,1417.22,已完成,张伟,展会线索,PLC控制器标准版,控制器类,980,1458.49,苏州精工,广东客户028,华南,广东,经销商,B,1353.66,342.08,270.33,73.72,47.47,2834.44,2087.2599999999998,747.1800000000003,0.26360762619776756,2025-12
O001946,2025-01-15,C0072,P1015,116,80.63,已完成,李娜,老客户复购,传感器支架,配套耗材,70,84.31,苏州精工,云南客户072,西南,云南,设备集成商,A,5437.96,1068.67,1176.14,183.68,71.76,9353.08,7938.210000000001,1414.869999999999,0.15127316349266756,2025-01
O001947,2025-10-16,C0024,P1014,51,40.87,已完成,王强,经销,工业线缆,配套耗材,34,41.43,南通华科,广东客户024,华南,广西,终端工厂,B,1206.65,288.21,255.67,52.66,37.52,2084.37,1840.7100000000003,243.65999999999963,0.11689863124109426,2025-10
O001948,2025-12-01,C0004,P1002,3,983.55,已完成,刘洋,经销,伺服电机B型,电机类,690,1040.91,南通华科,重庆客户004,西南,四川,终端工厂,A,1432.99,351.98,295.01,104.12,19.6,2950.6499999999996,2203.7,746.9499999999998,0.25314761154321924,2025-12
O001949,2025-11-04,C0081,P1010,36,545.85,已完成,赵磊,经销,联轴器套件,传动部件,456,621.63,上海工控,安徽客户081,华东,江苏,经销商,B,11344.99,2650.0,1949.39,800.83,260.5,19650.600000000002,17005.71,2644.890000000003,0.13459589020182605,2025-11
O001950,2025-08-09,C0066,P1006,12,2353.43,已完成,赵磊,展会线索,PLC控制器增强版,控制器类,1773,2443.12,苏州精工,上海客户066,华东,山东,终端工厂,A,17633.58,3022.39,2276.68,638.04,466.9,28241.159999999996,24037.590000000004,4203.569999999992,0.14884551484429084,2025-08
O001951,2025-03-12,C0071,P1009,24,651.47,已完成,李娜,展会线索,同步带轮组件,传动部件,565,711.1,南通华科,湖北客户071,华中,湖北,经销商,A,8410.26,2438.37,1527.41,593.18,295.57,15635.28,13264.79,2370.49,0.15161161168843793,2025-03
O001952,2025-09-03,C0089,P1009,23,621.84,已完成,王强,直销,同步带轮组件,传动部件,565,711.1,南通华科,河北客户089,华北,天津,经销商,C,8836.23,2182.4,2060.78,645.22,191.2,14302.320000000002,13915.83,386.4900000000016,0.0270228885942981,2025-09
O001953,2025-05-31,C0032,P1008,17,701.1,已完成,刘洋,经销,精密齿轮箱,传动部件,523,743.47,上海工控,天津客户032,华北,天津,设备集成商,B,5835.79,1324.3,1338.18,534.76,210.82,11918.7,9243.85,2674.8500000000004,0.22442464362724124,2025-05
O001954,2025-11-02,C0044,P1004,17,684.01,已完成,陈敏,经销,减速电机C型,电机类,541,716.52,苏州精工,安徽客户044,华东,安徽,终端工厂,A,6251.41,1366.83,1091.5,175.79,191.48,11628.17,9077.01,2551.16,0.2193947972896853,2025-11
O001955,2025-05-09,C0035,P1005,3,1403.04,已完成,赵磊,经销,PLC控制器标准版,控制器类,980,1458.49,苏州精工,江苏客户035,华东,浙江,终端工厂,A,1904.24,410.96,442.79,70.83,79.61,4209.12,2908.43,1300.69,0.30901708670696015,2025-05
O001956,2025-04-11,C0093,P1002,6,988.65,已完成,张伟,展会线索,伺服电机B型,电机类,690,1040.91,南通华科,湖北客户093,华中,湖南,终端工厂,B,2567.36,730.09,526.96,110.18,89.65,5931.9,4024.2400000000002,1907.6599999999994,0.32159341863483865,2025-04
O001957,2025-02-14,C0072,P1004,17,657.67,退货,张伟,展会线索,减速电机C型,电机类,541,716.52,苏州精工,云南客户072,西南,云南,设备集成商,A,6526.06,1345.38,1301.21,550.94,96.27,11180.39,9819.860000000002,1360.529999999997,0.12168895718306759,2025-02
O001958,2025-07-26,C0046,P1003,10,1559.67,已完成,赵磊,直销,步进电机A型,电机类,1120,1636.22,常州机电,湖南客户046,华中,湖南,终端工厂,C,7862.9,1542.4,1406.5,387.76,182.33,15596.7,11381.89,4214.810000000001,0.2702372937865062,2025-07
O001959,2025-07-31,C0104,P1016,119,102.19,已完成,陈敏,展会线索,密封圈套装,配套耗材,83,101.3,苏州精工,安徽客户104,华东,安徽,终端工厂,B,6128.77,1365.06,1251.59,451.5,177.06,12160.61,9373.98,2786.630000000001,0.2291521560184893,2025-07
O001960,2025-05-31,C0114,P1001,13,781.99,已完成,刘洋,直销,伺服电机A型,电机类,522,799.93,南通华科,江苏客户114,华东,安徽,终端工厂,B,4603.48,933.63,1064.35,291.95,83.9,10165.87,6977.309999999999,3188.560000000002,0.31365343054750866,2025-05
O001961,2025-11-19,C0083,P1015,69,83.22,已完成,李娜,直销,传感器支架,配套耗材,70,84.31,苏州精工,浙江客户083,华东,山东,终端工厂,B,3262.43,796.64,486.55,141.67,99.77,5742.18,4787.06,955.1199999999999,0.16633404038187585,2025-11
O001962,2025-07-15,C0020,P1007,17,917.89,已完成,张伟,展会线索,变频控制器A型,控制器类,780,1044.88,南通华科,福建客户020,华南,福建,经销商,B,8893.51,1916.19,2066.63,282.96,222.1,15604.13,13381.390000000001,2222.739999999998,0.14244562176808306,2025-07
O001963,2025-09-25,C0063,P1003,15,1636.77,已取消,李娜,老客户复购,步进电机A型,电机类,1120,1636.22,常州机电,福建客户063,华南,广东,终端工厂,A,10990.88,2087.39,1895.45,907.86,133.17,24551.55,16014.75,8536.8,0.3477092077689596,2025-09
O001964,2025-12-24,C0097,P1010,29,598.09,已完成,刘洋,直销,联轴器套件,传动部件,456,621.63,上海工控,上海客户097,华东,安徽,经销商,C,8982.07,2346.08,1953.26,469.97,122.68,17344.61,13874.06,3470.550000000001,0.20009386201246387,2025-12
O001965,2025-03-02,C0064,P1006,8,2218.34,已完成,刘洋,老客户复购,PLC控制器增强版,控制器类,1773,2443.12,苏州精工,江苏客户064,华东,浙江,经销商,B,9453.73,2036.5,2245.38,881.04,198.03,17746.72,14814.680000000002,2932.039999999999,0.1652158821461092,2025-03
O001966,2025-01-21,C0071,P1010,29,562.29,已完成,陈敏,直销,联轴器套件,传动部件,456,621.63,上海工控,湖北客户071,华中,湖北,经销商,A,8395.63,2309.39,1952.03,536.39,170.9,16306.41,13364.339999999998,2942.0700000000015,0.18042413995477863,2025-01
O001967,2025-10-27,C0064,P1008,22,688.14,退货,陈敏,经销,精密齿轮箱,传动部件,523,743.47,上海工控,江苏客户064,华东,浙江,经销商,B,7649.38,2003.34,1278.07,654.57,79.83,15139.08,11665.189999999999,3473.8900000000012,0.22946506656943494,2025-10
O001968,2025-01-04,C0062,P1013,17,151.08,已完成,陈敏,经销,CNC定制件,机加工件,138,172.93,南通华科,浙江客户062,华东,上海,经销商,C,1670.49,351.94,266.52,38.78,34.4,2568.36,2362.13,206.23000000000002,0.08029637589745986,2025-01
O001969,2025-07-21,C0011,P1012,21,344.9,已完成,王强,展会线索,不锈钢轴套,机加工件,315,371.9,南通华科,上海客户011,华东,上海,经销商,A,4263.03,1044.35,773.1,130.96,91.09,7242.9,6302.53,940.3699999999999,0.12983335404326996,2025-07
O001970,2025-08-18,C0060,P1006,1,2201.49,已完成,张伟,直销,PLC控制器增强版,控制器类,1773,2443.12,苏州精工,广西客户060,华南,广东,设备集成商,A,1442.25,260.91,226.03,78.46,28.39,2201.49,2036.0400000000002,165.4499999999996,0.07515364593979514,2025-08
O001971,2025-10-20,C0025,P1013,12,166.65,已完成,刘洋,老客户复购,CNC定制件,机加工件,138,172.93,南通华科,广东客户025,华南,福建,经销商,B,1059.36,212.81,234.49,67.0,22.89,1999.8000000000002,1596.55,403.2500000000002,0.20164516451645173,2025-10
O001972,2025-11-08,C0096,P1009,10,658.71,已完成,王强,展会线索,同步带轮组件,传动部件,565,711.1,南通华科,天津客户096,华北,北京,经销商,C,3954.06,788.44,757.59,115.96,106.49,6587.1,5722.54,864.5600000000004,0.13125047441210858,2025-11
O001973,2025-05-18,C0049,P1012,28,337.13,已完成,刘洋,经销,不锈钢轴套,机加工件,315,371.9,南通华科,江苏客户049,华东,山东,经销商,C,6081.56,1483.02,1350.06,392.04,166.77,9439.64,9473.45,-33.81000000000131,-0.0035817043870318478,2025-05
O001974,2025-02-07,C0114,P1011,7,491.83,已完成,张伟,老客户复购,铝合金支架,机加工件,393,502.7,无锡智造,江苏客户114,华东,安徽,终端工厂,B,1800.71,386.79,430.97,161.85,45.54,3442.81,2825.86,616.9499999999998,0.1791995492054455,2025-02
O001975,2025-11-04,C0049,P1001,15,764.8,已完成,张伟,老客户复购,伺服电机A型,电机类,522,799.93,南通华科,江苏客户049,华东,山东,经销商,C,5141.62,1346.45,934.94,233.77,167.4,11472.0,7824.18,3647.8199999999997,0.3179759414225941,2025-11
O001976,2025-03-05,C0097,P1008,30,689.17,已完成,张伟,展会线索,精密齿轮箱,传动部件,523,743.47,上海工控,上海客户097,华东,安徽,经销商,C,9794.67,2239.69,2329.33,523.75,392.2,20675.1,15279.640000000001,5395.459999999997,0.2609641549496737,2025-03
O001977,2025-08-08,C0085,P1012,27,374.88,已完成,赵磊,直销,不锈钢轴套,机加工件,315,371.9,南通华科,浙江客户085,华东,山东,终端工厂,A,6086.03,1436.91,1354.49,339.86,137.03,10121.76,9354.320000000002,767.4399999999987,0.0758208058677541,2025-08
O001978,2025-11-05,C0084,P1009,10,673.9,已完成,李娜,直销,同步带轮组件,传动部件,565,711.1,南通华科,天津客户084,华北,河北,终端工厂,A,3975.43,845.06,702.88,246.08,100.17,6739.0,5869.62,869.3800000000001,0.12900727110847307,2025-11
O001979,2025-01-21,C0039,P1006,7,2386.42,已完成,李娜,经销,PLC控制器增强版,控制器类,1773,2443.12,苏州精工,湖北客户039,华中,河南,经销商,B,8626.76,1986.9,1796.41,644.97,203.91,16704.940000000002,13258.949999999999,3445.9900000000034,0.20628568555169927,2025-01
O001980,2025-11-04,C0065,P1007,8,921.24,退货,李娜,直销,变频控制器A型,控制器类,780,1044.88,南通华科,安徽客户065,华东,山东,经销商,B,3953.0,1042.87,635.52,366.56,128.43,7369.92,6126.38,1243.54,0.16873181798445572,2025-11
O001981,2025-01-02,C0030,P1006,3,2429.82,已完成,刘洋,经销,PLC控制器增强版,控制器类,1773,2443.12,苏州精工,福建客户030,华南,广西,设备集成商,A,3654.64,946.76,727.36,123.74,97.61,7289.460000000001,5550.109999999999,1739.3500000000022,0.23861163927094764,2025-01
O001982,2025-12-27,C0112,P1013,30,172.4,已完成,李娜,老客户复购,CNC定制件,机加工件,138,172.93,南通华科,广东客户112,华南,福建,终端工厂,A,2681.56,588.58,528.16,217.8,64.88,5172.0,4080.98,1091.02,0.2109474091260634,2025-12
O001983,2025-10-04,C0005,P1003,2,1545.19,已完成,王强,展会线索,步进电机A型,电机类,1120,1636.22,常州机电,河南客户005,华中,湖南,设备集成商,B,1495.13,309.39,296.56,73.22,27.55,3090.38,2201.85,888.5300000000002,0.28751480400468554,2025-10
O001984,2025-09-28,C0110,P1015,66,80.15,已完成,张伟,老客户复购,传感器支架,配套耗材,70,84.31,苏州精工,云南客户110,西南,云南,终端工厂,A,3214.25,649.35,476.25,142.98,77.12,5289.900000000001,4559.95,729.9500000000007,0.13798937598064248,2025-09
O001985,2025-01-14,C0063,P1001,3,818.21,已完成,陈敏,直销,伺服电机A型,电机类,522,799.93,南通华科,福建客户063,华南,广东,终端工厂,A,1098.39,278.3,226.71,73.66,23.29,2454.63,1700.3500000000001,754.28,0.3072886748715692,2025-01
O001986,2025-09-17,C0120,P1007,9,900.75,已完成,赵磊,老客户复购,变频控制器A型,控制器类,780,1044.88,南通华科,浙江客户120,华东,山东,经销商,C,4443.4,1106.78,916.76,313.89,69.37,8106.75,6850.2,1256.5500000000002,0.15500046257748176,2025-09
O001987,2025-07-21,C0025,P1003,16,1528.42,已完成,王强,直销,步进电机A型,电机类,1120,1636.22,常州机电,广东客户025,华南,福建,经销商,B,11690.37,2464.46,2649.64,513.38,345.47,24454.72,17663.320000000003,6791.399999999998,0.27771325944439346,2025-07
O001988,2025-05-23,C0027,P1013,32,165.37,已完成,陈敏,直销,CNC定制件,机加工件,138,172.93,南通华科,浙江客户027,华东,浙江,终端工厂,A,2760.6,675.52,458.53,111.95,35.43,5291.84,4042.0299999999993,1249.8100000000009,0.2361768307431821,2025-05
O001989,2025-10-02,C0116,P1004,5,711.07,已完成,李娜,老客户复购,减速电机C型,电机类,541,716.52,苏州精工,北京客户116,华北,北京,终端工厂,A,1770.89,380.39,404.63,81.41,22.38,3555.3500000000004,2659.7000000000003,895.6500000000001,0.25191612640105754,2025-10
O001990,2025-04-20,C0076,P1004,12,692.25,已取消,张伟,直销,减速电机C型,电机类,541,716.52,苏州精工,浙江客户076,华东,浙江,经销商,A,4416.84,1046.82,764.04,299.87,138.24,8307.0,6665.8099999999995,1641.1900000000005,0.1975671120741544,2025-04
O001991,2025-02-24,C0038,P1005,6,1410.28,已完成,张伟,经销,PLC控制器标准版,控制器类,980,1458.49,苏州精工,江苏客户038,华东,安徽,终端工厂,A,3849.96,890.94,639.73,133.93,166.87,8461.68,5681.429999999999,2780.250000000001,0.32856950392829803,2025-02
O001992,2025-12-21,C0065,P1006,1,2260.36,已完成,李娜,直销,PLC控制器增强版,控制器类,1773,2443.12,苏州精工,安徽客户065,华东,山东,经销商,B,1152.4,242.43,280.83,91.52,31.15,2260.36,1798.3300000000002,462.03,0.20440549293032967,2025-12
O001993,2025-01-30,C0103,P1006,1,2335.47,已完成,刘洋,经销,PLC控制器增强版,控制器类,1773,2443.12,苏州精工,上海客户103,华东,上海,终端工厂,A,1223.25,288.28,258.5,40.52,26.14,2335.47,1836.69,498.77999999999975,0.21356729052396298,2025-01
O001994,2025-06-23,C0020,P1015,113,78.37,已完成,陈敏,展会线索,传感器支架,配套耗材,70,84.31,苏州精工,福建客户020,华南,福建,经销商,B,5137.65,982.69,986.82,323.82,67.99,8855.810000000001,7498.969999999999,1356.840000000002,0.15321466923974225,2025-06
O001995,2025-12-30,C0034,P1001,4,728.05,已完成,张伟,老客户复购,伺服电机A型,电机类,522,799.93,南通华科,广东客户034,华南,广东,经销商,A,1358.25,330.64,281.38,132.24,49.12,2912.2,2151.63,760.5699999999997,0.26116681546597065,2025-12
O001996,2025-10-19,C0085,P1016,30,100.7,已完成,张伟,经销,密封圈套装,配套耗材,83,101.3,苏州精工,浙江客户085,华东,山东,终端工厂,A,1784.24,388.02,353.35,136.3,53.17,3021.0,2715.0800000000004,305.9199999999996,0.10126448195961589,2025-10
O001997,2025-01-28,C0062,P1004,17,663.0,已完成,赵磊,老客户复购,减速电机C型,电机类,541,716.52,苏州精工,浙江客户062,华东,上海,经销商,C,6363.15,1379.69,1070.46,515.11,187.66,11271.0,9516.07,1754.9300000000003,0.15570313193150567,2025-01
O001998,2025-10-14,C0118,P1004,3,727.66,已完成,王强,老客户复购,减速电机C型,电机类,541,716.52,苏州精工,浙江客户118,华东,浙江,终端工厂,B,1142.25,208.47,192.96,65.21,38.37,2182.98,1647.26,535.72,0.24540765375770737,2025-10
O001999,2025-05-27,C0104,P1013,16,166.09,已完成,刘洋,展会线索,CNC定制件,机加工件,138,172.93,南通华科,安徽客户104,华东,安徽,终端工厂,B,1566.11,302.7,311.74,47.1,29.61,2657.44,2257.26,400.17999999999984,0.15058853633572153,2025-05
O002000,2025-04-03,C0092,P1009,25,680.76,已完成,赵磊,经销,同步带轮组件,传动部件,565,711.1,南通华科,江苏客户092,华东,江苏,终端工厂,B,9444.92,2343.87,2168.45,456.19,219.82,17019.0,14633.250000000002,2385.749999999998,0.1401815617838885,2025-04
O002001,2025-12-21,C0110,P1016,114,97.18,已完成,王强,经销,密封圈套装,配套耗材,83,101.3,苏州精工,云南客户110,西南,云南,终端工厂,A,6479.06,1322.04,1505.71,505.76,104.65,11078.52,9917.220000000001,1161.2999999999993,0.10482447113874409,2025-12
O002002,2025-12-31,C0026,P1004,15,664.84,已完成,李娜,展会线索,减速电机C型,电机类,541,716.52,苏州精工,河南客户026,华中,湖北,经销商,B,5443.5,1086.2,1062.01,388.1,62.66,9972.6,8042.47,1930.13,0.19354330866574415,2025-12
O002003,2025-04-12,C0110,P1016,86,95.51,已完成,王强,直销,密封圈套装,配套耗材,83,101.3,苏州精工,云南客户110,西南,云南,终端工厂,A,5046.65,1110.85,1137.63,130.57,143.52,8213.86,7569.22,644.6400000000003,0.078481980457422,2025-04
O002004,2025-08-26,C0054,P1009,15,704.71,已完成,王强,展会线索,同步带轮组件,传动部件,565,711.1,南通华科,天津客户054,华北,北京,终端工厂,A,5925.69,1084.56,1018.0,485.91,135.06,10570.650000000001,8649.22,1921.430000000002,0.1817702790273069,2025-08
O002005,2025-04-09,C0113,P1002,3,964.11,已取消,赵磊,经销,伺服电机B型,电机类,690,1040.91,南通华科,安徽客户113,华东,浙江,经销商,B,1366.47,360.86,218.59,91.28,42.76,2892.33,2079.96,812.3699999999999,0.2808704400950099,2025-04
O002006,2025-08-19,C0022,P1013,26,173.5,已完成,王强,经销,CNC定制件,机加工件,138,172.93,南通华科,湖南客户022,华中,河南,终端工厂,A,2442.9,487.45,480.07,179.54,62.13,4511.0,3652.09,858.9099999999999,0.19040345821325647,2025-08
O002007,2025-08-06,C0069,P1001,5,794.96,退货,刘洋,经销,伺服电机A型,电机类,522,799.93,南通华科,山东客户069,华东,安徽,设备集成商,B,2127.39,353.3,391.42,122.18,78.73,3974.8,3073.02,901.7800000000002,0.22687430814129017,2025-08
O002008,2025-04-17,C0009,P1015,74,81.84,已完成,张伟,直销,传感器支架,配套耗材,70,84.31,苏州精工,安徽客户009,华东,浙江,终端工厂,A,3408.6,677.69,690.68,142.39,97.28,6056.16,5016.64,1039.5199999999995,0.17164672003381673,2025-04
O002009,2025-09-07,C0075,P1011,26,484.43,退货,赵磊,经销,铝合金支架,机加工件,393,502.7,无锡智造,江苏客户075,华东,上海,终端工厂,A,7236.25,1355.45,1120.31,574.81,131.23,12595.18,10418.05,2177.130000000001,0.17285421883609453,2025-09
O002010,2025-08-11,C0011,P1002,10,928.16,已完成,王强,经销,伺服电机B型,电机类,690,1040.91,南通华科,上海客户011,华东,上海,经销商,A,5790.12,919.48,866.08,214.36,139.12,9281.6,7929.16,1352.4400000000005,0.14571194621616967,2025-08
O002011,2025-04-22,C0037,P1012,28,322.44,已完成,刘洋,直销,不锈钢轴套,机加工件,315,371.9,南通华科,福建客户037,华南,广东,经销商,B,6163.47,1223.9,1149.56,217.43,171.69,9028.32,8926.050000000001,102.26999999999862,0.011327688872348191,2025-04
O002012,2025-05-26,C0065,P1006,5,2263.34,已完成,王强,经销,PLC控制器增强版,控制器类,1773,2443.12,苏州精工,安徽客户065,华东,山东,经销商,B,5959.0,1156.06,1031.58,202.59,61.31,11316.7,8410.539999999999,2906.1600000000017,0.256802778195057,2025-05
O002013,2025-07-25,C0012,P1001,17,814.42,已完成,赵磊,经销,伺服电机A型,电机类,522,799.93,南通华科,云南客户012,西南,云南,终端工厂,A,5968.58,1244.38,1400.55,290.7,234.1,13845.14,9138.310000000001,4706.829999999998,0.33996261504036784,2025-07
O002014,2025-11-06,C0030,P1015,47,78.46,已完成,张伟,直销,传感器支架,配套耗材,70,84.31,苏州精工,福建客户030,华南,广西,设备集成商,A,2143.75,438.93,520.41,158.9,53.32,3687.62,3315.31,372.30999999999995,0.10096213818126595,2025-11
O002015,2025-10-21,C0010,P1009,8,638.55,已完成,陈敏,经销,同步带轮组件,传动部件,565,711.1,南通华科,河北客户010,华北,河北,经销商,B,3117.5,811.26,612.88,94.85,30.51,5108.4,4667.000000000001,441.3999999999987,0.0864067026857722,2025-10
O002016,2025-05-11,C0091,P1005,17,1307.93,已取消,王强,经销,PLC控制器标准版,控制器类,980,1458.49,苏州精工,广东客户091,华南,广东,经销商,A,11439.77,2656.54,2413.87,418.18,426.32,22234.81,17354.68,4880.130000000001,0.21948152469033919,2025-05
O002017,2025-12-25,C0066,P1003,11,1559.89,已完成,刘洋,老客户复购,步进电机A型,电机类,1120,1636.22,常州机电,上海客户066,华东,山东,终端工厂,A,8317.43,1958.55,1257.76,834.5,230.59,17158.79,12598.83,4559.960000000001,0.2657506735614808,2025-12
O002018,2025-03-30,C0103,P1010,12,586.13,已完成,王强,展会线索,联轴器套件,传动部件,456,621.63,上海工控,上海客户103,华东,上海,终端工厂,A,3700.91,966.43,852.32,159.74,133.4,7033.5599999999995,5812.799999999999,1220.7600000000002,0.17356217903877982,2025-03
O002019,2025-01-06,C0103,P1005,8,1386.55,已完成,赵磊,经销,PLC控制器标准版,控制器类,980,1458.49,苏州精工,上海客户103,华东,上海,终端工厂,A,5438.31,949.69,896.82,326.72,152.44,11092.4,7763.98,3328.42,0.30006310627096033,2025-01
O002020,2025-10-02,C0035,P1009,44,675.44,已完成,刘洋,展会线索,同步带轮组件,传动部件,565,711.1,南通华科,江苏客户035,华东,浙江,终端工厂,A,17156.71,3296.75,3734.02,1325.48,431.67,29719.36,25944.629999999997,3774.730000000003,0.12701249286660288,2025-10
O002021,2025-12-20,C0019,P1011,29,503.09,已完成,张伟,展会线索,铝合金支架,机加工件,393,502.7,无锡智造,湖北客户019,华中,河南,终端工厂,B,8115.91,1923.57,1291.25,626.68,281.55,14589.609999999999,12238.96,2350.6499999999996,0.16111808334835542,2025-12
O002022,2025-08-16,C0118,P1016,82,100.05,已完成,李娜,直销,密封圈套装,配套耗材,83,101.3,苏州精工,浙江客户118,华东,浙江,终端工厂,B,4313.37,1216.38,690.81,273.0,136.26,8204.1,6629.82,1574.2800000000007,0.19188942114308707,2025-08
O002023,2025-03-07,C0088,P1010,18,616.82,已完成,陈敏,经销,联轴器套件,传动部件,456,621.63,上海工控,河南客户088,华中,河南,终端工厂,A,5737.75,1346.77,1081.49,419.5,172.08,11102.76,8757.59,2345.17,0.21122405600048996,2025-03
O002024,2025-11-24,C0120,P1006,6,2346.18,已完成,张伟,老客户复购,PLC控制器增强版,控制器类,1773,2443.12,苏州精工,浙江客户120,华东,山东,经销商,C,7121.65,1656.77,1604.02,365.31,180.86,14077.079999999998,10928.61,3148.4699999999975,0.22365931002736347,2025-11
O002025,2025-09-22,C0091,P1005,8,1304.68,已完成,刘洋,经销,PLC控制器标准版,控制器类,980,1458.49,苏州精工,广东客户091,华南,广东,经销商,A,4867.45,1264.17,875.91,332.28,85.1,10437.44,7424.91,3012.5300000000007,0.28862728791734377,2025-09
O002026,2025-04-09,C0003,P1011,14,517.17,已完成,李娜,老客户复购,铝合金支架,机加工件,393,502.7,无锡智造,上海客户003,华东,安徽,终端工厂,A,3424.19,819.76,690.45,216.34,58.88,7240.379999999999,5209.62,2030.7599999999993,0.28047699153911804,2025-04
O002027,2025-02-01,C0022,P1009,28,722.85,已完成,张伟,展会线索,同步带轮组件,传动部件,565,711.1,南通华科,湖南客户022,华中,河南,终端工厂,A,11306.88,1901.73,2428.25,825.61,153.44,20239.8,16615.909999999996,3623.890000000003,0.1790477178628249,2025-02
O002028,2025-05-04,C0052,P1013,15,168.4,已完成,张伟,展会线索,CNC定制件,机加工件,138,172.93,南通华科,广西客户052,华南,广西,终端工厂,A,1381.14,371.22,286.95,49.15,29.97,2526.0,2118.43,407.57000000000016,0.1613499604117182,2025-05
O002029,2025-12-31,C0116,P1013,26,171.35,已完成,王强,直销,CNC定制件,机加工件,138,172.93,南通华科,北京客户116,华北,北京,终端工厂,A,2392.55,603.27,556.03,79.65,43.26,4455.099999999999,3674.7600000000007,780.3399999999988,0.17515656214226366,2025-12
O002030,2025-02-20,C0015,P1008,28,697.58,已完成,王强,展会线索,精密齿轮箱,传动部件,523,743.47,上海工控,北京客户015,华北,河北,经销商,C,9516.31,2632.45,1955.76,894.46,222.48,19532.24,15221.46,4310.7800000000025,0.2207007491204287,2025-02
O002031,2025-11-07,C0088,P1005,10,1438.82,已完成,陈敏,老客户复购,PLC控制器标准版,控制器类,980,1458.49,苏州精工,河南客户088,华中,河南,终端工厂,A,6784.27,1344.51,1516.13,445.03,245.4,14388.199999999999,10335.34,4052.8599999999988,0.2816794317565782,2025-11
O002032,2025-07-08,C0030,P1004,4,711.64,已完成,张伟,老客户复购,减速电机C型,电机类,541,716.52,苏州精工,福建客户030,华南,广西,设备集成商,A,1397.04,349.74,269.01,45.83,31.87,2846.56,2093.49,753.0700000000002,0.26455440953291,2025-07
O002033,2025-08-01,C0038,P1007,16,993.03,已完成,王强,展会线索,变频控制器A型,控制器类,780,1044.88,南通华科,江苏客户038,华东,安徽,终端工厂,A,10571.53,1611.24,1385.71,496.84,161.12,15888.48,14226.44,1662.039999999999,0.10460660805816535,2025-08
O002034,2025-08-31,C0025,P1007,13,984.28,已完成,张伟,经销,变频控制器A型,控制器类,780,1044.88,南通华科,广东客户025,华南,福建,经销商,B,8734.41,1302.02,1124.24,571.78,95.21,12795.64,11827.66,967.9799999999996,0.07564920551062702,2025-08
O002035,2025-03-30,C0113,P1005,10,1340.64,已完成,陈敏,展会线索,PLC控制器标准版,控制器类,980,1458.49,苏州精工,安徽客户113,华东,浙江,经销商,B,6486.16,1745.32,1018.87,590.73,165.86,13406.400000000001,10006.94,3399.460000000001,0.25356993674662853,2025-03
O002036,2025-11-02,C0102,P1007,13,1011.46,已完成,王强,经销,变频控制器A型,控制器类,780,1044.88,南通华科,北京客户102,华北,天津,终端工厂,C,6292.23,1377.21,1262.04,341.83,137.23,13148.98,9410.539999999999,3738.4400000000005,0.28431406846766827,2025-11
O002037,2025-05-02,C0114,P1012,43,362.73,已完成,陈敏,展会线索,不锈钢轴套,机加工件,315,371.9,南通华科,江苏客户114,华东,安徽,终端工厂,B,9639.53,1918.73,1694.88,649.47,263.71,15597.390000000001,14166.319999999998,1431.0700000000033,0.09175060699258038,2025-05
O002038,2025-08-18,C0008,P1012,42,342.06,已完成,赵磊,直销,不锈钢轴套,机加工件,315,371.9,南通华科,天津客户008,华北,北京,设备集成商,C,8313.85,2146.49,1706.07,282.8,128.88,14366.52,12578.089999999998,1788.430000000002,0.12448595762926597,2025-08
O002039,2025-12-22,C0062,P1014,86,39.88,已完成,王强,展会线索,工业线缆,配套耗材,34,41.43,南通华科,浙江客户062,华东,上海,经销商,C,1826.05,414.08,337.21,97.31,47.0,3429.6800000000003,2721.65,708.0300000000002,0.2064420004198643,2025-12
O002040,2025-09-28,C0088,P1001,7,808.88,退货,赵磊,老客户复购,伺服电机A型,电机类,522,799.93,南通华科,河南客户088,华中,河南,终端工厂,A,2533.08,571.2,514.13,256.48,102.53,5662.16,3977.42,1684.7399999999998,0.2975436935727708,2025-09
O002041,2025-12-23,C0050,P1013,22,167.51,已完成,赵磊,展会线索,CNC定制件,机加工件,138,172.93,南通华科,广东客户050,华南,广西,终端工厂,A,2143.63,392.22,349.33,120.07,38.26,3685.22,3043.5100000000007,641.7099999999991,0.17413071675503747,2025-12
O002042,2025-08-18,C0001,P1010,31,614.39,已完成,陈敏,老客户复购,联轴器套件,传动部件,456,621.63,上海工控,广东客户001,华南,广西,终端工厂,B,8950.45,1940.38,2240.92,516.96,214.91,19046.09,13863.620000000003,5182.4699999999975,0.2721015179493533,2025-08
O002043,2025-06-26,C0056,P1009,19,706.87,已完成,赵磊,展会线索,同步带轮组件,传动部件,565,711.1,南通华科,山东客户056,华东,山东,设备集成商,A,6662.57,1751.58,1339.87,249.94,262.28,13430.53,10266.240000000002,3164.289999999999,0.2356042538902038,2025-06
O002044,2025-11-01,C0011,P1003,10,1504.16,已完成,李娜,经销,步进电机A型,电机类,1120,1636.22,常州机电,上海客户011,华东,上海,经销商,A,7814.73,1831.97,1763.69,440.14,237.33,15041.6,12087.859999999999,2953.7400000000016,0.1963713966599299,2025-11
O002045,2025-05-21,C0074,P1003,2,1547.45,已完成,陈敏,老客户复购,步进电机A型,电机类,1120,1636.22,常州机电,安徽客户074,华东,浙江,终端工厂,B,1434.99,362.49,225.89,60.11,35.22,3094.9,2118.7,976.2000000000003,0.31542214611134456,2025-05
O002046,2025-06-10,C0114,P1011,11,497.36,已完成,张伟,老客户复购,铝合金支架,机加工件,393,502.7,无锡智造,江苏客户114,华东,安徽,终端工厂,B,2685.49,638.58,567.9,201.09,35.59,5470.96,4128.65,1342.3100000000004,0.24535182125257732,2025-06
O002047,2025-01-12,C0119,P1010,6,594.62,已完成,王强,展会线索,联轴器套件,传动部件,456,621.63,上海工控,北京客户119,华北,北京,设备集成商,A,1745.84,429.0,381.65,56.75,46.76,3567.7200000000003,2660.0000000000005,907.7199999999998,0.25442579574630286,2025-01
O002048,2025-04-08,C0079,P1013,35,161.94,已完成,陈敏,经销,CNC定制件,机加工件,138,172.93,南通华科,安徽客户079,华东,浙江,经销商,A,3373.75,599.63,602.74,149.79,106.02,5667.9,4831.93,835.9699999999993,0.14749201644347984,2025-04
O002049,2025-04-07,C0018,P1014,11,38.17,已完成,张伟,经销,工业线缆,配套耗材,34,41.43,南通华科,上海客户018,华东,山东,经销商,B,238.83,52.02,57.56,11.16,5.45,419.87,365.02000000000004,54.849999999999966,0.1306356729463881,2025-04
O002050,2025-06-18,C0092,P1015,85,84.79,已完成,刘洋,展会线索,传感器支架,配套耗材,70,84.31,苏州精工,江苏客户092,华东,江苏,终端工厂,B,3708.66,1065.61,889.51,268.14,42.6,7207.150000000001,5974.52,1232.63,0.1710287700408622,2025-06
O002051,2025-09-23,C0043,P1012,17,342.29,已完成,刘洋,老客户复购,不锈钢轴套,机加工件,315,371.9,南通华科,广东客户043,华南,广东,设备集成商,B,3360.19,817.7,627.09,214.12,81.31,5818.93,5100.410000000001,718.5199999999995,0.12347974627637719,2025-09
O002052,2025-03-18,C0035,P1006,14,2507.6,已完成,陈敏,经销,PLC控制器增强版,控制器类,1773,2443.12,苏州精工,江苏客户035,华东,浙江,终端工厂,A,17471.34,3397.7,3342.82,1481.76,433.97,35106.4,26127.59,8978.810000000001,0.2557599184194335,2025-03
O002053,2025-07-09,C0054,P1005,10,1398.16,已完成,王强,展会线索,PLC控制器标准版,控制器类,980,1458.49,苏州精工,天津客户054,华北,北京,终端工厂,A,6890.03,1253.19,1411.53,671.18,139.51,13981.6,10365.44,3616.16,0.25863706585798474,2025-07
O002054,2025-05-16,C0107,P1006,14,2335.55,退货,张伟,老客户复购,PLC控制器增强版,控制器类,1773,2443.12,苏州精工,安徽客户107,华东,安徽,经销商,B,16298.96,3103.07,3437.59,1122.7,183.28,32697.700000000004,24145.6,8552.100000000006,0.26155050661055684,2025-05
O002055,2025-08-19,C0073,P1014,41,40.21,已完成,赵磊,展会线索,工业线缆,配套耗材,34,41.43,南通华科,湖北客户073,华中,湖南,设备集成商,C,969.14,236.64,215.27,56.22,19.43,1648.6100000000001,1496.7,151.91000000000008,0.0921442912514179,2025-08
O002056,2025-05-19,C0015,P1016,49,87.45,已完成,刘洋,展会线索,密封圈套装,配套耗材,83,101.3,苏州精工,北京客户015,华北,河北,经销商,C,2877.86,585.33,566.64,156.57,45.35,4285.05,4231.75,53.30000000000018,0.012438594648837278,2025-05
O002057,2025-08-27,C0092,P1010,19,595.99,退货,张伟,老客户复购,联轴器套件,传动部件,456,621.63,上海工控,江苏客户092,华东,江苏,终端工厂,B,5446.96,1050.81,1089.02,360.57,196.36,11323.81,8143.72,3180.0899999999992,0.2808321580810698,2025-08
O002058,2025-06-11,C0055,P1002,13,977.1,已完成,赵磊,直销,伺服电机B型,电机类,690,1040.91,南通华科,天津客户055,华北,天津,设备集成商,C,5933.13,1227.72,1145.7,296.34,80.92,12702.300000000001,8683.810000000001,4018.49,0.3163592420270344,2025-06
O002059,2025-03-06,C0003,P1002,4,1032.07,已完成,李娜,直销,伺服电机B型,电机类,690,1040.91,南通华科,上海客户003,华东,安徽,终端工厂,A,1742.4,384.05,278.1,93.74,69.41,4128.28,2567.7,1560.58,0.37802183960390284,2025-03
O002060,2025-04-05,C0002,P1009,16,621.04,已完成,陈敏,经销,同步带轮组件,传动部件,565,711.1,南通华科,广东客户002,华南,福建,经销商,B,5816.89,1144.86,1418.78,365.53,58.63,9936.64,8804.69,1131.949999999999,0.11391677669715305,2025-04
O002061,2025-03-04,C0083,P1003,9,1664.12,已完成,张伟,老客户复购,步进电机A型,电机类,1120,1636.22,常州机电,浙江客户083,华东,山东,终端工厂,B,6312.34,1579.81,1334.67,260.5,125.28,14977.079999999998,9612.6,5364.479999999998,0.3581792979672939,2025-03
O002062,2025-09-02,C0106,P1001,17,697.01,已完成,刘洋,老客户复购,伺服电机A型,电机类,522,799.93,南通华科,河北客户106,华北,天津,经销商,C,6326.31,1369.44,1121.85,281.48,83.01,11849.17,9182.09,2667.08,0.22508580769792313,2025-09
O002063,2025-05-08,C0085,P1004,9,684.12,已完成,王强,直销,减速电机C型,电机类,541,716.52,苏州精工,浙江客户085,华东,山东,终端工厂,A,3214.82,853.74,501.13,305.91,49.98,6157.08,4925.58,1231.5,0.20001364283069248,2025-05
O002064,2025-03-07,C0066,P1012,41,369.42,已完成,刘洋,经销,不锈钢轴套,机加工件,315,371.9,南通华科,上海客户066,华东,山东,终端工厂,A,8535.22,1584.71,1744.65,483.53,227.2,15146.220000000001,12575.310000000001,2570.91,0.16973938051870366,2025-03
O002065,2025-10-28,C0021,P1003,2,1596.87,已完成,赵磊,经销,步进电机A型,电机类,1120,1636.22,常州机电,山东客户021,华东,江苏,经销商,A,1510.36,322.32,323.15,50.7,41.89,3193.74,2248.4199999999996,945.3200000000002,0.2959915334372868,2025-10
O002066,2025-11-20,C0050,P1004,6,734.3,已完成,王强,老客户复购,减速电机C型,电机类,541,716.52,苏州精工,广东客户050,华南,广西,终端工厂,A,2049.48,474.44,478.68,88.05,83.87,4405.799999999999,3174.52,1231.2799999999993,0.2794679740342275,2025-11
O002067,2025-08-16,C0035,P1008,14,765.18,已完成,刘洋,老客户复购,精密齿轮箱,传动部件,523,743.47,上海工控,江苏客户035,华东,浙江,终端工厂,A,5190.2,1060.92,734.82,456.79,195.11,10712.519999999999,7637.839999999999,3074.6799999999994,0.28701743380642464,2025-08
O002068,2025-02-11,C0119,P1003,17,1609.1,已完成,赵磊,老客户复购,步进电机A型,电机类,1120,1636.22,常州机电,北京客户119,华北,北京,设备集成商,A,12137.5,3331.46,2948.26,861.54,464.22,27354.699999999997,19742.980000000003,7611.719999999994,0.2782600430638974,2025-02
O002069,2025-11-02,C0006,P1004,16,692.66,已完成,张伟,经销,减速电机C型,电机类,541,716.52,苏州精工,福建客户006,华南,广东,经销商,B,5751.87,1331.66,1031.71,228.09,179.52,11082.56,8522.85,2559.709999999999,0.23096739381514733,2025-11
O002070,2025-12-29,C0087,P1002,1,1058.96,已完成,王强,展会线索,伺服电机B型,电机类,690,1040.91,南通华科,山东客户087,华东,江苏,终端工厂,A,427.9,106.79,104.8,24.09,10.58,1058.96,674.16,384.80000000000007,0.36337538717232004,2025-12
O002071,2025-05-25,C0085,P1011,24,508.86,已完成,李娜,直销,铝合金支架,机加工件,393,502.7,无锡智造,浙江客户085,华东,山东,终端工厂,A,6401.96,1271.55,1422.81,339.89,167.61,12212.64,9603.82,2608.8199999999997,0.21361638433622868,2025-05
O002072,2025-12-31,C0075,P1001,10,756.53,已完成,赵磊,经销,伺服电机A型,电机类,522,799.93,南通华科,江苏客户075,华东,上海,终端工厂,A,3354.44,639.36,576.4,125.71,91.0,7565.299999999999,4786.91,2778.3899999999994,0.3672544380262514,2025-12
O002073,2025-06-03,C0060,P1012,19,370.16,已完成,赵磊,直销,不锈钢轴套,机加工件,315,371.9,南通华科,广西客户060,华南,广东,设备集成商,A,4061.8,734.24,630.99,225.01,119.48,7033.040000000001,5771.5199999999995,1261.5200000000013,0.1793705140309171,2025-06
O002074,2025-03-16,C0049,P1011,29,471.75,已完成,张伟,直销,铝合金支架,机加工件,393,502.7,无锡智造,江苏客户049,华东,山东,经销商,C,7781.88,1439.24,1746.62,644.51,135.09,13680.75,11747.340000000002,1933.409999999998,0.14132339235787497,2025-03
O002075,2025-11-28,C0039,P1007,6,917.87,已完成,张伟,展会线索,变频控制器A型,控制器类,780,1044.88,南通华科,湖北客户039,华中,河南,经销商,B,3189.9,699.85,732.52,180.67,106.84,5507.22,4909.780000000001,597.4399999999996,0.10848304589248288,2025-11
O002076,2025-12-04,C0118,P1005,2,1489.85,已完成,刘洋,老客户复购,PLC控制器标准版,控制器类,980,1458.49,苏州精工,浙江客户118,华东,浙江,终端工厂,B,1254.27,275.84,287.89,126.42,47.62,2979.7,1992.04,987.6599999999999,0.33146289894955866,2025-12
O002077,2025-10-21,C0030,P1006,1,2334.4,已完成,陈敏,老客户复购,PLC控制器增强版,控制器类,1773,2443.12,苏州精工,福建客户030,华南,广西,设备集成商,A,1251.67,287.5,244.97,72.51,28.03,2334.4,1884.68,449.72,0.1926490747087046,2025-10
O002078,2025-05-12,C0044,P1001,6,792.98,已完成,王强,直销,伺服电机A型,电机类,522,799.93,南通华科,安徽客户044,华东,安徽,终端工厂,A,2069.05,492.39,389.62,95.93,31.39,4757.88,3078.3799999999997,1679.5000000000005,0.3529933499794027,2025-05
O002079,2025-03-24,C0003,P1002,3,1001.58,已完成,张伟,经销,伺服电机B型,电机类,690,1040.91,南通华科,上海客户003,华东,安徽,终端工厂,A,1474.77,251.47,220.1,91.9,26.87,3004.7400000000002,2065.11,939.6300000000001,0.3127159088639949,2025-03
O002080,2025-07-03,C0107,P1005,12,1384.99,已完成,刘洋,经销,PLC控制器标准版,控制器类,980,1458.49,苏州精工,安徽客户107,华东,安徽,经销商,B,7768.48,1494.07,1268.37,715.04,272.34,16619.88,11518.3,5101.580000000002,0.3069564882538262,2025-07
O002081,2025-06-26,C0046,P1004,7,704.67,已完成,王强,经销,减速电机C型,电机类,541,716.52,苏州精工,湖南客户046,华中,湖南,终端工厂,C,2387.42,606.18,517.15,197.15,59.77,4932.69,3767.67,1165.0199999999995,0.23618350230807117,2025-06
O002082,2025-08-02,C0106,P1012,28,321.99,已完成,张伟,展会线索,不锈钢轴套,机加工件,315,371.9,南通华科,河北客户106,华北,天津,经销商,C,5706.53,1409.62,1078.52,204.33,100.34,9015.720000000001,8499.34,516.380000000001,0.057275514323869965,2025-08
O002083,2025-05-16,C0023,P1002,16,996.91,已完成,张伟,直销,伺服电机B型,电机类,690,1040.91,南通华科,江苏客户023,华东,浙江,设备集成商,B,7687.45,1639.97,1302.63,703.67,290.69,15950.56,11624.41,4326.15,0.27122245237784753,2025-05
O002084,2025-01-16,C0056,P1009,7,672.28,已完成,陈敏,展会线索,同步带轮组件,传动部件,565,711.1,南通华科,山东客户056,华东,山东,设备集成商,A,2623.45,563.51,540.89,80.14,72.33,4705.96,3880.3199999999997,825.6400000000003,0.17544560514751514,2025-01
O002085,2025-01-15,C0067,P1010,4,603.22,已完成,张伟,直销,联轴器套件,传动部件,456,621.63,上海工控,福建客户067,华南,广东,终端工厂,A,1273.57,262.38,201.51,38.63,35.13,2412.88,1811.22,601.6600000000001,0.2493534697125427,2025-01
O002086,2025-01-28,C0019,P1013,11,171.06,已完成,赵磊,直销,CNC定制件,机加工件,138,172.93,南通华科,湖北客户019,华中,河南,终端工厂,B,981.99,224.41,186.99,39.74,23.76,1881.66,1456.89,424.77,0.2257421638340614,2025-01
O002087,2025-11-10,C0026,P1001,11,705.24,已完成,王强,直销,伺服电机A型,电机类,522,799.93,南通华科,河南客户026,华中,湖北,经销商,B,3823.94,904.07,660.98,174.64,133.55,7757.64,5697.18,2060.46,0.26560397234210403,2025-11
O002088,2025-08-22,C0058,P1013,36,166.51,已完成,刘洋,直销,CNC定制件,机加工件,138,172.93,南通华科,湖南客户058,华中,湖南,终端工厂,B,3429.01,826.34,533.55,136.92,81.72,5994.36,5007.540000000001,986.8199999999988,0.16462474726242649,2025-08
O002089,2025-02-22,C0021,P1001,3,764.56,已完成,张伟,经销,伺服电机A型,电机类,522,799.93,南通华科,山东客户021,华东,江苏,经销商,A,1105.16,271.74,234.77,37.89,39.71,2293.68,1689.2700000000002,604.4099999999996,0.2635110390289839,2025-02
O002090,2025-12-12,C0046,P1014,18,42.25,已完成,李娜,经销,工业线缆,配套耗材,34,41.43,南通华科,湖南客户046,华中,湖南,终端工厂,C,434.46,75.52,76.49,25.69,6.46,760.5,618.62,141.88,0.18656147271531887,2025-12
O002091,2025-10-17,C0103,P1008,7,717.93,已完成,张伟,直销,精密齿轮箱,传动部件,523,743.47,上海工控,上海客户103,华东,上海,终端工厂,A,2458.98,633.93,556.53,240.69,61.62,5025.509999999999,3951.7499999999995,1073.7599999999998,0.21366189700149835,2025-10
O002092,2025-04-22,C0036,P1012,3,350.92,已完成,刘洋,老客户复购,不锈钢轴套,机加工件,315,371.9,南通华科,北京客户036,华北,河北,终端工厂,C,624.7,151.15,118.13,17.34,16.63,1052.76,927.95,124.80999999999995,0.11855503628557311,2025-04
O002093,2025-04-16,C0058,P1007,17,1014.22,已取消,王强,老客户复购,变频控制器A型,控制器类,780,1044.88,南通华科,湖南客户058,华中,湖南,终端工厂,B,8593.78,1630.25,1342.41,820.67,151.4,17241.74,12538.51,4703.230000000001,0.27278163340822914,2025-04
O002094,2025-07-16,C0105,P1006,6,2335.58,已完成,赵磊,经销,PLC控制器增强版,控制器类,1773,2443.12,苏州精工,安徽客户105,华东,安徽,设备集成商,B,7072.04,1883.29,1362.21,248.76,186.09,14013.48,10752.390000000001,3261.0899999999983,0.23271093261630932,2025-07
O002095,2025-12-09,C0118,P1007,16,982.29,已完成,张伟,直销,变频控制器A型,控制器类,780,1044.88,南通华科,浙江客户118,华东,浙江,终端工厂,B,7847.67,1568.8,1885.59,394.96,238.58,15716.64,11935.599999999999,3781.040000000001,0.24057559376558862,2025-12
O002096,2025-01-09,C0024,P1003,8,1569.48,已完成,张伟,经销,步进电机A型,电机类,1120,1636.22,常州机电,广东客户024,华南,广西,终端工厂,B,6011.2,1194.72,1174.38,218.66,128.17,12555.84,8727.13,3828.710000000001,0.3049345961719806,2025-01
O002097,2025-12-18,C0057,P1012,38,371.55,已完成,王强,经销,不锈钢轴套,机加工件,315,371.9,南通华科,浙江客户057,华东,上海,设备集成商,C,8047.23,1600.43,1671.15,237.39,173.27,14118.9,11729.47,2389.4300000000003,0.16923627194753135,2025-12
O002098,2025-05-06,C0076,P1002,14,993.75,已完成,赵磊,直销,伺服电机B型,电机类,690,1040.91,南通华科,浙江客户076,华东,浙江,经销商,A,6679.89,1408.4,1472.91,516.53,269.59,13912.5,10347.320000000002,3565.1799999999985,0.25625732255166206,2025-05
O002099,2025-10-28,C0052,P1002,15,993.79,退货,张伟,经销,伺服电机B型,电机类,690,1040.91,南通华科,广西客户052,华南,广西,终端工厂,A,6711.07,1824.99,1411.84,612.39,276.26,14906.849999999999,10836.55,4070.2999999999993,0.2730489674210178,2025-10
O002100,2025-11-13,C0066,P1011,9,476.83,已取消,刘洋,展会线索,铝合金支架,机加工件,393,502.7,无锡智造,上海客户066,华东,山东,终端工厂,A,2387.9,607.41,468.66,154.37,50.11,4291.47,3668.45,623.0200000000004,0.14517636147986596,2025-11
O002101,2025-07-11,C0105,P1002,11,962.73,已完成,赵磊,经销,伺服电机B型,电机类,690,1040.91,南通华科,安徽客户105,华东,安徽,设备集成商,B,4816.34,1162.87,1204.13,450.62,171.69,10590.03,7805.65,2784.380000000001,0.2629246564929468,2025-07
O002102,2025-09-14,C0040,P1002,1,987.43,已完成,张伟,经销,伺服电机B型,电机类,690,1040.91,南通华科,浙江客户040,华东,江苏,终端工厂,A,472.19,97.2,76.02,22.57,5.03,987.43,673.01,314.41999999999996,0.3184225717266034,2025-09
O002103,2025-06-10,C0060,P1001,17,788.8,已完成,陈敏,展会线索,伺服电机A型,电机类,522,799.93,南通华科,广西客户060,华南,广东,设备集成商,A,6099.53,1497.16,1030.58,244.25,134.58,13409.599999999999,9006.1,4403.499999999998,0.32838414270373456,2025-06
O002104,2025-08-20,C0072,P1012,9,367.95,已完成,李娜,展会线索,不锈钢轴套,机加工件,315,371.9,南通华科,云南客户072,西南,云南,设备集成商,A,1840.5,416.89,328.42,89.05,61.64,3311.5499999999997,2736.5,575.0499999999997,0.17364980145249198,2025-08
O002105,2025-09-16,C0098,P1013,15,169.31,已完成,王强,直销,CNC定制件,机加工件,138,172.93,南通华科,福建客户098,华南,广西,设备集成商,C,1352.71,345.96,284.73,68.1,43.85,2539.65,2095.35,444.3000000000002,0.1749453664875082,2025-09
O002106,2025-10-17,C0112,P1003,14,1576.68,已完成,赵磊,经销,步进电机A型,电机类,1120,1636.22,常州机电,广东客户112,华南,福建,终端工厂,A,10654.68,1889.71,1632.66,912.57,258.21,22073.52,15347.829999999998,6725.690000000002,0.3046949467053738,2025-10
O002107,2025-12-07,C0084,P1004,12,734.02,已完成,王强,老客户复购,减速电机C型,电机类,541,716.52,苏州精工,天津客户084,华北,河北,终端工厂,A,4288.3,835.84,710.48,378.06,153.57,8808.24,6366.250000000001,2441.989999999999,0.2772392668682959,2025-12
O002108,2025-01-15,C0104,P1016,23,104.14,已完成,张伟,直销,密封圈套装,配套耗材,83,101.3,苏州精工,安徽客户104,华东,安徽,终端工厂,B,1290.48,262.88,297.73,88.24,40.6,2395.22,1979.93,415.28999999999974,0.1733828207847295,2025-01
O002109,2025-11-06,C0005,P1009,11,659.29,已完成,张伟,展会线索,同步带轮组件,传动部件,565,711.1,南通华科,河南客户005,华中,湖南,设备集成商,B,3855.34,913.72,946.28,194.64,115.3,7252.19,6025.280000000001,1226.909999999999,0.16917786213543756,2025-11
O002110,2025-02-12,C0064,P1004,16,643.08,已完成,赵磊,老客户复购,减速电机C型,电机类,541,716.52,苏州精工,江苏客户064,华东,浙江,经销商,B,5936.0,1117.78,1268.05,194.86,163.79,10289.28,8680.480000000001,1608.7999999999993,0.15635690738321817,2025-02
O002111,2025-10-14,C0032,P1004,10,705.23,已完成,陈敏,经销,减速电机C型,电机类,541,716.52,苏州精工,天津客户032,华北,天津,设备集成商,B,3890.31,960.16,800.76,237.72,106.65,7052.3,5995.6,1056.6999999999998,0.14983764162046423,2025-10
O002112,2025-01-09,C0078,P1015,30,80.01,已完成,王强,展会线索,传感器支架,配套耗材,70,84.31,苏州精工,四川客户078,西南,云南,设备集成商,A,1454.9,253.06,222.9,86.16,12.24,2400.3,2029.2600000000002,371.03999999999996,0.15458067741532305,2025-01
O002113,2025-08-15,C0005,P1007,1,1010.58,已完成,张伟,展会线索,变频控制器A型,控制器类,780,1044.88,南通华科,河南客户005,华中,湖南,设备集成商,B,741.7,116.52,90.06,29.09,17.95,1010.58,995.32,15.259999999999991,0.015100239466445002,2025-08
O002114,2025-10-25,C0015,P1002,3,959.15,已取消,王强,经销,伺服电机B型,电机类,690,1040.91,南通华科,北京客户015,华北,河北,经销商,C,1307.46,345.02,278.82,102.13,48.03,2877.45,2081.46,795.9899999999998,0.2766303497888755,2025-10
O002115,2025-02-01,C0003,P1011,7,504.16,已完成,刘洋,展会线索,铝合金支架,机加工件,393,502.7,无锡智造,上海客户003,华东,安徽,终端工厂,A,1766.92,417.77,327.81,64.61,23.21,3529.1200000000003,2600.32,928.8000000000002,0.26318175635852564,2025-02
O002116,2025-07-04,C0112,P1012,13,382.56,已完成,陈敏,展会线索,不锈钢轴套,机加工件,315,371.9,南通华科,广东客户112,华南,福建,终端工厂,A,2594.79,642.48,435.5,173.83,68.75,4973.28,3915.35,1057.9299999999998,0.2127227905929286,2025-07
O002117,2025-12-19,C0027,P1004,2,707.34,已完成,刘洋,直销,减速电机C型,电机类,541,716.52,苏州精工,浙江客户027,华东,浙江,终端工厂,A,768.64,170.5,172.18,22.75,22.02,1414.68,1156.09,258.59000000000015,0.1827904543783754,2025-12
O002118,2025-07-10,C0111,P1013,42,165.3,已完成,陈敏,展会线索,CNC定制件,机加工件,138,172.93,南通华科,广东客户111,华南,广东,经销商,A,3608.87,949.17,713.78,252.68,66.95,6942.6,5591.45,1351.1500000000005,0.19461729035231765,2025-07
O002119,2025-05-08,C0057,P1012,17,354.33,已完成,张伟,经销,不锈钢轴套,机加工件,315,371.9,南通华科,浙江客户057,华东,上海,设备集成商,C,3405.3,875.06,826.15,129.06,113.31,6023.61,5348.880000000001,674.7299999999987,0.11201422402844784,2025-05
O002120,2025-04-19,C0009,P1008,42,762.5,已完成,李娜,老客户复购,精密齿轮箱,传动部件,523,743.47,上海工控,安徽客户009,华东,浙江,终端工厂,A,13926.84,3605.49,3461.11,645.56,369.13,32025.0,22008.130000000005,10016.869999999995,0.312782825917252,2025-04
O002121,2025-06-05,C0081,P1012,44,349.73,已完成,陈敏,直销,不锈钢轴套,机加工件,315,371.9,南通华科,安徽客户081,华东,江苏,经销商,B,9060.92,1986.26,2012.31,586.93,300.53,15388.12,13946.95,1441.17,0.09365471545581916,2025-06
O002122,2025-07-31,C0083,P1012,29,373.83,已完成,陈敏,展会线索,不锈钢轴套,机加工件,315,371.9,南通华科,浙江客户083,华东,山东,终端工厂,B,5833.14,1393.96,1159.67,511.26,55.93,10841.07,8953.960000000001,1887.1099999999988,0.1740704561450114,2025-07
O002123,2025-01-03,C0073,P1002,15,991.05,已完成,刘洋,老客户复购,伺服电机B型,电机类,690,1040.91,南通华科,湖北客户073,华中,湖南,设备集成商,C,7440.79,1539.92,1423.46,410.32,264.43,14865.75,11078.919999999998,3786.8300000000017,0.2547352134941057,2025-01
O002124,2025-08-04,C0103,P1008,42,733.81,已完成,刘洋,展会线索,精密齿轮箱,传动部件,523,743.47,上海工控,上海客户103,华东,上海,终端工厂,A,14853.38,3509.48,3051.83,854.93,189.23,30820.019999999997,22458.850000000002,8361.169999999995,0.27129021979868917,2025-08
O002125,2025-09-15,C0030,P1013,37,161.42,已完成,刘洋,展会线索,CNC定制件,机加工件,138,172.93,南通华科,福建客户030,华南,广西,设备集成商,A,3578.13,701.48,770.68,216.82,61.55,5972.54,5328.660000000001,643.8799999999992,0.10780672879545372,2025-09
O002126,2025-08-01,C0113,P1003,11,1553.61,退货,赵磊,老客户复购,步进电机A型,电机类,1120,1636.22,常州机电,安徽客户113,华东,浙江,经销商,B,11220.71,1955.55,1754.38,748.22,126.4,17089.71,15805.259999999998,1284.4500000000007,0.07515926250357675,2025-08
O002127,2025-10-31,C0089,P1001,6,750.37,已完成,陈敏,直销,伺服电机A型,电机类,522,799.93,南通华科,河北客户089,华北,天津,经销商,C,2070.52,537.54,354.63,72.11,61.23,4502.22,3096.03,1406.19,0.31233258259258767,2025-10
O002128,2025-11-18,C0118,P1009,42,711.89,已完成,陈敏,展会线索,同步带轮组件,传动部件,565,711.1,南通华科,浙江客户118,华东,浙江,终端工厂,B,15483.03,4249.28,2521.72,497.99,169.69,29899.38,22921.710000000003,6977.669999999998,0.23337172877832243,2025-11
O002129,2025-03-23,C0095,P1004,2,679.56,已完成,李娜,直销,减速电机C型,电机类,541,716.52,苏州精工,北京客户095,华北,天津,终端工厂,B,694.31,167.44,141.02,37.04,8.61,1359.12,1048.4199999999998,310.70000000000005,0.22860380246041562,2025-03
O002130,2025-03-19,C0003,P1015,59,83.29,已完成,张伟,直销,传感器支架,配套耗材,70,84.31,苏州精工,上海客户003,华东,安徽,终端工厂,A,2657.13,541.23,597.78,207.86,81.85,4914.110000000001,4085.8500000000004,828.2600000000002,0.16854730561586942,2025-03
O002131,2025-11-03,C0011,P1002,8,905.15,已完成,张伟,经销,伺服电机B型,电机类,690,1040.91,南通华科,上海客户011,华东,上海,经销商,A,3957.31,955.26,716.87,213.78,135.67,7241.2,5978.889999999999,1262.3100000000004,0.17432331657736294,2025-11
O002132,2025-03-26,C0045,P1007,11,944.05,已完成,刘洋,老客户复购,变频控制器A型,控制器类,780,1044.88,南通华科,安徽客户045,华东,江苏,设备集成商,A,5844.03,1181.16,1148.59,516.37,184.24,10384.55,8874.39,1510.1599999999999,0.14542373044571022,2025-03
O002133,2025-01-12,C0055,P1003,15,1557.75,已完成,赵磊,直销,步进电机A型,电机类,1120,1636.22,常州机电,天津客户055,华北,天津,设备集成商,C,10888.55,2976.58,2669.31,539.55,430.73,23366.25,17504.719999999998,5861.5300000000025,0.2508545444818917,2025-01
O002134,2025-08-08,C0109,P1005,4,1368.16,已完成,刘洋,展会线索,PLC控制器标准版,控制器类,980,1458.49,苏州精工,浙江客户109,华东,安徽,经销商,B,3707.63,479.75,549.51,140.56,82.74,5472.64,4960.1900000000005,512.4499999999998,0.09363853642848785,2025-08
O002135,2025-03-02,C0002,P1003,10,1427.49,已完成,李娜,老客户复购,步进电机A型,电机类,1120,1636.22,常州机电,广东客户002,华南,福建,经销商,B,7502.63,1622.49,1739.27,700.81,84.7,14274.9,11649.900000000001,2624.999999999998,0.1838892041275244,2025-03
O002136,2025-01-31,C0116,P1005,7,1408.24,已完成,陈敏,老客户复购,PLC控制器标准版,控制器类,980,1458.49,苏州精工,北京客户116,华北,北京,终端工厂,A,4886.27,857.27,824.83,410.97,164.19,9857.68,7143.530000000001,2714.1499999999996,0.2753335470414945,2025-01
O002137,2025-09-16,C0004,P1003,15,1591.24,已完成,赵磊,直销,步进电机A型,电机类,1120,1636.22,常州机电,重庆客户004,西南,四川,终端工厂,A,11635.38,2055.43,1814.03,1140.15,148.51,23868.6,16793.5,7075.0999999999985,0.2964187258574026,2025-09
O002138,2025-08-30,C0061,P1006,12,2496.73,已取消,张伟,展会线索,PLC控制器增强版,控制器类,1773,2443.12,苏州精工,江苏客户061,华东,山东,终端工厂,A,17770.58,3619.87,2946.21,818.17,224.28,29960.760000000002,25379.109999999997,4581.650000000005,0.15292168823487803,2025-08
O002139,2025-02-19,C0060,P1012,16,361.66,已完成,张伟,展会线索,不锈钢轴套,机加工件,315,371.9,南通华科,广西客户060,华南,广东,设备集成商,A,3623.02,619.91,671.56,139.72,101.18,5786.56,5155.39,631.1700000000001,0.10907516728418958,2025-02
O002140,2025-07-23,C0118,P1013,44,166.51,已完成,陈敏,展会线索,CNC定制件,机加工件,138,172.93,南通华科,浙江客户118,华东,浙江,终端工厂,B,3974.78,988.99,803.76,248.76,130.92,7326.44,6147.210000000001,1179.2299999999987,0.16095538897472697,2025-07
O002141,2025-05-17,C0069,P1009,33,698.26,已完成,张伟,经销,同步带轮组件,传动部件,565,711.1,南通华科,山东客户069,华东,安徽,设备集成商,B,12436.97,3183.37,2271.07,486.6,272.64,23042.579999999998,18650.649999999998,4391.93,0.190600618507129,2025-05
O002142,2025-03-10,C0023,P1009,40,686.74,已完成,王强,经销,同步带轮组件,传动部件,565,711.1,南通华科,江苏客户023,华东,浙江,设备集成商,B,15138.28,3360.69,3356.1,954.95,503.43,27469.6,23313.45,4156.149999999998,0.1512999825261379,2025-03
O002143,2025-04-23,C0057,P1009,44,703.15,已完成,李娜,老客户复购,同步带轮组件,传动部件,565,711.1,南通华科,浙江客户057,华东,上海,设备集成商,C,16691.47,3318.39,2679.16,1404.39,180.76,30938.6,24274.17,6664.43,0.21540826023155543,2025-04
O002144,2025-07-05,C0040,P1006,9,2360.04,已完成,陈敏,直销,PLC控制器增强版,控制器类,1773,2443.12,苏州精工,浙江客户040,华东,江苏,终端工厂,A,10081.01,1975.79,2001.39,714.56,112.53,21240.36,14885.279999999999,6355.080000000002,0.29919831867256497,2025-07
O002145,2025-04-11,C0056,P1006,9,2217.83,已完成,陈敏,展会线索,PLC控制器增强版,控制器类,1773,2443.12,苏州精工,山东客户056,华东,山东,设备集成商,A,10716.06,2291.83,2336.4,879.23,304.89,19960.47,16528.41,3432.0600000000013,0.1719428450332082,2025-04
O002146,2025-01-20,C0077,P1010,10,593.57,已完成,李娜,直销,联轴器套件,传动部件,456,621.63,上海工控,云南客户077,西南,重庆,设备集成商,A,3043.11,606.34,687.77,160.02,61.4,5935.700000000001,4558.64,1377.0600000000004,0.23199622622437122,2025-01
O002147,2025-05-15,C0028,P1013,17,162.35,已完成,陈敏,展会线索,CNC定制件,机加工件,138,172.93,南通华科,广东客户028,华南,广东,经销商,B,1669.42,418.85,361.02,137.83,49.77,2759.95,2636.89,123.05999999999995,0.04458776427109185,2025-05
O002148,2025-05-15,C0094,P1016,92,99.54,已完成,王强,老客户复购,密封圈套装,配套耗材,83,101.3,苏州精工,安徽客户094,华东,安徽,终端工厂,A,5272.17,1050.94,1200.21,418.34,78.86,9157.68,8020.52,1137.1599999999999,0.1241755553808388,2025-05
O002149,2025-03-29,C0023,P1006,1,2242.75,已完成,张伟,直销,PLC控制器增强版,控制器类,1773,2443.12,苏州精工,江苏客户023,华东,浙江,设备集成商,B,1185.99,220.21,278.71,78.6,19.46,2242.75,1782.97,459.78,0.20500724556905583,2025-03
O002150,2025-05-10,C0074,P1001,17,797.46,已完成,王强,老客户复购,伺服电机A型,电机类,522,799.93,南通华科,安徽客户074,华东,浙江,终端工厂,B,5761.36,1587.02,1215.18,402.96,169.43,13556.82,9135.949999999999,4420.870000000001,0.32609933597997176,2025-05
O002151,2025-07-30,C0076,P1006,1,2386.09,已完成,赵磊,直销,PLC控制器增强版,控制器类,1773,2443.12,苏州精工,浙江客户076,华东,浙江,经销商,A,1116.73,220.74,240.35,78.55,24.79,2386.09,1681.1599999999999,704.9300000000003,0.29543311442569237,2025-07
O002152,2025-04-16,C0032,P1011,15,479.64,已完成,刘洋,老客户复购,铝合金支架,机加工件,393,502.7,无锡智造,天津客户032,华北,天津,设备集成商,B,3988.62,733.11,923.39,181.88,43.72,7194.599999999999,5870.72,1323.8799999999992,0.1840102298946431,2025-04
O002153,2025-04-02,C0098,P1008,41,722.59,已完成,陈敏,老客户复购,精密齿轮箱,传动部件,523,743.47,上海工控,福建客户098,华南,广西,设备集成商,C,13658.13,2695.99,2374.09,876.53,476.12,29626.190000000002,20080.859999999997,9545.330000000005,0.32219228999746524,2025-04
O002154,2025-09-25,C0085,P1016,18,103.38,退货,陈敏,老客户复购,密封圈套装,配套耗材,83,101.3,苏州精工,浙江客户085,华东,山东,终端工厂,A,966.97,218.36,232.65,47.18,31.49,1860.84,1496.65,364.1899999999998,0.19571268889318794,2025-09
O002155,2025-07-15,C0021,P1005,4,1352.8,已完成,李娜,经销,PLC控制器标准版,控制器类,980,1458.49,苏州精工,山东客户021,华东,江苏,经销商,A,2492.26,512.34,499.29,125.51,100.35,5411.2,3729.7500000000005,1681.4499999999994,0.31073514192785323,2025-07
O002156,2025-06-20,C0024,P1004,11,712.4,已完成,王强,直销,减速电机C型,电机类,541,716.52,苏州精工,广东客户024,华南,广西,终端工厂,B,3719.82,927.38,810.85,135.66,125.29,7836.4,5719.0,2117.3999999999996,0.2702006023173906,2025-06
O002157,2025-01-17,C0006,P1012,12,363.84,已完成,张伟,老客户复购,不锈钢轴套,机加工件,315,371.9,南通华科,福建客户006,华南,广东,经销商,B,2520.84,617.59,565.55,114.83,53.56,4366.08,3872.3700000000003,493.7099999999996,0.1130785510114335,2025-01
O002158,2025-10-26,C0017,P1007,15,1015.69,已完成,李娜,直销,变频控制器A型,控制器类,780,1044.88,南通华科,广西客户017,华南,广西,终端工厂,B,7559.09,1545.46,1170.42,742.37,176.94,15235.35,11194.28,4041.0699999999997,0.2652430039349276,2025-10
O002159,2025-08-06,C0057,P1003,13,1540.47,已完成,张伟,展会线索,步进电机A型,电机类,1120,1636.22,常州机电,浙江客户057,华东,上海,设备集成商,C,10771.34,1755.01,1707.9,310.16,212.63,20026.11,14757.039999999999,5269.0700000000015,0.263110009882099,2025-08
O002160,2025-03-19,C0031,P1012,32,326.59,已完成,陈敏,展会线索,不锈钢轴套,机加工件,315,371.9,南通华科,山东客户031,华东,上海,经销商,A,6289.17,1614.44,1556.46,306.51,183.43,10450.88,9950.01,500.869999999999,0.047926107657919624,2025-03
O002161,2025-08-16,C0107,P1011,8,460.63,已完成,刘洋,展会线索,铝合金支架,机加工件,393,502.7,无锡智造,安徽客户107,华东,安徽,经销商,B,1958.48,523.98,326.25,163.41,67.2,3685.04,3039.3199999999997,645.7200000000003,0.17522740594403324,2025-08
O002162,2025-07-27,C0080,P1004,9,733.28,已完成,王强,展会线索,减速电机C型,电机类,541,716.52,苏州精工,广西客户080,华南,广东,终端工厂,B,3401.47,824.05,650.93,160.18,96.67,6599.5199999999995,5133.3,1466.2199999999993,0.222170703323878,2025-07
O002163,2025-02-27,C0022,P1012,11,379.06,已完成,王强,直销,不锈钢轴套,机加工件,315,371.9,南通华科,湖南客户022,华中,河南,终端工厂,A,2300.6,416.91,445.63,157.58,21.72,4169.66,3342.4399999999996,827.2200000000003,0.19839027642541604,2025-02
O002164,2025-01-19,C0085,P1010,23,624.2,已完成,张伟,经销,联轴器套件,传动部件,456,621.63,上海工控,浙江客户085,华东,山东,终端工厂,A,7154.24,1669.19,1148.29,431.96,279.45,14356.6,10683.130000000001,3673.4699999999993,0.25587325689926577,2025-01
O002165,2025-11-17,C0038,P1013,7,164.52,已完成,赵磊,老客户复购,CNC定制件,机加工件,138,172.93,南通华科,江苏客户038,华东,安徽,终端工厂,A,684.33,139.73,116.88,22.28,6.37,1151.64,969.59,182.05000000000007,0.15807891354937312,2025-11
O002166,2025-02-07,C0099,P1015,24,82.87,已完成,王强,老客户复购,传感器支架,配套耗材,70,84.31,苏州精工,广西客户099,华南,福建,设备集成商,B,1091.57,296.38,264.63,86.39,20.41,1988.88,1759.38,229.5,0.11539157716905997,2025-02
O002167,2025-09-20,C0033,P1002,11,1070.16,已取消,李娜,展会线索,伺服电机B型,电机类,690,1040.91,南通华科,江苏客户033,华东,浙江,终端工厂,B,4814.81,1182.01,1053.42,351.51,180.99,11771.76,7582.740000000001,4189.0199999999995,0.3558533303431262,2025-09
O002168,2025-04-13,C0053,P1007,7,1069.62,已完成,张伟,经销,变频控制器A型,控制器类,780,1044.88,南通华科,河北客户053,华北,河北,终端工厂,A,3792.89,911.73,710.55,319.77,40.3,7487.339999999999,5775.240000000001,1712.0999999999985,0.22866598818806128,2025-04
O002169,2025-08-19,C0009,P1007,11,1048.8,已完成,张伟,老客户复购,变频控制器A型,控制器类,780,1044.88,南通华科,安徽客户009,华东,浙江,终端工厂,A,7961.55,1150.9,997.26,209.92,90.98,11536.8,10410.61,1126.1899999999987,0.09761719020872328,2025-08
O002170,2025-12-22,C0093,P1011,26,493.72,退货,陈敏,经销,铝合金支架,机加工件,393,502.7,无锡智造,湖北客户093,华中,湖南,终端工厂,B,6759.61,1794.95,1121.67,284.23,171.59,12836.720000000001,10132.05,2704.670000000002,0.21069790413750566,2025-12
O002171,2025-05-31,C0030,P1005,4,1415.01,已完成,张伟,直销,PLC控制器标准版,控制器类,980,1458.49,苏州精工,福建客户030,华南,广西,设备集成商,A,2567.42,621.85,491.27,245.68,64.94,5660.04,3991.16,1668.88,0.29485303990784517,2025-05
O002172,2025-11-07,C0116,P1001,9,814.81,已完成,王强,直销,伺服电机A型,电机类,522,799.93,南通华科,北京客户116,华北,北京,终端工厂,A,3181.65,654.26,668.26,278.05,80.34,7333.289999999999,4862.56,2470.7299999999987,0.3369197181619708,2025-11
O002173,2025-08-26,C0068,P1010,13,611.66,已完成,赵磊,展会线索,联轴器套件,传动部件,456,621.63,上海工控,四川客户068,西南,重庆,终端工厂,A,3838.99,929.78,928.26,156.19,135.07,7951.58,5988.289999999999,1963.2900000000009,0.24690564642498736,2025-08
O002174,2025-02-24,C0063,P1008,21,733.51,已完成,王强,直销,精密齿轮箱,传动部件,523,743.47,上海工控,福建客户063,华南,广东,终端工厂,A,7405.83,1664.29,1732.03,557.7,268.91,15403.71,11628.76,3774.949999999999,0.24506758436766202,2025-02
O002175,2025-08-18,C0040,P1009,33,681.55,已完成,王强,老客户复购,同步带轮组件,传动部件,565,711.1,南通华科,浙江客户040,华东,江苏,终端工厂,A,12519.14,2516.91,2641.43,1064.08,396.26,22491.149999999998,19137.819999999996,3353.3300000000017,0.14909553313192087,2025-08
O002176,2025-12-05,C0071,P1002,8,953.41,已完成,赵磊,老客户复购,伺服电机B型,电机类,690,1040.91,南通华科,湖北客户071,华中,湖北,经销商,A,3531.9,767.35,723.19,267.0,60.31,7627.28,5349.750000000001,2277.529999999999,0.29860317177289925,2025-12
O002177,2025-07-23,C0104,P1006,3,2317.55,已完成,陈敏,老客户复购,PLC控制器增强版,控制器类,1773,2443.12,苏州精工,安徽客户104,华东,安徽,终端工厂,B,3420.12,880.45,764.97,308.51,132.06,6952.650000000001,5506.110000000001,1446.54,0.20805592112360033,2025-07
O002178,2025-03-03,C0052,P1016,108,103.02,已完成,陈敏,经销,密封圈套装,配套耗材,83,101.3,苏州精工,广西客户052,华南,广西,终端工厂,A,5834.01,1538.0,1254.61,539.86,101.04,11126.16,9267.520000000002,1858.6399999999976,0.16705134565744134,2025-03
O002179,2025-08-31,C0037,P1004,6,629.25,已完成,刘洋,经销,减速电机C型,电机类,541,716.52,苏州精工,福建客户037,华南,广东,经销商,B,2616.34,526.69,505.42,165.59,60.05,3775.5,3874.0900000000006,-98.5900000000006,-0.026113097602966654,2025-08
O002180,2025-07-18,C0015,P1014,45,36.75,已完成,李娜,展会线索,工业线缆,配套耗材,34,41.43,南通华科,北京客户015,华北,河北,经销商,C,1058.42,257.14,222.15,63.98,9.44,1653.75,1611.13,42.61999999999989,0.025771730914587992,2025-07
O002181,2025-01-07,C0009,P1014,41,39.05,已完成,刘洋,展会线索,工业线缆,配套耗材,34,41.43,南通华科,安徽客户009,华东,浙江,终端工厂,A,956.24,207.28,219.83,58.04,22.61,1601.05,1463.9999999999998,137.05000000000018,0.08560007495081365,2025-01
O002182,2025-09-25,C0044,P1003,14,1565.59,已取消,刘洋,直销,步进电机A型,电机类,1120,1636.22,常州机电,安徽客户044,华东,安徽,终端工厂,A,11280.28,1969.65,1827.96,832.08,213.23,21918.26,16123.199999999999,5795.0599999999995,0.26439416267532184,2025-09
O002183,2025-10-24,C0030,P1015,48,79.67,已完成,王强,展会线索,传感器支架,配套耗材,70,84.31,苏州精工,福建客户030,华南,广西,设备集成商,A,2199.51,583.16,452.8,71.13,36.95,3824.16,3343.55,480.6099999999997,0.12567727291745107,2025-10
O002184,2025-03-29,C0065,P1005,13,1297.22,已完成,李娜,老客户复购,PLC控制器标准版,控制器类,980,1458.49,苏州精工,安徽客户065,华东,山东,经销商,B,7995.7,1953.91,1406.45,758.86,230.36,16863.86,12345.280000000002,4518.579999999998,0.2679445868265034,2025-03
O002185,2025-06-24,C0027,P1001,14,757.18,已完成,陈敏,老客户复购,伺服电机A型,电机类,522,799.93,南通华科,浙江客户027,华东,浙江,终端工厂,A,4574.35,1008.89,1001.05,283.48,134.6,10600.519999999999,7002.370000000001,3598.149999999998,0.3394314618528146,2025-06
O002186,2025-03-08,C0062,P1011,29,439.69,已完成,张伟,经销,铝合金支架,机加工件,393,502.7,无锡智造,浙江客户062,华东,上海,经销商,C,8102.54,1607.0,1369.38,557.11,124.72,12751.01,11760.750000000002,990.2599999999984,0.07766129898729578,2025-03
O002187,2025-05-10,C0059,P1010,10,582.1,已完成,王强,老客户复购,联轴器套件,传动部件,456,621.63,上海工控,河北客户059,华北,河北,经销商,B,2862.75,596.71,715.59,277.46,48.73,5821.0,4501.24,1319.7600000000002,0.22672393059611753,2025-05
O002188,2025-06-08,C0029,P1006,16,2412.02,已完成,王强,经销,PLC控制器增强版,控制器类,1773,2443.12,苏州精工,云南客户029,西南,四川,终端工厂,B,19158.33,3637.97,3985.16,829.18,221.78,38592.32,27832.420000000002,10759.899999999998,0.27880935896053927,2025-06
O002189,2025-12-06,C0113,P1011,12,441.27,已完成,张伟,经销,铝合金支架,机加工件,393,502.7,无锡智造,安徽客户113,华东,浙江,经销商,B,3312.94,658.0,502.31,233.98,87.03,5295.24,4794.259999999999,500.9800000000005,0.09460949834190717,2025-12
O002190,2025-08-14,C0045,P1013,32,162.06,已完成,李娜,老客户复购,CNC定制件,机加工件,138,172.93,南通华科,安徽客户045,华东,江苏,设备集成商,A,3039.87,771.36,571.23,101.03,30.7,5185.92,4514.19,671.7300000000005,0.12952957238059987,2025-08
O002191,2025-07-01,C0073,P1008,23,735.17,已完成,赵磊,展会线索,精密齿轮箱,传动部件,523,743.47,上海工控,湖北客户073,华中,湖南,设备集成商,C,7841.03,1506.15,1589.4,262.21,197.1,16908.91,11395.89,5513.02,0.3260423055063869,2025-07
O002192,2025-01-06,C0096,P1007,6,1011.25,已完成,张伟,经销,变频控制器A型,控制器类,780,1044.88,南通华科,天津客户096,华北,北京,经销商,C,2985.12,665.01,657.55,165.54,61.4,6067.5,4534.62,1532.88,0.2526378244746601,2025-01
O002193,2025-02-24,C0019,P1015,106,84.39,已完成,李娜,直销,传感器支架,配套耗材,70,84.31,苏州精工,湖北客户019,华中,河南,终端工厂,B,5335.54,1210.42,970.77,315.58,127.94,8945.34,7960.249999999999,985.090000000001,0.11012325970840695,2025-02
O002194,2025-06-13,C0024,P1005,15,1472.22,已完成,王强,经销,PLC控制器标准版,控制器类,980,1458.49,苏州精工,广东客户024,华南,广西,终端工厂,B,9150.13,1834.79,2042.59,612.95,128.78,22083.3,13769.24,8314.06,0.3764863041302704,2025-06
O002195,2025-12-05,C0013,P1006,5,2204.19,已完成,张伟,展会线索,PLC控制器增强版,控制器类,1773,2443.12,苏州精工,湖北客户013,华中,湖北,设备集成商,B,5760.05,1133.1,1373.89,243.59,78.86,11020.95,8589.49,2431.460000000001,0.22062163425113088,2025-12
O002196,2025-12-05,C0115,P1012,38,327.56,已完成,张伟,直销,不锈钢轴套,机加工件,315,371.9,南通华科,重庆客户115,西南,四川,经销商,B,8170.92,1811.24,1610.63,376.63,149.46,12447.28,12118.88,328.40000000000146,0.02638327409683091,2025-12
O002197,2025-09-12,C0094,P1016,41,103.2,已完成,王强,直销,密封圈套装,配套耗材,83,101.3,苏州精工,安徽客户094,华东,安徽,终端工厂,A,2374.88,453.26,421.26,205.31,33.21,4231.2,3487.9200000000005,743.2799999999993,0.17566647759500834,2025-09
O002198,2025-04-13,C0100,P1005,13,1357.06,已完成,陈敏,老客户复购,PLC控制器标准版,控制器类,980,1458.49,苏州精工,福建客户100,华南,广东,设备集成商,A,8273.07,1675.23,1289.67,431.24,100.51,17641.78,11769.72,5872.0599999999995,0.33284963308691073,2025-04
O002199,2025-07-20,C0024,P1010,42,601.01,已完成,张伟,展会线索,联轴器套件,传动部件,456,621.63,上海工控,广东客户024,华南,广西,终端工厂,B,12170.49,2715.01,1939.01,1043.86,427.45,25242.42,18295.82,6946.5999999999985,0.275195484426612,2025-07
O002200,2025-01-11,C0112,P1004,3,693.14,已取消,刘洋,经销,减速电机C型,电机类,541,716.52,苏州精工,广东客户112,华南,福建,终端工厂,A,1073.03,290.65,228.42,85.32,16.4,2079.42,1693.82,385.60000000000014,0.18543632359023196,2025-01
O002201,2025-11-23,C0002,P1012,37,346.86,已完成,赵磊,直销,不锈钢轴套,机加工件,315,371.9,南通华科,广东客户002,华南,福建,经销商,B,8202.13,2059.47,1330.75,500.86,207.96,12833.82,12301.169999999998,532.6500000000015,0.04150362090164904,2025-11
O002202,2025-10-22,C0007,P1001,1,816.64,已完成,赵磊,老客户复购,伺服电机A型,电机类,522,799.93,南通华科,福建客户007,华南,广西,终端工厂,A,339.57,77.52,55.25,17.2,4.84,816.64,494.37999999999994,322.26000000000005,0.39461696708463956,2025-10
O002203,2025-11-27,C0004,P1001,7,809.97,已完成,张伟,经销,伺服电机A型,电机类,522,799.93,南通华科,重庆客户004,西南,四川,终端工厂,A,2470.16,575.56,566.25,192.64,50.51,5669.79,3855.12,1814.67,0.3200594731021784,2025-11
O002204,2025-02-10,C0075,P1003,16,1546.59,已完成,王强,老客户复购,步进电机A型,电机类,1120,1636.22,常州机电,江苏客户075,华东,上海,终端工厂,A,11216.98,3101.9,2306.87,1009.77,129.16,24745.44,17764.68,6980.759999999998,0.2821028844102186,2025-02
O002205,2025-08-17,C0117,P1003,9,1463.59,已完成,刘洋,展会线索,步进电机A型,电机类,1120,1636.22,常州机电,上海客户117,华东,安徽,经销商,B,8336.99,1406.6,1026.34,555.19,167.2,13172.31,11492.320000000002,1679.989999999998,0.12753951281134426,2025-08
O002206,2025-03-31,C0047,P1012,30,341.38,已完成,刘洋,经销,不锈钢轴套,机加工件,315,371.9,南通华科,云南客户047,西南,云南,经销商,A,6620.48,1387.41,946.98,492.16,90.49,10241.4,9537.519999999999,703.880000000001,0.06872888472279191,2025-03
O002207,2025-08-20,C0120,P1014,85,38.75,已取消,李娜,经销,工业线缆,配套耗材,34,41.43,南通华科,浙江客户120,华东,山东,经销商,C,2031.84,488.37,317.16,104.05,18.45,3293.75,2959.87,333.8800000000001,0.10136774193548391,2025-08
O002208,2025-08-23,C0087,P1006,11,2371.36,已完成,李娜,老客户复购,PLC控制器增强版,控制器类,1773,2443.12,苏州精工,山东客户087,华东,江苏,终端工厂,A,16251.31,3195.74,2227.71,498.21,328.85,26084.960000000003,22501.819999999996,3583.1400000000067,0.13736421294109732,2025-08
O002209,2025-06-19,C0043,P1006,16,2239.9,已完成,王强,直销,PLC控制器增强版,控制器类,1773,2443.12,苏州精工,广东客户043,华南,广东,设备集成商,B,19505.35,4696.27,4021.12,1598.01,299.02,35838.4,30119.769999999997,5718.630000000005,0.15956711237108812,2025-06
O002210,2025-02-01,C0062,P1010,29,562.38,已完成,王强,直销,联轴器套件,传动部件,456,621.63,上海工控,浙江客户062,华东,上海,经销商,C,8952.34,1872.59,2085.78,495.95,316.33,16309.02,13722.990000000002,2586.029999999999,0.1585644017850244,2025-02
O002211,2025-03-07,C0074,P1010,20,627.41,已完成,陈敏,展会线索,联轴器套件,传动部件,456,621.63,上海工控,安徽客户074,华东,浙江,终端工厂,B,6355.79,1487.54,1180.98,382.95,161.85,12548.199999999999,9569.11,2979.0899999999983,0.23741174032929013,2025-03
O002212,2025-11-23,C0104,P1016,25,98.33,已完成,王强,经销,密封圈套装,配套耗材,83,101.3,苏州精工,安徽客户104,华东,安徽,终端工厂,B,1347.43,361.61,306.39,105.82,28.26,2458.25,2149.51,308.7399999999998,0.12559340994609977,2025-11
O002213,2025-12-29,C0005,P1012,21,366.78,已完成,刘洋,老客户复购,不锈钢轴套,机加工件,315,371.9,南通华科,河南客户005,华中,湖南,设备集成商,B,4148.33,1064.91,810.1,350.19,128.67,7702.379999999999,6502.2,1200.1799999999994,0.15581937011676905,2025-12
O002214,2025-02-27,C0084,P1001,2,822.01,已完成,张伟,直销,伺服电机A型,电机类,522,799.93,南通华科,天津客户084,华北,河北,终端工厂,A,662.45,162.97,147.76,57.35,20.9,1644.02,1051.43,592.5899999999999,0.3604518193209328,2025-02
O002215,2025-08-12,C0002,P1006,3,2368.4,已完成,刘洋,直销,PLC控制器增强版,控制器类,1773,2443.12,苏州精工,广东客户002,华南,福建,经销商,B,4340.59,713.57,777.0,111.23,118.54,7105.200000000001,6060.929999999999,1044.2700000000013,0.146972639756798,2025-08
O002216,2025-10-08,C0027,P1005,14,1417.64,已完成,刘洋,经销,PLC控制器标准版,控制器类,980,1458.49,苏州精工,浙江客户027,华东,浙江,终端工厂,A,9790.9,2467.4,1918.18,584.08,240.67,19846.960000000003,15001.23,4845.730000000003,0.24415477231777574,2025-10
O002217,2025-12-13,C0087,P1006,4,2372.61,已完成,陈敏,老客户复购,PLC控制器增强版,控制器类,1773,2443.12,苏州精工,山东客户087,华东,江苏,终端工厂,A,4541.87,893.27,955.48,409.91,84.72,9490.44,6885.249999999999,2605.1900000000014,0.27450676680954744,2025-12
O002218,2025-07-03,C0002,P1001,8,779.98,已完成,刘洋,老客户复购,伺服电机A型,电机类,522,799.93,南通华科,广东客户002,华南,福建,经销商,B,2764.37,640.12,645.08,123.87,53.37,6239.84,4226.8099999999995,2013.0300000000007,0.32260923357009164,2025-07
O002219,2025-05-19,C0040,P1013,40,164.16,已完成,刘洋,直销,CNC定制件,机加工件,138,172.93,南通华科,浙江客户040,华东,江苏,终端工厂,A,3929.43,675.49,769.31,245.47,70.58,6566.4,5690.28,876.1199999999999,0.13342470760233918,2025-05
O002220,2025-12-14,C0061,P1007,5,1070.43,已完成,李娜,展会线索,变频控制器A型,控制器类,780,1044.88,南通华科,江苏客户061,华东,山东,终端工厂,A,2600.58,668.05,428.61,123.66,67.89,5352.150000000001,3888.79,1463.3600000000006,0.27341535644554066,2025-12
O002221,2025-09-09,C0106,P1003,13,1485.66,已完成,陈敏,老客户复购,步进电机A型,电机类,1120,1636.22,常州机电,河北客户106,华北,天津,经销商,C,9623.79,2248.97,2260.45,909.64,163.21,19313.58,15206.059999999998,4107.520000000004,0.2126752264468837,2025-09
O002222,2025-09-03,C0085,P1011,23,516.99,已完成,李娜,老客户复购,铝合金支架,机加工件,393,502.7,无锡智造,浙江客户085,华东,山东,终端工厂,A,5877.29,1172.58,1407.08,343.94,139.66,11890.77,8940.550000000001,2950.2199999999993,0.24811008874950902,2025-09
O002223,2025-04-07,C0078,P1009,11,663.25,已完成,李娜,展会线索,同步带轮组件,传动部件,565,711.1,南通华科,四川客户078,西南,云南,设备集成商,A,4352.14,937.09,666.16,221.24,105.48,7295.75,6282.11,1013.6400000000003,0.13893568173251555,2025-04
O002224,2025-10-30,C0073,P1003,16,1558.57,已完成,刘洋,展会线索,步进电机A型,电机类,1120,1636.22,常州机电,湖北客户073,华中,湖南,设备集成商,C,12399.22,2844.28,1920.14,639.69,399.08,24937.12,18202.41,6734.709999999999,0.2700676742141835,2025-10
O002225,2025-02-15,C0092,P1003,3,1583.37,已完成,王强,直销,步进电机A型,电机类,1120,1636.22,常州机电,江苏客户092,华东,江苏,终端工厂,B,2378.94,412.71,344.51,178.22,62.8,4750.11,3377.18,1372.9299999999998,0.2890312013827048,2025-02
O002226,2025-03-04,C0119,P1009,25,691.29,已完成,陈敏,展会线索,同步带轮组件,传动部件,565,711.1,南通华科,北京客户119,华北,北京,设备集成商,A,8976.92,2159.68,2238.38,640.85,202.84,17282.25,14218.67,3063.58,0.177267427562962,2025-03
O002227,2025-08-22,C0092,P1009,32,680.4,已完成,王强,展会线索,同步带轮组件,传动部件,565,711.1,南通华科,江苏客户092,华东,江苏,终端工厂,B,12705.78,2400.47,2257.46,728.78,273.64,21772.8,18366.129999999997,3406.670000000002,0.15646448780129346,2025-08
O002228,2025-12-26,C0052,P1006,16,2503.53,已完成,张伟,经销,PLC控制器增强版,控制器类,1773,2443.12,苏州精工,广西客户052,华南,广西,终端工厂,A,20200.77,3902.3,2932.97,1885.59,330.71,40056.48,29252.34,10804.140000000003,0.26972265161591835,2025-12
O002229,2025-09-13,C0041,P1016,105,96.72,已完成,赵磊,直销,密封圈套装,配套耗材,83,101.3,苏州精工,福建客户041,华南,广东,终端工厂,A,5733.62,1323.4,1381.79,342.59,118.98,10155.6,8900.380000000001,1255.2199999999993,0.12359880263106063,2025-09
O002230,2025-05-19,C0078,P1016,109,93.0,已完成,赵磊,老客户复购,密封圈套装,配套耗材,83,101.3,苏州精工,四川客户078,西南,云南,设备集成商,A,6137.16,1612.61,1348.7,212.0,172.82,10137.0,9483.289999999999,653.710000000001,0.0644875209628096,2025-05
O002231,2025-12-15,C0018,P1013,13,165.72,已完成,张伟,直销,CNC定制件,机加工件,138,172.93,南通华科,上海客户018,华东,山东,经销商,B,1263.17,289.63,250.14,65.56,31.51,2154.36,1900.01,254.35000000000014,0.1180629049926661,2025-12
O002232,2025-04-09,C0080,P1003,1,1596.44,已完成,李娜,展会线索,步进电机A型,电机类,1120,1636.22,常州机电,广西客户080,华南,广东,终端工厂,B,777.01,142.65,129.29,34.79,28.13,1596.44,1111.8700000000001,484.56999999999994,0.30353160782741595,2025-04
O002233,2025-12-06,C0105,P1001,17,782.24,已完成,李娜,直销,伺服电机A型,电机类,522,799.93,南通华科,安徽客户105,华东,安徽,设备集成商,B,6105.31,1304.89,1327.23,533.08,248.73,13298.08,9519.24,3778.84,0.2841643304898151,2025-12
O002234,2025-07-17,C0117,P1009,42,652.99,已完成,刘洋,老客户复购,同步带轮组件,传动部件,565,711.1,南通华科,上海客户117,华东,安徽,经销商,B,14894.86,3572.54,3379.27,610.56,271.7,27425.58,22728.930000000004,4696.649999999998,0.17125070828037173,2025-07
O002235,2025-11-04,C0107,P1004,12,693.44,已完成,张伟,直销,减速电机C型,电机类,541,716.52,苏州精工,安徽客户107,华东,安徽,经销商,B,4297.04,1088.45,841.46,268.37,95.39,8321.28,6590.71,1730.5700000000006,0.20796920666051383,2025-11
O002236,2025-06-12,C0043,P1005,12,1320.9,已完成,赵磊,经销,PLC控制器标准版,控制器类,980,1458.49,苏州精工,广东客户043,华南,广东,设备集成商,B,7560.02,2062.52,1400.24,552.58,114.63,15850.800000000001,11689.99,4160.810000000001,0.2624984227925405,2025-06
O002237,2025-11-11,C0080,P1002,6,1051.45,已完成,刘洋,展会线索,伺服电机B型,电机类,690,1040.91,南通华科,广西客户080,华南,广东,终端工厂,B,2746.58,721.3,661.27,174.51,46.12,6308.700000000001,4349.78,1958.920000000001,0.3105108817981519,2025-11
O002238,2025-07-01,C0063,P1004,14,718.62,已完成,王强,展会线索,减速电机C型,电机类,541,716.52,苏州精工,福建客户063,华南,广东,终端工厂,A,4934.05,1057.59,1050.29,325.62,166.27,10060.68,7533.820000000001,2526.8599999999997,0.25116194929169794,2025-07
O002239,2025-07-10,C0092,P1009,12,729.26,已完成,刘洋,经销,同步带轮组件,传动部件,565,711.1,南通华科,江苏客户092,华东,江苏,终端工厂,B,4679.08,915.83,997.04,390.84,122.3,8751.119999999999,7105.09,1646.0299999999988,0.18809363830001177,2025-07
O002240,2025-01-13,C0100,P1008,34,694.88,已完成,刘洋,老客户复购,精密齿轮箱,传动部件,523,743.47,上海工控,福建客户100,华南,广东,设备集成商,A,12674.42,2969.18,2413.44,1103.7,330.89,23625.92,19491.63,4134.289999999997,0.1749895877070606,2025-01
O002241,2025-10-23,C0087,P1001,11,801.22,已完成,李娜,直销,伺服电机A型,电机类,522,799.93,南通华科,山东客户087,华东,江苏,终端工厂,A,3859.31,811.78,878.36,170.06,106.66,8813.42,5826.17,2987.25,0.3389433386812384,2025-10
O002242,2025-08-06,C0038,P1016,29,100.11,已完成,李娜,展会线索,密封圈套装,配套耗材,83,101.3,苏州精工,江苏客户038,华东,安徽,终端工厂,A,1621.7,368.96,334.85,94.94,25.7,2903.19,2446.15,457.03999999999996,0.15742683048646489,2025-08
O002243,2025-12-02,C0111,P1013,4,166.89,已完成,赵磊,经销,CNC定制件,机加工件,138,172.93,南通华科,广东客户111,华南,广东,经销商,A,389.54,88.02,83.62,16.46,9.72,667.56,587.3600000000001,80.19999999999982,0.12013901372161277,2025-12
O002244,2025-08-27,C0022,P1001,15,807.01,已完成,张伟,经销,伺服电机A型,电机类,522,799.93,南通华科,湖南客户022,华中,河南,终端工厂,A,6952.98,1119.72,1164.59,182.64,168.55,12105.15,9588.479999999998,2516.670000000002,0.20790076950719338,2025-08
O002245,2025-07-22,C0003,P1011,26,497.85,已完成,陈敏,经销,铝合金支架,机加工件,393,502.7,无锡智造,上海客户003,华东,安徽,终端工厂,A,6880.64,1612.43,1124.32,504.4,129.92,12944.1,10251.71,2692.3900000000012,0.20800132879072328,2025-07
O002246,2025-11-12,C0082,P1012,41,328.35,已完成,李娜,直销,不锈钢轴套,机加工件,315,371.9,南通华科,河北客户082,华北,河北,经销商,A,8591.13,1807.93,1658.75,494.81,236.6,13462.35,12789.22,673.130000000001,0.05000092851545243,2025-11
O002247,2025-05-13,C0038,P1002,7,990.07,已完成,陈敏,老客户复购,伺服电机B型,电机类,690,1040.91,南通华科,江苏客户038,华东,安徽,终端工厂,A,3228.1,673.27,624.41,271.04,70.69,6930.490000000001,4867.509999999999,2062.9800000000014,0.29766726450799313,2025-05
O002248,2025-03-17,C0002,P1008,40,699.03,已完成,王强,经销,精密齿轮箱,传动部件,523,743.47,上海工控,广东客户002,华南,福建,经销商,B,13837.08,3216.88,2461.04,624.04,198.69,27961.199999999997,20337.73,7623.4699999999975,0.2726445932220362,2025-03
O002249,2025-01-20,C0058,P1004,3,735.85,已取消,张伟,直销,减速电机C型,电机类,541,716.52,苏州精工,湖南客户058,华中,湖南,终端工厂,B,1063.49,199.47,219.12,46.7,23.53,2207.55,1552.31,655.2400000000002,0.29681773912255677,2025-01
O002250,2025-07-21,C0065,P1002,16,1014.72,已完成,陈敏,展会线索,伺服电机B型,电机类,690,1040.91,南通华科,安徽客户065,华东,山东,经销商,B,7142.02,1742.37,1667.27,603.4,213.3,16235.52,11368.359999999999,4867.160000000002,0.2997846696625671,2025-07
O002251,2025-09-18,C0075,P1002,2,1001.98,已完成,陈敏,直销,伺服电机B型,电机类,690,1040.91,南通华科,江苏客户075,华东,上海,终端工厂,A,947.93,168.08,148.17,36.72,12.97,2003.96,1313.8700000000001,690.0899999999999,0.3443631609413361,2025-09
O002252,2025-10-29,C0020,P1002,3,1016.26,已完成,李娜,经销,伺服电机B型,电机类,690,1040.91,南通华科,福建客户020,华南,福建,经销商,B,1337.32,314.48,221.24,145.52,54.31,3048.7799999999997,2072.87,975.9099999999999,0.320098531215765,2025-10
O002253,2025-10-12,C0069,P1002,7,1029.26,已取消,王强,老客户复购,伺服电机B型,电机类,690,1040.91,南通华科,山东客户069,华东,安徽,设备集成商,B,3463.9,591.92,729.74,310.75,133.52,7204.82,5229.830000000001,1974.9899999999989,0.274120658114984,2025-10
O002254,2025-10-01,C0014,P1006,9,2303.23,已完成,陈敏,经销,PLC控制器增强版,控制器类,1773,2443.12,苏州精工,江苏客户014,华东,上海,设备集成商,B,10735.78,2669.18,1644.8,365.99,140.5,20729.07,15556.25,5172.82,0.2495442390806727,2025-10
O002255,2025-02-13,C0104,P1014,64,42.49,已完成,李娜,经销,工业线缆,配套耗材,34,41.43,南通华科,安徽客户104,华东,安徽,终端工厂,B,1548.18,269.11,230.68,129.34,17.98,2719.36,2195.29,524.0700000000002,0.19271813956224998,2025-02
O002256,2025-05-17,C0025,P1008,17,651.95,退货,王强,经销,精密齿轮箱,传动部件,523,743.47,上海工控,广东客户025,华南,福建,经销商,B,6285.72,1487.96,910.59,174.72,144.26,11083.150000000001,9003.25,2079.9000000000015,0.18766325458015107,2025-05
O002257,2025-12-23,C0003,P1009,29,694.37,已完成,陈敏,经销,同步带轮组件,传动部件,565,711.1,南通华科,上海客户003,华东,安徽,终端工厂,A,11792.57,2830.18,1943.29,574.32,217.85,20136.73,17358.21,2778.5200000000004,0.13798268139861838,2025-12
O002258,2025-05-21,C0066,P1011,4,475.49,已完成,王强,经销,铝合金支架,机加工件,393,502.7,无锡智造,上海客户066,华东,山东,终端工厂,A,1090.05,220.82,171.14,78.26,22.58,1901.96,1582.8499999999997,319.11000000000035,0.16777955372352749,2025-05
O002259,2025-11-15,C0063,P1013,30,172.81,已完成,李娜,老客户复购,CNC定制件,机加工件,138,172.93,南通华科,福建客户063,华南,广东,终端工厂,A,2598.59,693.05,559.39,166.56,78.28,5184.3,4095.8700000000003,1088.4299999999998,0.20994734101035817,2025-11
O002260,2025-03-18,C0109,P1015,106,73.85,已完成,刘洋,展会线索,传感器支架,配套耗材,70,84.31,苏州精工,浙江客户109,华东,安徽,经销商,B,4975.38,1179.08,1128.21,285.51,116.59,7828.099999999999,7684.77,143.32999999999902,0.018309679232508404,2025-03
O002261,2025-11-28,C0090,P1008,7,719.53,已完成,陈敏,经销,精密齿轮箱,传动部件,523,743.47,上海工控,河北客户090,华北,北京,终端工厂,B,2494.55,556.0,403.88,134.73,77.55,5036.71,3666.7100000000005,1369.9999999999995,0.27200295430945987,2025-11
O002262,2025-11-04,C0082,P1003,4,1598.45,已完成,刘洋,展会线索,步进电机A型,电机类,1120,1636.22,常州机电,河北客户082,华北,河北,经销商,A,2968.21,646.77,652.09,97.15,97.09,6393.8,4461.3099999999995,1932.4900000000007,0.30224436172542163,2025-11
O002263,2025-03-28,C0029,P1003,1,1652.82,已完成,刘洋,展会线索,步进电机A型,电机类,1120,1636.22,常州机电,云南客户029,西南,四川,终端工厂,B,749.19,159.72,134.88,34.79,16.55,1652.82,1095.1299999999999,557.69,0.33741726261782895,2025-03
O002264,2025-09-20,C0101,P1010,18,622.14,已完成,刘洋,老客户复购,联轴器套件,传动部件,456,621.63,上海工控,湖南客户101,华中,河南,终端工厂,A,5410.24,1200.39,1151.89,345.75,189.75,11198.52,8298.02,2900.5,0.25900744026889266,2025-09
O002265,2025-12-09,C0031,P1009,41,636.6,已完成,赵磊,直销,同步带轮组件,传动部件,565,711.1,南通华科,山东客户031,华东,上海,经销商,A,15844.25,3043.32,2701.74,463.9,500.76,26100.600000000002,22553.969999999998,3546.6300000000047,0.13588308314751402,2025-12
O002266,2025-06-05,C0061,P1013,14,167.35,已完成,李娜,展会线索,CNC定制件,机加工件,138,172.93,南通华科,江苏客户061,华东,山东,终端工厂,A,1369.12,241.67,259.75,113.9,37.97,2342.9,2022.41,320.49,0.13679200990225787,2025-06
O002267,2025-12-06,C0060,P1007,9,994.63,已完成,赵磊,直销,变频控制器A型,控制器类,780,1044.88,南通华科,广西客户060,华南,广东,设备集成商,A,4697.65,943.95,819.53,364.94,149.57,8951.67,6975.6399999999985,1976.0300000000016,0.2207442857031148,2025-12
O002268,2025-04-29,C0034,P1006,11,2317.19,已完成,赵磊,展会线索,PLC控制器增强版,控制器类,1773,2443.12,苏州精工,广东客户034,华南,广东,经销商,A,13122.97,2481.89,3043.09,1135.96,181.18,25489.09,19965.089999999997,5524.000000000004,0.21672017321920883,2025-04
O002269,2025-01-03,C0028,P1005,7,1394.0,已完成,陈敏,老客户复购,PLC控制器标准版,控制器类,980,1458.49,苏州精工,广东客户028,华南,广东,经销商,B,4292.12,1043.76,802.95,243.11,61.56,9758.0,6443.5,3314.5,0.3396700143472023,2025-01
O002270,2025-12-31,C0039,P1003,15,1547.45,已完成,赵磊,直销,步进电机A型,电机类,1120,1636.22,常州机电,湖北客户039,华中,河南,经销商,B,12017.69,2852.81,1794.75,1060.33,353.85,23211.75,18079.43,5132.32,0.22110870572016328,2025-12
O002271,2025-02-10,C0108,P1007,5,1029.59,已完成,王强,经销,变频控制器A型,控制器类,780,1044.88,南通华科,湖北客户108,华中,湖南,终端工厂,A,2544.92,671.87,529.94,230.13,61.98,5147.95,4038.84,1109.1099999999997,0.2154469254751891,2025-02
O002272,2025-07-28,C0035,P1009,31,686.98,已完成,王强,展会线索,同步带轮组件,传动部件,565,711.1,南通华科,江苏客户035,华东,浙江,终端工厂,A,11736.19,2407.62,2158.93,742.63,409.02,21296.38,17454.390000000003,3841.989999999998,0.18040577788337725,2025-07
O002273,2025-11-01,C0051,P1002,8,1027.78,已完成,王强,展会线索,伺服电机B型,电机类,690,1040.91,南通华科,广西客户051,华南,广东,终端工厂,C,3753.67,711.21,554.32,368.23,86.04,8222.24,5473.47,2748.7699999999995,0.33430914203428747,2025-11
O002274,2025-10-23,C0074,P1001,10,801.34,已完成,张伟,老客户复购,伺服电机A型,电机类,522,799.93,南通华科,安徽客户074,华东,浙江,终端工厂,B,3400.81,877.19,818.09,330.0,60.96,8013.400000000001,5487.05,2526.3500000000004,0.31526567998602345,2025-10
O002275,2025-06-02,C0035,P1001,15,782.16,已完成,李娜,展会线索,伺服电机A型,电机类,522,799.93,南通华科,江苏客户035,华东,浙江,终端工厂,A,5161.05,1296.37,1209.07,586.05,148.69,11732.4,8401.23,3331.17,0.2839291193617674,2025-06
O002276,2025-06-09,C0035,P1003,9,1621.19,已完成,王强,老客户复购,步进电机A型,电机类,1120,1636.22,常州机电,江苏客户035,华东,浙江,终端工厂,A,7078.71,1237.8,1180.87,408.58,286.46,14590.710000000001,10192.42,4398.290000000001,0.30144454930568837,2025-06
O002277,2025-12-18,C0010,P1001,10,744.21,已取消,王强,老客户复购,伺服电机A型,电机类,522,799.93,南通华科,河北客户010,华北,河北,经销商,B,3238.17,722.87,813.41,191.51,62.34,7442.1,5028.3,2413.8,0.32434393517958643,2025-12
O002278,2025-11-12,C0009,P1005,1,1397.9,已完成,王强,老客户复购,PLC控制器标准版,控制器类,980,1458.49,苏州精工,安徽客户009,华东,浙江,终端工厂,A,679.15,161.43,125.76,67.3,11.24,1397.9,1044.8799999999999,353.0200000000002,0.25253594677730895,2025-11
O002279,2025-06-25,C0066,P1004,14,690.14,已完成,李娜,老客户复购,减速电机C型,电机类,541,716.52,苏州精工,上海客户066,华东,山东,终端工厂,A,5387.7,1252.21,924.73,417.8,67.61,9661.96,8050.049999999999,1611.9099999999999,0.16683053955926128,2025-06
O002280,2025-10-12,C0040,P1012,35,375.72,已完成,陈敏,经销,不锈钢轴套,机加工件,315,371.9,南通华科,浙江客户040,华东,江苏,终端工厂,A,6979.91,1938.15,1165.2,199.13,142.49,13150.2,10424.88,2725.3200000000015,0.20724551717844605,2025-10
O002281,2025-07-24,C0082,P1009,39,632.8,已完成,刘洋,展会线索,同步带轮组件,传动部件,565,711.1,南通华科,河北客户082,华北,河北,经销商,A,13890.54,3785.22,3423.39,786.89,280.9,24679.199999999997,22166.940000000002,2512.2599999999948,0.10179665467276067,2025-07
O002282,2025-07-21,C0056,P1002,16,1031.44,已完成,李娜,直销,伺服电机B型,电机类,690,1040.91,南通华科,山东客户056,华东,山东,设备集成商,A,7439.9,1474.63,1301.37,305.87,193.03,16503.04,10714.8,5788.240000000002,0.35073780345924155,2025-07
O002283,2025-03-19,C0042,P1001,4,812.33,已完成,张伟,展会线索,伺服电机A型,电机类,522,799.93,南通华科,重庆客户042,西南,云南,终端工厂,B,1422.28,367.1,301.39,130.97,31.26,3249.32,2253.0,996.3200000000002,0.3066241552078589,2025-03
O002284,2025-11-07,C0026,P1002,15,1005.58,已完成,刘洋,展会线索,伺服电机B型,电机类,690,1040.91,南通华科,河南客户026,华中,湖北,经销商,B,7336.38,1830.06,1613.94,246.74,212.16,15083.7,11239.28,3844.42,0.25487247823809805,2025-11
O002285,2025-07-16,C0055,P1007,13,985.72,已完成,陈敏,直销,变频控制器A型,控制器类,780,1044.88,南通华科,天津客户055,华北,天津,设备集成商,C,6939.03,1396.32,1617.78,322.81,105.71,12814.36,10381.65,2432.710000000001,0.1898424892074205,2025-07
O002286,2025-01-21,C0041,P1009,26,689.72,已完成,刘洋,展会线索,同步带轮组件,传动部件,565,711.1,南通华科,福建客户041,华南,广东,终端工厂,A,9819.01,2047.62,2283.44,545.2,199.99,17932.72,14895.260000000002,3037.459999999999,0.16938088588903405,2025-01
O002287,2025-03-19,C0031,P1008,17,693.57,已完成,张伟,经销,精密齿轮箱,传动部件,523,743.47,上海工控,山东客户031,华东,上海,经销商,A,6068.87,1110.19,1292.79,493.96,142.79,11790.69,9108.599999999999,2682.090000000002,0.22747523681820164,2025-03
O002288,2025-09-19,C0053,P1005,11,1481.56,已完成,张伟,经销,PLC控制器标准版,控制器类,980,1458.49,苏州精工,河北客户053,华北,河北,终端工厂,A,7713.84,1668.32,1527.68,771.7,244.38,16297.16,11925.92,4371.24,0.26822096610697815,2025-09
O002289,2025-05-25,C0027,P1003,2,1632.0,已完成,李娜,经销,步进电机A型,电机类,1120,1636.22,常州机电,浙江客户027,华东,浙江,终端工厂,A,1485.53,272.13,321.88,159.19,39.34,3264.0,2278.07,985.9299999999998,0.3020618872549019,2025-05
O002290,2025-06-02,C0090,P1004,11,708.74,已完成,王强,经销,减速电机C型,电机类,541,716.52,苏州精工,河北客户090,华北,北京,终端工厂,B,3891.82,899.53,855.2,117.13,142.73,7796.14,5906.41,1889.7300000000005,0.242393030397094,2025-06
O002291,2025-07-22,C0094,P1010,35,616.97,已完成,张伟,经销,联轴器套件,传动部件,456,621.63,上海工控,安徽客户094,华东,安徽,终端工厂,A,11309.84,2433.55,1713.19,831.65,152.62,21593.95,16440.85,5153.100000000002,0.23863628470011286,2025-07
O002292,2025-04-07,C0049,P1012,29,321.82,已完成,张伟,经销,不锈钢轴套,机加工件,315,371.9,南通华科,江苏客户049,华东,山东,经销商,C,6127.34,1147.52,1236.37,243.89,163.0,9332.78,8918.119999999999,414.6600000000017,0.04443049123626633,2025-04
O002293,2025-10-07,C0020,P1013,18,150.45,已完成,刘洋,直销,CNC定制件,机加工件,138,172.93,南通华科,福建客户020,华南,福建,经销商,B,1738.79,446.89,286.78,46.48,31.54,2708.1,2550.48,157.6199999999999,0.05820316827295886,2025-10
O002294,2025-03-19,C0066,P1004,1,686.63,已完成,张伟,老客户复购,减速电机C型,电机类,541,716.52,苏州精工,上海客户066,华东,山东,终端工厂,A,339.93,70.71,73.49,24.53,3.88,686.63,512.54,174.09000000000003,0.25354266489958205,2025-03
O002295,2025-07-17,C0057,P1013,35,166.62,已完成,刘洋,直销,CNC定制件,机加工件,138,172.93,南通华科,浙江客户057,华东,上海,设备集成商,C,3208.52,733.26,560.67,265.47,43.25,5831.7,4811.17,1020.5299999999997,0.1749969991597647,2025-07
O002296,2025-06-10,C0083,P1004,1,733.16,已完成,赵磊,直销,减速电机C型,电机类,541,716.52,苏州精工,浙江客户083,华东,山东,终端工厂,B,349.16,70.02,57.88,33.55,6.72,733.16,517.33,215.82999999999993,0.2943832178514921,2025-06
O002297,2025-07-12,C0038,P1010,34,597.27,已完成,李娜,直销,联轴器套件,传动部件,456,621.63,上海工控,江苏客户038,华东,安徽,终端工厂,A,10732.68,2258.61,2141.91,964.31,358.81,20307.18,16456.32,3850.8600000000006,0.1896304656776569,2025-07
O002298,2025-05-19,C0006,P1014,112,36.78,已完成,刘洋,展会线索,工业线缆,配套耗材,34,41.43,南通华科,福建客户006,华南,广东,经销商,B,2387.23,650.07,484.03,112.27,62.14,4119.360000000001,3695.74,423.6200000000008,0.10283636293016409,2025-05
O002299,2025-06-10,C0107,P1016,64,89.05,已完成,王强,直销,密封圈套装,配套耗材,83,101.3,苏州精工,安徽客户107,华东,安徽,经销商,B,3798.19,667.44,776.0,126.08,60.99,5699.2,5428.7,270.5,0.047462801796743406,2025-06
O002300,2025-03-27,C0083,P1001,2,784.0,已完成,张伟,展会线索,伺服电机A型,电机类,522,799.93,南通华科,浙江客户083,华东,山东,终端工厂,B,738.51,159.47,108.63,51.4,26.41,1568.0,1084.42,483.5799999999999,0.30840561224489793,2025-03
O002301,2025-02-24,C0076,P1008,37,705.75,已完成,刘洋,经销,精密齿轮箱,传动部件,523,743.47,上海工控,浙江客户076,华东,浙江,经销商,A,13021.06,2515.89,2451.82,1236.49,388.38,26112.75,19613.640000000003,6499.109999999997,0.24888646350920515,2025-02
O002302,2025-03-08,C0105,P1002,1,997.21,已完成,张伟,老客户复购,伺服电机B型,电机类,690,1040.91,南通华科,安徽客户105,华东,安徽,设备集成商,B,478.16,115.34,72.75,35.26,10.61,997.21,712.12,285.09000000000003,0.2858876264778733,2025-03
O002303,2025-04-02,C0014,P1011,35,499.94,已完成,张伟,直销,铝合金支架,机加工件,393,502.7,无锡智造,江苏客户014,华东,上海,设备集成商,B,8719.51,1817.9,2020.19,361.37,169.49,17497.9,13088.460000000001,4409.4400000000005,0.25199823978877467,2025-04
O002304,2025-07-15,C0062,P1001,12,777.38,已完成,赵磊,展会线索,伺服电机A型,电机类,522,799.93,南通华科,浙江客户062,华东,上海,经销商,C,4062.12,769.96,800.1,390.0,49.74,9328.56,6071.92,3256.6399999999994,0.34910425617673035,2025-07
O002305,2025-02-05,C0023,P1014,114,39.23,已完成,王强,经销,工业线缆,配套耗材,34,41.43,南通华科,江苏客户023,华东,浙江,设备集成商,B,2446.74,632.61,525.64,179.04,37.8,4472.219999999999,3821.83,650.3899999999994,0.14542889213857985,2025-02
O002306,2025-12-16,C0031,P1002,16,951.04,已完成,陈敏,直销,伺服电机B型,电机类,690,1040.91,南通华科,山东客户031,华东,上海,经销商,A,7732.16,1642.67,1508.26,277.33,122.88,15216.64,11283.3,3933.34,0.25848939056191117,2025-12
O002307,2025-01-18,C0029,P1010,28,606.72,已完成,李娜,经销,联轴器套件,传动部件,456,621.63,上海工控,云南客户029,西南,四川,终端工厂,B,8903.58,1703.69,1347.69,609.91,224.57,16988.16,12789.44,4198.719999999999,0.2471556660638939,2025-01
O002308,2025-02-01,C0116,P1013,9,162.97,已完成,陈敏,老客户复购,CNC定制件,机加工件,138,172.93,南通华科,北京客户116,华北,北京,终端工厂,A,845.54,195.12,161.47,47.35,27.67,1466.73,1277.1499999999999,189.58000000000015,0.1292535095075441,2025-02
O002309,2025-02-04,C0067,P1013,5,170.74,已完成,刘洋,经销,CNC定制件,机加工件,138,172.93,南通华科,福建客户067,华南,广东,终端工厂,A,464.64,108.36,80.05,38.83,4.58,853.7,696.46,157.24,0.18418648237085627,2025-02
O002310,2025-04-23,C0019,P1012,36,365.82,已完成,陈敏,展会线索,不锈钢轴套,机加工件,315,371.9,南通华科,湖北客户019,华中,河南,终端工厂,B,7662.7,1621.97,1544.9,363.56,207.62,13169.52,11400.75,1768.7700000000004,0.13430785632278172,2025-04
O002311,2025-10-12,C0101,P1010,12,590.47,已完成,王强,经销,联轴器套件,传动部件,456,621.63,上海工控,湖南客户101,华中,河南,终端工厂,A,3403.77,789.9,820.12,168.33,41.03,7085.64,5223.15,1862.4900000000007,0.26285416701949305,2025-10
O002312,2025-01-10,C0005,P1008,33,703.94,已完成,张伟,老客户复购,精密齿轮箱,传动部件,523,743.47,上海工控,河南客户005,华中,湖南,设备集成商,B,11557.53,3082.32,1792.34,405.41,323.52,23230.02,17161.12,6068.9000000000015,0.26125246555965087,2025-01
O002313,2025-04-13,C0086,P1011,35,453.89,已完成,陈敏,展会线索,铝合金支架,机加工件,393,502.7,无锡智造,云南客户086,西南,云南,设备集成商,B,8872.07,1989.16,2060.92,348.86,250.83,15886.15,13521.84,2364.3099999999995,0.148828381955351,2025-04
O002314,2025-04-16,C0079,P1010,34,604.26,已完成,陈敏,老客户复购,联轴器套件,传动部件,456,621.63,上海工控,安徽客户079,华东,浙江,经销商,A,10394.63,2702.31,2455.49,656.89,282.9,20544.84,16492.219999999998,4052.6200000000026,0.19725731619228978,2025-04
O002315,2025-07-08,C0118,P1011,27,476.22,已完成,陈敏,直销,铝合金支架,机加工件,393,502.7,无锡智造,浙江客户118,华东,浙江,终端工厂,B,7370.23,1476.21,1205.46,627.0,147.73,12857.94,10826.629999999997,2031.3100000000031,0.1579809829568347,2025-07
O002316,2025-01-12,C0093,P1015,104,79.84,已完成,王强,经销,传感器支架,配套耗材,70,84.31,苏州精工,湖北客户093,华中,湖南,终端工厂,B,4514.76,1239.52,989.93,173.54,45.27,8303.36,6963.020000000001,1340.3399999999992,0.16142140049329418,2025-01
O002317,2025-09-10,C0027,P1007,15,1022.65,已完成,陈敏,直销,变频控制器A型,控制器类,780,1044.88,南通华科,浙江客户027,华东,浙江,终端工厂,A,7595.03,2055.38,1825.31,397.07,269.04,15339.75,12141.83,3197.92,0.20847275868250786,2025-09
O002318,2025-02-22,C0041,P1006,8,2457.89,已完成,王强,展会线索,PLC控制器增强版,控制器类,1773,2443.12,苏州精工,福建客户041,华南,广东,终端工厂,A,9420.79,2258.95,1703.03,650.04,184.96,19663.12,14217.77,5445.3499999999985,0.2769321450512431,2025-02
O002319,2025-12-21,C0021,P1001,4,725.08,已完成,刘洋,经销,伺服电机A型,电机类,522,799.93,南通华科,山东客户021,华东,江苏,经销商,A,1307.32,268.02,245.22,142.61,56.51,2900.32,2019.68,880.6400000000001,0.3036354609146577,2025-12
O002320,2025-06-13,C0060,P1012,9,344.8,已取消,赵磊,直销,不锈钢轴套,机加工件,315,371.9,南通华科,广西客户060,华南,广东,设备集成商,A,1992.34,379.75,358.62,94.31,33.53,3103.2000000000003,2858.55,244.6500000000001,0.07883797370456305,2025-06
O002321,2025-08-27,C0068,P1008,27,710.63,已完成,陈敏,直销,精密齿轮箱,传动部件,523,743.47,上海工控,四川客户068,西南,重庆,终端工厂,A,8818.4,2147.4,1473.79,826.33,294.9,19187.01,13560.82,5626.189999999999,0.2932291169911309,2025-08
O002322,2025-08-21,C0027,P1002,7,1045.79,已完成,陈敏,老客户复购,伺服电机B型,电机类,690,1040.91,南通华科,浙江客户027,华东,浙江,终端工厂,A,4163.5,767.14,550.53,177.77,71.1,7320.53,5730.040000000001,1590.4899999999989,0.21726432375797913,2025-08
O002323,2025-05-04,C0035,P1004,3,726.29,已完成,李娜,老客户复购,减速电机C型,电机类,541,716.52,苏州精工,江苏客户035,华东,浙江,终端工厂,A,1040.46,249.56,181.82,54.42,18.59,2178.87,1544.85,634.02,0.2909856944195845,2025-05
O002324,2025-04-28,C0012,P1001,7,781.27,已完成,赵磊,展会线索,伺服电机A型,电机类,522,799.93,南通华科,云南客户012,西南,云南,终端工厂,A,2501.16,553.96,523.54,124.13,28.09,5468.889999999999,3730.88,1738.0099999999993,0.31779940719231864,2025-04
O002325,2025-12-27,C0097,P1012,5,325.18,已完成,张伟,直销,不锈钢轴套,机加工件,315,371.9,南通华科,上海客户097,华东,安徽,经销商,C,1083.68,199.85,180.78,41.78,26.34,1625.9,1532.4299999999998,93.47000000000025,0.057488160403469005,2025-12
O002326,2025-08-29,C0008,P1008,18,687.0,已完成,赵磊,直销,精密齿轮箱,传动部件,523,743.47,上海工控,天津客户008,华北,北京,设备集成商,C,6425.89,1233.76,1279.11,491.98,133.97,12366.0,9564.71,2801.290000000001,0.2265316189551998,2025-08
O002327,2025-10-09,C0102,P1010,11,639.87,已完成,陈敏,直销,联轴器套件,传动部件,456,621.63,上海工控,北京客户102,华北,天津,终端工厂,C,3233.29,806.27,685.45,124.77,105.58,7038.57,4955.360000000001,2083.209999999999,0.2959706303979358,2025-10
O002328,2025-11-12,C0025,P1014,25,40.07,已完成,刘洋,老客户复购,工业线缆,配套耗材,34,41.43,南通华科,广东客户025,华南,福建,经销商,B,568.52,140.42,94.73,24.08,13.17,1001.75,840.92,160.83000000000004,0.16054903918143254,2025-11
O002329,2025-12-18,C0067,P1006,8,2319.3,已完成,赵磊,直销,PLC控制器增强版,控制器类,1773,2443.12,苏州精工,福建客户067,华南,广东,终端工厂,A,9477.37,2030.89,2053.3,645.07,290.45,18554.4,14497.080000000002,4057.3199999999997,0.21867158194282754,2025-12
O002330,2025-08-21,C0097,P1016,62,93.73,已完成,张伟,直销,密封圈套装,配套耗材,83,101.3,苏州精工,上海客户097,华东,安徽,经销商,C,3269.39,842.6,657.1,94.04,49.5,5811.26,4912.63,898.6300000000001,0.1546359997659716,2025-08
O002331,2025-01-15,C0020,P1003,16,1460.46,已完成,陈敏,经销,步进电机A型,电机类,1120,1636.22,常州机电,福建客户020,华南,福建,经销商,B,11156.56,2641.63,2142.39,1158.1,421.26,23367.36,17519.939999999995,5847.4200000000055,0.25023879462635085,2025-01
O002332,2025-11-05,C0025,P1012,36,336.02,已完成,陈敏,直销,不锈钢轴套,机加工件,315,371.9,南通华科,广东客户025,华南,福建,经销商,B,7967.11,1701.76,1683.14,294.44,162.21,12096.72,11808.659999999998,288.0600000000013,0.023813066682538846,2025-11
O002333,2025-10-09,C0078,P1010,22,599.04,已完成,刘洋,老客户复购,联轴器套件,传动部件,456,621.63,上海工控,四川客户078,西南,云南,设备集成商,A,6614.02,1306.97,1046.91,455.17,85.2,13178.88,9508.270000000002,3670.609999999997,0.2785221505924629,2025-10
O002334,2025-02-13,C0020,P1001,11,695.61,已完成,刘洋,展会线索,伺服电机A型,电机类,522,799.93,南通华科,福建客户020,华南,福建,经销商,B,3972.32,1006.5,630.05,240.9,123.05,7651.71,5972.82,1678.8900000000003,0.21941369968281604,2025-02
O002335,2025-08-02,C0045,P1012,26,358.9,已完成,陈敏,老客户复购,不锈钢轴套,机加工件,315,371.9,南通华科,安徽客户045,华东,江苏,设备集成商,A,5312.72,1435.26,1255.59,173.86,50.49,9331.4,8227.92,1103.4799999999996,0.11825449557408316,2025-08
O002336,2025-01-10,C0037,P1009,31,649.87,已完成,李娜,经销,同步带轮组件,传动部件,565,711.1,南通华科,福建客户037,华南,广东,经销商,B,12569.57,3106.96,2195.28,337.84,287.75,20145.97,18497.399999999998,1648.5700000000033,0.08183125458838682,2025-01
O002337,2025-05-09,C0049,P1007,9,979.87,已完成,刘洋,老客户复购,变频控制器A型,控制器类,780,1044.88,南通华科,江苏客户049,华东,山东,经销商,C,4558.37,1236.95,1036.71,332.79,81.73,8818.83,7246.549999999999,1572.2800000000007,0.17828668882380097,2025-05
O002338,2025-03-06,C0084,P1005,4,1489.17,已完成,张伟,展会线索,PLC控制器标准版,控制器类,980,1458.49,苏州精工,天津客户084,华北,河北,终端工厂,A,2705.3,538.41,400.85,195.35,73.45,5956.68,3913.3599999999997,2043.3200000000006,0.34303001000557365,2025-03
O002339,2025-06-24,C0102,P1004,4,688.25,已完成,张伟,展会线索,减速电机C型,电机类,541,716.52,苏州精工,北京客户102,华北,天津,终端工厂,C,1506.79,372.08,262.42,84.6,33.19,2753.0,2259.08,493.9200000000001,0.17941155103523432,2025-06
O002340,2025-08-28,C0113,P1013,4,159.98,已完成,李娜,展会线索,CNC定制件,机加工件,138,172.93,南通华科,安徽客户113,华东,浙江,经销商,B,360.14,90.86,72.49,30.07,9.44,639.92,563.0000000000001,76.91999999999985,0.12020252531566422,2025-08
O002341,2025-11-14,C0002,P1003,17,1412.96,已完成,陈敏,展会线索,步进电机A型,电机类,1120,1636.22,常州机电,广东客户002,华南,福建,经销商,B,12208.25,2473.08,2329.41,651.97,266.79,24020.32,17929.5,6090.82,0.25356947784209366,2025-11
O002342,2025-03-16,C0071,P1012,38,329.35,已完成,赵磊,老客户复购,不锈钢轴套,机加工件,315,371.9,南通华科,湖北客户071,华中,湖北,经销商,A,7641.16,2138.96,1301.65,473.61,65.03,12515.300000000001,11620.41,894.8900000000012,0.07150367949629663,2025-03
O002343,2025-08-29,C0067,P1010,14,638.95,已完成,刘洋,展会线索,联轴器套件,传动部件,456,621.63,上海工控,福建客户067,华南,广东,终端工厂,A,4217.88,884.51,784.73,290.12,125.28,8945.300000000001,6302.52,2642.7800000000007,0.2954378276860475,2025-08
O002344,2025-02-02,C0111,P1007,2,902.75,已完成,张伟,经销,变频控制器A型,控制器类,780,1044.88,南通华科,广东客户111,华南,广东,经销商,A,1058.23,246.23,235.05,83.12,28.99,1805.5,1651.6200000000001,153.87999999999988,0.08522846856826358,2025-02
O002345,2025-12-15,C0010,P1011,40,441.5,已完成,李娜,直销,铝合金支架,机加工件,393,502.7,无锡智造,河北客户010,华北,河北,经销商,B,9870.5,2793.09,2465.59,704.8,225.37,17660.0,16059.35,1600.6499999999996,0.09063703284258208,2025-12
O002346,2025-09-05,C0003,P1003,10,1571.58,已完成,刘洋,经销,步进电机A型,电机类,1120,1636.22,常州机电,上海客户003,华东,安徽,终端工厂,A,7224.69,1852.27,1709.92,601.63,226.87,15715.8,11615.38,4100.42,0.2609106758803243,2025-09
O002347,2025-02-07,C0081,P1002,6,921.92,已完成,李娜,展会线索,伺服电机B型,电机类,690,1040.91,南通华科,安徽客户081,华东,江苏,经销商,B,2646.7,585.68,593.63,86.24,80.87,5531.5199999999995,3993.1199999999994,1538.4,0.27811523776466507,2025-02
O002348,2025-02-26,C0040,P1014,45,39.45,已完成,刘洋,经销,工业线缆,配套耗材,34,41.43,南通华科,浙江客户040,华东,江苏,终端工厂,A,1065.9,214.33,159.99,77.52,12.65,1775.2500000000002,1530.39,244.86000000000013,0.13792986903253068,2025-02
O002349,2025-09-27,C0033,P1011,7,472.72,已完成,刘洋,经销,铝合金支架,机加工件,393,502.7,无锡智造,江苏客户033,华东,浙江,终端工厂,B,1807.63,446.86,409.95,149.51,42.87,3309.04,2856.8199999999997,452.22000000000025,0.13666199260208406,2025-09
O002350,2025-08-20,C0083,P1007,15,1042.76,已完成,陈敏,经销,变频控制器A型,控制器类,780,1044.88,南通华科,浙江客户083,华东,山东,终端工厂,B,9711.74,1999.52,1565.28,551.4,180.03,15641.4,14007.970000000001,1633.4299999999985,0.10442991036607967,2025-08
O002351,2025-11-19,C0028,P1011,35,433.13,已完成,张伟,直销,铝合金支架,机加工件,393,502.7,无锡智造,广东客户028,华南,广东,经销商,B,9189.08,1951.71,1659.03,754.62,152.25,15159.55,13706.690000000002,1452.859999999997,0.09583793714193344,2025-11
O002352,2025-07-22,C0109,P1013,14,156.47,已完成,李娜,展会线索,CNC定制件,机加工件,138,172.93,南通华科,浙江客户109,华东,安徽,经销商,B,1247.37,272.87,261.68,102.7,36.84,2190.58,1921.4599999999998,269.1200000000001,0.12285330825626095,2025-07
O002353,2025-07-03,C0040,P1002,15,1005.24,已取消,陈敏,直销,伺服电机B型,电机类,690,1040.91,南通华科,浙江客户040,华东,江苏,终端工厂,A,7288.72,1775.44,1606.65,350.24,179.07,15078.6,11200.119999999999,3878.4800000000014,0.25721751356226713,2025-07
O002354,2025-12-27,C0064,P1011,5,483.28,已完成,赵磊,经销,铝合金支架,机加工件,393,502.7,无锡智造,江苏客户064,华东,浙江,经销商,B,1293.99,280.82,273.4,70.23,34.42,2416.3999999999996,1952.8600000000001,463.5399999999995,0.19183082271147145,2025-12
O002355,2025-09-04,C0030,P1006,15,2274.55,已完成,赵磊,展会线索,PLC控制器增强版,控制器类,1773,2443.12,苏州精工,福建客户030,华南,广西,设备集成商,A,17505.57,3687.87,3222.91,1471.57,478.19,34118.25,26366.109999999997,7752.140000000003,0.2272138811339973,2025-09
O002356,2025-05-15,C0067,P1013,32,162.88,已完成,张伟,直销,CNC定制件,机加工件,138,172.93,南通华科,福建客户067,华南,广东,终端工厂,A,3168.04,750.54,570.31,122.4,78.75,5212.16,4690.039999999999,522.1200000000008,0.10017344056974475,2025-05
O002357,2025-02-05,C0049,P1002,16,980.92,已完成,刘洋,展会线索,伺服电机B型,电机类,690,1040.91,南通华科,江苏客户049,华东,山东,经销商,C,7647.02,1632.27,1256.3,541.52,138.23,15694.72,11215.34,4479.379999999999,0.285406811972434,2025-02
O002358,2025-10-22,C0113,P1008,14,698.62,退货,陈敏,老客户复购,精密齿轮箱,传动部件,523,743.47,上海工控,安徽客户113,华东,浙江,经销商,B,5227.91,1154.92,860.45,220.56,154.05,9780.68,7617.89,2162.79,0.22112879677077665,2025-10
O002359,2025-03-22,C0006,P1013,15,157.96,已完成,陈敏,展会线索,CNC定制件,机加工件,138,172.93,南通华科,福建客户006,华南,广东,经销商,B,1429.91,322.56,283.3,85.62,24.65,2369.4,2146.04,223.36000000000013,0.0942685912045244,2025-03
O002360,2025-05-24,C0066,P1015,89,79.43,已完成,刘洋,展会线索,传感器支架,配套耗材,70,84.31,苏州精工,上海客户066,华东,山东,终端工厂,A,4446.61,926.75,630.6,192.23,49.16,7069.27,6245.349999999999,823.920000000001,0.11654951642814618,2025-05
O002361,2025-06-15,C0073,P1007,9,1039.59,已完成,张伟,直销,变频控制器A型,控制器类,780,1044.88,南通华科,湖北客户073,华中,湖南,设备集成商,C,4607.5,1098.6,711.55,425.31,132.44,9356.31,6975.400000000001,2380.909999999999,0.25447104681225813,2025-06
O002362,2025-12-06,C0044,P1008,12,731.84,已完成,王强,直销,精密齿轮箱,传动部件,523,743.47,上海工控,安徽客户044,华东,安徽,终端工厂,A,4076.5,870.31,802.95,207.99,44.48,8782.08,6002.229999999999,2779.8500000000013,0.31653662913569464,2025-12
O002363,2025-10-01,C0105,P1001,10,781.42,已完成,刘洋,展会线索,伺服电机A型,电机类,522,799.93,南通华科,安徽客户105,华东,安徽,设备集成商,B,3250.26,738.44,560.91,123.33,139.79,7814.2,4812.7300000000005,3001.4699999999993,0.3841045788436436,2025-10
O002364,2025-04-14,C0045,P1004,15,671.11,已完成,张伟,展会线索,减速电机C型,电机类,541,716.52,苏州精工,安徽客户045,华东,江苏,设备集成商,A,5253.76,1218.77,898.85,167.46,162.81,10066.65,7701.6500000000015,2364.999999999998,0.23493416379828427,2025-04
O002365,2025-07-12,C0090,P1013,12,163.74,已完成,刘洋,老客户复购,CNC定制件,机加工件,138,172.93,南通华科,河北客户090,华北,北京,终端工厂,B,1047.41,201.28,223.95,30.4,22.68,1964.88,1525.7200000000003,439.15999999999985,0.22350474329221115,2025-07
O002366,2025-08-14,C0107,P1005,13,1360.37,已完成,陈敏,直销,PLC控制器标准版,控制器类,980,1458.49,苏州精工,安徽客户107,华东,安徽,经销商,B,10559.38,1772.96,1276.98,862.17,225.56,17684.809999999998,14697.05,2987.7599999999984,0.16894498725177137,2025-08
O002367,2025-09-06,C0013,P1003,8,1485.24,已完成,刘洋,经销,步进电机A型,电机类,1120,1636.22,常州机电,湖北客户013,华中,湖北,设备集成商,B,6152.05,1503.95,1222.81,495.2,139.39,11881.92,9513.4,2368.5200000000004,0.19933815410304062,2025-09
O002368,2025-11-15,C0112,P1008,15,711.62,已完成,陈敏,经销,精密齿轮箱,传动部件,523,743.47,上海工控,广东客户112,华南,福建,终端工厂,A,5155.17,1328.85,1191.8,211.6,140.26,10674.3,8027.680000000001,2646.619999999998,0.24794319065418793,2025-11
O002369,2025-04-29,C0057,P1003,13,1629.77,已完成,赵磊,老客户复购,步进电机A型,电机类,1120,1636.22,常州机电,浙江客户057,华东,上海,设备集成商,C,10022.58,1820.23,2268.1,703.49,311.06,21187.01,15125.46,6061.549999999999,0.2860974719887327,2025-04
O002370,2025-02-26,C0010,P1009,32,683.59,已取消,刘洋,展会线索,同步带轮组件,传动部件,565,711.1,南通华科,河北客户010,华北,河北,经销商,B,11531.86,2456.46,1939.26,530.25,270.94,21874.88,16728.77,5146.110000000001,0.23525203338258313,2025-02
O002371,2025-02-18,C0067,P1012,26,375.63,已完成,王强,展会线索,不锈钢轴套,机加工件,315,371.9,南通华科,福建客户067,华南,广东,终端工厂,A,5760.54,1245.07,939.13,161.75,139.95,9766.38,8246.44,1519.9399999999987,0.15562982394705088,2025-02
O002372,2025-04-23,C0011,P1001,15,746.41,已取消,刘洋,老客户复购,伺服电机A型,电机类,522,799.93,南通华科,上海客户011,华东,上海,经销商,A,5183.59,1402.05,1149.33,484.71,58.04,11196.15,8277.720000000001,2918.4299999999985,0.26066371029327035,2025-04
O002373,2025-07-07,C0086,P1001,14,783.74,已完成,李娜,经销,伺服电机A型,电机类,522,799.93,南通华科,云南客户086,西南,云南,设备集成商,B,5099.37,962.29,987.66,336.41,148.94,10972.36,7534.669999999999,3437.6900000000014,0.31330452154322325,2025-07
O002374,2025-03-04,C0034,P1016,79,95.09,已完成,刘洋,直销,密封圈套装,配套耗材,83,101.3,苏州精工,广东客户034,华南,广东,经销商,A,4152.84,966.59,670.23,123.46,111.68,7512.110000000001,6024.8,1487.3100000000004,0.19798831486759383,2025-03
O002375,2025-02-06,C0026,P1003,16,1535.55,已完成,李娜,经销,步进电机A型,电机类,1120,1636.22,常州机电,河南客户026,华中,湖北,经销商,B,12815.84,2986.25,2296.44,416.58,139.44,24568.8,18654.55,5914.25,0.24072197258311354,2025-02
O002376,2025-10-05,C0036,P1011,22,506.21,已完成,赵磊,展会线索,铝合金支架,机加工件,393,502.7,无锡智造,北京客户036,华北,河北,终端工厂,C,5497.03,1543.73,1071.41,495.79,173.48,11136.619999999999,8781.44,2355.1799999999985,0.21148068264877481,2025-10
O002377,2025-09-22,C0085,P1012,18,376.65,已完成,陈敏,展会线索,不锈钢轴套,机加工件,315,371.9,南通华科,浙江客户085,华东,山东,终端工厂,A,3858.68,1002.85,645.39,209.64,121.84,6779.7,5838.400000000001,941.2999999999993,0.1388409516645278,2025-09
O002378,2025-07-21,C0043,P1012,31,364.4,已完成,李娜,直销,不锈钢轴套,机加工件,315,371.9,南通华科,广东客户043,华南,广东,设备集成商,B,6593.09,1316.19,1098.9,467.12,58.65,11296.4,9533.95,1762.449999999999,0.15601873163131608,2025-07
O002379,2025-07-07,C0028,P1012,30,342.82,退货,王强,老客户复购,不锈钢轴套,机加工件,315,371.9,南通华科,广东客户028,华南,广东,经销商,B,6722.91,1144.44,1302.77,371.95,140.65,10284.6,9682.720000000001,601.8799999999992,0.05852245104330739,2025-07
O002380,2025-12-13,C0090,P1011,25,498.35,已完成,李娜,经销,铝合金支架,机加工件,393,502.7,无锡智造,河北客户090,华北,北京,终端工厂,B,6557.54,1681.51,1371.18,527.82,83.88,12458.75,10221.929999999998,2236.8200000000015,0.17953807564964394,2025-12
O002381,2025-06-11,C0116,P1002,9,983.1,已完成,赵磊,直销,伺服电机B型,电机类,690,1040.91,南通华科,北京客户116,华北,北京,终端工厂,A,3881.19,755.83,675.85,339.28,109.81,8847.9,5761.960000000001,3085.9399999999987,0.348776545847037,2025-06
O002382,2025-10-24,C0049,P1003,13,1463.86,已完成,王强,展会线索,步进电机A型,电机类,1120,1636.22,常州机电,江苏客户049,华东,山东,经销商,C,10122.48,1914.7,1776.58,877.24,362.25,19030.18,15053.25,3976.9300000000003,0.20898015678254228,2025-10
O002383,2025-11-08,C0010,P1001,12,746.52,已完成,李娜,直销,伺服电机A型,电机类,522,799.93,南通华科,河北客户010,华北,河北,经销商,B,4461.05,1059.23,885.07,420.85,140.76,8958.24,6966.960000000001,1991.2799999999988,0.2222847345014198,2025-11
O002384,2025-06-18,C0015,P1004,12,665.19,已完成,陈敏,老客户复购,减速电机C型,电机类,541,716.52,苏州精工,北京客户015,华北,河北,经销商,C,4644.34,788.7,1008.2,275.0,53.3,7982.280000000001,6769.54,1212.7400000000007,0.15192902278546988,2025-06
O002385,2025-09-07,C0043,P1016,115,96.6,退货,王强,直销,密封圈套装,配套耗材,83,101.3,苏州精工,广东客户043,华南,广东,设备集成商,B,6123.03,1633.43,1244.35,548.77,75.13,11109.0,9624.71,1484.2900000000009,0.13361148618237473,2025-09
O002386,2025-04-05,C0078,P1007,6,972.66,已完成,赵磊,老客户复购,变频控制器A型,控制器类,780,1044.88,南通华科,四川客户078,西南,云南,设备集成商,A,3094.65,654.79,612.93,216.92,87.1,5835.96,4666.39,1169.5699999999997,0.20040747366328757,2025-04
O002387,2025-12-13,C0085,P1016,60,100.07,已完成,刘洋,直销,密封圈套装,配套耗材,83,101.3,苏州精工,浙江客户085,华东,山东,终端工厂,A,3088.25,624.18,508.48,271.76,58.24,6004.2,4550.91,1453.29,0.24204556810232838,2025-12
O002388,2025-08-15,C0057,P1005,11,1385.33,已完成,陈敏,展会线索,PLC控制器标准版,控制器类,980,1458.49,苏州精工,浙江客户057,华东,上海,设备集成商,C,9178.15,1584.9,1627.33,236.14,103.31,15238.63,12729.829999999998,2508.800000000001,0.16463422236775885,2025-08
O002389,2025-10-28,C0053,P1007,5,1027.98,已取消,张伟,直销,变频控制器A型,控制器类,780,1044.88,南通华科,河北客户053,华北,河北,终端工厂,A,2793.92,618.41,451.1,170.62,100.87,5139.9,4134.92,1004.9799999999996,0.19552520477052077,2025-10
O002390,2025-08-16,C0077,P1003,1,1542.83,已完成,赵磊,直销,步进电机A型,电机类,1120,1636.22,常州机电,云南客户077,西南,重庆,设备集成商,A,977.21,159.5,137.77,75.36,24.35,1542.83,1374.1899999999998,168.6400000000001,0.10930562667306191,2025-08
O002391,2025-07-07,C0036,P1004,15,710.76,已完成,张伟,直销,减速电机C型,电机类,541,716.52,苏州精工,北京客户036,华北,河北,终端工厂,C,5219.61,1246.21,985.2,249.55,196.52,10661.4,7897.09,2764.3099999999995,0.25928208302849526,2025-07
O002392,2025-02-22,C0019,P1001,5,807.28,已完成,张伟,经销,伺服电机A型,电机类,522,799.93,南通华科,湖北客户019,华中,河南,终端工厂,B,1718.2,357.48,406.91,88.43,65.32,4036.3999999999996,2636.34,1400.0599999999995,0.34685858685957777,2025-02
O002393,2025-08-26,C0032,P1006,4,2316.54,已完成,李娜,老客户复购,PLC控制器增强版,控制器类,1773,2443.12,苏州精工,天津客户032,华北,天津,设备集成商,B,6144.2,1242.72,1063.25,367.73,90.05,9266.16,8907.949999999999,358.21000000000095,0.03865786906334457,2025-08
O002394,2025-07-12,C0014,P1007,16,955.46,已完成,赵磊,展会线索,变频控制器A型,控制器类,780,1044.88,南通华科,江苏客户014,华东,上海,设备集成商,B,8916.33,1514.97,1842.8,364.04,118.86,15287.36,12757.0,2530.3600000000006,0.16551974964938357,2025-07
O002395,2025-07-28,C0075,P1001,9,766.17,已完成,张伟,经销,伺服电机A型,电机类,522,799.93,南通华科,江苏客户075,华东,上海,终端工厂,A,3021.86,580.6,749.42,313.37,88.37,6895.53,4753.62,2141.91,0.31062296879282664,2025-07
O002396,2025-10-22,C0038,P1009,4,723.76,已完成,王强,经销,同步带轮组件,传动部件,565,711.1,南通华科,江苏客户038,华东,安徽,终端工厂,A,1562.81,346.67,336.05,129.02,24.58,2895.04,2399.13,495.90999999999985,0.17129642422902616,2025-10
O002397,2025-05-14,C0119,P1007,13,964.63,已完成,李娜,展会线索,变频控制器A型,控制器类,780,1044.88,南通华科,北京客户119,华北,北京,设备集成商,A,6752.98,1603.04,1609.28,487.74,231.55,12540.19,10684.59,1855.6000000000004,0.14797223965506107,2025-05
O002398,2025-02-04,C0066,P1012,36,367.34,已取消,张伟,经销,不锈钢轴套,机加工件,315,371.9,南通华科,上海客户066,华东,山东,终端工厂,A,7990.29,1756.84,1742.04,373.05,141.36,13224.24,12003.579999999998,1220.6600000000017,0.09230473736108856,2025-02
O002399,2025-10-10,C0074,P1002,9,1025.41,已完成,陈敏,老客户复购,伺服电机B型,电机类,690,1040.91,南通华科,安徽客户074,华东,浙江,终端工厂,B,4335.18,795.33,734.95,335.0,104.29,9228.69,6304.75,2923.9400000000005,0.3168315329694681,2025-10
O002400,2025-02-27,C0004,P1003,3,1553.86,已完成,李娜,直销,步进电机A型,电机类,1120,1636.22,常州机电,重庆客户004,西南,四川,终端工厂,A,2399.28,596.43,437.32,157.87,73.98,4661.58,3664.88,996.6999999999998,0.2138116261010215,2025-02
O002401,2025-06-20,C0066,P1001,9,754.44,已完成,刘洋,展会线索,伺服电机A型,电机类,522,799.93,南通华科,上海客户066,华东,山东,终端工厂,A,3127.58,617.34,680.36,277.18,58.9,6789.960000000001,4761.36,2028.6000000000013,0.29876464662531166,2025-06
O002402,2025-08-04,C0107,P1001,2,777.33,已完成,刘洋,经销,伺服电机A型,电机类,522,799.93,南通华科,安徽客户107,华东,安徽,经销商,B,899.51,163.72,119.2,58.8,13.22,1554.66,1254.45,300.21000000000004,0.19310331519431903,2025-08
O002403,2025-04-04,C0009,P1012,43,358.65,已完成,赵磊,展会线索,不锈钢轴套,机加工件,315,371.9,南通华科,安徽客户009,华东,浙江,终端工厂,A,9546.53,2380.8,1563.27,732.26,132.35,15421.949999999999,14355.210000000003,1066.7399999999961,0.06917024111736818,2025-04
O002404,2025-10-29,C0027,P1012,36,361.61,已完成,李娜,展会线索,不锈钢轴套,机加工件,315,371.9,南通华科,浙江客户027,华东,浙江,终端工厂,A,7163.78,1400.42,1298.73,370.8,246.21,13017.960000000001,10479.939999999999,2538.0200000000023,0.19496295886605905,2025-10
O002405,2025-04-24,C0045,P1004,2,695.93,已完成,陈敏,展会线索,减速电机C型,电机类,541,716.52,苏州精工,安徽客户045,华东,江苏,设备集成商,A,697.04,153.57,155.86,35.59,21.25,1391.86,1063.31,328.54999999999995,0.2360510396160533,2025-04
O002406,2025-12-22,C0085,P1011,33,507.79,已取消,赵磊,老客户复购,铝合金支架,机加工件,393,502.7,无锡智造,浙江客户085,华东,山东,终端工厂,A,8601.14,1709.14,1868.1,267.21,157.27,16757.07,12602.859999999999,4154.210000000001,0.24790789797977814,2025-12
O002407,2025-07-05,C0028,P1002,16,934.29,已取消,陈敏,经销,伺服电机B型,电机类,690,1040.91,南通华科,广东客户028,华南,广东,经销商,B,7238.02,1628.32,1554.35,464.59,208.01,14948.64,11093.29,3855.3499999999985,0.2579064048635862,2025-07
O002408,2025-04-15,C0102,P1010,38,609.74,已完成,刘洋,直销,联轴器套件,传动部件,456,621.63,上海工控,北京客户102,华北,天津,终端工厂,C,11775.73,2467.44,2703.83,1122.71,318.07,23170.12,18387.78,4782.34,0.2064011753068176,2025-04
O002409,2025-01-17,C0037,P1008,22,655.54,已完成,王强,展会线索,精密齿轮箱,传动部件,523,743.47,上海工控,福建客户037,华南,广东,经销商,B,7216.21,1719.77,1277.92,460.24,112.88,14421.88,10787.019999999999,3634.8600000000006,0.25203787578318504,2025-01
O002410,2025-04-20,C0091,P1007,15,988.61,退货,李娜,展会线索,变频控制器A型,控制器类,780,1044.88,南通华科,广东客户091,华南,广东,经销商,A,8077.51,1460.46,1839.22,323.84,221.1,14829.15,11922.130000000001,2907.0199999999986,0.19603416244356545,2025-04
O002411,2025-07-20,C0014,P1003,7,1488.79,已完成,张伟,经销,步进电机A型,电机类,1120,1636.22,常州机电,江苏客户014,华东,上海,设备集成商,B,5579.7,1057.41,1223.49,298.09,202.26,10421.529999999999,8360.949999999999,2060.58,0.197723366914455,2025-07
O002412,2025-08-28,C0076,P1011,29,458.65,已完成,张伟,老客户复购,铝合金支架,机加工件,393,502.7,无锡智造,浙江客户076,华东,浙江,经销商,A,8173.2,1496.25,1708.01,289.56,111.68,13300.849999999999,11778.7,1522.1499999999978,0.11444005458297762,2025-08
O002413,2025-12-02,C0043,P1015,17,83.76,已完成,刘洋,老客户复购,传感器支架,配套耗材,70,84.31,苏州精工,广东客户043,华南,广东,设备集成商,B,747.81,153.98,164.14,43.75,24.01,1423.92,1133.6899999999998,290.23000000000025,0.20382465307039738,2025-12
O002414,2025-04-06,C0028,P1009,4,622.79,已完成,王强,老客户复购,同步带轮组件,传动部件,565,711.1,南通华科,广东客户028,华南,广东,经销商,B,1476.23,402.55,232.76,42.85,38.66,2491.16,2193.0499999999997,298.1100000000001,0.11966714301771068,2025-04
O002415,2025-10-12,C0075,P1013,8,169.58,已完成,王强,经销,CNC定制件,机加工件,138,172.93,南通华科,江苏客户075,华东,上海,终端工厂,A,782.46,185.17,142.85,33.15,7.06,1356.64,1150.69,205.95000000000005,0.1518088807642411,2025-10
O002416,2025-09-25,C0117,P1003,12,1474.77,已完成,陈敏,经销,步进电机A型,电机类,1120,1636.22,常州机电,上海客户117,华东,安徽,经销商,B,9017.5,1996.35,1621.6,623.52,281.96,17697.239999999998,13540.93,4156.309999999998,0.23485639568655892,2025-09
O002417,2025-05-20,C0046,P1011,20,489.82,已完成,赵磊,展会线索,铝合金支架,机加工件,393,502.7,无锡智造,湖南客户046,华中,湖南,终端工厂,C,5424.1,1067.35,1062.03,197.96,66.85,9796.4,7818.290000000001,1978.1099999999988,0.20192213466171235,2025-05
O002418,2025-08-28,C0009,P1013,40,175.97,已完成,刘洋,展会线索,CNC定制件,机加工件,138,172.93,南通华科,安徽客户009,华东,浙江,终端工厂,A,3856.19,892.17,806.34,143.14,131.76,7038.8,5829.6,1209.1999999999998,0.17179064613286352,2025-08
O002419,2025-02-23,C0071,P1012,8,352.45,已完成,王强,直销,不锈钢轴套,机加工件,315,371.9,南通华科,湖北客户071,华中,湖北,经销商,A,1595.94,433.95,305.28,52.7,26.23,2819.6,2414.1,405.5,0.14381472549297772,2025-02
O002420,2025-11-17,C0031,P1011,5,486.71,已完成,王强,展会线索,铝合金支架,机加工件,393,502.7,无锡智造,山东客户031,华东,上海,经销商,A,1253.95,293.65,308.47,64.43,34.51,2433.5499999999997,1955.01,478.53999999999974,0.19664276468533615,2025-11
O002421,2025-10-30,C0108,P1009,15,689.11,已完成,刘洋,经销,同步带轮组件,传动部件,565,711.1,南通华科,湖北客户108,华中,湖南,终端工厂,A,6010.23,1337.39,1031.68,513.52,80.74,10336.65,8973.56,1363.0900000000001,0.13186960959305,2025-10
O002422,2025-09-08,C0006,P1001,1,730.58,已完成,赵磊,老客户复购,伺服电机A型,电机类,522,799.93,南通华科,福建客户006,华南,广东,经销商,B,350.95,87.59,52.22,28.91,6.57,730.58,526.24,204.34000000000003,0.27969558433025815,2025-09
O002423,2025-07-13,C0021,P1014,77,36.2,已完成,赵磊,老客户复购,工业线缆,配套耗材,34,41.43,南通华科,山东客户021,华东,江苏,经销商,A,1667.59,357.23,413.67,128.83,22.87,2787.4,2590.1899999999996,197.2100000000005,0.07075052019803418,2025-07
O002424,2025-10-27,C0040,P1015,60,86.73,已完成,刘洋,经销,传感器支架,配套耗材,70,84.31,苏州精工,浙江客户040,华东,江苏,终端工厂,A,2653.15,595.77,569.27,235.99,101.43,5203.8,4155.610000000001,1048.1899999999996,0.2014278027595218,2025-10
O002425,2025-12-06,C0023,P1016,48,100.36,已完成,赵磊,老客户复购,密封圈套装,配套耗材,83,101.3,苏州精工,江苏客户023,华东,浙江,设备集成商,B,2769.34,621.27,432.42,84.74,67.15,4817.28,3974.92,842.3599999999997,0.17486216288029754,2025-12
O002426,2025-07-17,C0005,P1010,29,585.52,已完成,王强,展会线索,联轴器套件,传动部件,456,621.63,上海工控,河南客户005,华中,湖南,设备集成商,B,8911.74,2258.2,1578.37,278.29,192.82,16980.079999999998,13219.419999999998,3760.66,0.22147481048381398,2025-07
O002427,2025-10-09,C0044,P1010,22,586.19,退货,张伟,直销,联轴器套件,传动部件,456,621.63,上海工控,安徽客户044,华东,安徽,终端工厂,A,7192.12,1682.71,1023.53,588.24,155.73,12896.18,10642.33,2253.8500000000004,0.17476880750733942,2025-10
O002428,2025-05-03,C0035,P1005,13,1461.24,已完成,王强,老客户复购,PLC控制器标准版,控制器类,980,1458.49,苏州精工,江苏客户035,华东,浙江,终端工厂,A,8363.51,1793.85,1728.93,637.72,282.08,18996.12,12806.09,6190.029999999999,0.3258575961827994,2025-05
O002429,2025-10-12,C0043,P1008,26,689.71,已完成,刘洋,直销,精密齿轮箱,传动部件,523,743.47,上海工控,广东客户043,华南,广东,设备集成商,B,9210.8,1749.2,1569.67,796.85,268.07,17932.46,13594.59,4337.869999999999,0.24190044199178468,2025-10
O002430,2025-03-29,C0052,P1002,9,991.38,已完成,赵磊,直销,伺服电机B型,电机类,690,1040.91,南通华科,广西客户052,华南,广西,终端工厂,A,4128.66,813.24,623.87,231.23,51.95,8922.42,5848.949999999999,3073.470000000001,0.3444659632700547,2025-03
O002431,2025-05-26,C0061,P1002,17,1037.08,已完成,李娜,经销,伺服电机B型,电机类,690,1040.91,南通华科,江苏客户061,华东,山东,终端工厂,A,7838.32,1985.98,1373.86,787.57,274.48,17630.36,12260.21,5370.1500000000015,0.30459672973212126,2025-05
O002432,2025-02-19,C0113,P1012,38,357.16,已完成,王强,经销,不锈钢轴套,机加工件,315,371.9,南通华科,安徽客户113,华东,浙江,经销商,B,7571.34,1899.32,1305.94,514.62,96.91,13572.080000000002,11388.130000000001,2183.9500000000007,0.16091490766337957,2025-02
O002433,2025-06-22,C0055,P1002,4,1033.43,已完成,赵磊,经销,伺服电机B型,电机类,690,1040.91,南通华科,天津客户055,华北,天津,设备集成商,C,1819.53,425.03,284.34,84.19,40.54,4133.72,2653.63,1480.0900000000001,0.3580527950611072,2025-06
O002434,2025-12-22,C0051,P1008,31,757.7,已完成,赵磊,经销,精密齿轮箱,传动部件,523,743.47,上海工控,广西客户051,华南,广东,终端工厂,C,10801.62,2780.68,1803.48,637.99,285.07,23488.7,16308.84,7179.860000000001,0.30567294060548267,2025-12
O002435,2025-02-24,C0120,P1001,12,701.7,已完成,王强,展会线索,伺服电机A型,电机类,522,799.93,南通华科,浙江客户120,华东,山东,经销商,C,4068.96,986.86,722.84,353.93,105.91,8420.400000000001,6238.5,2181.9000000000015,0.2591207068547814,2025-02
O002436,2025-03-06,C0118,P1005,9,1463.43,已完成,刘洋,展会线索,PLC控制器标准版,控制器类,980,1458.49,苏州精工,浙江客户118,华东,浙江,终端工厂,B,5544.52,1390.21,1183.24,353.65,68.06,13170.87,8539.68,4631.1900000000005,0.3516236968400721,2025-03
O002437,2025-10-04,C0072,P1002,6,1034.22,已完成,张伟,直销,伺服电机B型,电机类,690,1040.91,南通华科,云南客户072,西南,云南,设备集成商,A,2649.89,597.58,463.66,218.5,97.33,6205.32,4026.9599999999996,2178.36,0.351047165980159,2025-10
O002438,2025-07-24,C0094,P1015,56,80.31,已完成,李娜,展会线索,传感器支架,配套耗材,70,84.31,苏州精工,安徽客户094,华东,安徽,终端工厂,A,2765.96,622.57,554.05,163.23,88.97,4497.360000000001,4194.78,302.58000000000084,0.06727947062276553,2025-07
O002439,2025-09-16,C0099,P1012,4,368.87,已完成,张伟,老客户复购,不锈钢轴套,机加工件,315,371.9,南通华科,广西客户099,华南,福建,设备集成商,B,814.09,171.33,135.55,47.21,9.51,1475.48,1177.69,297.78999999999996,0.20182584650418844,2025-09
O002440,2025-08-25,C0097,P1009,32,649.35,已完成,陈敏,展会线索,同步带轮组件,传动部件,565,711.1,南通华科,上海客户097,华东,安徽,经销商,C,11698.03,2693.21,2846.8,1012.64,335.71,20779.2,18586.39,2192.8100000000013,0.10552908677908684,2025-08
O002441,2025-09-15,C0047,P1011,36,455.68,已完成,赵磊,展会线索,铝合金支架,机加工件,393,502.7,无锡智造,云南客户047,西南,云南,经销商,A,9322.47,2432.18,2157.96,768.66,239.51,16404.48,14920.78,1483.699999999999,0.0904448053214731,2025-09
O002442,2025-04-18,C0085,P1013,8,167.58,已完成,陈敏,展会线索,CNC定制件,机加工件,138,172.93,南通华科,浙江客户085,华东,山东,终端工厂,A,706.76,138.51,170.99,22.72,12.65,1340.64,1051.63,289.01,0.21557614273779685,2025-04
O002443,2025-05-25,C0080,P1013,15,171.38,已完成,陈敏,经销,CNC定制件,机加工件,138,172.93,南通华科,广西客户080,华南,广东,终端工厂,B,1384.2,251.13,319.64,64.39,13.95,2570.7,2033.31,537.3899999999999,0.2090442291982728,2025-05
O002444,2025-03-26,C0091,P1008,5,685.08,已完成,李娜,展会线索,精密齿轮箱,传动部件,523,743.47,上海工控,广东客户091,华南,广东,经销商,A,1881.12,362.66,399.06,105.75,51.2,3425.4,2799.7899999999995,625.6100000000006,0.1826385239680039,2025-03
O002445,2025-08-12,C0076,P1009,39,693.91,已完成,李娜,直销,同步带轮组件,传动部件,565,711.1,南通华科,浙江客户076,华东,浙江,经销商,A,14192.94,3309.05,2544.14,1306.79,160.05,27062.489999999998,21512.97,5549.519999999997,0.2050631704621414,2025-08
O002446,2025-01-31,C0088,P1008,33,713.72,已完成,陈敏,展会线索,精密齿轮箱,传动部件,523,743.47,上海工控,河南客户088,华中,河南,终端工厂,A,11174.64,2995.93,2223.0,847.97,348.0,23552.760000000002,17589.54,5963.220000000001,0.25318561391531186,2025-01
O002447,2025-10-05,C0040,P1013,21,167.77,已完成,李娜,老客户复购,CNC定制件,机加工件,138,172.93,南通华科,浙江客户040,华东,江苏,终端工厂,A,1817.31,350.84,452.87,86.33,37.71,3523.17,2745.06,778.1100000000001,0.22085508221289354,2025-10
O002448,2025-02-15,C0050,P1003,9,1654.68,已取消,张伟,展会线索,步进电机A型,电机类,1120,1636.22,常州机电,广东客户050,华南,广西,终端工厂,A,6937.15,1352.52,1451.36,462.23,265.81,14892.12,10469.07,4423.050000000001,0.29700606763845583,2025-02
O002449,2025-06-16,C0014,P1006,8,2322.27,已完成,王强,老客户复购,PLC控制器增强版,控制器类,1773,2443.12,苏州精工,江苏客户014,华东,上海,设备集成商,B,9189.16,1875.54,2126.2,490.86,207.67,18578.16,13889.430000000002,4688.729999999998,0.252378599387668,2025-06
O002450,2025-09-04,C0091,P1004,5,698.76,已完成,李娜,直销,减速电机C型,电机类,541,716.52,苏州精工,广东客户091,华南,广东,经销商,A,1891.8,427.75,342.19,82.96,57.52,3493.8,2802.2200000000003,691.5799999999999,0.19794493102066515,2025-09
O002451,2025-04-22,C0051,P1012,36,362.37,已完成,王强,老客户复购,不锈钢轴套,机加工件,315,371.9,南通华科,广西客户051,华南,广东,终端工厂,C,7235.41,1992.4,1236.28,563.2,148.24,13045.32,11175.53,1869.789999999999,0.14333032842429308,2025-04
O002452,2025-08-08,C0004,P1002,4,1059.32,已完成,张伟,经销,伺服电机B型,电机类,690,1040.91,南通华科,重庆客户004,西南,四川,终端工厂,A,2339.69,397.83,312.69,83.73,36.39,4237.28,3170.33,1066.9499999999998,0.2518006834573122,2025-08
O002453,2025-12-05,C0020,P1009,38,679.56,已完成,赵磊,展会线索,同步带轮组件,传动部件,565,711.1,南通华科,福建客户020,华南,福建,经销商,B,13538.86,3829.23,2153.44,982.27,460.89,25823.28,20964.69,4858.59,0.1881476714034778,2025-12
O002454,2025-07-29,C0092,P1013,23,168.06,已完成,王强,老客户复购,CNC定制件,机加工件,138,172.93,南通华科,江苏客户092,华东,江苏,终端工厂,B,2264.32,408.3,450.37,72.5,39.77,3865.38,3235.26,630.1199999999999,0.16301631404933017,2025-07
O002455,2025-12-14,C0045,P1002,10,995.04,已完成,刘洋,展会线索,伺服电机B型,电机类,690,1040.91,南通华科,安徽客户045,华东,江苏,设备集成商,A,4783.03,971.23,819.74,189.67,59.67,9950.4,6823.34,3127.0599999999995,0.3142647531757517,2025-12
O002456,2025-05-10,C0010,P1003,12,1459.72,已完成,赵磊,老客户复购,步进电机A型,电机类,1120,1636.22,常州机电,河北客户010,华北,河北,经销商,B,8487.73,2318.78,1353.03,687.53,289.54,17516.64,13136.610000000002,4380.029999999997,0.2500496670594359,2025-05
O002457,2025-02-17,C0106,P1013,40,167.47,已完成,张伟,展会线索,CNC定制件,机加工件,138,172.93,南通华科,河北客户106,华北,天津,经销商,C,3735.87,904.43,768.03,207.29,71.95,6698.8,5687.57,1011.2300000000005,0.15095688780080022,2025-02
O002458,2025-01-10,C0019,P1014,78,41.77,已完成,王强,展会线索,工业线缆,配套耗材,34,41.43,南通华科,湖北客户019,华中,河南,终端工厂,B,1893.88,472.89,368.83,71.37,38.18,3258.0600000000004,2845.1499999999996,412.91000000000076,0.12673492814742537,2025-01
O002459,2025-08-09,C0086,P1009,44,678.51,已完成,陈敏,展会线索,同步带轮组件,传动部件,565,711.1,南通华科,云南客户086,西南,云南,设备集成商,B,16647.59,4113.79,3482.06,985.75,453.95,29854.44,25683.140000000003,4171.299999999996,0.13972126089117717,2025-08
O002460,2025-06-03,C0107,P1016,118,88.97,已完成,赵磊,经销,密封圈套装,配套耗材,83,101.3,苏州精工,安徽客户107,华东,安徽,经销商,B,6095.84,1631.66,1103.76,398.67,70.44,10498.46,9300.37,1198.0899999999983,0.11412054720406598,2025-06
O002461,2025-04-13,C0079,P1001,8,704.11,已完成,赵磊,展会线索,伺服电机A型,电机类,522,799.93,南通华科,安徽客户079,华东,浙江,经销商,A,2636.92,510.05,645.67,203.68,58.75,5632.88,4055.07,1577.81,0.2801071565522432,2025-04
O002462,2025-01-30,C0058,P1012,29,373.83,已完成,刘洋,展会线索,不锈钢轴套,机加工件,315,371.9,南通华科,湖南客户058,华中,湖南,终端工厂,B,6383.33,1439.36,1253.37,347.42,55.49,10841.07,9478.97,1362.1000000000004,0.12564257956087363,2025-01
O002463,2025-10-19,C0080,P1007,13,1014.25,已完成,刘洋,老客户复购,变频控制器A型,控制器类,780,1044.88,南通华科,广西客户080,华南,广东,终端工厂,B,6548.88,1283.16,1417.01,312.51,154.96,13185.25,9716.519999999999,3468.7300000000014,0.26307654386530416,2025-10
O002464,2025-07-07,C0099,P1001,3,762.18,已完成,赵磊,展会线索,伺服电机A型,电机类,522,799.93,南通华科,广西客户099,华南,福建,设备集成商,B,1026.27,201.37,246.65,109.0,14.33,2286.54,1597.62,688.9200000000001,0.3012936576661681,2025-07
O002465,2025-10-03,C0065,P1011,28,477.35,已完成,陈敏,老客户复购,铝合金支架,机加工件,393,502.7,无锡智造,安徽客户065,华东,山东,经销商,B,7732.91,1642.92,1611.25,271.2,93.35,13365.800000000001,11351.630000000001,2014.17,0.15069580571308863,2025-10
O002466,2025-09-26,C0008,P1003,11,1627.17,已完成,刘洋,展会线索,步进电机A型,电机类,1120,1636.22,常州机电,天津客户008,华北,北京,设备集成商,C,8735.81,2142.07,1576.4,813.6,268.7,17898.870000000003,13536.58,4362.290000000003,0.24371873755158857,2025-09
O002467,2025-01-14,C0117,P1006,3,2241.43,已完成,刘洋,直销,PLC控制器增强版,控制器类,1773,2443.12,苏州精工,上海客户117,华东,安徽,经销商,B,3396.19,743.26,575.32,283.01,133.0,6724.289999999999,5130.78,1593.5099999999993,0.2369781791088724,2025-01
O002468,2025-03-05,C0118,P1002,11,1061.59,已完成,刘洋,直销,伺服电机B型,电机类,690,1040.91,南通华科,浙江客户118,华东,浙江,终端工厂,B,5120.5,1209.48,1098.77,266.82,117.24,11677.49,7812.8099999999995,3864.6800000000003,0.3309512575048234,2025-03
O002469,2025-12-04,C0113,P1011,29,436.37,已完成,刘洋,老客户复购,铝合金支架,机加工件,393,502.7,无锡智造,安徽客户113,华东,浙江,经销商,B,7536.06,1774.23,1721.28,302.41,152.66,12654.73,11486.640000000001,1168.0899999999983,0.0923046165346869,2025-12
O002470,2025-02-25,C0067,P1010,34,593.36,已完成,张伟,直销,联轴器套件,传动部件,456,621.63,上海工控,福建客户067,华南,广东,终端工厂,A,10777.66,1941.77,2027.51,404.56,264.02,20174.24,15415.52,4758.720000000001,0.23588100468716544,2025-02
O002471,2025-09-24,C0059,P1016,67,93.67,已完成,赵磊,直销,密封圈套装,配套耗材,83,101.3,苏州精工,河北客户059,华北,河北,经销商,B,3874.81,746.38,839.54,167.68,49.34,6275.89,5677.75,598.1400000000003,0.09530759780684497,2025-09
O002472,2025-03-13,C0104,P1015,82,83.67,已取消,赵磊,经销,传感器支架,配套耗材,70,84.31,苏州精工,安徽客户104,华东,安徽,终端工厂,B,3825.9,990.52,597.74,181.57,101.52,6860.9400000000005,5697.25,1163.6900000000005,0.16961086964759936,2025-03
O002473,2025-01-17,C0021,P1013,14,167.06,已完成,赵磊,直销,CNC定制件,机加工件,138,172.93,南通华科,山东客户021,华东,江苏,经销商,A,1266.92,240.05,231.69,102.29,45.66,2338.84,1886.6100000000001,452.23,0.19335653571856135,2025-01
O002474,2025-04-27,C0039,P1014,56,37.36,已完成,赵磊,经销,工业线缆,配套耗材,34,41.43,南通华科,湖北客户039,华中,河南,经销商,B,1188.05,293.51,202.43,81.2,10.71,2092.16,1775.9,316.25999999999976,0.15116434689507485,2025-04
O002475,2025-09-27,C0113,P1010,6,592.4,已取消,王强,经销,联轴器套件,传动部件,456,621.63,上海工控,安徽客户113,华东,浙江,经销商,B,1700.35,455.85,285.82,91.28,68.85,3554.3999999999996,2602.15,952.2499999999995,0.2679073823992797,2025-09
O002476,2025-11-27,C0076,P1012,9,325.24,已完成,刘洋,展会线索,不锈钢轴套,机加工件,315,371.9,南通华科,浙江客户076,华东,浙江,经销商,A,2037.02,367.65,378.91,101.19,34.5,2927.16,2919.27,7.889999999999873,0.002695445414668099,2025-11
O002477,2025-10-30,C0010,P1015,60,76.55,已完成,赵磊,老客户复购,传感器支架,配套耗材,70,84.31,苏州精工,河北客户010,华北,河北,经销商,B,2992.37,694.02,612.66,112.23,52.89,4593.0,4464.17,128.82999999999993,0.028049205312431946,2025-10
O002478,2025-05-04,C0014,P1007,8,954.09,已完成,张伟,展会线索,变频控制器A型,控制器类,780,1044.88,南通华科,江苏客户014,华东,上海,设备集成商,B,4172.95,860.71,659.5,148.25,58.85,7632.72,5900.26,1732.46,0.22697806286618663,2025-05
O002479,2025-02-21,C0062,P1015,14,76.15,已完成,张伟,老客户复购,传感器支架,配套耗材,70,84.31,苏州精工,浙江客户062,华东,上海,经销商,C,627.56,131.84,113.02,33.0,13.48,1066.1000000000001,918.9,147.20000000000016,0.13807335146796748,2025-02
O002480,2025-01-24,C0006,P1015,107,77.28,已完成,陈敏,直销,传感器支架,配套耗材,70,84.31,苏州精工,福建客户006,华南,广东,经销商,B,4875.15,1306.54,997.58,351.94,155.98,8268.960000000001,7687.189999999999,581.7700000000023,0.07035588514154165,2025-01
O002481,2025-04-02,C0020,P1001,17,767.29,已完成,王强,展会线索,伺服电机A型,电机类,522,799.93,南通华科,福建客户020,华南,福建,经销商,B,5646.65,1292.7,1118.06,357.49,66.96,13043.93,8481.859999999999,4562.0700000000015,0.34974658710986656,2025-04
O002482,2025-09-09,C0014,P1015,35,83.11,已完成,张伟,直销,传感器支架,配套耗材,70,84.31,苏州精工,江苏客户014,华东,上海,设备集成商,B,1718.91,310.4,391.34,122.33,39.85,2908.85,2582.83,326.02,0.11207865651374255,2025-09
O002483,2025-07-04,C0038,P1003,8,1682.65,已完成,王强,经销,步进电机A型,电机类,1120,1636.22,常州机电,江苏客户038,华东,安徽,终端工厂,A,5693.73,1352.28,1036.37,320.8,234.8,13461.2,8637.979999999998,4823.220000000003,0.3583053516774138,2025-07
O002484,2025-02-20,C0084,P1001,10,804.67,已完成,张伟,经销,伺服电机A型,电机类,522,799.93,南通华科,天津客户084,华北,河北,终端工厂,A,3435.1,767.57,786.02,145.43,112.0,8046.7,5246.120000000001,2800.579999999999,0.34804081176134305,2025-02
O002485,2025-12-11,C0040,P1004,9,719.91,已完成,陈敏,经销,减速电机C型,电机类,541,716.52,苏州精工,浙江客户040,华东,江苏,终端工厂,A,3300.31,708.5,729.31,311.01,77.62,6479.19,5126.75,1352.4399999999996,0.20873596853927723,2025-12
O002486,2025-09-01,C0080,P1009,24,692.33,已完成,王强,经销,同步带轮组件,传动部件,565,711.1,南通华科,广西客户080,华南,广东,终端工厂,B,9025.74,2035.68,1944.33,637.75,138.62,16615.920000000002,13782.12,2833.800000000001,0.17054728236534605,2025-09
O002487,2025-06-14,C0042,P1005,13,1406.64,已完成,张伟,老客户复购,PLC控制器标准版,控制器类,980,1458.49,苏州精工,重庆客户042,西南,云南,终端工厂,B,7980.2,2254.41,1473.56,683.01,318.67,18286.32,12709.85,5576.469999999999,0.304953101553511,2025-06
O002488,2025-07-22,C0107,P1008,32,710.0,已完成,王强,经销,精密齿轮箱,传动部件,523,743.47,上海工控,安徽客户107,华东,安徽,经销商,B,10878.86,2646.4,1781.95,1112.09,133.42,22720.0,16552.719999999998,6167.2800000000025,0.27144718309859167,2025-07
O002489,2025-03-10,C0071,P1010,36,587.38,已完成,王强,老客户复购,联轴器套件,传动部件,456,621.63,上海工控,湖北客户071,华中,湖北,经销商,A,10897.23,2498.67,2420.19,406.83,245.55,21145.68,16468.47,4677.209999999999,0.22118986005652214,2025-03
O002490,2025-02-03,C0025,P1012,14,334.37,已完成,张伟,直销,不锈钢轴套,机加工件,315,371.9,南通华科,广东客户025,华南,福建,经销商,B,2866.37,611.76,647.07,71.11,76.0,4681.18,4272.3099999999995,408.8700000000008,0.08734336214373316,2025-02
O002491,2025-02-12,C0081,P1010,41,581.67,已完成,赵磊,经销,联轴器套件,传动部件,456,621.63,上海工控,安徽客户081,华东,江苏,经销商,B,13106.64,3254.63,2572.81,636.06,272.08,23848.469999999998,19842.220000000005,4006.2499999999927,0.16798771577379987,2025-02
O002492,2025-05-31,C0021,P1013,25,151.82,已完成,赵磊,展会线索,CNC定制件,机加工件,138,172.93,南通华科,山东客户021,华东,江苏,经销商,A,2473.56,596.41,440.95,182.21,65.83,3795.5,3758.9599999999996,36.54000000000042,0.009627190093531924,2025-05
O002493,2025-04-11,C0097,P1013,21,152.74,已取消,王强,直销,CNC定制件,机加工件,138,172.93,南通华科,上海客户097,华东,安徽,经销商,C,2057.9,466.52,438.93,148.23,20.46,3207.54,3132.04,75.5,0.02353828790911415,2025-04
O002494,2025-12-07,C0006,P1007,4,922.67,已完成,赵磊,展会线索,变频控制器A型,控制器类,780,1044.88,南通华科,福建客户006,华南,广东,经销商,B,2235.55,436.85,394.35,157.65,55.26,3690.68,3279.6600000000003,411.0199999999995,0.11136701095733023,2025-12
O002495,2025-05-16,C0110,P1003,11,1539.0,已完成,张伟,展会线索,步进电机A型,电机类,1120,1636.22,常州机电,云南客户110,西南,云南,终端工厂,A,8738.65,1774.5,1507.93,272.71,202.15,16929.0,12495.939999999999,4433.060000000001,0.2618618937917184,2025-05
O002496,2025-06-11,C0037,P1008,38,697.09,已完成,张伟,老客户复购,精密齿轮箱,传动部件,523,743.47,上海工控,福建客户037,华南,广东,经销商,B,13760.9,2744.02,2539.17,600.75,439.51,26489.420000000002,20084.349999999995,6405.070000000007,0.24179729114491771,2025-06
O002497,2025-03-07,C0044,P1008,24,699.63,已完成,赵磊,直销,精密齿轮箱,传动部件,523,743.47,上海工控,安徽客户044,华东,安徽,终端工厂,A,7858.19,2037.48,1540.59,276.31,298.92,16791.12,12011.49,4779.629999999999,0.28465224475794343,2025-03
O002498,2025-03-03,C0119,P1007,13,953.32,已完成,赵磊,经销,变频控制器A型,控制器类,780,1044.88,南通华科,北京客户119,华北,北京,设备集成商,A,6781.35,1581.43,1459.37,470.04,197.83,12393.16,10490.020000000002,1903.1399999999976,0.1535637399985151,2025-03
O002499,2025-05-10,C0081,P1007,3,963.2,已完成,陈敏,展会线索,变频控制器A型,控制器类,780,1044.88,南通华科,安徽客户081,华东,江苏,经销商,B,1629.17,363.52,285.34,67.93,53.58,2889.6000000000004,2399.54,490.0600000000004,0.16959440753045416,2025-05
O002500,2025-11-23,C0034,P1002,6,927.72,已完成,刘洋,经销,伺服电机B型,电机类,690,1040.91,南通华科,广东客户034,华南,广东,经销商,A,2968.35,585.64,441.9,126.85,83.83,5566.32,4206.57,1359.75,0.24428167981718624,2025-11
O002501,2025-12-04,C0003,P1006,1,2488.28,已完成,李娜,老客户复购,PLC控制器增强版,控制器类,1773,2443.12,苏州精工,上海客户003,华东,安徽,终端工厂,A,1129.92,295.75,275.49,121.25,12.79,2488.28,1835.2,653.0800000000002,0.2624624238429759,2025-12
O002502,2025-06-10,C0072,P1012,28,348.93,已完成,李娜,经销,不锈钢轴套,机加工件,315,371.9,南通华科,云南客户072,西南,云南,设备集成商,A,6313.49,1450.11,926.48,288.54,151.44,9770.04,9130.060000000001,639.9799999999996,0.06550433775092011,2025-06
O002503,2025-04-05,C0020,P1007,5,952.39,已完成,陈敏,展会线索,变频控制器A型,控制器类,780,1044.88,南通华科,福建客户020,华南,福建,经销商,B,2791.11,506.41,419.89,150.15,92.96,4761.95,3960.52,801.4299999999998,0.16829870116233894,2025-04
O002504,2025-06-21,C0064,P1008,44,688.75,已完成,陈敏,老客户复购,精密齿轮箱,传动部件,523,743.47,上海工控,江苏客户064,华东,浙江,经销商,B,16502.78,3076.13,2742.13,1417.7,485.57,30305.0,24224.31,6080.689999999999,0.20064972776769505,2025-06
O002505,2025-11-25,C0078,P1009,44,652.26,已完成,李娜,直销,同步带轮组件,传动部件,565,711.1,南通华科,四川客户078,西南,云南,设备集成商,A,17830.38,4315.42,2806.84,1193.62,164.4,28699.44,26310.660000000003,2388.779999999995,0.08323437669863926,2025-11
O002506,2025-01-21,C0016,P1016,103,104.1,已完成,陈敏,老客户复购,密封圈套装,配套耗材,83,101.3,苏州精工,北京客户016,华北,天津,终端工厂,B,5999.55,1334.44,1345.32,521.12,61.78,10722.3,9262.210000000001,1460.0899999999983,0.13617320910625505,2025-01
O002507,2025-03-27,C0085,P1001,8,815.24,已完成,刘洋,展会线索,伺服电机A型,电机类,522,799.93,南通华科,浙江客户085,华东,山东,终端工厂,A,2656.15,622.44,637.97,283.74,126.95,6521.92,4327.25,2194.67,0.33650673421323785,2025-03
O002508,2025-01-18,C0033,P1009,27,689.06,退货,刘洋,经销,同步带轮组件,传动部件,565,711.1,南通华科,江苏客户033,华东,浙江,终端工厂,B,10400.99,2065.43,1548.48,424.23,281.47,18604.62,14720.599999999999,3884.0200000000004,0.2087664246837614,2025-01
O002509,2025-09-24,C0046,P1007,6,1073.12,已完成,赵磊,老客户复购,变频控制器A型,控制器类,780,1044.88,南通华科,湖南客户046,华中,湖南,终端工厂,C,3335.1,651.71,713.9,185.57,61.97,6438.719999999999,4948.25,1490.4699999999993,0.23148545052432773,2025-09
O002510,2025-01-31,C0115,P1007,4,932.38,已完成,刘洋,直销,变频控制器A型,控制器类,780,1044.88,南通华科,重庆客户115,西南,四川,经销商,B,2093.16,457.19,483.06,117.07,34.16,3729.52,3184.64,544.8800000000001,0.1460992299277119,2025-01
O002511,2025-06-20,C0103,P1006,5,2453.85,已完成,陈敏,直销,PLC控制器增强版,控制器类,1773,2443.12,苏州精工,上海客户103,华东,上海,终端工厂,A,6243.23,1595.03,1231.26,291.59,105.3,12269.25,9466.409999999998,2802.840000000002,0.22844428143529572,2025-06
O002512,2025-01-24,C0065,P1015,31,79.41,已完成,刘洋,老客户复购,传感器支架,配套耗材,70,84.31,苏州精工,安徽客户065,华东,山东,经销商,B,1357.92,270.46,336.13,45.24,30.19,2461.71,2039.9400000000003,421.76999999999975,0.17133212279269278,2025-01
O002513,2025-06-16,C0032,P1002,13,953.89,已完成,李娜,老客户复购,伺服电机B型,电机类,690,1040.91,南通华科,天津客户032,华北,天津,设备集成商,B,6187.62,1534.06,989.18,376.01,108.78,12400.57,9195.650000000001,3204.9199999999983,0.2584494099867989,2025-06
O002514,2025-01-19,C0050,P1013,4,172.05,已完成,王强,老客户复购,CNC定制件,机加工件,138,172.93,南通华科,广东客户050,华南,广西,终端工厂,A,356.36,76.3,74.65,10.72,7.66,688.2,525.69,162.51,0.23613775065387965,2025-01
O002515,2025-10-26,C0119,P1010,26,568.77,退货,刘洋,展会线索,联轴器套件,传动部件,456,621.63,上海工控,北京客户119,华北,北京,设备集成商,A,7572.23,2110.69,1600.13,671.13,117.35,14788.02,12071.529999999999,2716.4900000000016,0.18369531553243784,2025-10
O002516,2025-08-17,C0102,P1003,12,1571.1,已完成,刘洋,老客户复购,步进电机A型,电机类,1120,1636.22,常州机电,北京客户102,华北,天津,终端工厂,C,12712.39,1947.28,1487.29,785.11,309.76,18853.199999999997,17241.829999999998,1611.369999999999,0.08546931024971884,2025-08
O002517,2025-11-28,C0064,P1013,30,150.44,已完成,陈敏,老客户复购,CNC定制件,机加工件,138,172.93,南通华科,江苏客户064,华东,浙江,经销商,B,2890.11,532.88,494.12,139.05,31.14,4513.2,4087.3,425.89999999999964,0.09436763272179377,2025-11
O002518,2025-07-05,C0003,P1013,8,168.35,已完成,刘洋,经销,CNC定制件,机加工件,138,172.93,南通华科,上海客户003,华东,安徽,终端工厂,A,771.48,167.37,172.96,47.98,17.3,1346.8,1177.09,169.71000000000004,0.12600980100980105,2025-07
O002519,2025-12-15,C0001,P1005,14,1437.97,已完成,张伟,展会线索,PLC控制器标准版,控制器类,980,1458.49,苏州精工,广东客户001,华南,广西,终端工厂,B,8604.4,1769.34,2071.33,1000.01,226.03,20131.58,13671.11,6460.470000000001,0.32091221851439383,2025-12
O002520,2025-12-07,C0075,P1015,97,81.65,已完成,张伟,经销,传感器支架,配套耗材,70,84.31,苏州精工,江苏客户075,华东,上海,终端工厂,A,4759.85,1070.48,1069.72,184.81,104.33,7920.05,7189.1900000000005,730.8599999999997,0.09227972045631021,2025-12
O002521,2025-11-19,C0082,P1003,7,1499.62,已完成,刘洋,展会线索,步进电机A型,电机类,1120,1636.22,常州机电,河北客户082,华北,河北,经销商,A,5181.3,1195.62,910.47,340.34,150.87,10497.34,7778.6,2718.74,0.2589932306660544,2025-11
O002522,2025-04-27,C0052,P1003,11,1589.7,已完成,赵磊,直销,步进电机A型,电机类,1120,1636.22,常州机电,广西客户052,华南,广西,终端工厂,A,7738.46,2027.62,1754.26,801.17,199.14,17486.7,12520.65,4966.050000000001,0.2839901182041209,2025-04
O002523,2025-04-28,C0054,P1010,33,610.04,已完成,刘洋,直销,联轴器套件,传动部件,456,621.63,上海工控,天津客户054,华北,北京,终端工厂,A,9422.56,2222.4,1629.04,758.16,114.89,20131.32,14147.05,5984.27,0.29726167981036516,2025-04
O002524,2025-07-17,C0112,P1011,15,480.58,已完成,刘洋,展会线索,铝合金支架,机加工件,393,502.7,无锡智造,广东客户112,华南,福建,终端工厂,A,3875.37,736.7,590.69,350.48,143.76,7208.7,5697.0,1511.6999999999998,0.2097049398643306,2025-07
O002525,2025-03-12,C0050,P1016,63,99.23,已完成,王强,展会线索,密封圈套装,配套耗材,83,101.3,苏州精工,广东客户050,华南,广西,终端工厂,A,3532.45,702.45,808.75,295.73,111.39,6251.490000000001,5450.7699999999995,800.7200000000012,0.12808466461595572,2025-03
O002526,2025-11-10,C0091,P1010,37,565.14,已完成,王强,展会线索,联轴器套件,传动部件,456,621.63,上海工控,广东客户091,华南,广东,经销商,A,11379.1,2100.26,1776.73,969.85,379.26,20910.18,16605.2,4304.98,0.2058796241830534,2025-11
O002527,2025-10-27,C0118,P1007,15,1058.71,已完成,刘洋,直销,变频控制器A型,控制器类,780,1044.88,南通华科,浙江客户118,华东,浙江,终端工厂,B,7762.24,1634.36,1622.17,686.75,253.7,15880.650000000001,11959.220000000001,3921.4300000000003,0.24693132837761678,2025-10
O002528,2025-09-06,C0040,P1016,29,99.93,已完成,王强,经销,密封圈套装,配套耗材,83,101.3,苏州精工,浙江客户040,华东,江苏,终端工厂,A,1640.52,322.27,278.61,116.91,49.38,2897.9700000000003,2407.69,490.2800000000002,0.16918049531223586,2025-09
O002529,2025-09-18,C0040,P1008,41,724.49,已完成,李娜,直销,精密齿轮箱,传动部件,523,743.47,上海工控,浙江客户040,华东,江苏,终端工厂,A,13543.69,2814.13,3019.78,849.97,399.5,29704.09,20627.07,9077.02,0.30558148726320183,2025-09
O002530,2025-05-13,C0088,P1001,9,752.12,已完成,刘洋,老客户复购,伺服电机A型,电机类,522,799.93,南通华科,河南客户088,华中,河南,终端工厂,A,3201.6,782.56,696.92,167.9,88.81,6769.08,4937.79,1831.29,0.27053750288074596,2025-05
O002531,2025-04-06,C0001,P1007,1,1067.62,已完成,赵磊,老客户复购,变频控制器A型,控制器类,780,1044.88,南通华科,广东客户001,华南,广西,终端工厂,B,493.23,133.01,117.57,27.21,7.91,1067.62,778.93,288.68999999999994,0.2704052003521852,2025-04
O002532,2025-01-03,C0049,P1016,47,89.11,已完成,李娜,经销,密封圈套装,配套耗材,83,101.3,苏州精工,江苏客户049,华东,山东,经销商,C,2445.96,602.7,411.5,162.59,63.54,4188.17,3686.29,501.8800000000001,0.11983276705577857,2025-01
O002533,2025-08-14,C0038,P1011,9,474.72,退货,王强,直销,铝合金支架,机加工件,393,502.7,无锡智造,江苏客户038,华东,安徽,终端工厂,A,2410.11,610.46,433.98,199.01,23.73,4272.4800000000005,3677.2900000000004,595.19,0.1393078493053215,2025-08
O002534,2025-03-04,C0001,P1003,17,1593.17,已完成,刘洋,经销,步进电机A型,电机类,1120,1636.22,常州机电,广东客户001,华南,广西,终端工厂,B,12019.49,2755.7,2582.58,436.95,365.94,27083.89,18160.659999999996,8923.230000000003,0.32946633589192703,2025-03
O002535,2025-07-02,C0006,P1005,11,1426.23,已完成,刘洋,展会线索,PLC控制器标准版,控制器类,980,1458.49,苏州精工,福建客户006,华南,广东,经销商,B,7014.98,1867.41,1422.93,558.14,300.97,15688.53,11164.429999999998,4524.100000000002,0.28836991101142057,2025-07
O002536,2025-10-11,C0079,P1001,3,755.62,已完成,王强,展会线索,伺服电机A型,电机类,522,799.93,南通华科,安徽客户079,华东,浙江,经销商,A,1090.59,229.1,201.41,85.41,18.14,2266.86,1624.65,642.21,0.2833037770307827,2025-10
O002537,2025-01-23,C0006,P1003,3,1449.33,已完成,李娜,经销,步进电机A型,电机类,1120,1636.22,常州机电,福建客户006,华南,广东,经销商,B,2112.99,465.95,492.92,104.38,30.27,4347.99,3206.5099999999998,1141.48,0.262530502600052,2025-01
O002538,2025-02-08,C0120,P1003,7,1499.1,已完成,李娜,直销,步进电机A型,电机类,1120,1636.22,常州机电,浙江客户120,华东,山东,经销商,C,5032.51,1260.19,1072.8,410.21,103.15,10493.699999999999,7878.860000000001,2614.8399999999983,0.24918189008643268,2025-02
O002539,2025-10-27,C0007,P1009,18,680.08,已完成,赵磊,经销,同步带轮组件,传动部件,565,711.1,南通华科,福建客户007,华南,广西,终端工厂,A,7221.57,1496.07,1330.47,590.14,241.02,12241.44,10879.269999999999,1362.170000000002,0.11127530748016588,2025-10
O002540,2025-06-29,C0032,P1012,5,356.06,已完成,刘洋,老客户复购,不锈钢轴套,机加工件,315,371.9,南通华科,天津客户032,华北,天津,设备集成商,B,1080.69,278.28,208.67,45.85,17.32,1780.3,1630.81,149.49,0.08396899398977702,2025-06
O002541,2025-03-22,C0105,P1004,12,679.92,已完成,刘洋,直销,减速电机C型,电机类,541,716.52,苏州精工,安徽客户105,华东,安徽,设备集成商,B,4387.9,1014.71,820.44,374.76,93.02,8159.039999999999,6690.83,1468.2099999999991,0.17994886653331757,2025-03
O002542,2025-08-15,C0115,P1006,1,2339.24,退货,刘洋,老客户复购,PLC控制器增强版,控制器类,1773,2443.12,苏州精工,重庆客户115,西南,四川,经销商,B,1516.38,213.61,280.55,102.58,33.3,2339.24,2146.4200000000005,192.81999999999925,0.08242848104512546,2025-08
O002543,2025-04-01,C0079,P1004,10,667.47,已完成,陈敏,直销,减速电机C型,电机类,541,716.52,苏州精工,安徽客户079,华东,浙江,经销商,A,3792.57,951.68,666.32,229.74,43.25,6674.700000000001,5683.5599999999995,991.1400000000012,0.14849206705919385,2025-04
O002544,2025-06-29,C0044,P1002,16,1061.98,已取消,刘洋,直销,伺服电机B型,电机类,690,1040.91,南通华科,安徽客户044,华东,安徽,终端工厂,A,7910.51,1977.35,1626.69,524.94,211.52,16991.68,12251.010000000002,4740.669999999998,0.27899948680766107,2025-06
O002545,2025-10-23,C0114,P1013,44,165.2,已完成,王强,展会线索,CNC定制件,机加工件,138,172.93,南通华科,江苏客户114,华东,安徽,终端工厂,B,4028.99,835.5,799.48,122.63,144.49,7268.799999999999,5931.089999999999,1337.71,0.18403450363196128,2025-10
O002546,2025-08-16,C0003,P1012,20,378.67,已完成,陈敏,老客户复购,不锈钢轴套,机加工件,315,371.9,南通华科,上海客户003,华东,安徽,终端工厂,A,4173.15,1106.54,903.77,190.46,63.09,7573.400000000001,6437.009999999999,1136.3900000000012,0.15005017561465142,2025-08
O002547,2025-02-03,C0076,P1014,32,39.01,已完成,赵磊,展会线索,工业线缆,配套耗材,34,41.43,南通华科,浙江客户076,华东,浙江,经销商,A,782.89,180.96,125.1,21.67,19.29,1248.32,1129.91,118.40999999999985,0.09485548577287864,2025-02
O002548,2025-03-23,C0120,P1012,18,347.42,已完成,赵磊,直销,不锈钢轴套,机加工件,315,371.9,南通华科,浙江客户120,华东,山东,经销商,C,3687.21,755.7,817.03,242.48,76.43,6253.56,5578.849999999999,674.710000000001,0.10789214463441638,2025-03
O002549,2025-04-14,C0049,P1015,52,79.78,已完成,李娜,直销,传感器支架,配套耗材,70,84.31,苏州精工,江苏客户049,华东,山东,经销商,C,2599.93,585.23,559.12,89.9,39.2,4148.56,3873.3799999999997,275.18000000000075,0.0663314499488981,2025-04
O002550,2025-05-05,C0031,P1004,11,658.46,已完成,陈敏,展会线索,减速电机C型,电机类,541,716.52,苏州精工,山东客户031,华东,上海,经销商,A,3751.82,822.87,942.08,352.74,118.83,7243.06,5988.34,1254.7200000000003,0.17323065113363692,2025-05
O002551,2025-12-28,C0030,P1005,2,1354.98,已完成,陈敏,经销,PLC控制器标准版,控制器类,980,1458.49,苏州精工,福建客户030,华南,广西,设备集成商,A,1317.33,327.02,261.09,40.98,33.94,2709.96,1980.36,729.6000000000001,0.26922906611167696,2025-12
O002552,2025-01-25,C0008,P1002,5,1012.08,已完成,赵磊,直销,伺服电机B型,电机类,690,1040.91,南通华科,天津客户008,华北,北京,设备集成商,C,2345.63,469.01,387.08,124.4,72.64,5060.400000000001,3398.76,1661.6400000000003,0.3283613943561774,2025-01
O002553,2025-08-14,C0062,P1003,15,1504.0,退货,李娜,展会线索,步进电机A型,电机类,1120,1636.22,常州机电,浙江客户062,华东,上海,经销商,C,13497.64,2742.09,2106.06,617.4,385.97,22560.0,19349.160000000003,3210.8399999999965,0.14232446808510624,2025-08
O002554,2025-12-21,C0113,P1007,4,935.92,已取消,李娜,经销,变频控制器A型,控制器类,780,1044.88,南通华科,安徽客户113,华东,浙江,经销商,B,2052.46,538.79,380.94,168.71,47.03,3743.68,3187.9300000000003,555.7499999999995,0.14845018805026058,2025-12
O002555,2025-05-30,C0044,P1003,5,1656.3,已完成,王强,直销,步进电机A型,电机类,1120,1636.22,常州机电,安徽客户044,华东,安徽,终端工厂,A,3588.48,877.91,655.87,166.88,52.16,8281.5,5341.3,2940.2,0.3550323009116706,2025-05
O002556,2025-09-25,C0065,P1009,31,638.87,已完成,张伟,直销,同步带轮组件,传动部件,565,711.1,南通华科,安徽客户065,华东,山东,经销商,B,11282.63,2875.85,2632.15,894.4,179.28,19804.97,17864.31,1940.6599999999999,0.09798853520101267,2025-09
O002557,2025-05-13,C0023,P1012,44,353.93,已完成,张伟,老客户复购,不锈钢轴套,机加工件,315,371.9,南通华科,江苏客户023,华东,浙江,设备集成商,B,9509.31,1854.76,1903.89,717.17,87.42,15572.92,14072.55,1500.3700000000008,0.09634480880913797,2025-05
O002558,2025-04-17,C0025,P1002,11,895.57,已完成,李娜,直销,伺服电机B型,电机类,690,1040.91,南通华科,广东客户025,华南,福建,经销商,B,5453.59,1287.46,1105.86,386.15,163.08,9851.27,8396.14,1455.130000000001,0.14770988918180103,2025-04
O002559,2025-11-11,C0023,P1012,12,343.74,已完成,王强,直销,不锈钢轴套,机加工件,315,371.9,南通华科,江苏客户023,华东,浙江,设备集成商,B,2719.56,628.28,457.74,150.51,41.47,4124.88,3997.56,127.32000000000016,0.030866352475708424,2025-11
O002560,2025-06-11,C0109,P1008,43,706.17,已完成,赵磊,经销,精密齿轮箱,传动部件,523,743.47,上海工控,浙江客户109,华东,安徽,经销商,B,16124.76,3913.27,3014.81,1285.81,566.17,30365.309999999998,24904.82,5460.489999999998,0.17982658500769458,2025-06
O002561,2025-07-16,C0064,P1012,20,330.58,已取消,赵磊,展会线索,不锈钢轴套,机加工件,315,371.9,南通华科,江苏客户064,华东,浙江,经销商,B,4059.47,975.04,812.09,277.72,70.65,6611.599999999999,6194.97,416.6299999999992,0.06301500393248219,2025-07
O002562,2025-01-19,C0104,P1014,76,39.28,已完成,刘洋,展会线索,工业线缆,配套耗材,34,41.43,南通华科,安徽客户104,华东,安徽,终端工厂,B,1785.28,372.56,275.62,55.97,20.26,2985.28,2509.69,475.59000000000015,0.15931168935577236,2025-01
O002563,2025-09-08,C0079,P1014,61,37.62,已完成,张伟,直销,工业线缆,配套耗材,34,41.43,南通华科,安徽客户079,华东,浙江,经销商,A,1292.62,315.2,291.01,44.6,32.54,2294.8199999999997,1975.9699999999998,318.8499999999999,0.13894335939202201,2025-09
O002564,2025-05-25,C0010,P1007,14,944.09,已完成,陈敏,老客户复购,变频控制器A型,控制器类,780,1044.88,南通华科,河北客户010,华北,河北,经销商,B,7423.13,1406.78,1356.75,547.59,69.41,13217.26,10803.66,2413.6000000000004,0.1826097088201337,2025-05
O002565,2025-06-12,C0104,P1008,38,701.71,已完成,刘洋,直销,精密齿轮箱,传动部件,523,743.47,上海工控,安徽客户104,华东,安徽,终端工厂,B,12613.92,3572.35,2862.11,833.14,385.23,26664.980000000003,20266.75,6398.230000000003,0.23994880176171152,2025-06
O002566,2025-07-11,C0074,P1004,7,678.48,已完成,张伟,展会线索,减速电机C型,电机类,541,716.52,苏州精工,安徽客户074,华东,浙江,终端工厂,B,2668.4,645.83,452.48,152.91,69.2,4749.360000000001,3988.8199999999997,760.5400000000009,0.160135260329813,2025-07
O002567,2025-07-28,C0085,P1013,38,170.16,已完成,赵磊,展会线索,CNC定制件,机加工件,138,172.93,南通华科,浙江客户085,华东,山东,终端工厂,A,3288.98,926.87,660.56,180.92,120.31,6466.08,5177.64,1288.4399999999996,0.19926137628980767,2025-07
O002568,2025-08-28,C0115,P1011,8,473.75,已完成,刘洋,直销,铝合金支架,机加工件,393,502.7,无锡智造,重庆客户115,西南,四川,经销商,B,1986.47,384.69,443.62,107.92,62.41,3790.0,2985.1099999999997,804.8900000000003,0.21237203166226923,2025-08
O002569,2025-08-17,C0063,P1010,21,602.91,已完成,王强,展会线索,联轴器套件,传动部件,456,621.63,上海工控,福建客户063,华南,广东,终端工厂,A,6002.76,1369.61,1092.81,517.67,106.45,12661.109999999999,9089.300000000001,3571.8099999999977,0.2821087566571966,2025-08
O002570,2025-11-01,C0027,P1008,26,706.94,已完成,赵磊,展会线索,精密齿轮箱,传动部件,523,743.47,上海工控,浙江客户027,华东,浙江,终端工厂,A,9053.47,2299.87,2106.65,740.57,210.24,18380.440000000002,14410.8,3969.640000000003,0.2159708907947798,2025-11
O002571,2025-01-28,C0004,P1002,4,1063.5,已完成,赵磊,直销,伺服电机B型,电机类,690,1040.91,南通华科,重庆客户004,西南,四川,终端工厂,A,1869.07,445.41,420.89,196.11,80.68,4254.0,3012.16,1241.8400000000001,0.2919228960977904,2025-01
O002572,2025-12-29,C0103,P1011,11,499.49,已完成,陈敏,展会线索,铝合金支架,机加工件,393,502.7,无锡智造,上海客户103,华东,上海,终端工厂,A,3030.73,556.84,626.22,239.06,99.82,5494.39,4552.67,941.7200000000003,0.1713966427574308,2025-12
O002573,2025-05-17,C0104,P1014,117,42.31,已完成,赵磊,直销,工业线缆,配套耗材,34,41.43,南通华科,安徽客户104,华东,安徽,终端工厂,B,2834.25,598.89,554.16,75.91,67.28,4950.27,4130.49,819.7800000000007,0.16560308831639498,2025-05
O002574,2025-02-15,C0082,P1012,42,343.5,已完成,刘洋,直销,不锈钢轴套,机加工件,315,371.9,南通华科,河北客户082,华北,河北,经销商,A,8828.64,2351.48,2038.78,619.15,84.47,14427.0,13922.519999999999,504.4800000000014,0.0349677687668955,2025-02
O002575,2025-08-29,C0056,P1011,27,486.99,已完成,王强,经销,铝合金支架,机加工件,393,502.7,无锡智造,山东客户056,华东,山东,设备集成商,A,7005.41,1716.46,1079.98,305.75,240.79,13148.73,10348.39,2800.34,0.2129741807763944,2025-08
O002576,2025-05-25,C0101,P1004,7,698.46,已完成,张伟,直销,减速电机C型,电机类,541,716.52,苏州精工,湖南客户101,华中,河南,终端工厂,A,2397.09,466.11,510.62,235.3,85.66,4889.22,3694.78,1194.44,0.24430072690531413,2025-05
O002577,2025-01-18,C0047,P1010,29,537.99,已完成,李娜,经销,联轴器套件,传动部件,456,621.63,上海工控,云南客户047,西南,云南,经销商,A,9487.92,2184.76,1669.43,750.93,177.85,15601.710000000001,14270.890000000001,1330.8199999999997,0.08529962420785925,2025-01
O002578,2025-05-31,C0034,P1009,17,656.0,已完成,王强,老客户复购,同步带轮组件,传动部件,565,711.1,南通华科,广东客户034,华南,广东,经销商,A,6291.37,1410.9,1429.59,525.47,115.59,11152.0,9772.92,1379.08,0.12366212338593974,2025-05
O002579,2025-05-08,C0020,P1006,1,2248.87,已完成,刘洋,展会线索,PLC控制器增强版,控制器类,1773,2443.12,苏州精工,福建客户020,华南,福建,经销商,B,1181.22,308.32,182.3,95.43,26.57,2248.87,1793.84,455.03,0.2023371737806098,2025-05
O002580,2025-12-06,C0069,P1012,7,367.13,已完成,李娜,直销,不锈钢轴套,机加工件,315,371.9,南通华科,山东客户069,华东,安徽,设备集成商,B,1450.12,323.73,275.89,106.6,48.62,2569.91,2204.9599999999996,364.9500000000003,0.14200886412364647,2025-12
O002581,2025-11-23,C0029,P1009,14,722.93,已完成,王强,展会线索,同步带轮组件,传动部件,565,711.1,南通华科,云南客户029,西南,四川,终端工厂,B,5292.94,1344.42,1138.38,268.95,139.77,10121.019999999999,8184.46,1936.5599999999986,0.19134039849738455,2025-11
O002582,2025-05-28,C0081,P1001,17,769.25,已完成,刘洋,老客户复购,伺服电机A型,电机类,522,799.93,南通华科,安徽客户081,华东,江苏,经销商,B,6093.61,1077.39,1098.22,650.49,190.39,13077.25,9110.099999999999,3967.1500000000015,0.3033627100498959,2025-05
O002583,2025-07-19,C0071,P1004,17,647.42,已完成,赵磊,经销,减速电机C型,电机类,541,716.52,苏州精工,湖北客户071,华中,湖北,经销商,A,6009.54,1241.61,1035.3,319.81,86.94,11006.14,8693.199999999999,2312.9400000000005,0.21014997083446155,2025-07
O002584,2025-01-21,C0100,P1009,38,654.19,已完成,王强,老客户复购,同步带轮组件,传动部件,565,711.1,南通华科,福建客户100,华南,广东,设备集成商,A,13601.64,3045.39,2928.94,500.27,140.83,24859.22,20217.07,4642.1500000000015,0.18673755652832233,2025-01
O002585,2025-12-18,C0007,P1001,7,807.07,已完成,张伟,经销,伺服电机A型,电机类,522,799.93,南通华科,福建客户007,华南,广西,终端工厂,A,2278.13,497.1,407.08,191.37,66.87,5649.490000000001,3440.5499999999997,2208.940000000001,0.3909981254945138,2025-12
O002586,2025-07-22,C0021,P1011,19,488.11,已完成,赵磊,直销,铝合金支架,机加工件,393,502.7,无锡智造,山东客户021,华东,江苏,经销商,A,4872.04,1269.48,972.93,168.82,87.51,9274.09,7370.780000000001,1903.3099999999995,0.2052287609889487,2025-07
O002587,2025-01-03,C0030,P1003,6,1499.4,已完成,李娜,经销,步进电机A型,电机类,1120,1636.22,常州机电,福建客户030,华南,广西,设备集成商,A,4820.48,1200.32,774.68,187.6,111.87,8996.400000000001,7094.95,1901.4500000000016,0.21135676492819364,2025-01
O002588,2025-04-08,C0046,P1005,11,1429.71,已完成,李娜,直销,PLC控制器标准版,控制器类,980,1458.49,苏州精工,湖南客户046,华中,湖南,终端工厂,C,7202.62,1558.88,1420.39,363.71,105.75,15726.810000000001,10651.349999999999,5075.460000000003,0.3227266050775715,2025-04
O002589,2025-03-09,C0055,P1015,115,83.22,已完成,刘洋,展会线索,传感器支架,配套耗材,70,84.31,苏州精工,天津客户055,华北,天津,设备集成商,C,5450.22,1416.44,871.53,379.64,110.71,9570.3,8228.539999999999,1341.7600000000002,0.14020041169033368,2025-03
O002590,2025-12-18,C0074,P1016,64,103.96,已完成,陈敏,老客户复购,密封圈套装,配套耗材,83,101.3,苏州精工,安徽客户074,华东,浙江,终端工厂,B,3449.6,909.34,676.69,235.64,77.48,6653.44,5348.749999999999,1304.6900000000005,0.19609254761446718,2025-12
O002591,2025-09-28,C0058,P1003,7,1629.45,已完成,赵磊,老客户复购,步进电机A型,电机类,1120,1636.22,常州机电,湖南客户058,华中,湖南,终端工厂,B,4924.5,1220.64,981.02,205.73,158.97,11406.15,7490.86,3915.29,0.34326131078409455,2025-09
O002592,2025-09-12,C0071,P1007,10,984.54,已完成,陈敏,老客户复购,变频控制器A型,控制器类,780,1044.88,南通华科,湖北客户071,华中,湖北,经销商,A,4843.7,1033.59,1145.54,160.75,144.73,9845.4,7328.3099999999995,2517.09,0.2556615272106771,2025-09
O002593,2025-01-22,C0076,P1009,23,620.77,已完成,陈敏,直销,同步带轮组件,传动部件,565,711.1,南通华科,浙江客户076,华东,浙江,经销商,A,9291.04,1692.88,1624.72,501.75,167.85,14277.71,13278.240000000002,999.4699999999975,0.07000212218906236,2025-01
O002594,2025-12-31,C0021,P1010,15,560.46,已完成,张伟,经销,联轴器套件,传动部件,456,621.63,上海工控,山东客户021,华东,江苏,经销商,A,4665.14,986.64,744.95,152.3,135.91,8406.900000000001,6684.9400000000005,1721.960000000001,0.20482698735562463,2025-12
O002595,2025-03-21,C0097,P1005,2,1305.87,已完成,陈敏,经销,PLC控制器标准版,控制器类,980,1458.49,苏州精工,上海客户097,华东,安徽,经销商,C,1261.97,334.86,283.38,43.7,20.94,2611.74,1944.8500000000001,666.8899999999996,0.2553431811742362,2025-03
O002596,2025-12-24,C0035,P1014,54,39.21,已完成,刘洋,老客户复购,工业线缆,配套耗材,34,41.43,南通华科,江苏客户035,华东,浙江,终端工厂,A,1191.93,285.81,272.81,36.23,18.51,2117.34,1805.29,312.0500000000002,0.14737831430001802,2025-12
O002597,2025-10-04,C0011,P1013,18,162.44,已完成,陈敏,经销,CNC定制件,机加工件,138,172.93,南通华科,上海客户011,华东,上海,经销商,A,1633.53,325.41,329.67,92.78,28.5,2923.92,2409.8900000000003,514.0299999999997,0.17580166352020565,2025-10
O002598,2025-05-23,C0068,P1008,8,758.35,已完成,张伟,老客户复购,精密齿轮箱,传动部件,523,743.47,上海工控,四川客户068,西南,重庆,终端工厂,A,2810.35,591.41,504.56,147.36,79.51,6066.8,4133.19,1933.6100000000006,0.31871991824355517,2025-05
O002599,2025-01-31,C0064,P1013,12,167.98,已完成,王强,直销,CNC定制件,机加工件,138,172.93,南通华科,江苏客户064,华东,浙江,经销商,B,1100.27,218.23,166.89,40.88,11.37,2015.7599999999998,1537.6399999999999,478.1199999999999,0.23719093542882086,2025-01
O002600,2025-06-10,C0118,P1008,12,743.75,已完成,李娜,老客户复购,精密齿轮箱,传动部件,523,743.47,上海工控,浙江客户118,华东,浙江,终端工厂,B,4161.99,837.88,785.93,236.79,116.65,8925.0,6139.24,2785.76,0.31212997198879555,2025-06
O002601,2025-04-29,C0089,P1004,17,632.55,已完成,刘洋,老客户复购,减速电机C型,电机类,541,716.52,苏州精工,河北客户089,华北,天津,经销商,C,6367.88,1368.14,953.9,167.89,88.16,10753.349999999999,8945.97,1807.3799999999992,0.16807599492251246,2025-04
O002602,2025-12-19,C0040,P1013,38,172.06,已完成,张伟,经销,CNC定制件,机加工件,138,172.93,南通华科,浙江客户040,华东,江苏,终端工厂,A,3474.13,643.41,627.52,301.06,41.52,6538.28,5087.64,1450.6399999999994,0.22186874835583661,2025-12
O002603,2025-05-15,C0055,P1005,11,1347.57,已完成,李娜,经销,PLC控制器标准版,控制器类,980,1458.49,苏州精工,天津客户055,华北,天津,设备集成商,C,7706.1,1847.7,1616.0,670.43,91.92,14823.269999999999,11932.150000000001,2891.119999999997,0.1950392862033814,2025-05
O002604,2025-01-27,C0018,P1016,114,93.48,已完成,刘洋,经销,密封圈套装,配套耗材,83,101.3,苏州精工,上海客户018,华东,山东,经销商,B,6009.48,1211.73,1009.35,282.08,185.99,10656.720000000001,8698.63,1958.090000000002,0.18374227717346442,2025-01
O002605,2025-09-03,C0011,P1009,35,632.97,已完成,赵磊,经销,同步带轮组件,传动部件,565,711.1,南通华科,上海客户011,华东,上海,经销商,A,12758.76,2662.77,2779.44,407.46,230.49,22153.95,18838.920000000002,3315.029999999999,0.1496360694142579,2025-09
O002606,2025-10-24,C0021,P1015,101,77.7,已完成,张伟,经销,传感器支架,配套耗材,70,84.31,苏州精工,山东客户021,华东,江苏,经销商,A,4592.27,1207.83,925.25,295.28,54.43,7847.700000000001,7075.06,772.6400000000003,0.0984543241968985,2025-10
O002607,2025-08-13,C0003,P1016,112,95.93,已完成,张伟,直销,密封圈套装,配套耗材,83,101.3,苏州精工,上海客户003,华东,安徽,终端工厂,A,6627.04,1295.37,1323.85,520.15,135.7,10744.16,9902.11,842.0499999999993,0.07837280904230756,2025-08
O002608,2025-05-01,C0003,P1015,66,83.51,已完成,李娜,展会线索,传感器支架,配套耗材,70,84.31,苏州精工,上海客户003,华东,安徽,终端工厂,A,3098.88,586.9,570.18,247.12,38.73,5511.660000000001,4541.8099999999995,969.8500000000013,0.17596332139500642,2025-05
O002609,2025-10-29,C0032,P1001,7,765.55,已完成,张伟,老客户复购,伺服电机A型,电机类,522,799.93,南通华科,天津客户032,华北,天津,设备集成商,B,2600.74,584.78,457.69,182.88,38.89,5358.849999999999,3864.9799999999996,1493.87,0.2787668996146561,2025-10
O002610,2025-04-26,C0044,P1013,37,174.06,已取消,王强,展会线索,CNC定制件,机加工件,138,172.93,南通华科,安徽客户044,华东,安徽,终端工厂,A,3276.77,700.46,628.5,302.97,67.71,6440.22,4976.41,1463.8100000000004,0.22729192481002208,2025-04
O002611,2025-10-25,C0014,P1014,71,37.36,已完成,王强,经销,工业线缆,配套耗材,34,41.43,南通华科,江苏客户014,华东,上海,设备集成商,B,1623.13,313.15,348.0,91.8,30.77,2652.56,2406.8500000000004,245.70999999999958,0.09263126941520629,2025-10
O002612,2025-01-28,C0100,P1001,5,743.98,已取消,赵磊,展会线索,伺服电机A型,电机类,522,799.93,南通华科,福建客户100,华南,广东,设备集成商,A,1865.42,452.68,364.28,175.82,50.11,3719.9,2908.3100000000004,811.5899999999997,0.21817521976397206,2025-01
O002613,2025-03-28,C0058,P1010,44,619.65,已完成,张伟,直销,联轴器套件,传动部件,456,621.63,上海工控,湖南客户058,华中,湖南,终端工厂,B,14098.85,2900.6,2110.83,1357.65,204.06,27264.6,20671.99,6592.609999999997,0.24180109005817058,2025-03
O002614,2025-04-19,C0077,P1005,7,1445.74,已完成,李娜,经销,PLC控制器标准版,控制器类,980,1458.49,苏州精工,云南客户077,西南,重庆,设备集成商,A,4425.74,890.33,824.91,254.27,141.85,10120.18,6537.1,3583.08,0.35405299115233124,2025-04
O002615,2025-04-08,C0101,P1012,26,363.88,已完成,陈敏,老客户复购,不锈钢轴套,机加工件,315,371.9,南通华科,湖南客户101,华中,河南,终端工厂,A,5893.9,1008.6,1201.53,184.3,50.12,9460.88,8338.45,1122.4299999999985,0.118639069515732,2025-04
O002616,2025-12-06,C0032,P1002,3,960.01,已完成,陈敏,经销,伺服电机B型,电机类,690,1040.91,南通华科,天津客户032,华北,天津,设备集成商,B,1415.59,356.87,228.9,77.64,21.69,2880.0299999999997,2100.69,779.3399999999997,0.2706013479026259,2025-12
O002617,2025-05-09,C0022,P1012,9,360.45,已取消,赵磊,经销,不锈钢轴套,机加工件,315,371.9,南通华科,湖南客户022,华中,河南,终端工厂,A,2014.69,386.19,359.15,150.25,43.12,3244.0499999999997,2953.4,290.64999999999964,0.0895947966276721,2025-05
O002618,2025-07-10,C0048,P1001,7,782.8,已完成,王强,经销,伺服电机A型,电机类,522,799.93,南通华科,江苏客户048,华东,山东,经销商,A,2606.34,641.59,466.6,193.89,46.33,5479.599999999999,3954.75,1524.8499999999995,0.2782776115044893,2025-07
O002619,2025-05-30,C0085,P1012,39,377.37,已完成,张伟,老客户复购,不锈钢轴套,机加工件,315,371.9,南通华科,浙江客户085,华东,山东,终端工厂,A,8833.57,1679.35,1805.88,381.97,142.69,14717.43,12843.46,1873.9700000000012,0.12732997541010904,2025-05
O002620,2025-11-12,C0077,P1013,18,156.16,已完成,赵磊,展会线索,CNC定制件,机加工件,138,172.93,南通华科,云南客户077,西南,重庆,设备集成商,A,1565.88,381.53,284.89,56.76,23.61,2810.88,2312.6700000000005,498.2099999999996,0.17724342554644792,2025-11
O002621,2025-04-12,C0115,P1009,22,663.7,已完成,张伟,展会线索,同步带轮组件,传动部件,565,711.1,南通华科,重庆客户115,西南,四川,经销商,B,8018.71,1867.55,1530.82,257.6,190.41,14601.400000000001,11865.09,2736.3100000000013,0.18740052323749784,2025-04
O002622,2025-03-13,C0029,P1002,12,1043.75,已完成,赵磊,直销,伺服电机B型,电机类,690,1040.91,南通华科,云南客户029,西南,四川,终端工厂,B,5785.85,1278.88,1312.15,231.34,216.9,12525.0,8825.12,3699.879999999999,0.2953996007984031,2025-03
O002623,2025-12-06,C0006,P1016,39,98.92,已完成,陈敏,老客户复购,密封圈套装,配套耗材,83,101.3,苏州精工,福建客户006,华南,广东,经销商,B,2170.63,489.74,424.52,101.79,38.07,3857.88,3224.75,633.1300000000001,0.164113450910863,2025-12
O002624,2025-12-18,C0044,P1012,9,363.89,已完成,陈敏,经销,不锈钢轴套,机加工件,315,371.9,南通华科,安徽客户044,华东,安徽,终端工厂,A,1936.83,347.81,383.65,132.18,33.88,3275.0099999999998,2834.35,440.65999999999985,0.13455226090912695,2025-12
O002625,2025-05-14,C0049,P1010,4,557.92,已完成,王强,展会线索,联轴器套件,传动部件,456,621.63,上海工控,江苏客户049,华东,山东,经销商,C,1170.53,242.23,191.36,40.48,16.74,2231.68,1661.34,570.3399999999999,0.2555653140235159,2025-05
O002626,2025-05-08,C0059,P1003,6,1467.09,已完成,陈敏,展会线索,步进电机A型,电机类,1120,1636.22,常州机电,河北客户059,华北,河北,经销商,B,4179.28,913.75,795.54,438.65,174.95,8802.539999999999,6502.169999999999,2300.37,0.26133025240441965,2025-05
O002627,2025-06-12,C0038,P1003,17,1586.71,已完成,陈敏,直销,步进电机A型,电机类,1120,1636.22,常州机电,江苏客户038,华东,安徽,终端工厂,A,12160.94,2528.17,2465.95,545.08,338.81,26974.07,18038.950000000004,8935.119999999995,0.33124849160693937,2025-06
O002628,2025-08-29,C0044,P1007,16,991.89,已完成,李娜,展会线索,变频控制器A型,控制器类,780,1044.88,南通华科,安徽客户044,华东,安徽,终端工厂,A,10030.88,1740.68,1863.97,698.04,314.52,15870.24,14648.09,1222.1499999999996,0.0770089173194608,2025-08
O002629,2025-04-24,C0069,P1011,19,500.57,已完成,陈敏,经销,铝合金支架,机加工件,393,502.7,无锡智造,山东客户069,华东,安徽,设备集成商,B,5292.82,1137.01,1011.69,441.02,182.03,9510.83,8064.570000000001,1446.2599999999993,0.1520645411599197,2025-04
O002630,2025-05-09,C0063,P1007,4,1024.5,已完成,陈敏,经销,变频控制器A型,控制器类,780,1044.88,南通华科,福建客户063,华南,广东,终端工厂,A,2161.17,439.52,403.67,149.69,71.43,4098.0,3225.48,872.52,0.21291361639824305,2025-05
O002631,2025-07-28,C0076,P1002,3,1004.16,已取消,王强,老客户复购,伺服电机B型,电机类,690,1040.91,南通华科,浙江客户076,华东,浙江,经销商,A,1419.6,293.79,258.9,50.51,56.83,3012.48,2079.63,932.8499999999999,0.30966180688336514,2025-07
O002632,2025-12-30,C0033,P1004,6,733.06,已完成,李娜,直销,减速电机C型,电机类,541,716.52,苏州精工,江苏客户033,华东,浙江,终端工厂,B,2041.12,502.47,494.36,130.76,74.78,4398.36,3243.4900000000002,1154.8699999999994,0.2625683209196154,2025-12
O002633,2025-04-16,C0069,P1012,17,364.86,已完成,赵磊,老客户复购,不锈钢轴套,机加工件,315,371.9,南通华科,山东客户069,华东,安徽,设备集成商,B,3750.54,661.83,667.92,243.06,70.31,6202.62,5393.660000000001,808.9599999999991,0.13042230541287378,2025-04
O002634,2025-04-17,C0085,P1002,16,1040.61,已完成,张伟,展会线索,伺服电机B型,电机类,690,1040.91,南通华科,浙江客户085,华东,山东,终端工厂,A,7446.66,1718.57,1204.17,489.82,90.36,16649.76,10949.58,5700.1799999999985,0.3423580880445123,2025-04
O002635,2025-02-12,C0067,P1008,32,734.7,已完成,王强,展会线索,精密齿轮箱,传动部件,523,743.47,上海工控,福建客户067,华南,广东,终端工厂,A,10626.73,2522.71,2249.57,472.99,384.03,23510.4,16256.029999999999,7254.370000000003,0.30856004151354305,2025-02
O002636,2025-09-23,C0090,P1004,7,723.84,已完成,陈敏,展会线索,减速电机C型,电机类,541,716.52,苏州精工,河北客户090,华北,北京,终端工厂,B,2489.19,663.63,466.78,102.57,82.94,5066.88,3805.1100000000006,1261.7699999999995,0.2490230674497915,2025-09
O002637,2025-09-12,C0056,P1002,7,957.44,已完成,陈敏,老客户复购,伺服电机B型,电机类,690,1040.91,南通华科,山东客户056,华东,山东,设备集成商,A,3268.85,691.66,586.16,135.9,67.77,6702.08,4750.34,1951.7399999999998,0.29121407085561496,2025-09
O002638,2025-06-18,C0117,P1012,3,342.11,已完成,张伟,经销,不锈钢轴套,机加工件,315,371.9,南通华科,上海客户117,华东,安徽,经销商,B,588.67,141.89,145.34,43.96,5.57,1026.33,925.4300000000001,100.89999999999986,0.0983114592772304,2025-06
O002639,2025-06-27,C0109,P1003,7,1474.33,已完成,王强,直销,步进电机A型,电机类,1120,1636.22,常州机电,浙江客户109,华东,安徽,经销商,B,5551.71,1153.57,873.8,426.58,101.58,10320.31,8107.24,2213.0699999999997,0.214438325980518,2025-06
O002640,2025-04-14,C0104,P1008,44,723.77,已完成,张伟,老客户复购,精密齿轮箱,传动部件,523,743.47,上海工控,安徽客户104,华东,安徽,终端工厂,B,14850.38,2984.18,2973.09,581.79,534.51,31845.879999999997,21923.949999999997,9921.93,0.31156086752823287,2025-04
O002641,2025-01-15,C0117,P1011,11,454.06,已完成,赵磊,直销,铝合金支架,机加工件,393,502.7,无锡智造,上海客户117,华东,安徽,经销商,B,2883.73,634.7,432.78,217.89,61.9,4994.66,4231.0,763.6599999999999,0.1528952921720397,2025-01
O002642,2025-12-06,C0040,P1007,7,1049.77,已完成,李娜,直销,变频控制器A型,控制器类,780,1044.88,南通华科,浙江客户040,华东,江苏,终端工厂,A,3625.38,904.63,566.61,204.53,100.2,7348.389999999999,5401.349999999999,1947.04,0.26496144053323245,2025-12
O002643,2025-11-02,C0031,P1013,7,154.22,已完成,王强,直销,CNC定制件,机加工件,138,172.93,南通华科,山东客户031,华东,上海,经销商,A,643.41,126.45,113.95,27.54,21.46,1079.54,932.8100000000001,146.7299999999999,0.135919002538118,2025-11
O002644,2025-10-25,C0074,P1012,15,367.91,已完成,王强,经销,不锈钢轴套,机加工件,315,371.9,南通华科,安徽客户074,华东,浙江,终端工厂,B,3083.63,625.17,705.72,164.13,64.34,5518.650000000001,4642.990000000001,875.6599999999999,0.15867286383445223,2025-10
O002645,2025-10-25,C0037,P1001,10,715.05,已完成,王强,老客户复购,伺服电机A型,电机类,522,799.93,南通华科,福建客户037,华南,广东,经销商,B,3522.92,812.97,706.96,115.89,123.58,7150.5,5282.320000000001,1868.1799999999994,0.26126564575903777,2025-10
O002646,2025-01-07,C0114,P1010,4,612.83,已完成,刘洋,老客户复购,联轴器套件,传动部件,456,621.63,上海工控,江苏客户114,华东,安徽,终端工厂,B,1166.42,250.87,201.38,102.58,33.72,2451.32,1754.97,696.3500000000001,0.2840714390614037,2025-01
O002647,2025-04-18,C0019,P1011,31,489.96,已完成,赵磊,经销,铝合金支架,机加工件,393,502.7,无锡智造,湖北客户019,华中,河南,终端工厂,B,8473.64,1939.58,1294.44,388.11,191.51,15188.76,12287.28,2901.4799999999996,0.19102810235990295,2025-04
O002648,2025-04-08,C0062,P1012,8,341.35,退货,刘洋,老客户复购,不锈钢轴套,机加工件,315,371.9,南通华科,浙江客户062,华东,上海,经销商,C,1639.25,333.74,383.52,112.43,27.79,2730.8,2496.73,234.07000000000016,0.08571480884722431,2025-04
O002649,2025-03-29,C0089,P1009,18,630.1,已完成,王强,老客户复购,同步带轮组件,传动部件,565,711.1,南通华科,河北客户089,华北,天津,经销商,C,7083.42,1603.32,1019.31,321.08,106.13,11341.800000000001,10133.259999999998,1208.5400000000027,0.10655627854485202,2025-03
O002650,2025-01-30,C0001,P1004,10,674.66,已完成,陈敏,展会线索,减速电机C型,电机类,541,716.52,苏州精工,广东客户001,华南,广西,终端工厂,B,3472.09,730.87,846.89,216.03,119.52,6746.599999999999,5385.400000000001,1361.199999999999,0.20176088696528607,2025-01
O002651,2025-06-15,C0097,P1004,12,647.69,已完成,刘洋,直销,减速电机C型,电机类,541,716.52,苏州精工,上海客户097,华东,安徽,经销商,C,4164.11,846.97,995.4,251.43,143.22,7772.280000000001,6401.13,1371.1500000000005,0.17641541478176292,2025-06
O002652,2025-08-15,C0077,P1002,14,983.69,已完成,赵磊,经销,伺服电机B型,电机类,690,1040.91,南通华科,云南客户077,西南,重庆,设备集成商,A,7958.73,1690.37,1206.79,281.46,210.03,13771.66,11347.38,2424.2800000000007,0.17603397121334688,2025-08
O002653,2025-04-09,C0034,P1006,5,2337.19,已完成,李娜,经销,PLC控制器增强版,控制器类,1773,2443.12,苏州精工,广东客户034,华南,广东,经销商,A,5538.3,1588.89,1257.25,306.75,84.95,11685.95,8776.140000000001,2909.8099999999995,0.24900072309054885,2025-04
O002654,2025-01-06,C0091,P1007,10,908.03,已完成,李娜,展会线索,变频控制器A型,控制器类,780,1044.88,南通华科,广东客户091,华南,广东,经销商,A,5142.17,1039.22,1011.26,384.7,135.31,9080.3,7712.660000000001,1367.6399999999985,0.15061616906930372,2025-01
O002655,2025-12-15,C0120,P1010,44,562.11,已完成,赵磊,展会线索,联轴器套件,传动部件,456,621.63,上海工控,浙江客户120,华东,山东,经销商,C,13314.34,2550.87,3158.66,605.04,226.74,24732.84,19855.65,4877.189999999999,0.19719490361802358,2025-12
O002656,2025-04-13,C0102,P1010,3,604.43,已完成,陈敏,老客户复购,联轴器套件,传动部件,456,621.63,上海工控,北京客户102,华北,天津,终端工厂,C,936.46,227.4,217.58,88.71,33.92,1813.29,1504.0700000000002,309.2199999999998,0.17052981045502916,2025-04
O002657,2025-01-16,C0018,P1004,6,628.7,已完成,王强,经销,减速电机C型,电机类,541,716.52,苏州精工,上海客户018,华东,山东,经销商,B,2153.82,421.98,438.43,58.86,29.97,3772.2000000000003,3103.06,669.1400000000003,0.17738720110280481,2025-01
O002658,2025-06-12,C0076,P1007,17,993.09,已完成,刘洋,展会线索,变频控制器A型,控制器类,780,1044.88,南通华科,浙江客户076,华东,浙江,经销商,A,8224.55,1734.83,1703.72,485.65,177.93,16882.53,12326.679999999998,4555.85,0.2698558806055728,2025-06
O002659,2025-03-26,C0061,P1002,16,1070.43,已完成,陈敏,直销,伺服电机B型,电机类,690,1040.91,南通华科,江苏客户061,华东,山东,终端工厂,A,7762.17,1771.92,1724.29,523.86,155.57,17126.88,11937.810000000001,5189.07,0.30297812561307136,2025-03
O002660,2025-03-29,C0028,P1009,25,670.18,已完成,赵磊,经销,同步带轮组件,传动部件,565,711.1,南通华科,广东客户028,华南,广东,经销商,B,8930.79,2264.54,2125.88,359.06,304.62,16754.5,13984.890000000003,2769.609999999997,0.16530544032946354,2025-03
O002661,2025-06-19,C0081,P1004,3,651.47,已完成,刘洋,直销,减速电机C型,电机类,541,716.52,苏州精工,安徽客户081,华东,江苏,经销商,B,1091.67,208.79,224.9,64.89,10.6,1954.41,1600.8500000000001,353.55999999999995,0.1809036998378027,2025-06
O002662,2025-09-21,C0044,P1003,9,1558.83,已完成,刘洋,老客户复购,步进电机A型,电机类,1120,1636.22,常州机电,安徽客户044,华东,安徽,终端工厂,A,6652.04,1684.24,1343.92,348.93,265.57,14029.47,10294.7,3734.7699999999986,0.2662089159462188,2025-09
O002663,2025-07-08,C0044,P1010,20,594.33,已完成,陈敏,展会线索,联轴器套件,传动部件,456,621.63,上海工控,安徽客户044,华东,安徽,终端工厂,A,5871.25,1232.7,1106.06,550.45,149.94,11886.6,8910.400000000001,2976.199999999999,0.2503827839752325,2025-07
O002664,2025-08-13,C0040,P1007,2,984.66,已完成,陈敏,老客户复购,变频控制器A型,控制器类,780,1044.88,南通华科,浙江客户040,华东,江苏,终端工厂,A,1403.45,278.58,229.32,41.44,33.13,1969.32,1985.92,-16.600000000000136,-0.008429305547092467,2025-08
O002665,2025-03-12,C0066,P1004,14,737.12,已完成,张伟,直销,减速电机C型,电机类,541,716.52,苏州精工,上海客户066,华东,山东,终端工厂,A,4872.06,1056.73,1080.11,240.9,83.82,10319.68,7333.62,2986.0600000000004,0.2893558714998915,2025-03
O002666,2025-04-06,C0074,P1006,17,2449.07,已取消,李娜,老客户复购,PLC控制器增强版,控制器类,1773,2443.12,苏州精工,安徽客户074,华东,浙江,终端工厂,B,20807.76,5209.44,3149.76,1274.29,587.36,41634.19,31028.61,10605.580000000002,0.25473246867538435,2025-04
O002667,2025-03-23,C0095,P1011,25,487.07,已完成,赵磊,展会线索,铝合金支架,机加工件,393,502.7,无锡智造,北京客户095,华北,天津,终端工厂,B,6755.94,1766.26,1384.95,446.95,241.66,12176.75,10595.76,1580.9899999999998,0.12983677910772576,2025-03
O002668,2025-07-08,C0064,P1006,8,2378.61,退货,李娜,展会线索,PLC控制器增强版,控制器类,1773,2443.12,苏州精工,江苏客户064,华东,浙江,经销商,B,8880.13,1765.43,1895.56,524.31,122.75,19028.88,13188.179999999998,5840.700000000003,0.306938716309105,2025-07
O002669,2025-06-23,C0048,P1002,16,912.02,已完成,陈敏,经销,伺服电机B型,电机类,690,1040.91,南通华科,江苏客户048,华东,山东,经销商,A,7183.12,1771.49,1687.32,267.06,191.19,14592.32,11100.18,3492.1399999999994,0.23931355672024732,2025-06
O002670,2025-09-20,C0052,P1001,14,778.36,已完成,王强,展会线索,伺服电机A型,电机类,522,799.93,南通华科,广西客户052,华南,广西,终端工厂,A,4747.36,1169.57,971.72,516.9,60.64,10897.04,7466.19,3430.8500000000013,0.31484237921490615,2025-09
O002671,2025-06-23,C0107,P1008,37,671.5,已完成,王强,直销,精密齿轮箱,传动部件,523,743.47,上海工控,安徽客户107,华东,安徽,经销商,B,12907.19,2545.93,2558.34,1114.95,463.86,24845.5,19590.27,5255.23,0.2115163711738544,2025-06
O002672,2025-02-21,C0041,P1012,5,379.45,已完成,刘洋,经销,不锈钢轴套,机加工件,315,371.9,南通华科,福建客户041,华南,广东,终端工厂,A,1039.22,265.71,184.01,28.88,33.83,1897.25,1551.65,345.5999999999999,0.18215838713928048,2025-02
O002673,2025-10-16,C0120,P1005,16,1403.16,已完成,刘洋,展会线索,PLC控制器标准版,控制器类,980,1458.49,苏州精工,浙江客户120,华东,山东,经销商,C,9908.84,1898.17,1900.85,634.86,138.26,22450.56,14480.980000000001,7969.58,0.354983572792839,2025-10
O002674,2025-11-04,C0011,P1002,4,959.51,已完成,李娜,直销,伺服电机B型,电机类,690,1040.91,南通华科,上海客户011,华东,上海,经销商,A,1935.91,398.37,357.13,93.12,48.64,3838.04,2833.17,1004.8699999999999,0.2618185323759002,2025-11
O002675,2025-07-29,C0077,P1008,19,674.83,已完成,陈敏,老客户复购,精密齿轮箱,传动部件,523,743.47,上海工控,云南客户077,西南,重庆,设备集成商,A,6922.84,1732.72,1572.35,383.82,254.52,12821.77,10866.25,1955.5200000000004,0.15251560431984043,2025-07
O002676,2025-11-30,C0071,P1008,14,715.45,已完成,王强,直销,精密齿轮箱,传动部件,523,743.47,上海工控,湖北客户071,华中,湖北,经销商,A,4755.61,881.7,1069.43,212.8,57.96,10016.300000000001,6977.5,3038.800000000001,0.3033854816648863,2025-11
O002677,2025-09-05,C0076,P1004,5,621.42,已完成,王强,直销,减速电机C型,电机类,541,716.52,苏州精工,浙江客户076,华东,浙江,经销商,A,1927.04,453.11,287.16,131.09,54.87,3107.1,2853.27,253.82999999999993,0.08169354060055999,2025-09
O002678,2025-09-27,C0068,P1009,22,722.1,已完成,陈敏,展会线索,同步带轮组件,传动部件,565,711.1,南通华科,四川客户068,西南,重庆,终端工厂,A,8831.89,1897.09,1767.6,662.11,243.53,15886.2,13402.220000000001,2483.9799999999996,0.15636086666414872,2025-09
O002679,2025-12-03,C0089,P1015,104,79.01,已完成,张伟,经销,传感器支架,配套耗材,70,84.31,苏州精工,河北客户089,华北,天津,经销商,C,4984.49,1112.77,937.31,409.74,82.69,8217.04,7526.999999999999,690.0400000000018,0.08397671180863203,2025-12
O002680,2025-12-03,C0110,P1015,34,82.99,已完成,陈敏,直销,传感器支架,配套耗材,70,84.31,苏州精工,云南客户110,西南,云南,终端工厂,A,1496.61,394.85,268.53,94.93,18.16,2821.66,2273.0799999999995,548.5800000000004,0.19441747056697137,2025-12
O002681,2025-01-15,C0045,P1008,34,705.6,已完成,李娜,经销,精密齿轮箱,传动部件,523,743.47,上海工控,安徽客户045,华东,江苏,设备集成商,A,12126.05,3141.02,2549.27,539.99,469.42,23990.4,18825.75,5164.6500000000015,0.21527986194477797,2025-01
O002682,2025-07-28,C0009,P1003,5,1592.33,已完成,王强,展会线索,步进电机A型,电机类,1120,1636.22,常州机电,安徽客户009,华东,浙江,终端工厂,A,3643.97,818.7,727.37,395.5,48.04,7961.65,5633.58,2328.0699999999997,0.2924104927998593,2025-07
O002683,2025-03-07,C0089,P1014,61,35.83,已完成,刘洋,展会线索,工业线缆,配套耗材,34,41.43,南通华科,河北客户089,华北,天津,经销商,C,1430.38,293.92,217.15,104.31,30.27,2185.63,2076.03,109.59999999999991,0.050145724573692665,2025-03
O002684,2025-06-28,C0064,P1011,44,437.66,已完成,赵磊,老客户复购,铝合金支架,机加工件,393,502.7,无锡智造,江苏客户064,华东,浙江,经销商,B,12024.02,2324.44,2519.31,847.25,220.73,19257.04,17935.75,1321.2900000000009,0.06861334867663986,2025-06
O002685,2025-10-31,C0107,P1001,3,762.9,已完成,赵磊,展会线索,伺服电机A型,电机类,522,799.93,南通华科,安徽客户107,华东,安徽,经销商,B,1060.49,279.24,236.16,69.96,34.26,2288.7,1680.1100000000001,608.5899999999997,0.26591077904487254,2025-10
O002686,2025-05-12,C0007,P1009,37,673.46,已完成,张伟,经销,同步带轮组件,传动部件,565,711.1,南通华科,福建客户007,华南,广西,终端工厂,A,14600.54,2539.12,2828.49,1232.41,478.62,24918.02,21679.18,3238.84,0.12997982985807058,2025-05
O002687,2025-06-01,C0117,P1009,37,684.34,已完成,陈敏,经销,同步带轮组件,传动部件,565,711.1,南通华科,上海客户117,华东,安徽,经销商,B,14701.32,2641.82,3337.33,919.99,211.27,25320.58,21811.730000000003,3508.8499999999985,0.13857699942102425,2025-06
O002688,2025-10-28,C0105,P1003,7,1516.98,已完成,赵磊,展会线索,步进电机A型,电机类,1120,1636.22,常州机电,安徽客户105,华东,安徽,设备集成商,B,5389.43,1343.71,836.84,499.89,199.67,10618.86,8269.54,2349.3199999999997,0.22124032146576936,2025-10
O002689,2025-08-21,C0104,P1007,5,1055.77,已完成,赵磊,直销,变频控制器A型,控制器类,780,1044.88,南通华科,安徽客户104,华东,安徽,终端工厂,B,3013.14,678.67,611.56,86.15,49.69,5278.85,4439.209999999999,839.6400000000012,0.15905737045000354,2025-08
O002690,2025-01-16,C0099,P1012,37,353.57,已完成,王强,展会线索,不锈钢轴套,机加工件,315,371.9,南通华科,广西客户099,华南,福建,设备集成商,B,7632.73,1929.37,1415.92,634.22,260.66,13082.09,11872.899999999998,1209.1900000000023,0.09243094948895798,2025-01
O002691,2025-02-27,C0031,P1011,35,457.76,已完成,刘洋,老客户复购,铝合金支架,机加工件,393,502.7,无锡智造,山东客户031,华东,上海,经销商,A,8963.88,2070.51,1835.77,565.23,170.04,16021.6,13605.43,2416.17,0.1508070355020722,2025-02
O002692,2025-10-10,C0045,P1011,27,471.0,已完成,李娜,展会线索,铝合金支架,机加工件,393,502.7,无锡智造,安徽客户045,华东,江苏,设备集成商,A,6754.96,1308.06,1128.81,591.92,117.07,12717.0,9900.82,2816.1800000000003,0.22145002752221438,2025-10
O002693,2025-04-12,C0068,P1015,57,85.46,已完成,赵磊,展会线索,传感器支架,配套耗材,70,84.31,苏州精工,四川客户068,西南,重庆,终端工厂,A,2504.45,628.07,417.03,85.01,69.77,4871.219999999999,3704.3300000000004,1166.889999999999,0.23954779295535802,2025-04
O002694,2025-08-09,C0026,P1004,12,677.24,已完成,刘洋,经销,减速电机C型,电机类,541,716.52,苏州精工,河南客户026,华中,湖北,经销商,B,5755.62,795.2,828.57,245.85,107.28,8126.88,7732.5199999999995,394.3600000000006,0.048525387356525576,2025-08
O002695,2025-01-16,C0091,P1007,9,955.74,已完成,张伟,展会线索,变频控制器A型,控制器类,780,1044.88,南通华科,广东客户091,华南,广东,经销商,A,4550.93,1024.69,1035.9,406.77,158.01,8601.66,7176.300000000001,1425.3599999999988,0.16570754947300856,2025-01
O002696,2025-05-18,C0060,P1013,40,160.18,已完成,张伟,经销,CNC定制件,机加工件,138,172.93,南通华科,广西客户060,华南,广东,设备集成商,A,3686.05,834.91,727.24,290.92,112.76,6407.200000000001,5651.88,755.3200000000006,0.11788612810588096,2025-05
O002697,2025-06-11,C0019,P1001,16,756.35,已完成,李娜,老客户复购,伺服电机A型,电机类,522,799.93,南通华科,湖北客户019,华中,河南,终端工厂,B,5438.43,1083.85,1025.11,303.68,233.1,12101.6,8084.170000000001,4017.4299999999994,0.3319751107291597,2025-06
O002698,2025-03-30,C0069,P1013,35,156.91,已完成,赵磊,老客户复购,CNC定制件,机加工件,138,172.93,南通华科,山东客户069,华东,安徽,设备集成商,B,3123.04,632.11,743.67,99.0,48.9,5491.849999999999,4646.719999999999,845.1300000000001,0.1538880340868742,2025-03
O002699,2025-09-17,C0011,P1014,44,36.11,已完成,张伟,经销,工业线缆,配套耗材,34,41.43,南通华科,上海客户011,华东,上海,经销商,A,993.21,232.94,179.01,51.43,12.68,1588.84,1469.2700000000002,119.56999999999971,0.075256161728053,2025-09
O002700,2025-12-04,C0079,P1002,17,959.44,已完成,陈敏,直销,伺服电机B型,电机类,690,1040.91,南通华科,安徽客户079,华东,浙江,经销商,A,7946.22,1694.62,1770.71,481.99,190.14,16310.480000000001,12083.679999999998,4226.800000000003,0.2591462666947878,2025-12
O002701,2025-06-02,C0066,P1012,3,378.94,退货,张伟,直销,不锈钢轴套,机加工件,315,371.9,南通华科,上海客户066,华东,山东,终端工厂,A,641.86,120.38,103.39,48.49,10.35,1136.82,924.47,212.3499999999999,0.18679298393765056,2025-06
O002702,2025-05-03,C0011,P1010,31,569.93,已完成,王强,展会线索,联轴器套件,传动部件,456,621.63,上海工控,上海客户011,华东,上海,经销商,A,9732.21,1778.95,2110.66,876.11,187.37,17667.829999999998,14685.300000000001,2982.529999999997,0.16881133676291868,2025-05
O002703,2025-07-29,C0116,P1015,112,83.12,已完成,王强,经销,传感器支架,配套耗材,70,84.31,苏州精工,北京客户116,华北,北京,终端工厂,A,5257.14,1149.05,1204.63,142.88,137.8,9309.44,7891.500000000001,1417.9399999999996,0.15231206173518488,2025-07
O002704,2025-12-02,C0036,P1014,72,41.96,已完成,陈敏,直销,工业线缆,配套耗材,34,41.43,南通华科,北京客户036,华北,河北,终端工厂,C,1677.46,349.92,277.02,70.66,51.38,3021.12,2426.44,594.6799999999998,0.19684090668361398,2025-12
O002705,2025-04-12,C0097,P1010,33,573.06,已完成,刘洋,展会线索,联轴器套件,传动部件,456,621.63,上海工控,上海客户097,华东,安徽,经销商,C,9429.23,2314.83,1781.84,459.23,238.01,18910.98,14223.14,4687.84,0.24788985023515442,2025-04
O002706,2025-05-15,C0114,P1005,3,1467.56,已完成,刘洋,展会线索,PLC控制器标准版,控制器类,980,1458.49,苏州精工,江苏客户114,华东,安徽,终端工厂,B,2086.77,461.83,433.11,158.6,68.09,4402.68,3208.4,1194.2800000000002,0.27126204947895377,2025-05
O002707,2025-07-26,C0120,P1004,3,641.06,已完成,陈敏,直销,减速电机C型,电机类,541,716.52,苏州精工,浙江客户120,华东,山东,经销商,C,1076.44,284.93,211.18,65.99,24.76,1923.1799999999998,1663.3000000000002,259.87999999999965,0.13513035701286394,2025-07
O002708,2025-03-08,C0094,P1013,10,172.03,已完成,张伟,经销,CNC定制件,机加工件,138,172.93,南通华科,安徽客户094,华东,安徽,终端工厂,A,899.23,184.75,144.11,69.05,16.07,1720.3,1313.21,407.0899999999999,0.236638958321223,2025-03
O002709,2025-05-18,C0054,P1002,7,1026.63,已完成,刘洋,展会线索,伺服电机B型,电机类,690,1040.91,南通华科,天津客户054,华北,北京,终端工厂,A,3182.58,846.2,647.16,132.21,122.13,7186.410000000001,4930.28,2256.130000000001,0.3139439581098213,2025-05
O002710,2025-03-16,C0075,P1007,15,989.26,已完成,张伟,直销,变频控制器A型,控制器类,780,1044.88,南通华科,江苏客户075,华东,上海,终端工厂,A,7553.67,1792.0,1528.01,346.23,99.96,14838.9,11319.869999999999,3519.0300000000007,0.23714898004569077,2025-03
O002711,2025-05-04,C0083,P1007,4,1057.64,已完成,李娜,展会线索,变频控制器A型,控制器类,780,1044.88,南通华科,浙江客户083,华东,山东,终端工厂,B,2000.31,392.62,363.6,211.13,46.67,4230.56,3014.33,1216.2300000000005,0.287486762981733,2025-05
O002712,2025-06-27,C0081,P1013,19,168.34,已完成,王强,经销,CNC定制件,机加工件,138,172.93,南通华科,安徽客户081,华东,江苏,经销商,B,1852.15,401.04,367.07,65.48,29.18,3198.46,2714.92,483.53999999999996,0.15117900489610625,2025-06
O002713,2025-08-24,C0120,P1013,16,151.16,已完成,张伟,直销,CNC定制件,机加工件,138,172.93,南通华科,浙江客户120,华东,山东,经销商,C,1481.67,381.69,226.48,79.19,13.94,2418.56,2182.9700000000003,235.5899999999997,0.09740920216988609,2025-08
O002714,2025-09-22,C0045,P1010,18,611.08,已完成,张伟,展会线索,联轴器套件,传动部件,456,621.63,上海工控,安徽客户045,华东,江苏,设备集成商,A,5463.92,1294.66,1187.56,218.32,82.48,10999.44,8246.939999999999,2752.500000000002,0.25024001221880404,2025-09
O002715,2025-09-23,C0069,P1012,42,349.62,已完成,刘洋,直销,不锈钢轴套,机加工件,315,371.9,南通华科,山东客户069,华东,安徽,设备集成商,B,8824.5,2379.84,1605.63,439.98,168.67,14684.04,13418.62,1265.42,0.08617655631556438,2025-09
O002716,2025-10-10,C0033,P1002,3,1036.06,已完成,李娜,展会线索,伺服电机B型,电机类,690,1040.91,南通华科,江苏客户033,华东,浙江,终端工厂,B,1300.11,344.55,238.44,123.17,37.69,3108.18,2043.96,1064.2199999999998,0.3423932976854622,2025-10
O002717,2025-12-10,C0102,P1001,5,805.41,已完成,李娜,直销,伺服电机A型,电机类,522,799.93,南通华科,北京客户102,华北,天津,终端工厂,C,1777.87,321.65,400.37,94.78,60.61,4027.0499999999997,2655.28,1371.7699999999995,0.3406389292410076,2025-12
O002718,2025-05-02,C0120,P1008,14,695.73,已完成,赵磊,经销,精密齿轮箱,传动部件,523,743.47,上海工控,浙江客户120,华东,山东,经销商,C,5123.95,1115.89,880.4,479.48,89.38,9740.220000000001,7689.099999999999,2051.1200000000017,0.21058251250998453,2025-05
O002719,2025-04-03,C0060,P1013,8,171.37,已完成,张伟,直销,CNC定制件,机加工件,138,172.93,南通华科,广西客户060,华南,广东,设备集成商,A,789.21,142.83,136.18,27.21,6.9,1370.96,1102.3300000000002,268.6299999999999,0.1959429888545252,2025-04
O002720,2025-01-25,C0021,P1009,36,658.74,已完成,王强,展会线索,同步带轮组件,传动部件,565,711.1,南通华科,山东客户021,华东,江苏,经销商,A,13140.17,2547.23,3237.74,987.9,119.89,23714.64,20032.93,3681.709999999999,0.15525051192006284,2025-01
O002721,2025-01-02,C0033,P1003,10,1634.53,已完成,张伟,直销,步进电机A型,电机类,1120,1636.22,常州机电,江苏客户033,华东,浙江,终端工厂,B,7194.48,1794.32,1387.83,721.06,205.51,16345.3,11303.199999999999,5042.1,0.3084739955828281,2025-01
O002722,2025-10-16,C0081,P1012,34,363.3,已完成,李娜,经销,不锈钢轴套,机加工件,315,371.9,南通华科,安徽客户081,华东,江苏,经销商,B,7340.26,1668.86,1481.09,284.76,130.93,12352.2,10905.900000000001,1446.2999999999993,0.11708845387866122,2025-10
O002723,2025-03-01,C0079,P1013,43,153.59,已完成,李娜,经销,CNC定制件,机加工件,138,172.93,南通华科,安徽客户079,华东,浙江,经销商,A,3709.12,921.3,756.91,274.91,53.47,6604.37,5715.71,888.6599999999999,0.13455636192399878,2025-03
O002724,2025-08-03,C0015,P1011,38,453.94,已完成,陈敏,直销,铝合金支架,机加工件,393,502.7,无锡智造,北京客户015,华北,河北,经销商,C,9911.42,1954.04,2043.55,770.74,284.3,17249.72,14964.049999999997,2285.6700000000037,0.13250475949754567,2025-08
O002725,2025-12-26,C0091,P1007,13,952.34,退货,王强,经销,变频控制器A型,控制器类,780,1044.88,南通华科,广东客户091,华南,广东,经销商,A,7244.22,1808.0,1483.71,309.98,102.62,12380.42,10948.53,1431.8899999999994,0.11565762712412013,2025-12
O002726,2025-02-26,C0053,P1012,15,367.85,已完成,张伟,经销,不锈钢轴套,机加工件,315,371.9,南通华科,河北客户053,华北,河北,终端工厂,A,3140.97,848.77,589.49,121.21,105.75,5517.75,4806.19,711.5600000000004,0.12895836165103536,2025-02
O002727,2025-09-15,C0104,P1001,11,785.88,已取消,张伟,经销,伺服电机A型,电机类,522,799.93,南通华科,安徽客户104,华东,安徽,终端工厂,B,3781.63,927.07,845.73,384.78,149.72,8644.68,6088.93,2555.75,0.2956442575086643,2025-09
O002728,2025-07-03,C0076,P1003,7,1424.83,已完成,张伟,展会线索,步进电机A型,电机类,1120,1636.22,常州机电,浙江客户076,华东,浙江,经销商,A,5516.42,1254.86,973.96,382.55,175.05,9973.81,8302.84,1670.9699999999993,0.16753577619786214,2025-07
O002729,2025-08-26,C0021,P1007,15,1005.7,已完成,王强,老客户复购,变频控制器A型,控制器类,780,1044.88,南通华科,山东客户021,华东,江苏,经销商,A,10058.76,1612.15,1411.28,517.36,87.29,15085.5,13686.840000000002,1398.659999999998,0.09271552152729429,2025-08
O002730,2025-07-23,C0097,P1001,3,752.71,已完成,李娜,经销,伺服电机A型,电机类,522,799.93,南通华科,上海客户097,华东,安徽,经销商,C,992.66,200.4,175.17,79.47,20.96,2258.13,1468.66,789.47,0.34961228981502396,2025-07
O002731,2025-05-10,C0115,P1004,6,632.76,已取消,陈敏,展会线索,减速电机C型,电机类,541,716.52,苏州精工,重庆客户115,西南,四川,经销商,B,2132.0,570.97,489.6,170.19,51.88,3796.56,3414.6400000000003,381.9199999999996,0.1005963293086372,2025-05
O002732,2025-01-20,C0061,P1006,8,2464.12,已完成,李娜,直销,PLC控制器增强版,控制器类,1773,2443.12,苏州精工,江苏客户061,华东,山东,终端工厂,A,10023.08,2364.67,2229.64,340.11,107.06,19712.96,15064.56,4648.4,0.23580426277941008,2025-01
O002733,2025-04-17,C0021,P1005,11,1388.88,已完成,李娜,直销,PLC控制器标准版,控制器类,980,1458.49,苏州精工,山东客户021,华东,江苏,经销商,A,6872.28,1894.53,1469.68,457.02,193.88,15277.68,10887.39,4390.290000000001,0.28736627550779964,2025-04
O002734,2025-11-11,C0033,P1008,35,737.18,已完成,王强,直销,精密齿轮箱,传动部件,523,743.47,上海工控,江苏客户033,华东,浙江,终端工厂,B,12867.69,3217.04,2631.93,1073.2,253.0,25801.3,20042.86,5758.439999999999,0.2231841031265866,2025-11
O002735,2025-02-11,C0063,P1006,13,2495.13,已完成,陈敏,经销,PLC控制器增强版,控制器类,1773,2443.12,苏州精工,福建客户063,华南,广东,终端工厂,A,15366.85,3990.07,3391.8,1263.39,193.93,32436.690000000002,24206.04,8230.650000000001,0.2537450646166425,2025-02
O002736,2025-05-03,C0049,P1014,30,36.22,已完成,王强,老客户复购,工业线缆,配套耗材,34,41.43,南通华科,江苏客户049,华东,山东,经销商,C,636.43,130.38,137.58,36.7,20.8,1086.6,961.89,124.70999999999992,0.1147708448371065,2025-05
O002737,2025-09-26,C0074,P1014,15,39.97,已完成,李娜,展会线索,工业线缆,配套耗材,34,41.43,南通华科,安徽客户074,华东,浙江,终端工厂,B,351.63,70.2,55.94,26.82,7.13,599.55,511.71999999999997,87.82999999999998,0.14649320323576015,2025-09
O002738,2025-04-26,C0111,P1002,15,965.23,已完成,赵磊,展会线索,伺服电机B型,电机类,690,1040.91,南通华科,广东客户111,华南,广东,经销商,A,7093.34,1592.95,1101.73,246.09,154.27,14478.45,10188.380000000001,4290.07,0.29630727046058103,2025-04
O002739,2025-05-27,C0040,P1004,15,705.09,退货,张伟,经销,减速电机C型,电机类,541,716.52,苏州精工,浙江客户040,华东,江苏,终端工厂,A,5324.7,1301.87,1119.32,517.32,189.02,10576.35,8452.23,2124.120000000001,0.2008367726105888,2025-05
O002740,2025-06-03,C0064,P1001,1,761.54,已完成,张伟,老客户复购,伺服电机A型,电机类,522,799.93,南通华科,江苏客户064,华东,浙江,经销商,B,349.56,78.3,73.31,14.46,15.23,761.54,530.86,230.67999999999995,0.3029125193686477,2025-06
O002741,2025-08-10,C0107,P1010,44,577.53,退货,刘洋,展会线索,联轴器套件,传动部件,456,621.63,上海工控,安徽客户107,华东,安徽,经销商,B,13480.62,3503.06,3170.94,898.48,166.45,25411.32,21219.55,4191.77,0.1649567987810157,2025-08
O002742,2025-12-25,C0087,P1012,15,363.92,已完成,刘洋,经销,不锈钢轴套,机加工件,315,371.9,南通华科,山东客户087,华东,江苏,终端工厂,A,3200.41,736.43,696.24,91.1,65.48,5458.8,4789.66,669.1400000000003,0.12258005422437171,2025-12
O002743,2025-08-13,C0099,P1010,6,579.56,已完成,刘洋,老客户复购,联轴器套件,传动部件,456,621.63,上海工控,广西客户099,华南,福建,设备集成商,B,1948.79,491.05,305.02,158.12,25.02,3477.3599999999997,2928.0,549.3599999999997,0.15798191731658492,2025-08
O002744,2025-04-27,C0010,P1015,16,73.01,退货,刘洋,展会线索,传感器支架,配套耗材,70,84.31,苏州精工,河北客户010,华北,河北,经销商,B,788.61,153.03,176.49,45.96,12.83,1168.16,1176.92,-8.759999999999991,-0.007498972743459792,2025-04
O002745,2025-01-04,C0097,P1013,28,151.02,已完成,张伟,展会线索,CNC定制件,机加工件,138,172.93,南通华科,上海客户097,华东,安徽,经销商,C,2504.25,518.22,544.23,196.01,69.03,4228.56,3831.7400000000002,396.82000000000016,0.09384282119681407,2025-01
O002746,2025-11-03,C0078,P1001,7,732.49,已完成,刘洋,经销,伺服电机A型,电机类,522,799.93,南通华科,四川客户078,西南,云南,设备集成商,A,2570.51,609.79,580.07,212.91,41.81,5127.43,4015.09,1112.3400000000001,0.21693909034350545,2025-11
O002747,2025-09-22,C0023,P1006,7,2236.1,已完成,刘洋,直销,PLC控制器增强版,控制器类,1773,2443.12,苏州精工,江苏客户023,华东,浙江,设备集成商,B,8677.27,1729.15,1982.63,441.15,147.01,15652.699999999999,12977.21,2675.49,0.17092833824196466,2025-09
O002748,2025-06-02,C0056,P1013,35,170.7,已完成,赵磊,直销,CNC定制件,机加工件,138,172.93,南通华科,山东客户056,华东,山东,设备集成商,A,3110.14,770.44,514.65,289.01,56.25,5974.5,4740.49,1234.0100000000002,0.2065461544899155,2025-06
O002749,2025-01-11,C0085,P1011,7,500.67,已完成,刘洋,展会线索,铝合金支架,机加工件,393,502.7,无锡智造,浙江客户085,华东,山东,终端工厂,A,1786.88,337.72,315.71,103.96,36.95,3504.69,2581.2200000000003,923.4699999999998,0.2634954874753544,2025-01
O002750,2025-04-21,C0074,P1009,42,694.19,已完成,赵磊,直销,同步带轮组件,传动部件,565,711.1,南通华科,安徽客户074,华东,浙江,终端工厂,B,15360.48,2905.61,2800.97,1231.59,337.68,29155.980000000003,22636.33,6519.6500000000015,0.22361278886869865,2025-04
O002751,2025-02-02,C0034,P1005,9,1285.62,已完成,王强,展会线索,PLC控制器标准版,控制器类,980,1458.49,苏州精工,广东客户034,华南,广东,经销商,A,5724.86,1219.7,1175.41,295.98,167.33,11570.579999999998,8583.279999999999,2987.2999999999993,0.2581806616435822,2025-02
O002752,2025-06-23,C0062,P1008,32,686.29,已完成,李娜,展会线索,精密齿轮箱,传动部件,523,743.47,上海工控,浙江客户062,华东,上海,经销商,C,12032.27,2049.67,1843.04,467.09,257.08,21961.28,16649.15,5312.129999999997,0.24188617421206768,2025-06
O002753,2025-07-01,C0109,P1004,2,639.67,已完成,张伟,经销,减速电机C型,电机类,541,716.52,苏州精工,浙江客户109,华东,安徽,经销商,B,675.32,160.84,168.51,19.71,13.4,1279.34,1037.7800000000002,241.55999999999972,0.188816108305845,2025-07
O002754,2025-02-24,C0107,P1007,6,976.94,已取消,赵磊,展会线索,变频控制器A型,控制器类,780,1044.88,南通华科,安徽客户107,华东,安徽,经销商,B,3257.7,604.98,489.78,217.33,30.18,5861.64,4599.97,1261.67,0.2152418094594687,2025-02
O002755,2025-08-20,C0085,P1004,7,718.74,已完成,王强,经销,减速电机C型,电机类,541,716.52,苏州精工,浙江客户085,华东,山东,终端工厂,A,3175.53,469.63,497.84,205.8,43.42,5031.18,4392.22,638.96,0.1270000278264741,2025-08
O002756,2025-03-06,C0097,P1005,5,1372.26,已完成,刘洋,直销,PLC控制器标准版,控制器类,980,1458.49,苏州精工,上海客户097,华东,安徽,经销商,C,3124.06,839.28,697.5,150.49,108.01,6861.3,4919.34,1941.96,0.28303091250929124,2025-03
O002757,2025-03-20,C0114,P1012,23,376.69,已完成,陈敏,老客户复购,不锈钢轴套,机加工件,315,371.9,南通华科,江苏客户114,华东,安徽,终端工厂,B,5005.29,1303.11,894.71,392.21,101.34,8663.87,7696.66,967.210000000001,0.11163717830484539,2025-03
O002758,2025-05-07,C0091,P1001,3,727.63,已完成,李娜,老客户复购,伺服电机A型,电机类,522,799.93,南通华科,广东客户091,华南,广东,经销商,A,1111.51,196.53,173.07,97.68,37.74,2182.89,1616.53,566.3599999999999,0.2594542097861092,2025-05
O002759,2025-11-27,C0031,P1003,8,1547.7,已完成,李娜,直销,步进电机A型,电机类,1120,1636.22,常州机电,山东客户031,华东,上海,经销商,A,5828.87,1396.04,1101.74,190.2,66.76,12381.6,8583.61,3797.99,0.3067446856625961,2025-11
O002760,2025-08-01,C0081,P1010,3,586.7,已完成,刘洋,经销,联轴器套件,传动部件,456,621.63,上海工控,安徽客户081,华东,江苏,经销商,B,855.58,212.92,159.72,35.27,33.65,1760.1000000000001,1297.14,462.96000000000004,0.26303050963013463,2025-08
O002761,2025-07-14,C0105,P1001,2,795.63,已完成,刘洋,经销,伺服电机A型,电机类,522,799.93,南通华科,安徽客户105,华东,安徽,设备集成商,B,659.95,167.5,160.41,32.99,13.08,1591.26,1033.93,557.3299999999999,0.3502444603647424,2025-07
O002762,2025-06-22,C0082,P1005,9,1398.77,已完成,陈敏,老客户复购,PLC控制器标准版,控制器类,980,1458.49,苏州精工,河北客户082,华北,河北,经销商,A,5974.5,1327.47,1157.73,433.23,242.32,12588.93,9135.25,3453.6800000000003,0.27434261688642325,2025-06
O002763,2025-12-19,C0031,P1005,5,1354.75,已完成,刘洋,直销,PLC控制器标准版,控制器类,980,1458.49,苏州精工,山东客户031,华东,上海,经销商,A,3064.38,811.57,558.36,190.2,42.94,6773.75,4667.45,2106.3,0.31095035984498987,2025-12
O002764,2025-05-21,C0119,P1016,42,93.96,已完成,陈敏,直销,密封圈套装,配套耗材,83,101.3,苏州精工,北京客户119,华北,北京,设备集成商,A,2316.67,586.53,369.25,97.26,41.81,3946.3199999999997,3411.52,534.7999999999997,0.13551866042287491,2025-05
O002765,2025-01-29,C0010,P1009,38,643.94,已取消,张伟,经销,同步带轮组件,传动部件,565,711.1,南通华科,河北客户010,华北,河北,经销商,B,13534.47,3558.42,3160.75,1082.94,336.67,24469.72,21673.249999999996,2796.470000000005,0.11428287695976924,2025-01
O002766,2025-05-26,C0062,P1012,25,342.42,已取消,李娜,直销,不锈钢轴套,机加工件,315,371.9,南通华科,浙江客户062,华东,上海,经销商,C,5281.95,1069.06,1097.06,261.61,167.46,8560.5,7877.139999999999,683.3600000000006,0.07982711290228381,2025-05
O002767,2025-07-30,C0108,P1014,75,39.3,已完成,赵磊,经销,工业线缆,配套耗材,34,41.43,南通华科,湖北客户108,华中,湖南,终端工厂,A,1827.89,444.5,310.09,82.17,52.44,2947.5,2717.0900000000006,230.4099999999994,0.07817133163698028,2025-07
O002768,2025-09-19,C0100,P1001,9,752.46,已完成,张伟,展会线索,伺服电机A型,电机类,522,799.93,南通华科,福建客户100,华南,广东,设备集成商,A,3255.31,762.31,548.62,299.11,92.72,6772.14,4958.07,1814.0700000000006,0.2678724893460561,2025-09
O002769,2025-06-13,C0083,P1016,29,102.61,已完成,王强,经销,密封圈套装,配套耗材,83,101.3,苏州精工,浙江客户083,华东,山东,终端工厂,B,1599.9,413.82,297.63,112.74,35.67,2975.69,2459.7599999999998,515.9300000000003,0.17338163585588562,2025-06
O002770,2025-02-04,C0050,P1007,8,1052.6,已完成,李娜,展会线索,变频控制器A型,控制器类,780,1044.88,南通华科,广东客户050,华南,广西,终端工厂,A,4238.67,763.98,796.64,290.33,104.34,8420.8,6193.96,2226.8399999999992,0.2644451833555006,2025-02
O002771,2025-04-14,C0119,P1002,14,968.54,已完成,李娜,老客户复购,伺服电机B型,电机类,690,1040.91,南通华科,北京客户119,华北,北京,设备集成商,A,6807.8,1339.53,1478.41,394.87,209.06,13559.56,10229.67,3329.8899999999994,0.2455750776573871,2025-04
O002772,2025-07-20,C0075,P1008,26,720.74,已完成,陈敏,经销,精密齿轮箱,传动部件,523,743.47,上海工控,江苏客户075,华东,上海,终端工厂,A,8548.69,1795.06,1980.82,289.17,365.94,18739.24,12979.68,5759.560000000001,0.3073529129249639,2025-07
O002773,2025-03-10,C0053,P1003,17,1643.17,已完成,陈敏,直销,步进电机A型,电机类,1120,1636.22,常州机电,河北客户053,华北,河北,终端工厂,A,12167.76,3314.45,2493.42,970.99,174.92,27933.89,19121.539999999997,8812.350000000002,0.3154716367824174,2025-03
O002774,2025-12-30,C0052,P1012,41,375.8,已取消,王强,展会线索,不锈钢轴套,机加工件,315,371.9,南通华科,广西客户052,华南,广西,终端工厂,A,8478.98,1670.85,1699.04,528.11,241.06,15407.800000000001,12618.039999999999,2789.760000000002,0.18106154025883006,2025-12
O002775,2025-03-18,C0069,P1003,8,1543.41,已完成,陈敏,展会线索,步进电机A型,电机类,1120,1636.22,常州机电,山东客户069,华东,安徽,设备集成商,B,6342.14,1326.89,1021.45,329.36,218.63,12347.28,9238.470000000001,3108.8099999999995,0.25178095904523096,2025-03
O002776,2025-09-05,C0069,P1006,10,2360.1,已完成,赵磊,展会线索,PLC控制器增强版,控制器类,1773,2443.12,苏州精工,山东客户069,华东,安徽,设备集成商,B,11251.22,2794.88,1786.92,556.95,327.37,23601.0,16717.339999999997,6883.6600000000035,0.2916681496546758,2025-09
O002777,2025-10-21,C0097,P1014,100,36.67,已完成,陈敏,直销,工业线缆,配套耗材,34,41.43,南通华科,上海客户097,华东,安徽,经销商,C,2263.18,508.68,474.75,85.11,33.78,3667.0,3365.5,301.5,0.08221979820016362,2025-10
O002778,2025-10-04,C0009,P1012,30,380.18,已完成,陈敏,直销,不锈钢轴套,机加工件,315,371.9,南通华科,安徽客户009,华东,浙江,终端工厂,A,6505.81,1439.21,953.27,438.67,163.11,11405.4,9500.070000000002,1905.329999999998,0.16705507917302315,2025-10
O002779,2025-12-19,C0031,P1009,31,676.21,已完成,王强,经销,同步带轮组件,传动部件,565,711.1,南通华科,山东客户031,华东,上海,经销商,A,10996.98,2887.37,2300.18,464.66,280.7,20962.510000000002,16929.89,4032.6200000000026,0.19237295533788665,2025-12
O002780,2025-05-27,C0017,P1002,3,1071.22,已完成,李娜,老客户复购,伺服电机B型,电机类,690,1040.91,南通华科,广西客户017,华南,广西,终端工厂,B,1406.66,362.68,299.17,82.16,21.76,3213.66,2172.4300000000003,1041.2299999999996,0.3240012944742131,2025-05
O002781,2025-10-18,C0100,P1005,3,1353.87,已完成,王强,展会线索,PLC控制器标准版,控制器类,980,1458.49,苏州精工,福建客户100,华南,广东,设备集成商,A,2073.64,502.05,324.92,69.76,63.68,4061.6099999999997,3034.05,1027.5599999999995,0.2529932711412468,2025-10
O002782,2025-02-19,C0081,P1012,10,334.39,已完成,赵磊,展会线索,不锈钢轴套,机加工件,315,371.9,南通华科,安徽客户081,华东,江苏,经销商,B,2180.61,411.48,441.29,82.8,29.79,3343.8999999999996,3145.9700000000003,197.92999999999938,0.05919136337809127,2025-02
O002783,2025-11-06,C0003,P1005,11,1419.29,已完成,李娜,展会线索,PLC控制器标准版,控制器类,980,1458.49,苏州精工,上海客户003,华东,安徽,终端工厂,A,7033.43,1630.19,1598.32,506.66,147.86,15612.189999999999,10916.460000000001,4695.729999999998,0.3007733059871804,2025-11
O002784,2025-08-01,C0049,P1003,13,1559.12,已完成,李娜,直销,步进电机A型,电机类,1120,1636.22,常州机电,江苏客户049,华东,山东,经销商,C,12518.53,1795.33,2152.34,860.47,178.43,20268.559999999998,17505.100000000002,2763.4599999999955,0.13634219697896624,2025-08
O002785,2025-06-14,C0028,P1012,38,334.08,已完成,赵磊,老客户复购,不锈钢轴套,机加工件,315,371.9,南通华科,广东客户028,华南,广东,经销商,B,8468.42,1837.78,1230.05,586.25,129.93,12695.039999999999,12252.43,442.60999999999876,0.034864797590239874,2025-06
O002786,2025-09-13,C0009,P1001,12,762.57,已完成,陈敏,展会线索,伺服电机A型,电机类,522,799.93,南通华科,安徽客户009,华东,浙江,终端工厂,A,4098.01,993.45,874.95,250.42,65.42,9150.84,6282.25,2868.59,0.3134783254870591,2025-09
O002787,2025-01-31,C0003,P1002,1,1054.86,退货,王强,展会线索,伺服电机B型,电机类,690,1040.91,南通华科,上海客户003,华东,安徽,终端工厂,A,465.91,108.68,104.61,33.71,15.49,1054.86,728.4000000000001,326.4599999999998,0.3094818269722995,2025-01
O002788,2025-07-23,C0016,P1003,9,1678.86,已完成,刘洋,直销,步进电机A型,电机类,1120,1636.22,常州机电,北京客户016,华北,天津,终端工厂,B,6304.44,1750.61,1205.9,560.99,283.17,15109.74,10105.109999999999,5004.630000000001,0.33121880323552894,2025-07
O002789,2025-10-06,C0083,P1013,28,167.32,已完成,张伟,直销,CNC定制件,机加工件,138,172.93,南通华科,浙江客户083,华东,山东,终端工厂,B,2708.87,611.53,549.52,221.28,80.49,4684.96,4171.69,513.2700000000004,0.10955696526757976,2025-10
O002790,2025-07-18,C0120,P1006,5,2332.06,已完成,赵磊,经销,PLC控制器增强版,控制器类,1773,2443.12,苏州精工,浙江客户120,华东,山东,经销商,C,6036.94,1414.16,964.83,366.78,110.95,11660.3,8893.660000000002,2766.6399999999976,0.23727005308611251,2025-07
O002791,2025-10-03,C0115,P1013,4,157.32,已完成,陈敏,老客户复购,CNC定制件,机加工件,138,172.93,南通华科,重庆客户115,西南,四川,经销商,B,366.08,88.17,60.14,9.82,6.89,629.28,531.1,98.17999999999995,0.156019577930333,2025-10
O002792,2025-09-03,C0028,P1001,3,721.17,已完成,刘洋,老客户复购,伺服电机A型,电机类,522,799.93,南通华科,广东客户028,华南,广东,经销商,B,1021.37,227.42,244.1,86.0,21.44,2163.5099999999998,1600.33,563.1799999999998,0.26030848020115455,2025-09
O002793,2025-10-22,C0115,P1002,6,954.59,已完成,陈敏,老客户复购,伺服电机B型,电机类,690,1040.91,南通华科,重庆客户115,西南,四川,经销商,B,2641.02,650.43,577.34,182.86,46.92,5727.54,4098.57,1628.9700000000003,0.2844100608638264,2025-10
O002794,2025-03-08,C0049,P1013,24,149.55,已完成,刘洋,展会线索,CNC定制件,机加工件,138,172.93,南通华科,江苏客户049,华东,山东,经销商,C,2062.9,450.23,422.05,152.82,63.91,3589.2000000000003,3151.9100000000003,437.28999999999996,0.12183494929232139,2025-03
O002795,2025-11-09,C0046,P1007,10,987.76,已取消,刘洋,经销,变频控制器A型,控制器类,780,1044.88,南通华科,湖南客户046,华中,湖南,终端工厂,C,5158.09,1308.59,1244.89,395.91,157.34,9877.6,8264.82,1612.7800000000007,0.16327650441402775,2025-11
O002796,2025-05-27,C0066,P1012,29,378.72,已完成,张伟,老客户复购,不锈钢轴套,机加工件,315,371.9,南通华科,上海客户066,华东,山东,终端工厂,A,6494.56,1281.54,919.64,544.14,135.72,10982.880000000001,9375.599999999999,1607.2800000000025,0.14634412831607033,2025-05
O002797,2025-01-10,C0107,P1008,6,671.8,已完成,刘洋,直销,精密齿轮箱,传动部件,523,743.47,上海工控,安徽客户107,华东,安徽,经销商,B,2192.11,529.54,388.64,136.82,52.8,4030.7999999999997,3299.9100000000003,730.8899999999994,0.18132628758559083,2025-01
O002798,2025-11-05,C0014,P1006,12,2442.86,已完成,刘洋,经销,PLC控制器增强版,控制器类,1773,2443.12,苏州精工,江苏客户014,华东,上海,设备集成商,B,13659.65,2703.29,2821.5,562.98,298.75,29314.32,20046.17,9268.150000000001,0.3161645912304976,2025-11
O002799,2025-11-28,C0040,P1012,37,372.76,已完成,陈敏,经销,不锈钢轴套,机加工件,315,371.9,南通华科,浙江客户040,华东,江苏,终端工厂,A,7442.98,1892.95,1775.3,485.86,153.81,13792.119999999999,11750.9,2041.2199999999993,0.147999002328866,2025-11
O002800,2025-02-28,C0107,P1003,2,1540.44,已完成,赵磊,经销,步进电机A型,电机类,1120,1636.22,常州机电,安徽客户107,华东,安徽,经销商,B,1612.05,271.65,264.9,76.26,31.87,3080.88,2256.73,824.1500000000001,0.2675047389057672,2025-02
O002801,2025-07-23,C0066,P1011,19,490.11,已完成,张伟,展会线索,铝合金支架,机加工件,393,502.7,无锡智造,上海客户066,华东,山东,终端工厂,A,4801.73,1014.44,862.14,304.52,101.18,9312.09,7084.01,2228.08,0.2392674469426305,2025-07
O002802,2025-02-08,C0026,P1002,13,996.51,已完成,赵磊,直销,伺服电机B型,电机类,690,1040.91,南通华科,河南客户026,华中,湖北,经销商,B,6134.83,1353.25,995.72,561.6,156.53,12954.63,9201.93,3752.699999999999,0.2896802147185986,2025-02
O002803,2025-09-22,C0062,P1013,16,165.27,已完成,李娜,展会线索,CNC定制件,机加工件,138,172.93,南通华科,浙江客户062,华东,上海,经销商,C,1402.79,287.07,326.38,104.73,33.31,2644.32,2154.2799999999997,490.0400000000004,0.1853179645428694,2025-09
O002804,2025-06-10,C0034,P1014,54,37.92,已完成,陈敏,老客户复购,工业线缆,配套耗材,34,41.43,南通华科,广东客户034,华南,广东,经销商,A,1194.52,271.05,253.72,93.73,27.31,2047.68,1840.33,207.35000000000014,0.10126093920925151,2025-06
O002805,2025-10-11,C0019,P1007,13,1027.47,已完成,赵磊,展会线索,变频控制器A型,控制器类,780,1044.88,南通华科,湖北客户019,华中,河南,终端工厂,B,6567.41,1242.8,1120.75,504.31,98.93,13357.11,9534.199999999999,3822.9100000000017,0.2862078698161505,2025-10
O002806,2025-01-17,C0014,P1005,13,1417.04,已完成,刘洋,展会线索,PLC控制器标准版,控制器类,980,1458.49,苏州精工,江苏客户014,华东,上海,设备集成商,B,8512.28,2063.08,1509.61,707.73,252.67,18421.52,13045.37,5376.15,0.29184073844069325,2025-01
O002807,2025-03-19,C0103,P1010,38,619.9,已完成,刘洋,直销,联轴器套件,传动部件,456,621.63,上海工控,上海客户103,华东,上海,终端工厂,A,11503.95,3012.21,2452.32,650.64,401.96,23556.2,18021.079999999998,5535.120000000003,0.23497508087042912,2025-03
O002808,2025-08-27,C0113,P1003,1,1534.54,已完成,赵磊,老客户复购,步进电机A型,电机类,1120,1636.22,常州机电,安徽客户113,华东,浙江,经销商,B,1003.35,187.6,155.07,43.39,15.7,1534.54,1405.1100000000001,129.42999999999984,0.08434449411550031,2025-08
O002809,2025-07-01,C0080,P1008,28,749.85,已完成,王强,经销,精密齿轮箱,传动部件,523,743.47,上海工控,广西客户080,华南,广东,终端工厂,B,9270.97,2477.69,1789.79,778.17,262.15,20995.8,14578.77,6417.029999999999,0.305633983939645,2025-07
O002810,2025-10-20,C0061,P1004,1,735.22,已取消,陈敏,老客户复购,减速电机C型,电机类,541,716.52,苏州精工,江苏客户061,华东,山东,终端工厂,A,363.52,88.88,74.44,17.47,4.49,735.22,548.8,186.42000000000007,0.25355675852125903,2025-10
O002811,2025-01-28,C0006,P1004,10,648.41,已完成,李娜,展会线索,减速电机C型,电机类,541,716.52,苏州精工,福建客户006,华南,广东,经销商,B,3808.77,936.44,594.4,167.5,59.88,6484.099999999999,5566.99,917.1099999999997,0.1414398297373575,2025-01
O002812,2025-03-22,C0072,P1001,3,726.53,已完成,张伟,展会线索,伺服电机A型,电机类,522,799.93,南通华科,云南客户072,西南,云南,设备集成商,A,1117.72,207.16,172.25,46.57,34.76,2179.59,1578.46,601.1300000000001,0.2757995769846623,2025-03
O002813,2025-05-10,C0117,P1015,13,80.25,已完成,刘洋,老客户复购,传感器支架,配套耗材,70,84.31,苏州精工,上海客户117,华东,安徽,经销商,B,645.01,130.68,98.43,37.04,8.5,1043.25,919.6600000000001,123.58999999999992,0.11846633117661147,2025-05
O002814,2025-01-05,C0101,P1011,40,507.1,已完成,李娜,经销,铝合金支架,机加工件,393,502.7,无锡智造,湖南客户101,华中,河南,终端工厂,A,9847.25,2722.29,2393.38,997.1,245.64,20284.0,16205.660000000002,4078.3399999999983,0.20106192072569504,2025-01
O002815,2025-08-12,C0083,P1003,17,1557.65,已完成,刘洋,经销,步进电机A型,电机类,1120,1636.22,常州机电,浙江客户083,华东,山东,终端工厂,B,16590.49,3164.2,2110.2,622.68,233.96,26480.050000000003,22721.530000000002,3758.5200000000004,0.14193779845581864,2025-08
O002816,2025-06-30,C0090,P1001,1,784.53,已完成,李娜,直销,伺服电机A型,电机类,522,799.93,南通华科,河北客户090,华北,北京,终端工厂,B,361.74,66.83,55.11,34.91,13.36,784.53,531.95,252.57999999999993,0.32195072208838404,2025-06
O002817,2025-03-12,C0023,P1010,43,590.89,已完成,李娜,经销,联轴器套件,传动部件,456,621.63,上海工控,江苏客户023,华东,浙江,设备集成商,B,13472.65,2583.67,2525.84,917.12,482.3,25408.27,19981.579999999998,5426.690000000002,0.21357967307494774,2025-03
O002818,2025-02-14,C0024,P1007,6,984.82,已完成,刘洋,经销,变频控制器A型,控制器类,780,1044.88,南通华科,广东客户024,华南,广西,终端工厂,B,2980.89,706.34,512.3,180.43,47.28,5908.92,4427.24,1481.6800000000003,0.2507530987050087,2025-02
O002819,2025-06-17,C0105,P1003,8,1554.31,已完成,李娜,老客户复购,步进电机A型,电机类,1120,1636.22,常州机电,安徽客户105,华东,安徽,设备集成商,B,6304.42,1212.15,1120.24,363.99,223.75,12434.48,9224.55,3209.9300000000003,0.2581475059672781,2025-06
O002820,2025-01-20,C0098,P1009,10,705.43,退货,陈敏,展会线索,同步带轮组件,传动部件,565,711.1,南通华科,福建客户098,华南,广西,设备集成商,C,3931.16,697.52,587.74,241.91,80.53,7054.299999999999,5538.86,1515.4399999999996,0.21482500035439375,2025-01
O002821,2025-09-22,C0014,P1005,9,1400.25,已完成,赵磊,直销,PLC控制器标准版,控制器类,980,1458.49,苏州精工,江苏客户014,华东,上海,设备集成商,B,5711.47,1477.86,950.07,618.67,67.57,12602.25,8825.64,3776.6100000000006,0.29967743855263945,2025-09
O002822,2025-07-27,C0093,P1002,6,1012.59,已完成,李娜,直销,伺服电机B型,电机类,690,1040.91,南通华科,湖北客户093,华中,湖南,终端工厂,B,2615.75,574.13,540.47,137.09,97.47,6075.54,3964.9100000000003,2110.6299999999997,0.34739792676864933,2025-07
O002823,2025-12-22,C0049,P1016,68,96.77,已完成,陈敏,直销,密封圈套装,配套耗材,83,101.3,苏州精工,江苏客户049,华东,山东,经销商,C,3701.08,690.33,861.63,316.09,93.96,6580.36,5663.09,917.2699999999995,0.1393951090821778,2025-12
O002824,2025-10-12,C0024,P1004,14,717.37,已完成,王强,直销,减速电机C型,电机类,541,716.52,苏州精工,广东客户024,华南,广西,终端工厂,B,5306.75,963.92,879.56,264.97,194.95,10043.18,7610.15,2433.0300000000007,0.24225693455658473,2025-10
O002825,2025-10-06,C0026,P1008,7,649.72,已完成,陈敏,展会线索,精密齿轮箱,传动部件,523,743.47,上海工控,河南客户026,华中,湖北,经销商,B,2457.34,440.95,449.61,69.45,38.96,4548.04,3456.31,1091.73,0.24004406293700145,2025-10
O002826,2025-12-17,C0025,P1013,41,153.18,已完成,张伟,直销,CNC定制件,机加工件,138,172.93,南通华科,广东客户025,华南,福建,经销商,B,3765.23,788.75,576.91,119.78,83.3,6280.38,5333.969999999999,946.4100000000008,0.15069311092640902,2025-12
O002827,2025-07-31,C0065,P1002,13,957.66,已完成,张伟,直销,伺服电机B型,电机类,690,1040.91,南通华科,安徽客户065,华东,山东,经销商,B,6185.36,1294.13,1290.68,257.91,85.04,12449.58,9113.12,3336.459999999999,0.26799779590958084,2025-07
O002828,2025-02-12,C0098,P1006,10,2255.63,已完成,赵磊,直销,PLC控制器增强版,控制器类,1773,2443.12,苏州精工,福建客户098,华南,广西,设备集成商,C,12480.95,2488.46,2232.83,1086.43,256.28,22556.300000000003,18544.949999999997,4011.350000000006,0.17783723394351048,2025-02
O002829,2025-04-04,C0009,P1005,4,1449.01,已完成,赵磊,老客户复购,PLC控制器标准版,控制器类,980,1458.49,苏州精工,安徽客户009,华东,浙江,终端工厂,A,2431.77,691.01,395.32,221.29,57.05,5796.04,3796.44,1999.6,0.34499416843223996,2025-04
O002830,2025-01-19,C0029,P1003,3,1637.08,已取消,陈敏,老客户复购,步进电机A型,电机类,1120,1636.22,常州机电,云南客户029,西南,四川,终端工厂,B,2241.25,513.53,418.35,206.78,93.12,4911.24,3473.0299999999997,1438.21,0.2928405046383398,2025-01
O002831,2025-12-17,C0050,P1015,41,83.13,已完成,王强,老客户复购,传感器支架,配套耗材,70,84.31,苏州精工,广东客户050,华南,广西,终端工厂,A,1804.2,482.2,309.16,60.7,65.91,3408.33,2722.1699999999996,686.1600000000003,0.20131853429685515,2025-12
O002832,2025-09-05,C0089,P1012,32,344.29,已完成,王强,老客户复购,不锈钢轴套,机加工件,315,371.9,南通华科,河北客户089,华北,天津,经销商,C,6742.81,1301.89,1352.71,266.76,131.82,11017.28,9795.99,1221.2900000000009,0.11085222486857017,2025-09
O002833,2025-07-07,C0082,P1007,6,915.62,已完成,王强,展会线索,变频控制器A型,控制器类,780,1044.88,南通华科,河北客户082,华北,河北,经销商,A,3193.94,805.69,468.87,123.58,35.4,5493.72,4627.48,866.2400000000007,0.1576782216785713,2025-07
O002834,2025-05-11,C0104,P1007,14,1015.16,已完成,张伟,老客户复购,变频控制器A型,控制器类,780,1044.88,南通华科,安徽客户104,华东,安徽,终端工厂,B,6876.43,1930.07,1705.32,585.91,208.15,14212.24,11305.88,2906.3600000000006,0.20449696880998355,2025-05
O002835,2025-11-14,C0072,P1011,26,489.66,已完成,张伟,直销,铝合金支架,机加工件,393,502.7,无锡智造,云南客户072,西南,云南,设备集成商,A,7201.62,1261.97,1095.05,332.27,222.63,12731.16,10113.539999999999,2617.620000000001,0.20560734449963716,2025-11
O002836,2025-02-21,C0046,P1002,7,1048.68,已完成,刘洋,展会线索,伺服电机B型,电机类,690,1040.91,南通华科,湖南客户046,华中,湖南,终端工厂,C,3222.69,725.54,549.44,276.7,134.47,7340.76,4908.84,2431.92,0.3312899481797525,2025-02
O002837,2025-08-19,C0064,P1013,30,149.36,已完成,李娜,直销,CNC定制件,机加工件,138,172.93,南通华科,江苏客户064,华东,浙江,经销商,B,2703.22,650.61,496.46,191.53,54.33,4480.8,4096.150000000001,384.64999999999964,0.08584404570612382,2025-08
O002838,2025-02-10,C0071,P1010,15,558.48,已完成,赵磊,老客户复购,联轴器套件,传动部件,456,621.63,上海工控,湖北客户071,华中,湖北,经销商,A,4473.0,993.19,721.44,379.61,162.28,8377.2,6729.52,1647.6800000000003,0.19668624361361794,2025-02
O002839,2025-11-07,C0078,P1001,8,735.05,已取消,李娜,老客户复购,伺服电机A型,电机类,522,799.93,南通华科,四川客户078,西南,云南,设备集成商,A,2788.49,556.58,584.14,181.31,51.66,5880.4,4162.179999999999,1718.2200000000003,0.29219440854363654,2025-11
O002840,2025-08-08,C0120,P1004,13,679.66,已完成,刘洋,展会线索,减速电机C型,电机类,541,716.52,苏州精工,浙江客户120,华东,山东,经销商,C,5739.07,1219.4,1039.51,388.9,102.47,8835.58,8489.349999999999,346.2300000000014,0.03918588253402735,2025-08
O002841,2025-08-05,C0027,P1012,14,358.93,已完成,刘洋,经销,不锈钢轴套,机加工件,315,371.9,南通华科,浙江客户027,华东,浙江,终端工厂,A,2990.52,628.37,663.99,251.03,92.91,5025.02,4626.82,398.2000000000007,0.0792434656976491,2025-08
O002842,2025-09-27,C0085,P1006,16,2435.65,已完成,刘洋,老客户复购,PLC控制器增强版,控制器类,1773,2443.12,苏州精工,浙江客户085,华东,山东,终端工厂,A,19790.06,4676.48,3943.58,1748.86,483.09,38970.4,30642.070000000003,8328.329999999998,0.21370912282142338,2025-09
O002843,2025-08-27,C0071,P1009,13,663.13,已完成,王强,直销,同步带轮组件,传动部件,565,711.1,南通华科,湖北客户071,华中,湖北,经销商,A,4687.38,1219.88,1139.73,232.3,144.35,8620.69,7423.64,1197.0500000000002,0.13885779444568824,2025-08
O002844,2025-09-13,C0057,P1011,38,463.49,已取消,刘洋,老客户复购,铝合金支架,机加工件,393,502.7,无锡智造,浙江客户057,华东,上海,设备集成商,C,9667.86,2636.69,2105.81,615.11,294.1,17612.62,15319.570000000002,2293.0499999999975,0.13019357710550716,2025-09
O002845,2025-08-27,C0084,P1001,7,786.92,已完成,李娜,展会线索,伺服电机A型,电机类,522,799.93,南通华科,天津客户084,华北,河北,终端工厂,A,3383.78,634.12,562.96,92.79,37.7,5508.44,4711.35,797.0899999999992,0.14470340059980671,2025-08
O002846,2025-10-15,C0027,P1016,24,96.14,已完成,赵磊,直销,密封圈套装,配套耗材,83,101.3,苏州精工,浙江客户027,华东,浙江,终端工厂,A,1423.49,275.81,200.23,60.67,24.79,2307.36,1984.99,322.3700000000001,0.13971378545177177,2025-10
O002847,2025-06-07,C0087,P1004,13,721.72,已完成,陈敏,直销,减速电机C型,电机类,541,716.52,苏州精工,山东客户087,华东,江苏,终端工厂,A,4895.69,864.04,793.03,434.3,68.7,9382.36,7055.759999999999,2326.6000000000013,0.24797598898358209,2025-06
O002848,2025-10-23,C0004,P1001,11,779.4,已完成,王强,经销,伺服电机A型,电机类,522,799.93,南通华科,重庆客户004,西南,四川,终端工厂,A,3996.0,813.52,802.5,150.76,79.72,8573.4,5842.500000000001,2730.8999999999987,0.3185317377003288,2025-10
O002849,2025-03-02,C0045,P1003,1,1588.9,已完成,赵磊,直销,步进电机A型,电机类,1120,1636.22,常州机电,安徽客户045,华东,江苏,设备集成商,A,741.98,192.0,149.87,26.35,27.06,1588.9,1137.2599999999998,451.6400000000003,0.2842469633079491,2025-03
O002850,2025-09-16,C0094,P1012,21,377.67,已完成,张伟,老客户复购,不锈钢轴套,机加工件,315,371.9,南通华科,安徽客户094,华东,安徽,终端工厂,A,4137.37,1164.65,745.53,254.41,48.25,7931.070000000001,6350.21,1580.8600000000006,0.19932493345790675,2025-09
O002851,2025-06-16,C0024,P1015,93,79.52,已完成,赵磊,展会线索,传感器支架,配套耗材,70,84.31,苏州精工,广东客户024,华南,广西,终端工厂,B,4401.87,975.42,811.24,120.14,134.48,7395.36,6443.15,952.21,0.12875776162350447,2025-06
O002852,2025-03-22,C0021,P1012,36,349.32,已完成,陈敏,直销,不锈钢轴套,机加工件,315,371.9,南通华科,山东客户021,华东,江苏,经销商,A,7940.99,1791.51,1523.35,494.51,90.04,12575.52,11840.400000000001,735.119999999999,0.0584564296347188,2025-03
O002853,2025-05-14,C0016,P1012,13,372.47,已完成,赵磊,经销,不锈钢轴套,机加工件,315,371.9,南通华科,北京客户016,华北,天津,终端工厂,B,2920.82,561.34,570.8,175.46,70.45,4842.110000000001,4298.87,543.2400000000007,0.11219075981338728,2025-05
O002854,2025-12-16,C0109,P1004,14,625.53,已完成,李娜,直销,减速电机C型,电机类,541,716.52,苏州精工,浙江客户109,华东,安徽,经销商,B,5361.6,1043.35,1097.75,314.77,53.78,8757.42,7871.250000000001,886.1699999999992,0.10119076166268137,2025-12
O002855,2025-07-08,C0034,P1011,37,463.42,已完成,刘洋,直销,铝合金支架,机加工件,393,502.7,无锡智造,广东客户034,华南,广东,经销商,A,9617.64,2476.0,1729.23,546.62,211.41,17146.54,14580.9,2565.6400000000012,0.14963018778132503,2025-07
O002856,2025-02-02,C0042,P1001,7,770.61,已完成,王强,展会线索,伺服电机A型,电机类,522,799.93,南通华科,重庆客户042,西南,云南,终端工厂,B,2491.3,632.29,403.45,176.19,61.3,5394.27,3764.53,1629.7400000000002,0.3021242911459753,2025-02
O002857,2025-04-20,C0082,P1013,35,156.72,已完成,李娜,老客户复购,CNC定制件,机加工件,138,172.93,南通华科,河北客户082,华北,河北,经销商,A,3137.53,846.1,485.37,105.72,87.76,5485.2,4662.4800000000005,822.7199999999993,0.14998906147451313,2025-04
O002858,2025-12-27,C0010,P1013,36,165.55,已完成,刘洋,直销,CNC定制件,机加工件,138,172.93,南通华科,河北客户010,华北,河北,经销商,B,3211.04,811.73,744.88,142.51,46.96,5959.8,4957.12,1002.6800000000003,0.16824054498473107,2025-12
O002859,2025-05-04,C0065,P1001,10,760.85,已完成,赵磊,展会线索,伺服电机A型,电机类,522,799.93,南通华科,安徽客户065,华东,山东,经销商,B,3312.25,689.07,605.68,345.47,125.92,7608.5,5078.39,2530.1099999999997,0.3325372938161267,2025-05
O002860,2025-11-24,C0118,P1012,13,377.48,已完成,刘洋,老客户复购,不锈钢轴套,机加工件,315,371.9,南通华科,浙江客户118,华东,浙江,终端工厂,B,2539.66,706.17,428.86,186.15,35.69,4907.24,3896.53,1010.7099999999996,0.20596302605945493,2025-11
O002861,2025-11-14,C0062,P1013,38,157.95,已完成,赵磊,直销,CNC定制件,机加工件,138,172.93,南通华科,浙江客户062,华东,上海,经销商,C,3283.94,868.33,671.4,215.88,68.31,6002.099999999999,5107.860000000001,894.2399999999989,0.14898785425101196,2025-11
O002862,2025-04-10,C0108,P1007,16,1042.46,已完成,陈敏,展会线索,变频控制器A型,控制器类,780,1044.88,南通华科,湖北客户108,华中,湖南,终端工厂,A,7821.43,2051.43,1862.28,274.37,177.4,16679.36,12186.910000000002,4492.449999999999,0.26934186923239256,2025-04
O002863,2025-10-19,C0041,P1010,22,601.64,已完成,赵磊,展会线索,联轴器套件,传动部件,456,621.63,上海工控,福建客户041,华南,广东,终端工厂,A,6778.94,1568.11,1351.2,519.55,258.13,13236.08,10475.929999999998,2760.1500000000015,0.20853228448301925,2025-10
O002864,2025-08-22,C0022,P1012,26,351.55,已完成,李娜,老客户复购,不锈钢轴套,机加工件,315,371.9,南通华科,湖南客户022,华中,河南,终端工厂,A,5397.69,1256.32,1162.53,326.63,98.73,9140.300000000001,8241.9,898.4000000000015,0.098289990481713,2025-08
O002865,2025-10-19,C0094,P1003,15,1556.71,已完成,张伟,直销,步进电机A型,电机类,1120,1636.22,常州机电,安徽客户094,华东,安徽,终端工厂,A,11464.45,2671.31,2269.65,517.89,293.98,23350.65,17217.28,6133.370000000003,0.2626637802373811,2025-10
O002866,2025-08-25,C0031,P1006,3,2332.02,已完成,刘洋,经销,PLC控制器增强版,控制器类,1773,2443.12,苏州精工,山东客户031,华东,上海,经销商,A,4740.77,915.49,771.51,275.66,51.07,6996.0599999999995,6754.5,241.5599999999995,0.034528005763243816,2025-08
O002867,2025-06-30,C0006,P1003,1,1561.18,已完成,张伟,老客户复购,步进电机A型,电机类,1120,1636.22,常州机电,福建客户006,华南,广东,经销商,B,706.83,189.32,131.56,65.32,26.88,1561.18,1119.91,441.27,0.28265158405821234,2025-06
O002868,2025-03-09,C0111,P1002,8,906.34,已完成,王强,展会线索,伺服电机B型,电机类,690,1040.91,南通华科,广东客户111,华南,广东,经销商,A,3915.06,912.07,739.04,260.57,71.12,7250.72,5897.86,1352.8600000000006,0.18658284970320196,2025-03
O002869,2025-10-04,C0025,P1002,10,997.4,已完成,张伟,老客户复购,伺服电机B型,电机类,690,1040.91,南通华科,广东客户025,华南,福建,经销商,B,4400.13,882.08,765.36,475.64,74.47,9974.0,6597.68,3376.3199999999997,0.3385121315420092,2025-10
O002870,2025-11-28,C0120,P1006,2,2127.89,已完成,赵磊,经销,PLC控制器增强版,控制器类,1773,2443.12,苏州精工,浙江客户120,华东,山东,经销商,C,2455.16,464.8,562.1,118.44,47.59,4255.78,3648.09,607.6899999999996,0.1427916856604429,2025-11
O002871,2025-04-04,C0015,P1009,20,686.14,已完成,陈敏,老客户复购,同步带轮组件,传动部件,565,711.1,南通华科,北京客户015,华北,河北,经销商,C,7463.1,1909.56,1278.0,604.98,203.86,13722.8,11459.5,2263.2999999999993,0.16492989768851835,2025-04
O002872,2025-07-19,C0079,P1001,15,771.65,已完成,刘洋,经销,伺服电机A型,电机类,522,799.93,南通华科,安徽客户079,华东,浙江,经销商,A,5027.08,970.33,1147.09,262.33,212.23,11574.75,7619.0599999999995,3955.6900000000005,0.34175165770319016,2025-07
O002873,2025-06-01,C0045,P1003,2,1619.37,已完成,赵磊,经销,步进电机A型,电机类,1120,1636.22,常州机电,安徽客户045,华东,江苏,设备集成商,A,1417.87,351.64,317.03,123.14,31.55,3238.74,2241.23,997.5099999999998,0.30799323193587624,2025-06
O002874,2025-05-06,C0061,P1002,9,988.4,已完成,张伟,展会线索,伺服电机B型,电机类,690,1040.91,南通华科,江苏客户061,华东,山东,终端工厂,A,4393.9,1032.03,811.1,321.27,120.05,8895.6,6678.349999999999,2217.250000000001,0.24925243940824687,2025-05
O002875,2025-04-26,C0109,P1011,31,454.68,已完成,王强,经销,铝合金支架,机加工件,393,502.7,无锡智造,浙江客户109,华东,安徽,经销商,B,8706.82,2117.22,1390.44,341.05,277.98,14095.08,12833.509999999998,1261.5700000000015,0.08950428092639429,2025-04
O002876,2025-12-28,C0078,P1014,119,39.53,已完成,陈敏,经销,工业线缆,配套耗材,34,41.43,南通华科,四川客户078,西南,云南,设备集成商,A,2604.23,716.99,562.33,78.81,47.21,4704.07,4009.57,694.4999999999995,0.14763810912677736,2025-12
O002877,2025-01-01,C0033,P1011,9,479.4,已完成,李娜,直销,铝合金支架,机加工件,393,502.7,无锡智造,江苏客户033,华东,浙江,终端工厂,B,2361.36,601.24,423.43,111.62,81.13,4314.599999999999,3578.78,735.8199999999993,0.17054188105502233,2025-01
O002878,2025-06-23,C0107,P1008,43,707.38,已完成,王强,直销,精密齿轮箱,传动部件,523,743.47,上海工控,安徽客户107,华东,安徽,经销商,B,14120.92,3442.87,2929.29,517.3,192.13,30417.34,21202.510000000002,9214.829999999998,0.30294660874356527,2025-06
O002879,2025-06-06,C0118,P1011,10,505.62,已完成,刘洋,展会线索,铝合金支架,机加工件,393,502.7,无锡智造,浙江客户118,华东,浙江,终端工厂,B,2586.71,503.24,505.73,183.6,77.72,5056.2,3856.9999999999995,1199.2000000000003,0.23717416241446151,2025-06
O002880,2025-12-16,C0021,P1016,43,93.66,已完成,李娜,展会线索,密封圈套装,配套耗材,83,101.3,苏州精工,山东客户021,华东,江苏,经销商,A,2407.82,509.58,384.69,95.3,45.47,4027.3799999999997,3442.86,584.5199999999995,0.14513654038109133,2025-12
O002881,2025-07-09,C0008,P1002,16,999.18,已完成,陈敏,直销,伺服电机B型,电机类,690,1040.91,南通华科,天津客户008,华北,北京,设备集成商,C,7865.02,1459.0,1377.8,649.56,249.04,15986.88,11600.42,4386.459999999999,0.27437874056726513,2025-07
O002882,2025-10-26,C0012,P1006,6,2385.09,退货,王强,经销,PLC控制器增强版,控制器类,1773,2443.12,苏州精工,云南客户012,西南,云南,终端工厂,A,7622.76,1398.41,1074.34,376.1,103.69,14310.54,10575.300000000001,3735.24,0.2610132112415045,2025-10
O002883,2025-06-28,C0107,P1014,44,38.94,已完成,李娜,经销,工业线缆,配套耗材,34,41.43,南通华科,安徽客户107,华东,安徽,经销商,B,1009.57,260.19,211.38,33.84,11.55,1713.36,1526.5299999999997,186.83000000000015,0.10904304991362011,2025-06
O002884,2025-06-20,C0001,P1006,14,2374.19,已完成,张伟,经销,PLC控制器增强版,控制器类,1773,2443.12,苏州精工,广东客户001,华南,广西,终端工厂,B,17652.04,3704.85,3857.84,1355.06,661.46,33238.66,27231.25,6007.4100000000035,0.1807356253230426,2025-06
O002885,2025-11-30,C0044,P1011,24,476.75,已完成,刘洋,展会线索,铝合金支架,机加工件,393,502.7,无锡智造,安徽客户044,华东,安徽,终端工厂,A,6669.58,1366.25,1372.3,360.34,97.21,11442.0,9865.679999999998,1576.3200000000015,0.13776612480335618,2025-11
O002886,2025-08-22,C0066,P1004,4,716.72,已完成,刘洋,经销,减速电机C型,电机类,541,716.52,苏州精工,上海客户066,华东,山东,终端工厂,A,1870.76,311.27,230.87,60.84,35.86,2866.88,2509.6,357.2800000000002,0.12462328384864389,2025-08
O002887,2025-11-14,C0059,P1005,15,1273.82,退货,赵磊,展会线索,PLC控制器标准版,控制器类,980,1458.49,苏州精工,河北客户059,华北,河北,经销商,B,9963.2,2124.29,1684.06,417.62,284.24,19107.3,14473.410000000002,4633.889999999998,0.24251935124271864,2025-11
O002888,2025-02-26,C0100,P1012,44,359.07,已完成,刘洋,展会线索,不锈钢轴套,机加工件,315,371.9,南通华科,福建客户100,华南,广东,设备集成商,A,9768.98,1994.89,1843.93,627.78,92.81,15799.08,14328.39,1470.6900000000005,0.09308706582914958,2025-02
O002889,2025-07-12,C0120,P1010,39,576.81,退货,陈敏,展会线索,联轴器套件,传动部件,456,621.63,上海工控,浙江客户120,华东,山东,经销商,C,11650.12,2912.76,2508.92,379.44,192.73,22495.589999999997,17643.97,4851.619999999995,0.21566982684161634,2025-07
O002890,2025-09-20,C0061,P1016,32,103.43,已完成,刘洋,老客户复购,密封圈套装,配套耗材,83,101.3,苏州精工,江苏客户061,华东,山东,终端工厂,A,1827.32,361.97,395.38,53.06,26.0,3309.76,2663.73,646.0300000000002,0.19518937929034133,2025-09
O002891,2025-10-21,C0032,P1005,10,1431.79,已完成,李娜,展会线索,PLC控制器标准版,控制器类,980,1458.49,苏州精工,天津客户032,华北,天津,设备集成商,B,6351.69,1720.07,1448.24,657.84,166.19,14317.9,10344.03,3973.869999999999,0.2775455897862116,2025-10
O002892,2025-06-06,C0050,P1014,89,40.42,已完成,王强,直销,工业线缆,配套耗材,34,41.43,南通华科,广东客户050,华南,广西,终端工厂,A,2125.03,518.08,375.22,179.17,63.92,3597.38,3261.42,335.96000000000004,0.0933901895268223,2025-06
O002893,2025-08-18,C0093,P1013,4,176.76,已完成,刘洋,老客户复购,CNC定制件,机加工件,138,172.93,南通华科,湖北客户093,华中,湖南,终端工厂,B,396.01,94.94,80.91,33.96,7.99,707.04,613.8100000000001,93.2299999999999,0.13185958361620262,2025-08
O002894,2025-02-18,C0114,P1006,9,2309.03,已完成,李娜,经销,PLC控制器增强版,控制器类,1773,2443.12,苏州精工,江苏客户114,华东,安徽,终端工厂,B,11143.31,2118.67,2297.29,882.94,327.26,20781.27,16769.469999999998,4011.800000000003,0.1930488367650294,2025-02
O002895,2025-03-28,C0031,P1007,15,985.27,已完成,陈敏,老客户复购,变频控制器A型,控制器类,780,1044.88,南通华科,山东客户031,华东,上海,经销商,A,8248.28,1694.16,1552.43,227.2,106.27,14779.05,11828.340000000002,2950.7099999999973,0.1996549169263246,2025-03
O002896,2025-01-20,C0018,P1008,28,715.3,已完成,李娜,经销,精密齿轮箱,传动部件,523,743.47,上海工控,上海客户018,华东,山东,经销商,B,10022.64,2251.35,1637.78,471.09,203.51,20028.399999999998,14586.37,5442.029999999997,0.27171566375746425,2025-01
O002897,2025-04-14,C0079,P1003,6,1487.01,已完成,李娜,直销,步进电机A型,电机类,1120,1636.22,常州机电,安徽客户079,华东,浙江,经销商,A,4647.83,1052.24,700.05,371.14,79.76,8922.06,6851.02,2071.039999999999,0.23212576467766402,2025-04
O002898,2025-04-26,C0065,P1007,3,908.69,已完成,赵磊,直销,变频控制器A型,控制器类,780,1044.88,南通华科,安徽客户065,华东,山东,经销商,B,1607.99,298.12,374.11,48.56,43.96,2726.07,2372.7400000000002,353.3299999999999,0.12961149200130587,2025-04
O002899,2025-10-18,C0044,P1013,10,176.81,已完成,李娜,展会线索,CNC定制件,机加工件,138,172.93,南通华科,安徽客户044,华东,安徽,终端工厂,A,930.3,172.72,140.22,48.96,30.12,1768.1,1322.32,445.78,0.2521237486567502,2025-10
O002900,2025-04-02,C0105,P1013,4,166.91,已取消,陈敏,经销,CNC定制件,机加工件,138,172.93,南通华科,安徽客户105,华东,安徽,设备集成商,B,344.51,89.57,76.91,16.22,4.11,667.64,531.32,136.31999999999994,0.20418189443412607,2025-04
O002901,2025-12-31,C0028,P1016,16,91.85,已取消,张伟,老客户复购,密封圈套装,配套耗材,83,101.3,苏州精工,广东客户028,华南,广东,经销商,B,944.91,183.29,141.68,57.1,12.12,1469.6,1339.1,130.5,0.08879967338051171,2025-12
O002902,2025-10-30,C0112,P1012,39,351.59,退货,李娜,直销,不锈钢轴套,机加工件,315,371.9,南通华科,广东客户112,华南,福建,终端工厂,A,8201.01,1511.35,1960.43,420.5,274.06,13712.009999999998,12367.35,1344.659999999998,0.09806439756097014,2025-10
O002903,2025-06-29,C0103,P1006,17,2341.53,已完成,赵磊,老客户复购,PLC控制器增强版,控制器类,1773,2443.12,苏州精工,上海客户103,华东,上海,终端工厂,A,19849.88,4246.0,4668.07,1056.11,456.98,39806.01,30277.04,9528.970000000001,0.23938520841450828,2025-06
O002904,2025-02-04,C0021,P1013,6,151.53,已完成,李娜,展会线索,CNC定制件,机加工件,138,172.93,南通华科,山东客户021,华东,江苏,经销商,A,519.83,146.83,87.03,38.18,11.89,909.1800000000001,803.76,105.42000000000007,0.11595063683759,2025-02
O002905,2025-02-06,C0023,P1010,6,577.38,已完成,张伟,经销,联轴器套件,传动部件,456,621.63,上海工控,江苏客户023,华东,浙江,设备集成商,B,1713.12,328.6,427.18,141.95,52.99,3464.2799999999997,2663.8399999999992,800.4400000000005,0.23105522648284796,2025-02
O002906,2025-01-18,C0074,P1007,16,993.61,已完成,王强,经销,变频控制器A型,控制器类,780,1044.88,南通华科,安徽客户074,华东,浙江,终端工厂,B,8284.92,1676.27,1757.08,576.94,252.7,15897.76,12547.910000000002,3349.8499999999985,0.21071207516027407,2025-01
O002907,2025-10-16,C0014,P1003,4,1472.94,已完成,陈敏,直销,步进电机A型,电机类,1120,1636.22,常州机电,江苏客户014,华东,上海,设备集成商,B,2941.48,802.89,466.01,104.81,110.49,5891.76,4425.68,1466.08,0.24883566200931467,2025-10
O002908,2025-02-27,C0114,P1007,4,1013.58,已完成,刘洋,展会线索,变频控制器A型,控制器类,780,1044.88,南通华科,江苏客户114,华东,安徽,终端工厂,B,2136.48,435.49,454.64,125.06,21.56,4054.32,3173.23,881.0900000000001,0.21732127705755838,2025-02
O002909,2025-01-04,C0090,P1005,1,1374.32,已完成,刘洋,展会线索,PLC控制器标准版,控制器类,980,1458.49,苏州精工,河北客户090,华北,北京,终端工厂,B,671.41,131.89,104.78,31.45,16.69,1374.32,956.22,418.0999999999999,0.3042231794632982,2025-01
O002910,2025-08-31,C0033,P1013,18,164.69,已完成,张伟,直销,CNC定制件,机加工件,138,172.93,南通华科,江苏客户033,华东,浙江,终端工厂,B,1552.46,429.71,331.85,74.87,45.37,2964.42,2434.2599999999998,530.1600000000003,0.1788410549112475,2025-08
O002911,2025-11-30,C0115,P1001,5,781.07,已完成,陈敏,经销,伺服电机A型,电机类,522,799.93,南通华科,重庆客户115,西南,四川,经销商,B,1828.11,409.34,292.71,73.66,69.9,3905.3500000000004,2673.72,1231.6300000000006,0.31536994123446055,2025-11
O002912,2025-08-30,C0006,P1009,19,630.76,已完成,赵磊,展会线索,同步带轮组件,传动部件,565,711.1,南通华科,福建客户006,华南,广东,经销商,B,6907.64,1301.14,1487.59,243.9,238.07,11984.44,10178.34,1806.1000000000004,0.1507037458571281,2025-08
O002913,2025-09-28,C0109,P1007,6,980.86,已完成,刘洋,直销,变频控制器A型,控制器类,780,1044.88,南通华科,浙江客户109,华东,安徽,经销商,B,3308.63,732.45,702.15,185.2,99.03,5885.16,5027.459999999999,857.7000000000007,0.14573945313296507,2025-09
O002914,2025-10-19,C0016,P1003,2,1638.56,已完成,李娜,展会线索,步进电机A型,电机类,1120,1636.22,常州机电,北京客户016,华北,天津,终端工厂,B,1533.62,272.65,351.51,147.9,63.25,3277.12,2368.93,908.19,0.27713052924519094,2025-10
O002915,2025-02-28,C0079,P1015,85,79.8,已完成,刘洋,展会线索,传感器支架,配套耗材,70,84.31,苏州精工,安徽客户079,华东,浙江,经销商,A,4124.16,861.11,668.89,144.48,48.66,6783.0,5847.299999999999,935.7000000000007,0.13794781070322876,2025-02
O002916,2025-10-15,C0093,P1003,5,1615.98,已完成,李娜,直销,步进电机A型,电机类,1120,1636.22,常州机电,湖北客户093,华中,湖南,终端工厂,B,3595.54,857.01,789.74,210.01,106.91,8079.9,5559.21,2520.6899999999996,0.3119704451787769,2025-10
O002917,2025-04-02,C0092,P1001,3,816.52,已完成,刘洋,经销,伺服电机A型,电机类,522,799.93,南通华科,江苏客户092,华东,江苏,终端工厂,B,1024.36,253.36,249.48,95.82,14.42,2449.56,1637.4399999999998,812.1200000000001,0.33153709237577367,2025-04
O002918,2025-05-21,C0033,P1010,21,590.38,已完成,刘洋,直销,联轴器套件,传动部件,456,621.63,上海工控,江苏客户033,华东,浙江,终端工厂,B,6394.12,1591.75,1269.15,598.66,72.18,12397.98,9925.86,2472.119999999999,0.199396998543311,2025-05
O002919,2025-09-25,C0073,P1005,11,1374.74,已完成,赵磊,展会线索,PLC控制器标准版,控制器类,980,1458.49,苏州精工,湖北客户073,华中,湖南,设备集成商,C,6997.47,1436.36,1574.5,504.06,106.99,15122.14,10619.38,4502.76,0.29775944409984306,2025-09
O002920,2025-06-15,C0118,P1010,29,626.46,已完成,赵磊,直销,联轴器套件,传动部件,456,621.63,上海工控,浙江客户118,华东,浙江,终端工厂,B,8576.55,2001.58,2112.77,504.15,133.57,18167.34,13328.619999999999,4838.720000000001,0.2663416878860637,2025-06
O002921,2025-06-08,C0044,P1007,10,999.12,已完成,李娜,直销,变频控制器A型,控制器类,780,1044.88,南通华科,安徽客户044,华东,安徽,终端工厂,A,5223.71,1081.17,1044.87,313.07,153.29,9991.2,7816.11,2175.090000000001,0.21770057650732655,2025-06
O002922,2025-12-05,C0096,P1013,31,165.92,已完成,赵磊,经销,CNC定制件,机加工件,138,172.93,南通华科,天津客户096,华北,北京,经销商,C,3043.49,564.83,638.58,248.04,54.54,5143.5199999999995,4549.48,594.04,0.11549289202724983,2025-12
O002923,2025-03-09,C0055,P1016,115,100.41,已完成,陈敏,老客户复购,密封圈套装,配套耗材,83,101.3,苏州精工,天津客户055,华北,天津,设备集成商,C,6026.39,1616.11,1356.02,259.17,134.85,11547.15,9392.54,2154.6099999999988,0.1865923626176155,2025-03
O002924,2025-08-30,C0076,P1004,12,620.59,已完成,李娜,经销,减速电机C型,电机类,541,716.52,苏州精工,浙江客户076,华东,浙江,经销商,A,5616.67,845.2,927.67,291.52,136.33,7447.08,7817.389999999999,-370.3099999999995,-0.0497255300063917,2025-08
O002925,2025-04-12,C0067,P1015,68,84.43,已完成,张伟,老客户复购,传感器支架,配套耗材,70,84.31,苏州精工,福建客户067,华南,广东,终端工厂,A,3224.57,748.1,554.19,238.56,85.76,5741.240000000001,4851.180000000001,890.0599999999995,0.15502922713560127,2025-04
O002926,2025-04-26,C0036,P1014,20,41.2,已完成,张伟,直销,工业线缆,配套耗材,34,41.43,南通华科,北京客户036,华北,河北,终端工厂,C,478.66,112.96,94.05,17.0,15.48,824.0,718.15,105.85000000000002,0.1284587378640777,2025-04
O002927,2025-09-07,C0014,P1004,11,688.83,退货,赵磊,老客户复购,减速电机C型,电机类,541,716.52,苏州精工,江苏客户014,华东,上海,设备集成商,B,3908.15,1058.43,738.59,152.36,138.45,7577.13,5995.98,1581.1500000000005,0.20867399661877262,2025-09
O002928,2025-10-12,C0017,P1003,9,1605.1,已完成,赵磊,经销,步进电机A型,电机类,1120,1636.22,常州机电,广西客户017,华南,广西,终端工厂,B,7051.02,1685.15,1062.08,661.26,201.46,14445.9,10660.97,3784.9300000000003,0.26200721311929337,2025-10
O002929,2025-08-19,C0017,P1004,4,698.26,已完成,刘洋,直销,减速电机C型,电机类,541,716.52,苏州精工,广西客户017,华南,广西,终端工厂,B,1859.51,378.25,302.88,54.9,35.73,2793.04,2631.2700000000004,161.76999999999953,0.057918970011170454,2025-08
O002930,2025-06-23,C0097,P1011,9,443.45,已完成,张伟,老客户复购,铝合金支架,机加工件,393,502.7,无锡智造,上海客户097,华东,安徽,经销商,C,2510.76,483.84,522.25,171.59,27.62,3991.0499999999997,3716.0600000000004,274.9899999999993,0.06890166748098855,2025-06
O002931,2025-03-01,C0055,P1005,7,1444.39,已完成,陈敏,经销,PLC控制器标准版,控制器类,980,1458.49,苏州精工,天津客户055,华北,天津,设备集成商,C,4265.02,1062.51,1010.95,347.86,173.91,10110.730000000001,6860.25,3250.4800000000014,0.32148816158675003,2025-03
O002932,2025-10-17,C0074,P1012,29,376.78,已完成,刘洋,老客户复购,不锈钢轴套,机加工件,315,371.9,南通华科,安徽客户074,华东,浙江,终端工厂,B,6232.17,1454.27,928.93,197.78,173.46,10926.619999999999,8986.61,1940.0099999999984,0.1775489584153195,2025-10
O002933,2025-05-27,C0087,P1016,19,102.8,已完成,王强,经销,密封圈套装,配套耗材,83,101.3,苏州精工,山东客户087,华东,江苏,终端工厂,A,1098.04,240.54,213.54,71.3,12.84,1953.2,1636.2599999999998,316.9400000000003,0.16226704894532065,2025-05
O002934,2025-01-31,C0018,P1015,107,72.73,已完成,刘洋,直销,传感器支架,配套耗材,70,84.31,苏州精工,上海客户018,华东,山东,经销商,B,5144.06,1113.82,1019.77,270.12,127.98,7782.110000000001,7675.749999999999,106.36000000000149,0.013667244487677697,2025-01
O002935,2025-07-15,C0104,P1012,30,375.1,已完成,李娜,经销,不锈钢轴套,机加工件,315,371.9,南通华科,安徽客户104,华东,安徽,终端工厂,B,6160.05,1345.79,1167.04,469.09,129.03,11253.0,9271.000000000002,1981.9999999999982,0.17613080956189445,2025-07
O002936,2025-12-25,C0066,P1011,40,506.29,已完成,李娜,经销,铝合金支架,机加工件,393,502.7,无锡智造,上海客户066,华东,山东,终端工厂,A,10024.76,2813.6,2037.36,381.21,304.87,20251.600000000002,15561.800000000001,4689.800000000001,0.2315767643050426,2025-12
O002937,2025-01-27,C0065,P1005,16,1333.56,已完成,李娜,老客户复购,PLC控制器标准版,控制器类,980,1458.49,苏州精工,安徽客户065,华东,山东,经销商,B,10880.61,2352.21,2176.19,449.01,224.44,21336.96,16082.460000000001,5254.499999999998,0.2462628228201205,2025-01
O002938,2025-03-30,C0120,P1012,18,329.69,已完成,刘洋,展会线索,不锈钢轴套,机加工件,315,371.9,南通华科,浙江客户120,华东,山东,经销商,C,3607.16,812.14,758.46,180.93,82.48,5934.42,5441.17,493.25,0.08311679995686183,2025-03
O002939,2025-05-12,C0116,P1009,18,691.59,已完成,王强,老客户复购,同步带轮组件,传动部件,565,711.1,南通华科,北京客户116,华北,北京,终端工厂,A,6815.69,1414.33,1104.51,296.82,99.72,12448.62,9731.07,2717.550000000001,0.21830130568689549,2025-05
O002940,2025-05-05,C0088,P1007,15,1018.2,已完成,李娜,展会线索,变频控制器A型,控制器类,780,1044.88,南通华科,河南客户088,华中,河南,终端工厂,A,8081.68,1979.62,1675.71,573.21,146.89,15273.0,12457.109999999997,2815.890000000003,0.18437045767039895,2025-05
O002941,2025-10-27,C0083,P1001,7,813.0,已完成,王强,展会线索,伺服电机A型,电机类,522,799.93,南通华科,浙江客户083,华东,山东,终端工厂,B,2525.27,571.14,375.68,266.15,35.28,5691.0,3773.52,1917.48,0.3369319978914075,2025-10
O002942,2025-03-17,C0088,P1005,13,1476.11,已取消,李娜,经销,PLC控制器标准版,控制器类,980,1458.49,苏州精工,河南客户088,华中,河南,终端工厂,A,8539.25,1920.99,1913.81,901.09,366.42,19189.43,13641.56,5547.870000000001,0.2891107239766893,2025-03
O002943,2025-09-23,C0087,P1006,15,2485.11,已完成,刘洋,老客户复购,PLC控制器增强版,控制器类,1773,2443.12,苏州精工,山东客户087,华东,江苏,终端工厂,A,18003.94,4274.95,2800.75,1195.73,688.42,37276.65,26963.789999999997,10312.860000000004,0.27665737130348367,2025-09
O002944,2025-08-10,C0083,P1008,26,708.6,退货,刘洋,经销,精密齿轮箱,传动部件,523,743.47,上海工控,浙江客户083,华东,山东,终端工厂,B,9050.42,1688.54,1523.5,553.31,157.76,18423.600000000002,12973.529999999999,5450.070000000003,0.29582003517227917,2025-08
O002945,2025-08-16,C0092,P1010,5,612.0,已完成,赵磊,经销,联轴器套件,传动部件,456,621.63,上海工控,江苏客户092,华东,江苏,终端工厂,B,1503.04,319.15,271.63,55.66,55.82,3060.0,2205.3,854.6999999999998,0.279313725490196,2025-08
O002946,2025-06-30,C0102,P1006,6,2499.12,已完成,李娜,老客户复购,PLC控制器增强版,控制器类,1773,2443.12,苏州精工,北京客户102,华北,天津,终端工厂,C,7332.46,1674.45,1450.9,433.01,260.15,14994.72,11150.97,3843.75,0.2563402317615801,2025-06
O002947,2025-10-14,C0036,P1013,29,171.88,退货,陈敏,展会线索,CNC定制件,机加工件,138,172.93,南通华科,北京客户036,华北,河北,终端工厂,C,2853.44,481.59,419.22,192.52,42.57,4984.5199999999995,3989.34,995.1799999999994,0.19965412918395342,2025-10
O002948,2025-10-30,C0077,P1003,15,1603.91,已完成,赵磊,经销,步进电机A型,电机类,1120,1636.22,常州机电,云南客户077,西南,重庆,设备集成商,A,11947.66,2688.75,2051.24,710.57,369.62,24058.65,17767.84,6290.810000000001,0.2614780962356575,2025-10
O002949,2025-02-16,C0061,P1011,15,495.06,已完成,张伟,直销,铝合金支架,机加工件,393,502.7,无锡智造,江苏客户061,华东,山东,终端工厂,A,3738.0,1019.86,591.19,365.82,55.8,7425.9,5770.669999999999,1655.2300000000005,0.2228995811955454,2025-02
O002950,2025-10-16,C0084,P1006,1,2515.79,已完成,陈敏,直销,PLC控制器增强版,控制器类,1773,2443.12,苏州精工,天津客户084,华北,河北,终端工厂,A,1230.84,217.01,223.2,93.24,15.23,2515.79,1779.52,736.27,0.2926595622051125,2025-10
O002951,2025-11-07,C0039,P1003,11,1409.94,已完成,张伟,老客户复购,步进电机A型,电机类,1120,1636.22,常州机电,湖北客户039,华中,河南,经销商,B,8184.54,1702.48,1600.3,506.54,260.22,15509.34,12254.08,3255.26,0.20989029836214823,2025-11
O002952,2025-09-08,C0118,P1012,29,382.15,已完成,王强,经销,不锈钢轴套,机加工件,315,371.9,南通华科,浙江客户118,华东,浙江,终端工厂,B,5776.52,1141.54,1133.78,510.49,197.59,11082.349999999999,8759.92,2322.4299999999985,0.2095611490342751,2025-09
O002953,2025-06-20,C0008,P1013,8,156.09,已完成,李娜,老客户复购,CNC定制件,机加工件,138,172.93,南通华科,天津客户008,华北,北京,设备集成商,C,746.3,191.35,163.75,30.88,9.43,1248.72,1141.7100000000003,107.00999999999976,0.08569575245050913,2025-06
O002954,2025-10-17,C0078,P1004,9,651.18,已完成,陈敏,经销,减速电机C型,电机类,541,716.52,苏州精工,四川客户078,西南,云南,设备集成商,A,3165.41,650.63,668.82,207.88,81.91,5860.62,4774.65,1085.9700000000003,0.18529950756063357,2025-10
O002955,2025-11-25,C0082,P1011,9,481.64,已完成,张伟,直销,铝合金支架,机加工件,393,502.7,无锡智造,河北客户082,华北,河北,经销商,A,2259.9,592.49,445.72,136.7,86.5,4334.76,3521.3100000000004,813.4499999999998,0.18765744816322005,2025-11
O002956,2025-07-27,C0060,P1013,10,158.94,已完成,刘洋,老客户复购,CNC定制件,机加工件,138,172.93,南通华科,广西客户060,华南,广东,设备集成商,A,894.55,198.23,194.01,72.82,10.97,1589.4,1370.58,218.82000000000016,0.13767459418648556,2025-07
O002957,2025-01-15,C0021,P1008,29,728.35,已完成,陈敏,直销,精密齿轮箱,传动部件,523,743.47,上海工控,山东客户021,华东,江苏,经销商,A,10518.38,2655.69,1901.57,528.8,320.34,21122.15,15924.779999999999,5197.370000000003,0.2460625457162269,2025-01
O002958,2025-11-20,C0102,P1003,1,1571.9,已完成,刘洋,老客户复购,步进电机A型,电机类,1120,1636.22,常州机电,北京客户102,华北,天津,终端工厂,C,721.96,160.22,172.27,56.06,10.1,1571.9,1120.61,451.2900000000002,0.28709841592976665,2025-11
O002959,2025-10-20,C0040,P1002,7,1046.88,已完成,赵磊,直销,伺服电机B型,电机类,690,1040.91,南通华科,浙江客户040,华东,江苏,终端工厂,A,3153.84,761.38,622.54,279.29,120.34,7328.160000000001,4937.39,2390.7700000000004,0.3262442413921094,2025-10
O002960,2025-08-07,C0116,P1001,13,810.49,已完成,李娜,老客户复购,伺服电机A型,电机类,522,799.93,南通华科,北京客户116,华北,北京,终端工厂,A,5581.11,1216.17,1051.02,180.14,94.79,10536.37,8123.23,2413.1400000000012,0.22902954243254564,2025-08
O002961,2025-07-06,C0041,P1011,10,496.73,已取消,陈敏,经销,铝合金支架,机加工件,393,502.7,无锡智造,福建客户041,华南,广东,终端工厂,A,2509.03,545.17,493.17,83.47,34.32,4967.3,3665.1600000000003,1302.1399999999999,0.26214241137036215,2025-07
O002962,2025-04-23,C0020,P1012,24,360.07,已完成,刘洋,展会线索,不锈钢轴套,机加工件,315,371.9,南通华科,福建客户020,华南,福建,经销商,B,4759.96,928.21,974.41,230.59,164.47,8641.68,7057.64,1584.04,0.18330232084502088,2025-04
O002963,2025-11-17,C0007,P1015,51,83.1,已完成,李娜,老客户复购,传感器支架,配套耗材,70,84.31,苏州精工,福建客户007,华南,广西,终端工厂,A,2250.09,626.76,375.54,155.42,36.94,4238.099999999999,3444.7500000000005,793.349999999999,0.1871947334890633,2025-11
O002964,2025-10-31,C0109,P1014,16,40.58,已完成,赵磊,经销,工业线缆,配套耗材,34,41.43,南通华科,浙江客户109,华东,安徽,经销商,B,382.26,67.29,85.49,10.81,5.59,649.28,551.4399999999999,97.84000000000003,0.15068999507146383,2025-10
O002965,2025-01-31,C0011,P1010,14,588.61,已完成,李娜,展会线索,联轴器套件,传动部件,456,621.63,上海工控,上海客户011,华东,上海,经销商,A,4254.42,1055.68,1002.71,247.06,134.81,8240.54,6694.680000000001,1545.8599999999997,0.18759207527662017,2025-01
O002966,2025-01-13,C0031,P1007,3,917.0,已完成,王强,直销,变频控制器A型,控制器类,780,1044.88,南通华科,山东客户031,华东,上海,经销商,A,1620.96,360.99,331.01,44.93,31.98,2751.0,2389.87,361.1300000000001,0.1312722646310433,2025-01
O002967,2025-01-10,C0105,P1004,14,683.18,已完成,刘洋,老客户复购,减速电机C型,电机类,541,716.52,苏州精工,安徽客户105,华东,安徽,设备集成商,B,5291.09,1124.39,1154.36,422.53,171.7,9564.519999999999,8164.07,1400.449999999999,0.14642135726622968,2025-01
O002968,2025-11-18,C0109,P1014,18,39.02,已完成,李娜,展会线索,工业线缆,配套耗材,34,41.43,南通华科,浙江客户109,华东,安徽,经销商,B,387.4,82.4,62.29,34.7,6.0,702.36,572.79,129.57000000000005,0.1844780454467795,2025-11
O002969,2025-03-23,C0017,P1002,14,1058.62,已完成,李娜,展会线索,伺服电机B型,电机类,690,1040.91,南通华科,广西客户017,华南,广西,终端工厂,B,6343.81,1318.55,989.06,357.83,95.93,14820.679999999998,9105.18,5715.499999999998,0.38564357370916846,2025-03
O002970,2025-03-09,C0081,P1015,22,78.56,退货,陈敏,老客户复购,传感器支架,配套耗材,70,84.31,苏州精工,安徽客户081,华东,江苏,经销商,B,1015.52,274.13,218.52,68.69,20.39,1728.3200000000002,1597.2500000000002,131.06999999999994,0.07583665062025546,2025-03
O002971,2025-01-10,C0045,P1013,7,164.52,已完成,陈敏,经销,CNC定制件,机加工件,138,172.93,南通华科,安徽客户045,华东,江苏,设备集成商,A,677.29,168.56,152.33,21.26,20.95,1151.64,1040.3899999999999,111.25000000000023,0.09660136848320675,2025-01
O002972,2025-11-09,C0062,P1010,30,566.73,已完成,张伟,老客户复购,联轴器套件,传动部件,456,621.63,上海工控,浙江客户062,华东,上海,经销商,C,8789.51,1967.68,1651.57,656.78,237.5,17001.9,13303.04,3698.8600000000006,0.21755568495285824,2025-11
O002973,2025-11-11,C0024,P1004,9,725.62,已完成,王强,直销,减速电机C型,电机类,541,716.52,苏州精工,广东客户024,华南,广西,终端工厂,B,3071.9,812.97,615.34,98.47,73.26,6530.58,4671.9400000000005,1858.6399999999994,0.28460565524042264,2025-11
O002974,2025-03-28,C0011,P1001,7,720.22,已完成,张伟,经销,伺服电机A型,电机类,522,799.93,南通华科,上海客户011,华东,上海,经销商,A,2454.15,453.58,398.53,250.94,91.09,5041.54,3648.2900000000004,1393.2499999999995,0.27635405054804674,2025-03
O002975,2025-02-08,C0075,P1013,3,176.33,已取消,李娜,直销,CNC定制件,机加工件,138,172.93,南通华科,江苏客户075,华东,上海,终端工厂,A,262.2,64.09,50.82,18.0,6.38,528.99,401.48999999999995,127.50000000000006,0.24102535019565596,2025-02
O002976,2025-02-06,C0013,P1016,52,96.68,已完成,王强,展会线索,密封圈套装,配套耗材,83,101.3,苏州精工,湖北客户013,华中,湖北,设备集成商,B,2696.7,599.6,464.1,161.45,93.56,5027.360000000001,4015.4099999999994,1011.9500000000012,0.20128854905954638,2025-02
O002977,2025-08-05,C0020,P1001,11,699.81,已完成,张伟,展会线索,伺服电机A型,电机类,522,799.93,南通华科,福建客户020,华南,福建,经销商,B,5067.09,1014.35,913.79,119.58,122.72,7697.91,7237.530000000001,460.3799999999992,0.05980584340424858,2025-08
O002978,2025-08-12,C0018,P1003,5,1442.25,已完成,刘洋,经销,步进电机A型,电机类,1120,1636.22,常州机电,上海客户018,华东,山东,经销商,B,4863.22,945.41,702.35,227.62,64.73,7211.25,6803.33,407.9200000000001,0.05656716935344081,2025-08
O002979,2025-07-27,C0113,P1016,57,94.04,已完成,赵磊,直销,密封圈套装,配套耗材,83,101.3,苏州精工,安徽客户113,华东,浙江,经销商,B,3397.41,820.03,527.56,132.1,35.54,5360.280000000001,4912.64,447.6400000000003,0.08351056288104358,2025-07
O002980,2025-04-11,C0108,P1014,38,41.23,已完成,赵磊,经销,工业线缆,配套耗材,34,41.43,南通华科,湖北客户108,华中,湖南,终端工厂,A,928.8,225.37,172.0,61.5,25.41,1566.7399999999998,1413.0800000000002,153.65999999999963,0.09807626026015781,2025-04
O002981,2025-02-28,C0076,P1006,1,2204.7,已完成,刘洋,直销,PLC控制器增强版,控制器类,1773,2443.12,苏州精工,浙江客户076,华东,浙江,经销商,A,1135.4,312.19,233.33,40.2,24.16,2204.7,1745.2800000000002,459.4199999999996,0.20838209280174158,2025-02
O002982,2025-12-27,C0016,P1004,1,737.97,已完成,刘洋,老客户复购,减速电机C型,电机类,541,716.52,苏州精工,北京客户016,华北,天津,终端工厂,B,367.97,76.37,76.8,33.85,12.23,737.97,567.22,170.75,0.23137796929414475,2025-12
O002983,2025-06-30,C0002,P1003,3,1450.3,已完成,刘洋,直销,步进电机A型,电机类,1120,1636.22,常州机电,广东客户002,华南,福建,经销商,B,2299.13,506.45,387.3,134.54,40.87,4350.9,3368.29,982.6099999999997,0.22584063067411334,2025-06
O002984,2025-05-23,C0090,P1011,23,495.99,已完成,李娜,经销,铝合金支架,机加工件,393,502.7,无锡智造,河北客户090,华北,北京,终端工厂,B,6448.44,1576.75,988.41,499.57,177.32,11407.77,9690.49,1717.2800000000007,0.1505359943266739,2025-05
O002985,2025-10-10,C0096,P1003,16,1501.73,已完成,王强,经销,步进电机A型,电机类,1120,1636.22,常州机电,天津客户096,华北,北京,经销商,C,12857.98,2648.55,2568.48,795.94,145.15,24027.68,19016.1,5011.580000000002,0.2085752765144201,2025-10
O002986,2025-06-28,C0052,P1002,12,1032.01,已完成,张伟,展会线索,伺服电机B型,电机类,690,1040.91,南通华科,广西客户052,华南,广西,终端工厂,A,5172.32,1054.26,975.15,298.07,197.22,12384.119999999999,7697.0199999999995,4687.099999999999,0.3784766297484197,2025-06
O002987,2025-05-16,C0046,P1001,10,768.62,已完成,李娜,老客户复购,伺服电机A型,电机类,522,799.93,南通华科,湖南客户046,华中,湖南,终端工厂,C,3610.11,930.64,619.21,367.75,109.09,7686.2,5636.8,2049.3999999999996,0.2666337071634878,2025-05
O002988,2025-03-03,C0090,P1013,42,177.05,已取消,王强,经销,CNC定制件,机加工件,138,172.93,南通华科,河北客户090,华北,北京,终端工厂,B,3880.6,927.77,823.99,156.29,121.03,7436.1,5909.679999999999,1526.420000000001,0.2052715805328063,2025-03
O002989,2025-02-20,C0091,P1005,15,1410.21,已完成,张伟,老客户复购,PLC控制器标准版,控制器类,980,1458.49,苏州精工,广东客户091,华南,广东,经销商,A,10180.0,2643.82,2274.34,824.19,331.8,21153.15,16254.15,4899.000000000002,0.2315967125463584,2025-02
O002990,2025-02-20,C0108,P1005,10,1498.28,已完成,王强,老客户复购,PLC控制器标准版,控制器类,980,1458.49,苏州精工,湖北客户108,华中,湖南,终端工厂,A,7003.07,1744.7,1466.26,627.16,99.94,14982.8,10941.130000000001,4041.6699999999983,0.2697539845689723,2025-02
O002991,2025-09-17,C0103,P1007,14,1007.81,已完成,刘洋,展会线索,变频控制器A型,控制器类,780,1044.88,南通华科,上海客户103,华东,上海,终端工厂,A,7677.11,1476.29,1461.39,411.82,143.69,14109.34,11170.3,2939.040000000001,0.20830456988066068,2025-09
O002992,2025-04-15,C0029,P1011,40,483.34,已完成,王强,直销,铝合金支架,机加工件,393,502.7,无锡智造,云南客户029,西南,四川,终端工厂,B,10234.11,2693.24,2297.45,644.21,289.37,19333.6,16158.38,3175.2199999999993,0.16423325195514543,2025-04
O002993,2025-06-08,C0102,P1014,24,41.75,已取消,赵磊,展会线索,工业线缆,配套耗材,34,41.43,南通华科,北京客户102,华北,天津,终端工厂,C,586.26,117.38,108.58,33.74,19.08,1002.0,865.0400000000001,136.95999999999992,0.13668662674650692,2025-06
O002994,2025-07-16,C0009,P1004,13,727.38,已完成,张伟,展会线索,减速电机C型,电机类,541,716.52,苏州精工,安徽客户009,华东,浙江,终端工厂,A,4607.71,1260.14,831.88,177.88,74.42,9455.94,6952.030000000001,2503.91,0.2647975769727811,2025-07
O002995,2025-01-07,C0084,P1003,12,1618.45,已完成,王强,直销,步进电机A型,电机类,1120,1636.22,常州机电,天津客户084,华北,河北,终端工厂,A,8905.64,2136.76,1760.77,547.1,260.84,19421.4,13611.11,5810.290000000001,0.29916947284953715,2025-01
O002996,2025-10-14,C0082,P1016,77,94.39,已完成,刘洋,经销,密封圈套装,配套耗材,83,101.3,苏州精工,河北客户082,华北,河北,经销商,A,4498.5,1088.62,917.58,351.31,100.68,7268.03,6956.6900000000005,311.33999999999924,0.04283691729395713,2025-10
O002997,2025-09-19,C0045,P1011,19,473.5,已完成,张伟,直销,铝合金支架,机加工件,393,502.7,无锡智造,安徽客户045,华东,江苏,设备集成商,A,4635.26,1026.38,893.75,307.29,167.1,8996.5,7029.780000000001,1966.7199999999993,0.21860945923414654,2025-09
O002998,2025-06-18,C0021,P1007,6,1000.09,已完成,李娜,直销,变频控制器A型,控制器类,780,1044.88,南通华科,山东客户021,华东,江苏,经销商,A,3293.84,626.79,613.84,228.44,118.89,6000.54,4881.8,1118.7399999999998,0.1864398870768297,2025-06
O002999,2025-12-29,C0023,P1010,18,599.01,已完成,李娜,展会线索,联轴器套件,传动部件,456,621.63,上海工控,江苏客户023,华东,浙江,设备集成商,B,5114.65,1213.41,1307.42,530.51,107.4,10782.18,8273.39,2508.790000000001,0.23267929120085185,2025-12
O003000,2025-10-22,C0111,P1007,11,933.17,已完成,陈敏,直销,变频控制器A型,控制器类,780,1044.88,南通华科,广东客户111,华南,广东,经销商,A,5319.61,1331.65,1304.3,270.48,195.18,10264.869999999999,8421.220000000001,1843.6499999999978,0.17960773005405797,2025-10
O003001,2025-04-01,C0029,P1004,13,680.21,已完成,刘洋,老客户复购,减速电机C型,电机类,541,716.52,苏州精工,云南客户029,西南,四川,终端工厂,B,4594.45,1101.45,1007.99,239.55,90.93,8842.73,7034.37,1808.3599999999997,0.20450245568958905,2025-04
O003002,2025-01-30,C0115,P1002,8,982.74,已完成,陈敏,老客户复购,伺服电机B型,电机类,690,1040.91,南通华科,重庆客户115,西南,四川,经销商,B,3681.84,939.03,585.4,291.69,119.19,7861.92,5617.149999999999,2244.7700000000013,0.2855244011640924,2025-01
O003003,2025-07-26,C0084,P1004,12,697.22,已完成,陈敏,经销,减速电机C型,电机类,541,716.52,苏州精工,天津客户084,华北,河北,终端工厂,A,4387.21,1143.57,883.69,311.32,117.1,8366.64,6842.889999999999,1523.75,0.18212209441304994,2025-07
O003004,2025-01-10,C0105,P1007,12,1021.81,已完成,王强,直销,变频控制器A型,控制器类,780,1044.88,南通华科,安徽客户105,华东,安徽,设备集成商,B,6479.01,1199.25,1438.23,202.16,179.16,12261.72,9497.81,2763.91,0.2254096488910202,2025-01
O003005,2025-11-04,C0107,P1009,19,626.09,退货,刘洋,展会线索,同步带轮组件,传动部件,565,711.1,南通华科,安徽客户107,华东,安徽,经销商,B,7316.42,1422.25,1099.72,236.24,107.95,11895.710000000001,10182.58,1713.130000000001,0.14401242128464806,2025-11
O003006,2025-05-27,C0027,P1010,39,617.77,已完成,王强,展会线索,联轴器套件,传动部件,456,621.63,上海工控,浙江客户027,华东,浙江,终端工厂,A,12594.82,3047.18,1846.54,605.32,441.86,24093.03,18535.72,5557.309999999998,0.23066048562592575,2025-05
O003007,2025-09-03,C0007,P1004,1,681.07,已完成,刘洋,经销,减速电机C型,电机类,541,716.52,苏州精工,福建客户007,华南,广西,终端工厂,A,348.22,97.25,62.44,27.83,7.67,681.07,543.41,137.66000000000008,0.20212312978107988,2025-09
O003008,2025-01-16,C0112,P1002,3,1056.73,已完成,王强,直销,伺服电机B型,电机类,690,1040.91,南通华科,广东客户112,华南,福建,终端工厂,A,1311.6,280.09,290.85,84.95,44.58,3170.19,2012.07,1158.1200000000001,0.36531564354186974,2025-01
O003009,2025-01-04,C0022,P1016,104,101.77,已完成,陈敏,老客户复购,密封圈套装,配套耗材,83,101.3,苏州精工,湖南客户022,华中,河南,终端工厂,A,5529.25,1268.17,1128.5,311.67,84.34,10584.08,8321.93,2262.1499999999996,0.21373137769177855,2025-01
O003010,2025-08-04,C0032,P1009,16,687.41,已完成,李娜,经销,同步带轮组件,传动部件,565,711.1,南通华科,天津客户032,华北,天津,设备集成商,B,6022.04,1460.63,1427.36,468.9,81.63,10998.56,9460.56,1538.0,0.13983648768566068,2025-08
O003011,2025-06-15,C0118,P1006,14,2428.74,已取消,刘洋,老客户复购,PLC控制器增强版,控制器类,1773,2443.12,苏州精工,浙江客户118,华东,浙江,终端工厂,B,16066.54,3096.03,2684.23,808.37,271.78,34002.36,22926.949999999997,11075.410000000003,0.3257247438119002,2025-06
O003012,2025-07-16,C0041,P1002,4,978.77,已完成,陈敏,展会线索,伺服电机B型,电机类,690,1040.91,南通华科,福建客户041,华南,广东,终端工厂,A,1770.17,369.42,325.79,75.93,35.89,3915.08,2577.2,1337.88,0.3417248178836704,2025-07
O003013,2025-05-05,C0100,P1014,105,39.1,已完成,刘洋,经销,工业线缆,配套耗材,34,41.43,南通华科,福建客户100,华南,广东,设备集成商,A,2459.16,479.04,393.81,71.31,51.32,4105.5,3454.64,650.8600000000001,0.15853367433930096,2025-05
O003014,2025-11-05,C0085,P1002,14,1021.89,已完成,陈敏,展会线索,伺服电机B型,电机类,690,1040.91,南通华科,浙江客户085,华东,山东,终端工厂,A,6802.56,1193.41,1280.33,540.38,198.67,14306.46,10015.349999999999,4291.110000000001,0.29994212404745835,2025-11
O003015,2025-01-25,C0061,P1006,13,2361.43,已完成,张伟,直销,PLC控制器增强版,控制器类,1773,2443.12,苏州精工,江苏客户061,华东,山东,终端工厂,A,16313.21,3964.05,2384.15,848.3,462.4,30698.589999999997,23972.11,6726.479999999996,0.21911364658767704,2025-01
O003016,2025-02-22,C0032,P1003,13,1546.78,已完成,王强,直销,步进电机A型,电机类,1120,1636.22,常州机电,天津客户032,华北,天津,设备集成商,B,10413.96,2450.17,1610.27,498.13,330.86,20108.14,15303.39,4804.75,0.2389455215648986,2025-02
O003017,2025-01-08,C0016,P1002,10,1044.89,已完成,李娜,直销,伺服电机B型,电机类,690,1040.91,南通华科,北京客户016,华北,天津,终端工厂,B,4603.32,1054.58,942.12,194.51,186.4,10448.900000000001,6980.929999999999,3467.970000000002,0.3318980945362671,2025-01
O003018,2025-07-15,C0044,P1005,14,1447.0,已完成,王强,展会线索,PLC控制器标准版,控制器类,980,1458.49,苏州精工,安徽客户044,华东,安徽,终端工厂,A,9690.62,2031.85,1888.02,771.76,158.94,20258.0,14541.190000000002,5716.809999999998,0.2822001184717148,2025-07
O003019,2025-11-28,C0038,P1005,2,1498.98,退货,刘洋,直销,PLC控制器标准版,控制器类,980,1458.49,苏州精工,江苏客户038,华东,安徽,终端工厂,A,1237.27,237.63,303.35,81.24,18.85,2997.96,1878.34,1119.6200000000001,0.3734606198881907,2025-11
O003020,2025-05-31,C0046,P1006,2,2376.86,已完成,王强,老客户复购,PLC控制器增强版,控制器类,1773,2443.12,苏州精工,湖南客户046,华中,湖南,终端工厂,C,2363.69,441.61,372.74,152.65,60.05,4753.72,3390.7400000000002,1362.98,0.28671861195022,2025-05
O003021,2025-12-09,C0101,P1003,2,1573.63,已完成,陈敏,经销,步进电机A型,电机类,1120,1636.22,常州机电,湖南客户101,华中,河南,终端工厂,A,1518.75,357.01,313.82,94.91,46.12,3147.26,2330.6099999999997,816.6500000000005,0.2594796743834321,2025-12
O003022,2025-05-07,C0076,P1002,15,981.25,已完成,刘洋,经销,伺服电机B型,电机类,690,1040.91,南通华科,浙江客户076,华东,浙江,经销商,A,6732.41,1516.05,1279.26,390.32,126.27,14718.75,10044.31,4674.4400000000005,0.31758403397027607,2025-05
O003023,2025-03-22,C0079,P1014,48,36.46,已完成,张伟,老客户复购,工业线缆,配套耗材,34,41.43,南通华科,安徽客户079,华东,浙江,经销商,A,1024.64,245.38,215.81,46.84,34.37,1750.08,1567.0399999999997,183.0400000000002,0.10458950447979533,2025-03
O003024,2025-10-31,C0073,P1010,37,571.16,退货,李娜,展会线索,联轴器套件,传动部件,456,621.63,上海工控,湖北客户073,华中,湖南,设备集成商,C,11400.34,2924.6,2264.31,457.47,414.61,21132.92,17461.33,3671.5899999999965,0.17373794061587308,2025-10
O003025,2025-10-08,C0091,P1007,9,943.01,已完成,刘洋,直销,变频控制器A型,控制器类,780,1044.88,南通华科,广东客户091,华南,广东,经销商,A,4973.91,1040.9,804.38,193.45,145.05,8487.09,7157.69,1329.4000000000005,0.1566379053362225,2025-10
O003026,2025-10-14,C0074,P1007,5,989.17,已完成,赵磊,经销,变频控制器A型,控制器类,780,1044.88,南通华科,安徽客户074,华东,浙江,终端工厂,B,2444.96,617.31,539.79,105.77,77.03,4945.849999999999,3784.86,1160.9899999999993,0.2347402367641557,2025-10
O003027,2025-06-14,C0065,P1004,3,637.76,已完成,赵磊,经销,减速电机C型,电机类,541,716.52,苏州精工,安徽客户065,华东,山东,经销商,B,1120.75,228.85,209.37,84.47,24.58,1913.28,1668.0199999999998,245.26000000000022,0.12818824218096683,2025-06
O003028,2025-08-17,C0061,P1006,1,2446.14,已完成,李娜,展会线索,PLC控制器增强版,控制器类,1773,2443.12,苏州精工,江苏客户061,华东,山东,终端工厂,A,1495.6,256.67,193.21,122.14,31.73,2446.14,2099.35,346.78999999999996,0.14177029932873833,2025-08
O003029,2025-02-22,C0024,P1008,9,754.17,已完成,李娜,经销,精密齿轮箱,传动部件,523,743.47,上海工控,广东客户024,华南,广西,终端工厂,B,3254.32,740.17,536.48,310.14,41.16,6787.53,4882.27,1905.2599999999993,0.2807000484712405,2025-02
O003030,2025-09-13,C0114,P1003,8,1613.28,已完成,赵磊,经销,步进电机A型,电机类,1120,1636.22,常州机电,江苏客户114,华东,安徽,终端工厂,B,6097.91,1332.11,1067.06,566.88,191.58,12906.24,9255.539999999999,3650.7000000000007,0.2828631731627492,2025-09
O003031,2025-04-30,C0097,P1005,13,1404.65,已完成,张伟,展会线索,PLC控制器标准版,控制器类,980,1458.49,苏州精工,上海客户097,华东,安徽,经销商,C,8866.4,1845.77,1994.37,494.22,236.76,18260.45,13437.52,4822.93,0.264118901779529,2025-04
O003032,2025-11-11,C0021,P1001,6,743.91,已完成,王强,经销,伺服电机A型,电机类,522,799.93,南通华科,山东客户021,华东,江苏,经销商,A,2234.26,391.47,333.65,222.27,87.35,4463.46,3269.0000000000005,1194.4599999999996,0.2676085368749803,2025-11
O003033,2025-06-04,C0064,P1004,17,665.99,已完成,陈敏,展会线索,减速电机C型,电机类,541,716.52,苏州精工,江苏客户064,华东,浙江,经销商,B,6411.87,1370.82,1198.95,271.75,130.1,11321.83,9383.49,1938.3400000000001,0.17120377182840585,2025-06
O003034,2025-09-25,C0087,P1011,12,491.08,已完成,陈敏,直销,铝合金支架,机加工件,393,502.7,无锡智造,山东客户087,华东,江苏,终端工厂,A,3127.34,576.13,599.83,187.35,88.32,5892.96,4578.97,1313.9899999999998,0.22297622926339222,2025-09
O003035,2025-02-20,C0088,P1005,5,1382.1,已完成,王强,老客户复购,PLC控制器标准版,控制器类,980,1458.49,苏州精工,河南客户088,华中,河南,终端工厂,A,3291.06,841.33,598.06,202.75,93.79,6910.5,5026.990000000001,1883.5099999999993,0.2725577020476086,2025-02
O003036,2025-04-13,C0011,P1005,6,1291.23,已完成,王强,展会线索,PLC控制器标准版,控制器类,980,1458.49,苏州精工,上海客户011,华东,上海,经销商,A,3764.8,844.43,830.08,227.88,144.1,7747.38,5811.290000000001,1936.0899999999992,0.24990254769999654,2025-04
O003037,2025-12-05,C0060,P1015,114,80.11,已完成,张伟,经销,传感器支架,配套耗材,70,84.31,苏州精工,广西客户060,华南,广东,设备集成商,A,5438.61,1031.22,1031.39,381.44,133.79,9132.539999999999,8016.45,1116.0899999999992,0.12221025037941245,2025-12
O003038,2025-08-31,C0064,P1016,104,98.08,已完成,张伟,老客户复购,密封圈套装,配套耗材,83,101.3,苏州精工,江苏客户064,华东,浙江,经销商,B,6116.0,1424.27,895.11,193.17,150.42,10200.32,8778.970000000001,1421.3499999999985,0.13934366764964223,2025-08
O003039,2025-11-15,C0002,P1011,7,486.21,已完成,陈敏,老客户复购,铝合金支架,机加工件,393,502.7,无锡智造,广东客户002,华南,福建,经销商,B,1771.21,427.15,405.86,119.78,38.23,3403.47,2762.2300000000005,641.2399999999993,0.1884077133043627,2025-11
O003040,2025-04-14,C0076,P1014,37,38.18,已完成,张伟,展会线索,工业线缆,配套耗材,34,41.43,南通华科,浙江客户076,华东,浙江,经销商,A,861.26,161.8,180.39,55.65,17.96,1412.66,1277.06,135.60000000000014,0.09598912689536061,2025-04
O003041,2025-07-18,C0009,P1002,10,1015.51,已完成,陈敏,老客户复购,伺服电机B型,电机类,690,1040.91,南通华科,安徽客户009,华东,浙江,终端工厂,A,4470.38,1158.19,901.37,173.36,190.7,10155.1,6893.999999999999,3261.1000000000013,0.3211292847928628,2025-07
O003042,2025-02-01,C0096,P1008,29,662.52,已完成,张伟,直销,精密齿轮箱,传动部件,523,743.47,上海工控,天津客户096,华北,北京,经销商,C,10567.94,2352.22,1914.22,933.69,319.42,19213.079999999998,16087.49,3125.5899999999983,0.16268031986542494,2025-02
O003043,2025-09-13,C0103,P1005,11,1393.83,已完成,刘洋,经销,PLC控制器标准版,控制器类,980,1458.49,苏州精工,上海客户103,华东,上海,终端工厂,A,7260.32,1716.06,1259.59,335.01,139.52,15332.13,10710.5,4621.629999999999,0.3014343082141881,2025-09
O003044,2025-03-30,C0070,P1011,21,496.94,已完成,刘洋,老客户复购,铝合金支架,机加工件,393,502.7,无锡智造,四川客户070,西南,四川,设备集成商,B,5358.79,1356.66,894.66,440.55,134.11,10435.74,8184.7699999999995,2250.9700000000003,0.21569816802641695,2025-03
O003045,2025-03-21,C0110,P1015,100,80.57,已完成,赵磊,老客户复购,传感器支架,配套耗材,70,84.31,苏州精工,云南客户110,西南,云南,终端工厂,A,4609.2,966.17,915.54,210.39,92.19,8056.999999999999,6793.49,1263.5099999999993,0.15682139754250954,2025-03
O003046,2025-10-09,C0098,P1014,67,37.98,已完成,王强,经销,工业线缆,配套耗材,34,41.43,南通华科,福建客户098,华南,广西,设备集成商,C,1580.71,358.92,330.03,101.67,43.83,2544.66,2415.16,129.5,0.05089088522631707,2025-10
O003047,2025-10-03,C0120,P1005,16,1348.22,已完成,张伟,直销,PLC控制器标准版,控制器类,980,1458.49,苏州精工,浙江客户120,华东,山东,经销商,C,10037.85,2817.81,2015.6,865.84,327.16,21571.52,16064.26,5507.26,0.2553023616323745,2025-10
O003048,2025-11-20,C0030,P1012,4,357.17,已完成,刘洋,直销,不锈钢轴套,机加工件,315,371.9,南通华科,福建客户030,华南,广西,设备集成商,A,852.53,226.48,142.43,42.52,9.88,1428.68,1273.8400000000001,154.83999999999992,0.10837976313800145,2025-11
O003049,2025-08-17,C0073,P1012,14,371.36,已完成,刘洋,经销,不锈钢轴套,机加工件,315,371.9,南通华科,湖北客户073,华中,湖南,设备集成商,C,2814.39,717.85,442.28,239.9,75.37,5199.04,4289.789999999999,909.2500000000009,0.17488805625653986,2025-08
O003050,2025-06-08,C0064,P1003,6,1597.79,已完成,陈敏,直销,步进电机A型,电机类,1120,1636.22,常州机电,江苏客户064,华东,浙江,经销商,B,4462.69,940.0,722.91,453.02,150.37,9586.74,6728.989999999999,2857.750000000001,0.2980940340512,2025-06
O003051,2025-03-12,C0034,P1010,38,557.48,已完成,赵磊,老客户复购,联轴器套件,传动部件,456,621.63,上海工控,广东客户034,华南,广东,经销商,A,11326.26,2153.11,2071.41,454.66,355.77,21184.24,16361.210000000001,4823.030000000001,0.2276706646072741,2025-03
O003052,2025-07-19,C0105,P1012,38,338.06,已完成,陈敏,经销,不锈钢轴套,机加工件,315,371.9,南通华科,安徽客户105,华东,安徽,设备集成商,B,8282.76,1794.18,1833.21,273.93,151.32,12846.28,12335.400000000001,510.8799999999992,0.03976871125337445,2025-07
O003053,2025-03-17,C0020,P1008,28,668.57,已完成,李娜,直销,精密齿轮箱,传动部件,523,743.47,上海工控,福建客户020,华南,福建,经销商,B,10119.91,1816.85,1791.85,655.35,196.6,18719.960000000003,14580.560000000001,4139.4000000000015,0.22112226735527218,2025-03
O003054,2025-05-17,C0088,P1015,111,81.05,已完成,陈敏,老客户复购,传感器支架,配套耗材,70,84.31,苏州精工,河南客户088,华中,河南,终端工厂,A,5190.51,1215.9,948.74,168.33,63.8,8996.55,7587.28,1409.2699999999995,0.1566456030367196,2025-05
O003055,2025-09-30,C0012,P1007,17,1064.66,已完成,赵磊,老客户复购,变频控制器A型,控制器类,780,1044.88,南通华科,云南客户012,西南,云南,终端工厂,A,8920.01,1730.22,2033.95,799.92,185.25,18099.22,13669.35,4429.870000000001,0.244754746337135,2025-09
O003056,2025-12-08,C0091,P1013,34,159.41,已完成,陈敏,直销,CNC定制件,机加工件,138,172.93,南通华科,广东客户091,华南,广东,经销商,A,3298.94,713.14,513.98,197.81,82.34,5419.94,4806.21,613.7299999999996,0.11323557087347823,2025-12
O003057,2025-08-23,C0076,P1012,35,321.3,已完成,张伟,展会线索,不锈钢轴套,机加工件,315,371.9,南通华科,浙江客户076,华东,浙江,经销商,A,6927.99,1531.01,1106.06,293.23,112.81,11245.5,9971.099999999999,1274.4000000000015,0.11332533013205295,2025-08
O003058,2025-07-02,C0026,P1012,25,363.22,已完成,赵磊,直销,不锈钢轴套,机加工件,315,371.9,南通华科,河南客户026,华中,湖北,经销商,B,5378.79,1039.05,801.72,236.52,157.86,9080.5,7613.9400000000005,1466.5599999999995,0.16150652497109183,2025-07
O003059,2025-12-21,C0114,P1011,20,487.31,已完成,王强,经销,铝合金支架,机加工件,393,502.7,无锡智造,江苏客户114,华东,安徽,终端工厂,B,5186.93,1138.96,1007.19,402.64,118.91,9746.2,7854.63,1891.5700000000006,0.19408282202294233,2025-12
O003060,2025-07-09,C0061,P1001,10,767.69,已完成,赵磊,直销,伺服电机A型,电机类,522,799.93,南通华科,江苏客户061,华东,山东,终端工厂,A,3284.05,691.04,580.85,251.61,41.83,7676.900000000001,4849.38,2827.5200000000004,0.3683153356172414,2025-07
O003061,2025-06-01,C0038,P1008,43,703.77,已完成,刘洋,经销,精密齿轮箱,传动部件,523,743.47,上海工控,江苏客户038,华东,安徽,终端工厂,A,14581.01,3517.99,2727.44,1203.52,328.9,30262.11,22358.86,7903.25,0.2611599125110576,2025-06
O003062,2025-01-16,C0108,P1001,1,806.08,已完成,陈敏,展会线索,伺服电机A型,电机类,522,799.93,南通华科,湖北客户108,华中,湖南,终端工厂,A,374.76,92.87,77.25,39.02,6.51,806.08,590.41,215.67000000000007,0.2675540889241763,2025-01
O003063,2025-06-10,C0104,P1004,8,686.15,已完成,赵磊,直销,减速电机C型,电机类,541,716.52,苏州精工,安徽客户104,华东,安徽,终端工厂,B,3008.36,602.89,621.14,154.17,51.28,5489.2,4437.84,1051.3599999999997,0.19153246374699404,2025-06
O003064,2025-03-26,C0090,P1012,29,363.83,已完成,赵磊,展会线索,不锈钢轴套,机加工件,315,371.9,南通华科,河北客户090,华北,北京,终端工厂,B,6539.56,1211.24,1329.27,407.41,100.79,10551.07,9588.27,962.7999999999993,0.09125140862490717,2025-03
O003065,2025-01-31,C0109,P1016,81,95.75,已完成,陈敏,展会线索,密封圈套装,配套耗材,83,101.3,苏州精工,浙江客户109,华东,安徽,经销商,B,4476.4,864.42,1043.9,379.13,123.99,7755.75,6887.839999999999,867.9100000000008,0.11190536053895507,2025-01
O003066,2025-06-24,C0094,P1014,65,40.21,已完成,李娜,经销,工业线缆,配套耗材,34,41.43,南通华科,安徽客户094,华东,安徽,终端工厂,A,1557.92,276.16,271.91,69.47,35.22,2613.65,2210.68,402.97000000000025,0.15417902167466963,2025-06
O003067,2025-03-01,C0073,P1006,2,2271.03,已完成,赵磊,经销,PLC控制器增强版,控制器类,1773,2443.12,苏州精工,湖北客户073,华中,湖南,设备集成商,C,2263.54,545.39,493.82,89.17,31.68,4542.06,3423.6,1118.4600000000005,0.2462450958375716,2025-03
O003068,2025-12-12,C0021,P1006,13,2305.29,已完成,张伟,展会线索,PLC控制器增强版,控制器类,1773,2443.12,苏州精工,山东客户021,华东,江苏,经销商,A,14372.03,3818.15,2762.66,685.98,499.62,29968.77,22138.44,7830.330000000002,0.261282995598418,2025-12
O003069,2025-04-27,C0097,P1005,15,1290.86,已完成,刘洋,老客户复购,PLC控制器标准版,控制器类,980,1458.49,苏州精工,上海客户097,华东,安徽,经销商,C,9324.59,2140.78,2126.9,679.33,257.72,19362.899999999998,14529.32,4833.579999999998,0.24963099535710037,2025-04
O003070,2025-12-09,C0045,P1008,14,699.57,已完成,李娜,老客户复购,精密齿轮箱,传动部件,523,743.47,上海工控,安徽客户045,华东,江苏,设备集成商,A,4654.93,958.13,988.13,154.99,176.65,9793.980000000001,6932.83,2861.1500000000015,0.2921335350899227,2025-12
O003071,2025-01-06,C0006,P1010,3,599.08,已完成,赵磊,直销,联轴器套件,传动部件,456,621.63,上海工控,福建客户006,华南,广东,经销商,B,896.1,198.36,158.01,82.1,26.31,1797.2400000000002,1360.8799999999999,436.36000000000035,0.2427945071331599,2025-01
O003072,2025-09-03,C0007,P1004,9,713.92,已完成,张伟,经销,减速电机C型,电机类,541,716.52,苏州精工,福建客户007,华南,广西,终端工厂,A,3237.84,755.27,598.02,201.08,66.59,6425.28,4858.8,1566.4799999999996,0.24379949200657397,2025-09
O003073,2025-10-08,C0100,P1016,20,98.28,已完成,刘洋,经销,密封圈套装,配套耗材,83,101.3,苏州精工,福建客户100,华南,广东,设备集成商,A,1097.37,230.57,173.73,32.05,14.96,1965.6,1548.6799999999998,416.9200000000001,0.21210826210826217,2025-10
O003074,2025-04-04,C0015,P1006,3,2379.22,已取消,王强,经销,PLC控制器增强版,控制器类,1773,2443.12,苏州精工,北京客户015,华北,河北,经销商,C,3431.63,922.47,726.97,346.46,72.05,7137.66,5499.580000000001,1638.079999999999,0.2294981828778618,2025-04
O003075,2025-06-18,C0115,P1016,31,91.88,已完成,张伟,经销,密封圈套装,配套耗材,83,101.3,苏州精工,重庆客户115,西南,四川,经销商,B,1698.63,419.88,346.52,95.35,38.83,2848.2799999999997,2599.21,249.0699999999997,0.08744575673739932,2025-06
O003076,2025-07-26,C0009,P1004,9,727.17,退货,李娜,直销,减速电机C型,电机类,541,716.52,苏州精工,安徽客户009,华东,浙江,终端工厂,A,3303.2,807.98,682.07,317.45,125.78,6544.53,5236.48,1308.0500000000002,0.19986920374725156,2025-07
O003077,2025-11-09,C0064,P1016,78,91.03,已完成,王强,老客户复购,密封圈套装,配套耗材,83,101.3,苏州精工,江苏客户064,华东,浙江,经销商,B,4287.03,790.76,651.7,137.12,43.48,7100.34,5910.089999999999,1190.250000000001,0.16763281758338344,2025-11
O003078,2025-04-28,C0080,P1013,16,171.91,已完成,刘洋,老客户复购,CNC定制件,机加工件,138,172.93,南通华科,广西客户080,华南,广东,终端工厂,B,1451.4,271.96,303.59,59.57,34.96,2750.56,2121.48,629.0799999999999,0.22870979000639868,2025-04
O003079,2025-12-31,C0011,P1001,14,689.44,已完成,陈敏,老客户复购,伺服电机A型,电机类,522,799.93,南通华科,上海客户011,华东,上海,经销商,A,4606.29,1239.9,1072.8,275.35,180.1,9652.16,7374.440000000001,2277.7199999999984,0.2359803401518415,2025-12
O003080,2025-05-30,C0075,P1004,10,732.32,已完成,张伟,直销,减速电机C型,电机类,541,716.52,苏州精工,江苏客户075,华东,上海,终端工厂,A,3454.66,913.4,718.18,194.32,45.88,7323.200000000001,5326.44,1996.7600000000011,0.27266222416429986,2025-05
O003081,2025-08-25,C0045,P1004,2,659.8,已完成,李娜,老客户复购,减速电机C型,电机类,541,716.52,苏州精工,安徽客户045,华东,江苏,设备集成商,A,826.1,185.86,147.6,30.74,16.41,1319.6,1206.71,112.88999999999987,0.08554865110639578,2025-08
O003082,2025-05-18,C0119,P1001,1,767.07,已完成,张伟,直销,伺服电机A型,电机类,522,799.93,南通华科,北京客户119,华北,北京,设备集成商,A,328.8,91.07,66.54,21.21,14.76,767.07,522.38,244.69000000000005,0.3189930514816119,2025-05
O003083,2025-02-16,C0105,P1001,8,773.49,已完成,刘洋,展会线索,伺服电机A型,电机类,522,799.93,南通华科,安徽客户105,华东,安徽,设备集成商,B,2755.74,585.37,486.0,215.2,82.77,6187.92,4125.08,2062.84,0.3333656543717437,2025-02
O003084,2025-05-15,C0107,P1005,3,1293.32,已取消,王强,经销,PLC控制器标准版,控制器类,980,1458.49,苏州精工,安徽客户107,华东,安徽,经销商,B,1827.56,468.18,433.06,141.85,70.03,3879.96,2940.68,939.2800000000002,0.24208496994814385,2025-05
O003085,2025-06-22,C0089,P1008,30,698.74,已完成,李娜,老客户复购,精密齿轮箱,传动部件,523,743.47,上海工控,河北客户089,华北,天津,经销商,C,10161.5,2063.53,2225.42,452.77,133.46,20962.2,15036.68,5925.52,0.28267643663355946,2025-06
O003086,2025-02-03,C0065,P1002,1,1008.0,已完成,赵磊,展会线索,伺服电机B型,电机类,690,1040.91,南通华科,安徽客户065,华东,山东,经销商,B,434.47,114.61,70.19,25.33,6.99,1008.0,651.59,356.40999999999997,0.35358134920634915,2025-02
O003087,2025-04-25,C0060,P1002,3,1028.25,已完成,李娜,展会线索,伺服电机B型,电机类,690,1040.91,南通华科,广西客户060,华南,广东,设备集成商,A,1439.67,310.93,232.52,127.29,50.14,3084.75,2160.55,924.1999999999998,0.29960288516087197,2025-04
O003088,2025-03-24,C0024,P1003,2,1573.49,已完成,陈敏,直销,步进电机A型,电机类,1120,1636.22,常州机电,广东客户024,华南,广西,终端工厂,B,1505.96,305.87,302.8,150.03,18.17,3146.98,2282.8300000000004,864.1499999999996,0.27459659737271913,2025-03
O003089,2025-09-04,C0035,P1003,6,1653.63,已完成,陈敏,经销,步进电机A型,电机类,1120,1636.22,常州机电,江苏客户035,华东,浙江,终端工厂,A,4345.79,921.3,926.75,374.95,80.31,9921.78,6649.1,3272.6800000000003,0.3298480716161818,2025-09
O003090,2025-12-23,C0111,P1001,7,728.64,已完成,李娜,经销,伺服电机A型,电机类,522,799.93,南通华科,广东客户111,华南,广东,经销商,A,2344.44,641.98,531.21,243.29,88.98,5100.48,3849.9,1250.5799999999995,0.24518868812347064,2025-12
O003091,2025-01-22,C0100,P1003,17,1518.68,已完成,刘洋,经销,步进电机A型,电机类,1120,1636.22,常州机电,福建客户100,华南,广东,设备集成商,A,12570.43,2424.07,2623.2,705.33,293.83,25817.56,18616.860000000004,7200.699999999997,0.27890706945195426,2025-01
O003092,2025-01-11,C0107,P1010,6,555.88,已完成,张伟,老客户复购,联轴器套件,传动部件,456,621.63,上海工控,安徽客户107,华东,安徽,经销商,B,1812.84,482.06,284.9,72.57,47.09,3335.2799999999997,2699.4600000000005,635.8199999999993,0.19063466935309759,2025-01
O003093,2025-01-22,C0081,P1006,7,2169.54,已完成,李娜,展会线索,PLC控制器增强版,控制器类,1773,2443.12,苏州精工,安徽客户081,华东,江苏,经销商,B,8791.65,2172.88,1657.14,246.17,158.6,15186.779999999999,13026.439999999999,2160.34,0.14225135282133541,2025-01
O003094,2025-03-30,C0038,P1003,4,1663.72,已完成,李娜,直销,步进电机A型,电机类,1120,1636.22,常州机电,江苏客户038,华东,安徽,终端工厂,A,3189.24,671.98,643.31,162.52,35.77,6654.88,4702.820000000001,1952.0599999999995,0.2933276032024619,2025-03
O003095,2025-06-28,C0062,P1005,6,1416.59,已完成,陈敏,经销,PLC控制器标准版,控制器类,980,1458.49,苏州精工,浙江客户062,华东,上海,经销商,C,3985.68,1000.18,937.37,379.35,113.13,8499.539999999999,6415.71,2083.829999999999,0.24516973859761815,2025-06
O003096,2025-05-03,C0073,P1005,10,1424.4,已完成,刘洋,展会线索,PLC控制器标准版,控制器类,980,1458.49,苏州精工,湖北客户073,华中,湖南,设备集成商,C,6672.55,1660.61,991.65,688.09,184.72,14244.0,10197.619999999999,4046.380000000001,0.284076102218478,2025-05
O003097,2025-11-08,C0073,P1016,83,92.28,已完成,赵磊,经销,密封圈套装,配套耗材,83,101.3,苏州精工,湖北客户073,华中,湖南,设备集成商,C,4927.05,1142.69,751.86,159.19,78.93,7659.24,7059.719999999999,599.5200000000004,0.07827408463502912,2025-11
O003098,2025-04-30,C0074,P1007,5,1020.17,已完成,张伟,直销,变频控制器A型,控制器类,780,1044.88,南通华科,安徽客户074,华东,浙江,终端工厂,B,2520.96,570.8,531.31,154.46,29.82,5100.849999999999,3807.3500000000004,1293.499999999999,0.2535851867825949,2025-04
O003099,2025-01-27,C0105,P1014,50,40.76,已完成,张伟,直销,工业线缆,配套耗材,34,41.43,南通华科,安徽客户105,华东,安徽,设备集成商,B,1219.86,247.36,256.81,35.85,34.95,2038.0,1794.8299999999997,243.1700000000003,0.11931795878312085,2025-01
O003100,2025-03-26,C0099,P1008,22,737.0,已完成,刘洋,直销,精密齿轮箱,传动部件,523,743.47,上海工控,广西客户099,华南,福建,设备集成商,B,7333.24,1849.75,1607.48,759.52,159.06,16214.0,11709.05,4504.950000000001,0.277843221906994,2025-03
O003101,2025-09-28,C0104,P1002,9,1054.83,已完成,张伟,老客户复购,伺服电机B型,电机类,690,1040.91,南通华科,安徽客户104,华东,安徽,终端工厂,B,3917.86,1067.34,744.55,219.67,116.7,9493.47,6066.12,3427.3499999999995,0.3610218392221179,2025-09
O003102,2025-04-21,C0045,P1003,7,1526.75,已完成,刘洋,直销,步进电机A型,电机类,1120,1636.22,常州机电,安徽客户045,华东,江苏,设备集成商,A,4975.37,1080.49,965.24,264.02,125.62,10687.25,7410.739999999999,3276.510000000001,0.30658120657793175,2025-04
O003103,2025-08-27,C0035,P1015,24,79.28,已完成,张伟,直销,传感器支架,配套耗材,70,84.31,苏州精工,江苏客户035,华东,浙江,终端工厂,A,1106.22,279.68,260.58,35.26,33.01,1902.72,1714.75,187.97000000000003,0.09879015304406324,2025-08
O003104,2025-09-14,C0119,P1009,18,657.34,已完成,王强,直销,同步带轮组件,传动部件,565,711.1,南通华科,北京客户119,华北,北京,设备集成商,A,7253.01,1639.37,1625.02,316.23,206.53,11832.12,11040.160000000002,791.9599999999991,0.06693306017856471,2025-09
O003105,2025-05-21,C0064,P1005,14,1360.9,已完成,陈敏,展会线索,PLC控制器标准版,控制器类,980,1458.49,苏州精工,江苏客户064,华东,浙江,经销商,B,9430.72,1912.65,1952.09,625.63,149.27,19052.600000000002,14070.359999999999,4982.240000000003,0.26149921795450504,2025-05
O003106,2025-07-02,C0089,P1010,34,560.62,已完成,王强,老客户复购,联轴器套件,传动部件,456,621.63,上海工控,河北客户089,华北,天津,经销商,C,9882.06,2524.11,2212.67,640.02,238.67,19061.08,15497.53,3563.550000000001,0.1869542544283955,2025-07
O003107,2025-12-13,C0048,P1008,32,664.52,已完成,李娜,直销,精密齿轮箱,传动部件,523,743.47,上海工控,江苏客户048,华东,山东,经销商,A,10677.63,2439.39,2548.62,955.11,317.14,21264.64,16937.89,4326.75,0.20347158475290436,2025-12
O003108,2025-10-14,C0106,P1009,27,623.98,已完成,王强,直销,同步带轮组件,传动部件,565,711.1,南通华科,河北客户106,华北,天津,经销商,C,10979.57,2648.13,1658.43,488.07,117.58,16847.46,15891.78,955.6799999999985,0.05672546484751995,2025-10
O003109,2025-08-22,C0101,P1001,17,795.26,已完成,张伟,直销,伺服电机A型,电机类,522,799.93,南通华科,湖南客户101,华中,河南,终端工厂,A,7733.44,1478.26,970.35,619.39,183.0,13519.42,10984.439999999999,2534.9800000000014,0.18750656463073131,2025-08
O003110,2025-12-23,C0015,P1009,8,695.46,已完成,张伟,展会线索,同步带轮组件,传动部件,565,711.1,南通华科,北京客户015,华北,河北,经销商,C,2822.81,567.85,620.38,246.68,100.75,5563.68,4358.47,1205.21,0.21662101342996,2025-12
O003111,2025-11-18,C0095,P1002,11,1049.7,已完成,李娜,直销,伺服电机B型,电机类,690,1040.91,南通华科,北京客户095,华北,天津,终端工厂,B,5228.27,1002.31,847.81,529.39,77.35,11546.7,7685.13,3861.5700000000006,0.3344306165397906,2025-11
O003112,2025-02-05,C0017,P1005,3,1425.61,已完成,陈敏,经销,PLC控制器标准版,控制器类,980,1458.49,苏州精工,广西客户017,华南,广西,终端工厂,B,2024.5,446.91,368.34,130.07,82.02,4276.83,3051.84,1224.9899999999998,0.28642475852442106,2025-02
O003113,2025-10-01,C0056,P1009,38,658.93,已完成,王强,经销,同步带轮组件,传动部件,565,711.1,南通华科,山东客户056,华东,山东,设备集成商,A,15160.92,3690.67,2670.81,469.35,499.98,25039.339999999997,22491.73,2547.609999999997,0.10174429517710919,2025-10
O003114,2025-02-13,C0038,P1004,10,713.68,已取消,刘洋,展会线索,减速电机C型,电机类,541,716.52,苏州精工,江苏客户038,华东,安徽,终端工厂,A,3432.83,816.56,626.9,234.63,68.33,7136.799999999999,5179.249999999999,1957.5500000000002,0.2742895975787468,2025-02
O003115,2025-05-20,C0103,P1004,3,695.62,已完成,刘洋,直销,减速电机C型,电机类,541,716.52,苏州精工,上海客户103,华东,上海,终端工厂,A,1151.82,289.06,202.23,36.43,31.2,2086.86,1710.74,376.1200000000001,0.18023250241990363,2025-05
O003116,2025-07-31,C0029,P1013,34,164.38,已完成,张伟,经销,CNC定制件,机加工件,138,172.93,南通华科,云南客户029,西南,四川,终端工厂,B,3085.75,840.61,494.36,107.14,86.58,5588.92,4614.4400000000005,974.4799999999996,0.17435926798021792,2025-07
O003117,2025-11-21,C0060,P1012,19,342.05,已完成,王强,老客户复购,不锈钢轴套,机加工件,315,371.9,南通华科,广西客户060,华南,广东,设备集成商,A,4164.75,887.37,698.07,167.95,65.44,6498.95,5983.579999999999,515.3700000000008,0.07930050238884756,2025-11
O003118,2025-07-31,C0111,P1009,18,639.72,已完成,王强,直销,同步带轮组件,传动部件,565,711.1,南通华科,广东客户111,华南,广东,经销商,A,6534.51,1739.46,1056.71,336.87,186.7,11514.960000000001,9854.250000000002,1660.7099999999991,0.14422195127034734,2025-07
O003119,2025-06-22,C0087,P1005,11,1388.92,已完成,张伟,直销,PLC控制器标准版,控制器类,980,1458.49,苏州精工,山东客户087,华东,江苏,终端工厂,A,6687.72,1861.51,1534.83,268.41,281.5,15278.12,10633.97,4644.1500000000015,0.3039739182569584,2025-06
O003120,2025-09-02,C0053,P1006,12,2417.01,已完成,李娜,展会线索,PLC控制器增强版,控制器类,1773,2443.12,苏州精工,河北客户053,华北,河北,终端工厂,A,14227.91,3385.74,3253.57,1329.57,322.85,29004.120000000003,22519.64,6484.480000000003,0.22357099612055123,2025-09
O003121,2025-02-02,C0006,P1001,12,696.94,已完成,赵磊,经销,伺服电机A型,电机类,522,799.93,南通华科,福建客户006,华南,广东,经销商,B,4032.57,848.43,914.27,397.51,50.88,8363.28,6243.660000000001,2119.62,0.2534436249892386,2025-02
O003122,2025-12-24,C0048,P1009,22,682.71,已完成,李娜,老客户复购,同步带轮组件,传动部件,565,711.1,南通华科,江苏客户048,华东,山东,经销商,A,7725.27,2105.34,1531.33,370.62,117.54,15019.62,11850.100000000002,3169.5199999999986,0.211025312224943,2025-12
O003123,2025-02-05,C0062,P1005,8,1371.65,已完成,王强,老客户复购,PLC控制器标准版,控制器类,980,1458.49,苏州精工,浙江客户062,华东,上海,经销商,C,5132.44,1397.78,1243.62,291.92,213.49,10973.2,8279.25,2693.9500000000007,0.245502679254912,2025-02
O003124,2025-05-09,C0033,P1003,4,1612.98,已完成,王强,展会线索,步进电机A型,电机类,1120,1636.22,常州机电,江苏客户033,华东,浙江,终端工厂,B,2911.94,767.28,504.99,283.41,66.49,6451.92,4534.11,1917.8100000000004,0.29724640107130906,2025-05
O003125,2025-08-15,C0079,P1010,33,592.89,已完成,王强,直销,联轴器套件,传动部件,456,621.63,上海工控,安徽客户079,华东,浙江,经销商,A,9624.28,2649.75,1698.18,972.68,129.69,19565.37,15074.580000000002,4490.789999999997,0.229527476352351,2025-08
O003126,2025-09-27,C0107,P1010,42,561.42,已完成,李娜,经销,联轴器套件,传动部件,456,621.63,上海工控,安徽客户107,华东,安徽,经销商,B,11893.43,3298.89,2589.28,701.66,146.89,23579.64,18630.149999999998,4949.490000000002,0.20990524028356675,2025-09
O003127,2025-03-13,C0089,P1001,5,724.82,已完成,陈敏,展会线索,伺服电机A型,电机类,522,799.93,南通华科,河北客户089,华北,天津,经销商,C,1768.25,374.86,336.74,134.32,52.91,3624.1000000000004,2667.0800000000004,957.02,0.26407107971634336,2025-03
O003128,2025-10-11,C0030,P1013,15,166.12,已完成,陈敏,直销,CNC定制件,机加工件,138,172.93,南通华科,福建客户030,华南,广西,设备集成商,A,1482.24,329.76,249.15,66.13,30.29,2491.8,2157.57,334.23,0.13413195280520104,2025-10
O003129,2025-08-23,C0043,P1013,36,162.23,已完成,陈敏,老客户复购,CNC定制件,机加工件,138,172.93,南通华科,广东客户043,华南,广东,设备集成商,B,3208.99,708.37,747.82,263.35,84.2,5840.28,5012.73,827.5500000000002,0.14169697343278065,2025-08
O003130,2025-11-06,C0040,P1005,14,1474.02,已完成,王强,经销,PLC控制器标准版,控制器类,980,1458.49,苏州精工,浙江客户040,华东,江苏,终端工厂,A,9306.06,1997.99,1895.47,891.73,331.58,20636.28,14422.829999999998,6213.450000000001,0.3010935110397805,2025-11
O003131,2025-06-21,C0101,P1001,14,803.97,已完成,陈敏,老客户复购,伺服电机A型,电机类,522,799.93,南通华科,湖南客户101,华中,河南,终端工厂,A,4556.87,1197.55,1046.48,207.83,81.64,11255.58,7090.37,4165.21,0.3700573404480267,2025-06
O003132,2025-12-03,C0074,P1004,10,734.85,已完成,陈敏,展会线索,减速电机C型,电机类,541,716.52,苏州精工,安徽客户074,华东,浙江,终端工厂,B,3780.46,830.65,807.7,157.74,40.12,7348.5,5616.669999999999,1731.8300000000008,0.2356712254201539,2025-12
O003133,2025-10-16,C0052,P1011,25,480.92,已完成,陈敏,老客户复购,铝合金支架,机加工件,393,502.7,无锡智造,广西客户052,华南,广西,终端工厂,A,6250.61,1445.79,1290.98,541.27,189.28,12023.0,9717.93,2305.0699999999997,0.1917217000748565,2025-10
O003134,2025-02-06,C0064,P1007,10,992.55,已完成,刘洋,经销,变频控制器A型,控制器类,780,1044.88,南通华科,江苏客户064,华东,浙江,经销商,B,5608.5,972.84,840.94,178.19,129.79,9925.5,7730.26,2195.24,0.2211717293839101,2025-02
O003135,2025-11-12,C0084,P1016,28,97.87,已完成,赵磊,展会线索,密封圈套装,配套耗材,83,101.3,苏州精工,天津客户084,华北,河北,终端工厂,A,1502.9,374.21,250.9,51.0,32.62,2740.36,2211.63,528.73,0.19294180326672408,2025-11
O003136,2025-11-15,C0103,P1002,8,1066.21,已完成,陈敏,经销,伺服电机B型,电机类,690,1040.91,南通华科,上海客户103,华东,上海,终端工厂,A,3629.9,937.02,829.4,163.0,146.58,8529.68,5705.9,2823.7800000000007,0.3310534510087132,2025-11
O003137,2025-09-13,C0051,P1003,2,1553.67,已完成,赵磊,展会线索,步进电机A型,电机类,1120,1636.22,常州机电,广西客户051,华南,广东,终端工厂,C,1515.17,336.48,236.74,127.05,18.32,3107.34,2233.7600000000007,873.5799999999995,0.28113434641847995,2025-09
O003138,2025-06-27,C0085,P1014,28,42.54,已完成,刘洋,经销,工业线缆,配套耗材,34,41.43,南通华科,浙江客户085,华东,山东,终端工厂,A,616.68,119.69,125.52,44.77,21.87,1191.12,928.5299999999999,262.59000000000003,0.22045637719121502,2025-06
O003139,2025-06-03,C0099,P1001,11,752.4,已完成,李娜,老客户复购,伺服电机A型,电机类,522,799.93,南通华科,广西客户099,华南,福建,设备集成商,B,3981.43,1020.16,836.36,210.49,109.36,8276.4,6157.799999999999,2118.6000000000004,0.2559808612440192,2025-06
O003140,2025-01-07,C0006,P1008,31,656.0,已完成,张伟,老客户复购,精密齿轮箱,传动部件,523,743.47,上海工控,福建客户006,华南,广东,经销商,B,10794.52,2496.12,2177.82,804.77,127.01,20336.0,16400.239999999998,3935.760000000002,0.19353658536585375,2025-01
O003141,2025-02-26,C0014,P1002,15,1019.46,已完成,李娜,直销,伺服电机B型,电机类,690,1040.91,南通华科,江苏客户014,华东,上海,设备集成商,B,7189.88,1331.26,1051.27,507.11,209.84,15291.900000000001,10289.36,5002.540000000001,0.32713658865150835,2025-02
O003142,2025-05-27,C0109,P1006,12,2207.2,已完成,王强,老客户复购,PLC控制器增强版,控制器类,1773,2443.12,苏州精工,浙江客户109,华东,安徽,经销商,B,13265.27,3211.02,2810.01,445.96,415.14,26486.399999999998,20147.4,6338.999999999996,0.23933037332366788,2025-05
O003143,2025-12-19,C0008,P1009,5,683.32,已完成,李娜,老客户复购,同步带轮组件,传动部件,565,711.1,南通华科,天津客户008,华北,北京,设备集成商,C,1810.91,473.66,335.18,108.4,62.79,3416.6000000000004,2790.94,625.6600000000003,0.18312357314289066,2025-12
O003144,2025-01-02,C0082,P1007,13,985.17,已完成,赵磊,展会线索,变频控制器A型,控制器类,780,1044.88,南通华科,河北客户082,华北,河北,经销商,A,7104.27,1692.49,1111.61,213.69,180.41,12807.21,10302.470000000001,2504.739999999998,0.19557265009318955,2025-01
O003145,2025-04-28,C0056,P1014,19,39.29,已完成,李娜,直销,工业线缆,配套耗材,34,41.43,南通华科,山东客户056,华东,山东,设备集成商,A,427.05,112.76,78.15,21.92,9.62,746.51,649.5,97.00999999999999,0.1299513737257371,2025-04
O003146,2025-09-22,C0065,P1013,22,165.31,已完成,张伟,经销,CNC定制件,机加工件,138,172.93,南通华科,安徽客户065,华东,山东,经销商,B,2124.11,413.19,475.16,123.28,64.06,3636.82,3199.8,437.02,0.12016541923988538,2025-09
O003147,2025-11-07,C0049,P1007,16,1005.32,已完成,张伟,展会线索,变频控制器A型,控制器类,780,1044.88,南通华科,江苏客户049,华东,山东,经销商,C,8393.57,2075.67,1286.5,691.22,206.84,16085.12,12653.8,3431.3200000000015,0.21332262364222346,2025-11
O003148,2025-07-27,C0112,P1010,17,623.59,已完成,刘洋,直销,联轴器套件,传动部件,456,621.63,上海工控,广东客户112,华南,福建,终端工厂,A,5154.63,982.15,1120.12,207.68,83.59,10601.03,7548.17,3052.8600000000006,0.2879776776407576,2025-07
O003149,2025-05-08,C0021,P1012,8,360.23,已完成,张伟,展会线索,不锈钢轴套,机加工件,315,371.9,南通华科,山东客户021,华东,江苏,经销商,A,1594.26,303.39,352.08,70.55,20.87,2881.84,2341.15,540.69,0.18761971518196707,2025-05
O003150,2025-05-25,C0037,P1009,38,648.87,已完成,李娜,直销,同步带轮组件,传动部件,565,711.1,南通华科,福建客户037,华南,广东,经销商,B,13998.38,3219.32,2795.5,686.74,306.34,24657.06,21006.280000000002,3650.779999999999,0.14806225884188945,2025-05
O003151,2025-08-30,C0012,P1004,4,725.01,已完成,李娜,直销,减速电机C型,电机类,541,716.52,苏州精工,云南客户012,西南,云南,终端工厂,A,1868.28,366.49,220.25,131.61,25.11,2900.04,2611.7400000000002,288.2999999999997,0.0994124218976289,2025-08
O003152,2025-11-20,C0115,P1015,18,73.53,已完成,张伟,展会线索,传感器支架,配套耗材,70,84.31,苏州精工,重庆客户115,西南,四川,经销商,B,832.23,173.45,172.52,55.47,15.55,1323.54,1249.22,74.31999999999994,0.05615243966937149,2025-11
O003153,2025-01-27,C0036,P1004,9,696.17,已完成,李娜,展会线索,减速电机C型,电机类,541,716.52,苏州精工,北京客户036,华北,河北,终端工厂,C,3245.95,601.47,756.84,279.7,68.73,6265.53,4952.69,1312.8400000000001,0.20953375053666654,2025-01
O003154,2025-06-04,C0008,P1013,24,170.13,已完成,刘洋,老客户复购,CNC定制件,机加工件,138,172.93,南通华科,天津客户008,华北,北京,设备集成商,C,2306.79,459.69,476.35,135.09,48.64,4083.12,3426.56,656.56,0.16079860498834223,2025-06
O003155,2025-09-10,C0006,P1005,14,1367.19,已完成,刘洋,老客户复购,PLC控制器标准版,控制器类,980,1458.49,苏州精工,福建客户006,华南,广东,经销商,B,8583.95,2441.14,2061.36,818.62,183.25,19140.66,14088.320000000002,5052.339999999998,0.26395850508812124,2025-09
O003156,2025-02-21,C0096,P1007,5,959.64,已完成,刘洋,直销,变频控制器A型,控制器类,780,1044.88,南通华科,天津客户096,华北,北京,经销商,C,2530.94,602.13,588.02,228.93,43.35,4798.2,3993.37,804.8299999999999,0.167735817598266,2025-02
O003157,2025-10-02,C0118,P1003,16,1569.88,已完成,李娜,直销,步进电机A型,电机类,1120,1636.22,常州机电,浙江客户118,华东,浙江,终端工厂,B,12198.89,2928.74,2035.42,734.99,196.23,25118.08,18094.27,7023.810000000001,0.27963164381990985,2025-10
O003158,2025-03-10,C0118,P1009,24,708.36,已完成,张伟,经销,同步带轮组件,传动部件,565,711.1,南通华科,浙江客户118,华东,浙江,终端工厂,B,9354.92,2329.98,2069.96,653.73,173.53,17000.64,14582.12,2418.5199999999986,0.14226052666252556,2025-03
O003159,2025-05-03,C0079,P1003,11,1436.82,已完成,张伟,展会线索,步进电机A型,电机类,1120,1636.22,常州机电,安徽客户079,华东,浙江,经销商,A,8452.8,2117.27,1694.63,465.48,297.09,15805.019999999999,13027.27,2777.749999999998,0.17575112211183525,2025-05
O003160,2025-01-27,C0050,P1001,8,780.78,已完成,刘洋,展会线索,伺服电机A型,电机类,522,799.93,南通华科,广东客户050,华南,广西,终端工厂,A,2937.91,722.22,643.9,179.79,111.77,6246.24,4595.59,1650.6499999999996,0.2642629806091344,2025-01
O003161,2025-12-23,C0064,P1007,13,919.36,已完成,王强,老客户复购,变频控制器A型,控制器类,780,1044.88,南通华科,江苏客户064,华东,浙江,经销商,B,6865.13,1240.02,1400.84,376.14,109.09,11951.68,9991.22,1960.460000000001,0.16403216953599836,2025-12
O003162,2025-08-08,C0090,P1016,52,103.42,已完成,陈敏,经销,密封圈套装,配套耗材,83,101.3,苏州精工,河北客户090,华北,北京,终端工厂,B,3094.74,532.18,676.54,110.65,57.3,5377.84,4471.409999999999,906.4300000000012,0.16854908290317325,2025-08
O003163,2025-09-11,C0118,P1010,34,603.94,已完成,张伟,展会线索,联轴器套件,传动部件,456,621.63,上海工控,浙江客户118,华东,浙江,终端工厂,B,10259.36,2540.5,1750.97,1016.71,333.37,20533.960000000003,15900.910000000002,4633.050000000001,0.22562866587837907,2025-09
O003164,2025-12-08,C0092,P1016,96,99.31,退货,李娜,经销,密封圈套装,配套耗材,83,101.3,苏州精工,江苏客户092,华东,江苏,终端工厂,B,5569.59,1007.04,1024.52,458.54,86.29,9533.76,8145.98,1387.7800000000007,0.14556481388245568,2025-12
O003165,2025-05-06,C0070,P1004,7,698.16,已完成,张伟,经销,减速电机C型,电机类,541,716.52,苏州精工,四川客户070,西南,四川,设备集成商,B,2403.0,564.73,590.1,156.57,54.11,4887.12,3768.51,1118.6099999999997,0.22888940725826248,2025-05
O003166,2025-05-15,C0060,P1008,38,694.54,已完成,刘洋,直销,精密齿轮箱,传动部件,523,743.47,上海工控,广西客户060,华南,广东,设备集成商,A,13614.23,3502.06,2045.9,537.59,184.52,26392.519999999997,19884.300000000003,6508.219999999994,0.2465933529651581,2025-05
O003167,2025-08-31,C0076,P1001,2,704.93,已完成,陈敏,展会线索,伺服电机A型,电机类,522,799.93,南通华科,浙江客户076,华东,浙江,经销商,A,819.5,144.2,118.76,48.22,13.97,1409.86,1144.65,265.2099999999998,0.1881108762572169,2025-08
O003168,2025-07-21,C0034,P1015,95,77.91,已完成,刘洋,展会线索,传感器支架,配套耗材,70,84.31,苏州精工,广东客户034,华南,广东,经销商,A,4749.34,860.11,819.99,177.62,97.98,7401.45,6705.039999999999,696.4100000000008,0.09409102270501062,2025-07
O003169,2025-03-18,C0036,P1005,5,1449.59,已完成,李娜,直销,PLC控制器标准版,控制器类,980,1458.49,苏州精工,北京客户036,华北,河北,终端工厂,C,3398.8,828.19,641.5,325.59,121.59,7247.95,5315.67,1932.2799999999997,0.26659676184300385,2025-03
O003170,2025-07-17,C0119,P1004,10,646.32,已完成,刘洋,展会线索,减速电机C型,电机类,541,716.52,苏州精工,北京客户119,华北,北京,设备集成商,A,3439.14,728.87,759.04,317.46,68.78,6463.200000000001,5313.29,1149.9100000000008,0.1779165119445477,2025-07
O003171,2025-03-06,C0091,P1007,4,943.23,已完成,张伟,直销,变频控制器A型,控制器类,780,1044.88,南通华科,广东客户091,华南,广东,经销商,A,2006.1,537.1,349.37,148.69,20.8,3772.92,3062.06,710.8600000000001,0.18841109803547387,2025-03
O003172,2025-01-09,C0046,P1002,10,1048.91,已完成,赵磊,老客户复购,伺服电机B型,电机类,690,1040.91,南通华科,湖南客户046,华中,湖南,终端工厂,C,4291.1,1014.95,961.81,209.63,172.63,10489.1,6650.120000000001,3838.9799999999996,0.3659970826858357,2025-01
O003173,2025-07-03,C0100,P1008,14,676.8,已完成,王强,经销,精密齿轮箱,传动部件,523,743.47,上海工控,福建客户100,华南,广东,设备集成商,A,4633.9,1113.11,867.64,391.6,161.66,9475.199999999999,7167.91,2307.289999999999,0.24350831644714616,2025-07
O003174,2025-03-19,C0049,P1016,62,91.57,已完成,张伟,经销,密封圈套装,配套耗材,83,101.3,苏州精工,江苏客户049,华东,山东,经销商,C,3224.53,676.99,790.21,167.75,68.99,5677.339999999999,4928.47,748.869999999999,0.13190508230967304,2025-03
O003175,2025-04-15,C0037,P1014,71,38.34,已完成,王强,经销,工业线缆,配套耗材,34,41.43,南通华科,福建客户037,华南,广东,经销商,B,1537.24,433.78,375.09,41.03,36.1,2722.1400000000003,2423.2400000000002,298.9000000000001,0.10980331650833537,2025-04
O003176,2025-05-01,C0062,P1012,4,360.12,已完成,刘洋,直销,不锈钢轴套,机加工件,315,371.9,南通华科,浙江客户062,华东,上海,经销商,C,891.11,183.75,159.02,40.73,7.83,1440.48,1282.44,158.03999999999996,0.10971342885704763,2025-05
O003177,2025-07-04,C0072,P1003,4,1621.9,已完成,张伟,直销,步进电机A型,电机类,1120,1636.22,常州机电,云南客户072,西南,云南,设备集成商,A,3131.65,660.38,590.75,155.37,108.74,6487.6,4646.89,1840.71,0.28372741845983107,2025-07
O003178,2025-06-08,C0074,P1008,18,707.89,已完成,陈敏,直销,精密齿轮箱,传动部件,523,743.47,上海工控,安徽客户074,华东,浙江,终端工厂,B,6583.91,1441.99,1452.37,242.81,214.06,12742.02,9935.14,2806.880000000001,0.22028532367709366,2025-06
O003179,2025-01-24,C0023,P1014,58,37.7,已完成,张伟,老客户复购,工业线缆,配套耗材,34,41.43,南通华科,江苏客户023,华东,浙江,设备集成商,B,1332.79,263.97,212.85,55.84,39.02,2186.6000000000004,1904.4699999999998,282.13000000000056,0.12902679959754895,2025-01
O003180,2025-03-09,C0001,P1005,8,1389.2,已完成,王强,老客户复购,PLC控制器标准版,控制器类,980,1458.49,苏州精工,广东客户001,华南,广西,终端工厂,B,5478.29,1244.27,826.49,538.11,106.49,11113.6,8193.65,2919.9500000000007,0.2627366469910741,2025-03
O003181,2025-02-22,C0082,P1004,15,637.7,已取消,赵磊,经销,减速电机C型,电机类,541,716.52,苏州精工,河北客户082,华北,河北,经销商,A,5523.88,1364.83,876.19,361.83,52.46,9565.5,8179.19,1386.3100000000004,0.14492812712351685,2025-02
O003182,2025-01-22,C0117,P1004,9,626.24,已完成,陈敏,老客户复购,减速电机C型,电机类,541,716.52,苏州精工,上海客户117,华东,安徽,经销商,B,3068.34,795.54,532.21,172.03,49.18,5636.16,4617.3,1018.8599999999997,0.1807720149889286,2025-01
O003183,2025-12-26,C0120,P1011,12,453.07,退货,刘洋,直销,铝合金支架,机加工件,393,502.7,无锡智造,浙江客户120,华东,山东,经销商,C,3122.57,587.77,685.21,96.59,95.52,5436.84,4587.660000000001,849.1799999999994,0.15618999271635717,2025-12
O003184,2025-11-25,C0079,P1003,6,1584.68,已完成,刘洋,直销,步进电机A型,电机类,1120,1636.22,常州机电,安徽客户079,华东,浙江,经销商,A,4611.67,974.37,1021.37,204.56,85.27,9508.08,6897.240000000001,2610.8399999999992,0.2745917156776131,2025-11
O003185,2025-09-15,C0065,P1003,15,1487.91,已完成,李娜,直销,步进电机A型,电机类,1120,1636.22,常州机电,安徽客户065,华东,山东,经销商,B,10646.37,2400.62,2674.63,460.57,389.79,22318.65,16571.980000000003,5746.669999999998,0.2574828674673422,2025-09
O003186,2025-11-02,C0111,P1005,7,1408.7,已完成,陈敏,展会线索,PLC控制器标准版,控制器类,980,1458.49,苏州精工,广东客户111,华南,广东,经销商,A,4700.39,829.71,1074.92,483.07,186.11,9860.9,7274.2,2586.7,0.2623188552769017,2025-11
O003187,2025-04-24,C0092,P1015,105,86.53,已完成,张伟,老客户复购,传感器支架,配套耗材,70,84.31,苏州精工,江苏客户092,华东,江苏,终端工厂,B,4925.78,979.19,907.55,331.6,97.06,9085.65,7241.18,1844.4699999999993,0.20300914078794577,2025-04
O003188,2025-03-20,C0107,P1004,9,672.93,已完成,刘洋,展会线索,减速电机C型,电机类,541,716.52,苏州精工,安徽客户107,华东,安徽,经销商,B,3363.59,816.7,548.07,176.68,117.29,6056.37,5022.33,1034.04,0.170735935882385,2025-03
O003189,2025-11-07,C0052,P1002,5,1065.79,已完成,刘洋,直销,伺服电机B型,电机类,690,1040.91,南通华科,广西客户052,华南,广西,终端工厂,A,2225.18,485.71,352.38,141.92,56.29,5328.95,3261.48,2067.47,0.38796948742247533,2025-11
O003190,2025-01-12,C0039,P1010,3,537.6,已取消,李娜,经销,联轴器套件,传动部件,456,621.63,上海工控,湖北客户039,华中,河南,经销商,B,861.82,164.28,184.03,41.21,8.5,1612.8000000000002,1259.8400000000001,352.96000000000004,0.21884920634920635,2025-01
O003191,2025-03-14,C0108,P1005,12,1372.95,已完成,刘洋,经销,PLC控制器标准版,控制器类,980,1458.49,苏州精工,湖北客户108,华中,湖南,终端工厂,A,8302.49,1823.56,1296.78,746.07,145.05,16475.4,12313.949999999999,4161.450000000003,0.25258567318547664,2025-03
O003192,2025-03-12,C0031,P1004,12,686.62,已完成,李娜,老客户复购,减速电机C型,电机类,541,716.52,苏州精工,山东客户031,华东,上海,经销商,A,4172.7,1127.52,719.1,377.07,140.44,8239.44,6536.829999999999,1702.6100000000015,0.2066414707795677,2025-03
O003193,2025-01-16,C0101,P1002,16,1005.92,已完成,李娜,老客户复购,伺服电机B型,电机类,690,1040.91,南通华科,湖南客户101,华中,河南,终端工厂,A,7186.79,1347.58,1158.7,303.12,295.53,16094.72,10291.720000000001,5802.999999999998,0.3605530260855733,2025-01
O003194,2025-11-14,C0079,P1006,3,2235.32,已完成,赵磊,展会线索,PLC控制器增强版,控制器类,1773,2443.12,苏州精工,安徽客户079,华东,浙江,经销商,A,3512.69,648.66,709.52,149.41,57.18,6705.960000000001,5077.460000000001,1628.5,0.24284367935388815,2025-11
O003195,2025-10-28,C0003,P1007,16,1032.47,已完成,刘洋,展会线索,变频控制器A型,控制器类,780,1044.88,南通华科,上海客户003,华东,安徽,终端工厂,A,7938.33,2068.2,1248.46,501.61,104.12,16519.52,11860.72,4658.800000000001,0.28201787945412465,2025-10
O003196,2025-10-03,C0028,P1015,105,79.06,已完成,赵磊,直销,传感器支架,配套耗材,70,84.31,苏州精工,广东客户028,华南,广东,经销商,B,4963.0,1034.58,747.5,258.45,112.56,8301.300000000001,7116.09,1185.210000000001,0.14277402334574113,2025-10
O003197,2025-12-06,C0107,P1006,15,2296.61,已取消,赵磊,展会线索,PLC控制器增强版,控制器类,1773,2443.12,苏州精工,安徽客户107,华东,安徽,经销商,B,17147.54,4412.93,3251.58,1420.24,471.44,34449.15,26703.730000000003,7745.419999999998,0.22483631671608728,2025-12
O003198,2025-08-05,C0071,P1010,4,596.96,已完成,张伟,经销,联轴器套件,传动部件,456,621.63,上海工控,湖北客户071,华中,湖北,经销商,A,1289.43,278.74,202.72,104.57,39.99,2387.84,1915.45,472.3900000000001,0.19783151299919596,2025-08
O003199,2025-05-31,C0119,P1015,102,81.49,已完成,王强,直销,传感器支架,配套耗材,70,84.31,苏州精工,北京客户119,华北,北京,设备集成商,A,5121.06,896.89,967.28,267.72,125.2,8311.98,7378.150000000001,933.829999999999,0.1123474791806524,2025-05
O003200,2025-12-09,C0048,P1009,32,629.85,已完成,陈敏,老客户复购,同步带轮组件,传动部件,565,711.1,南通华科,江苏客户048,华东,山东,经销商,A,12981.77,2747.01,2551.89,547.26,191.16,20155.2,19019.09,1136.1100000000006,0.056368083670715274,2025-12
O003201,2025-07-12,C0099,P1001,1,772.53,已完成,王强,经销,伺服电机A型,电机类,522,799.93,南通华科,广西客户099,华南,福建,设备集成商,B,341.14,63.85,61.12,16.26,9.16,772.53,491.53000000000003,280.99999999999994,0.36373991948532736,2025-07
O003202,2025-10-16,C0014,P1004,4,711.25,已完成,赵磊,老客户复购,减速电机C型,电机类,541,716.52,苏州精工,江苏客户014,华东,上海,设备集成商,B,1441.4,359.04,281.62,88.79,24.11,2845.0,2194.96,650.04,0.22848506151142353,2025-10
O003203,2025-12-12,C0110,P1007,12,991.11,已完成,张伟,经销,变频控制器A型,控制器类,780,1044.88,南通华科,云南客户110,西南,云南,终端工厂,A,6601.12,1174.31,1487.66,376.57,92.65,11893.32,9732.31,2161.01,0.18169947499941147,2025-12
O003204,2025-02-11,C0081,P1006,8,2184.96,已完成,陈敏,老客户复购,PLC控制器增强版,控制器类,1773,2443.12,苏州精工,安徽客户081,华东,江苏,经销商,B,9296.66,1715.16,1560.12,467.35,232.76,17479.68,13272.05,4207.630000000001,0.24071550508933806,2025-02
O003205,2025-04-11,C0009,P1004,9,723.14,退货,王强,展会线索,减速电机C型,电机类,541,716.52,苏州精工,安徽客户009,华东,浙江,终端工厂,A,3081.82,781.76,733.55,228.0,61.53,6508.26,4886.66,1621.6000000000004,0.2491602978369027,2025-04
O003206,2025-02-23,C0088,P1010,39,611.91,已完成,李娜,直销,联轴器套件,传动部件,456,621.63,上海工控,河南客户088,华中,河南,终端工厂,A,11241.96,2150.66,2559.26,882.91,289.82,23864.489999999998,17124.61,6739.879999999997,0.28242296399378314,2025-02
O003207,2025-12-20,C0064,P1005,5,1398.44,退货,陈敏,直销,PLC控制器标准版,控制器类,980,1458.49,苏州精工,江苏客户064,华东,浙江,经销商,B,3087.98,648.87,729.66,222.32,135.95,6992.200000000001,4824.78,2167.420000000001,0.3099768313263352,2025-12
O003208,2025-12-23,C0104,P1005,10,1434.14,已完成,王强,展会线索,PLC控制器标准版,控制器类,980,1458.49,苏州精工,安徽客户104,华东,安徽,终端工厂,B,7055.97,1646.82,1131.81,331.13,126.27,14341.400000000001,10292.0,4049.4000000000015,0.2823573709679669,2025-12
O003209,2025-12-23,C0009,P1014,17,40.2,已完成,赵磊,经销,工业线缆,配套耗材,34,41.43,南通华科,安徽客户009,华东,浙江,终端工厂,A,415.4,80.99,82.3,33.19,11.82,683.4000000000001,623.6999999999999,59.70000000000016,0.08735733099209855,2025-12
O003210,2025-03-23,C0049,P1013,16,158.67,已完成,赵磊,老客户复购,CNC定制件,机加工件,138,172.93,南通华科,江苏客户049,华东,山东,经销商,C,1500.91,287.34,243.98,81.84,48.94,2538.72,2163.01,375.7099999999996,0.14799190143064206,2025-03
O003211,2025-02-14,C0083,P1002,6,1069.6,已完成,刘洋,展会线索,伺服电机B型,电机类,690,1040.91,南通华科,浙江客户083,华东,山东,终端工厂,B,2941.26,538.08,485.47,228.52,78.05,6417.599999999999,4271.380000000001,2146.2199999999984,0.33442720019945127,2025-02
O003212,2025-01-23,C0103,P1013,29,168.12,已完成,王强,直销,CNC定制件,机加工件,138,172.93,南通华科,上海客户103,华东,上海,终端工厂,A,2529.01,568.92,629.45,235.49,65.29,4875.4800000000005,4028.16,847.3200000000006,0.17379211892982857,2025-01
O003213,2025-05-13,C0038,P1013,7,174.96,已完成,刘洋,直销,CNC定制件,机加工件,138,172.93,南通华科,江苏客户038,华东,安徽,终端工厂,A,660.29,128.78,139.6,20.62,10.18,1224.72,959.4699999999999,265.2500000000001,0.2165801162714744,2025-05
O003214,2025-07-04,C0026,P1012,33,358.94,已完成,李娜,直销,不锈钢轴套,机加工件,315,371.9,南通华科,河南客户026,华中,湖北,经销商,B,6451.02,1487.96,1569.81,585.0,177.87,11845.02,10271.660000000002,1573.3599999999988,0.13282881751149417,2025-07
O003215,2025-06-17,C0044,P1005,5,1483.63,已完成,张伟,老客户复购,PLC控制器标准版,控制器类,980,1458.49,苏州精工,安徽客户044,华东,安徽,终端工厂,A,3402.98,665.25,642.98,302.51,92.42,7418.150000000001,5106.14,2312.01,0.31166935152295383,2025-06
O003216,2025-01-22,C0065,P1003,16,1528.82,已完成,赵磊,展会线索,步进电机A型,电机类,1120,1636.22,常州机电,安徽客户065,华东,山东,经销商,B,11269.08,2946.98,2028.08,450.56,297.71,24461.12,16992.41,7468.709999999999,0.305329845894219,2025-01
O003217,2025-10-27,C0053,P1016,54,98.14,已完成,李娜,展会线索,密封圈套装,配套耗材,83,101.3,苏州精工,河北客户053,华北,河北,终端工厂,A,2812.28,707.11,620.44,127.11,103.17,5299.56,4370.11,929.4500000000007,0.17538248458362593,2025-10
O003218,2025-05-21,C0085,P1001,16,777.26,已完成,刘洋,直销,伺服电机A型,电机类,522,799.93,南通华科,浙江客户085,华东,山东,终端工厂,A,5866.82,1057.16,1210.29,340.22,202.14,12436.16,8676.63,3759.5300000000007,0.30230633893420483,2025-05
O003219,2025-03-26,C0002,P1014,94,36.84,已完成,陈敏,展会线索,工业线缆,配套耗材,34,41.43,南通华科,广东客户002,华南,福建,经销商,B,2237.45,412.55,446.51,156.51,34.11,3462.9600000000005,3287.1300000000006,175.82999999999993,0.05077448194608078,2025-03
O003220,2025-05-16,C0013,P1016,86,99.19,已完成,李娜,直销,密封圈套装,配套耗材,83,101.3,苏州精工,湖北客户013,华中,湖北,设备集成商,B,4482.9,868.24,760.91,129.21,84.49,8530.34,6325.749999999999,2204.590000000001,0.25844104689848246,2025-05
O003221,2025-08-23,C0074,P1004,11,678.21,已完成,陈敏,展会线索,减速电机C型,电机类,541,716.52,苏州精工,安徽客户074,华东,浙江,终端工厂,B,4730.2,753.52,827.59,370.9,138.12,7460.31,6820.329999999999,639.9800000000014,0.08578463897612852,2025-08
O003222,2025-08-28,C0069,P1001,5,781.94,已完成,王强,直销,伺服电机A型,电机类,522,799.93,南通华科,山东客户069,华东,安徽,设备集成商,B,2237.22,459.91,402.94,179.69,65.67,3909.7000000000003,3345.43,564.2700000000004,0.14432565158452065,2025-08
O003223,2025-02-24,C0095,P1001,2,797.86,已完成,赵磊,展会线索,伺服电机A型,电机类,522,799.93,南通华科,北京客户095,华北,天津,终端工厂,B,656.0,155.84,107.83,79.7,16.56,1595.72,1015.9300000000001,579.79,0.3633406863359486,2025-02
O003224,2025-11-24,C0056,P1010,30,591.89,已完成,刘洋,展会线索,联轴器套件,传动部件,456,621.63,上海工控,山东客户056,华东,山东,设备集成商,A,9792.61,2276.18,1705.59,339.88,151.96,17756.7,14266.22,3490.4800000000014,0.1965725613430424,2025-11
O003225,2025-04-22,C0031,P1011,11,433.13,已完成,陈敏,直销,铝合金支架,机加工件,393,502.7,无锡智造,山东客户031,华东,上海,经销商,A,2971.22,734.03,686.35,93.51,34.97,4764.43,4520.080000000001,244.34999999999945,0.05128630287358602,2025-04
O003226,2025-09-17,C0020,P1006,7,2169.78,已完成,陈敏,经销,PLC控制器增强版,控制器类,1773,2443.12,苏州精工,福建客户020,华南,福建,经销商,B,7747.49,1683.2,1852.52,333.22,200.76,15188.460000000001,11817.19,3371.2700000000004,0.22196259528615805,2025-09
O003227,2025-01-07,C0008,P1007,13,958.71,已完成,王强,直销,变频控制器A型,控制器类,780,1044.88,南通华科,天津客户008,华北,北京,设备集成商,C,6739.46,1415.03,1390.2,406.07,124.9,12463.23,10075.66,2387.5699999999997,0.19156911972257593,2025-01
O003228,2025-10-26,C0114,P1001,1,776.12,退货,陈敏,直销,伺服电机A型,电机类,522,799.93,南通华科,江苏客户114,华东,安徽,终端工厂,B,359.6,71.41,72.34,37.64,12.37,776.12,553.36,222.76,0.2870174715250219,2025-10
O003229,2025-05-23,C0118,P1009,26,675.79,已取消,王强,展会线索,同步带轮组件,传动部件,565,711.1,南通华科,浙江客户118,华东,浙江,终端工厂,B,9722.43,2421.7,2182.27,463.94,273.7,17570.54,15064.040000000003,2506.499999999998,0.14265355532613103,2025-05
O003230,2025-01-18,C0018,P1009,36,649.94,退货,李娜,直销,同步带轮组件,传动部件,565,711.1,南通华科,上海客户018,华东,山东,经销商,B,13494.36,3439.72,2394.48,1118.92,318.72,23397.840000000004,20766.200000000004,2631.6399999999994,0.1124736300444827,2025-01
O003231,2025-12-17,C0118,P1004,7,733.4,已完成,张伟,展会线索,减速电机C型,电机类,541,716.52,苏州精工,浙江客户118,华东,浙江,终端工厂,B,2481.74,549.73,457.73,103.28,30.94,5133.8,3623.42,1510.38,0.2942031243912891,2025-12
O003232,2025-06-26,C0099,P1010,36,561.56,已完成,刘洋,经销,联轴器套件,传动部件,456,621.63,上海工控,广西客户099,华南,福建,设备集成商,B,10706.15,2421.71,1997.98,313.09,276.66,20216.159999999996,15715.59,4500.569999999996,0.22262239713179935,2025-06
O003233,2025-04-16,C0071,P1003,15,1482.44,已完成,张伟,老客户复购,步进电机A型,电机类,1120,1636.22,常州机电,湖北客户071,华中,湖北,经销商,A,10659.29,2228.69,1801.71,738.59,142.92,22236.600000000002,15571.200000000003,6665.4,0.2997490623566552,2025-04
O003234,2025-08-16,C0027,P1013,20,174.63,已完成,王强,展会线索,CNC定制件,机加工件,138,172.93,南通华科,浙江客户027,华东,浙江,终端工厂,A,1781.95,406.0,303.77,106.94,35.42,3492.6,2634.08,858.52,0.24581114356067113,2025-08
O003235,2025-07-11,C0022,P1016,25,97.97,已完成,赵磊,经销,密封圈套装,配套耗材,83,101.3,苏州精工,湖南客户022,华中,河南,终端工厂,A,1465.07,347.97,331.11,82.08,33.39,2449.25,2259.62,189.6300000000001,0.07742370113299994,2025-07
O003236,2025-05-12,C0038,P1002,2,1063.46,已完成,王强,经销,伺服电机B型,电机类,690,1040.91,南通华科,江苏客户038,华东,安徽,终端工厂,A,986.24,198.69,184.01,60.12,28.05,2126.92,1457.11,669.8100000000002,0.3149201662497885,2025-05
O003237,2025-02-14,C0038,P1015,56,81.33,已完成,张伟,展会线索,传感器支架,配套耗材,70,84.31,苏州精工,江苏客户038,华东,安徽,终端工厂,A,2462.06,654.75,623.74,78.8,77.5,4554.48,3896.8500000000004,657.6299999999992,0.14439189545238956,2025-02
O003238,2025-10-04,C0098,P1003,15,1481.88,已完成,王强,经销,步进电机A型,电机类,1120,1636.22,常州机电,福建客户098,华南,广西,设备集成商,C,10822.11,2215.13,2378.92,367.76,265.6,22228.2,16049.520000000002,6178.6799999999985,0.27796582719248514,2025-10
O003239,2025-10-10,C0003,P1009,40,694.64,已完成,陈敏,展会线索,同步带轮组件,传动部件,565,711.1,南通华科,上海客户003,华东,安徽,终端工厂,A,14015.26,3463.76,2886.58,1307.09,439.13,27785.6,22111.82,5673.779999999999,0.20419857768052513,2025-10
O003240,2025-02-20,C0085,P1011,30,512.09,已完成,刘洋,经销,铝合金支架,机加工件,393,502.7,无锡智造,浙江客户085,华东,山东,终端工厂,A,7458.36,1665.6,1838.0,620.45,213.76,15362.7,11796.17,3566.5300000000007,0.23215515501832362,2025-02
O003241,2025-08-04,C0085,P1012,20,361.37,已取消,陈敏,老客户复购,不锈钢轴套,机加工件,315,371.9,南通华科,浙江客户085,华东,山东,终端工厂,A,4258.22,906.48,851.21,303.61,49.96,7227.4,6369.4800000000005,857.9199999999992,0.11870382156792196,2025-08
O003242,2025-04-04,C0109,P1013,42,165.54,已完成,赵磊,展会线索,CNC定制件,机加工件,138,172.93,南通华科,浙江客户109,华东,安徽,经销商,B,4155.63,778.76,735.31,109.82,92.16,6952.679999999999,5871.68,1080.999999999999,0.15547961361661966,2025-04
O003243,2025-09-21,C0115,P1007,14,979.79,已完成,赵磊,经销,变频控制器A型,控制器类,780,1044.88,南通华科,重庆客户115,西南,四川,经销商,B,7187.4,1474.04,1737.72,411.31,153.83,13717.06,10964.299999999997,2752.760000000002,0.20068148714083062,2025-09
O003244,2025-04-25,C0008,P1012,4,335.11,已完成,刘洋,经销,不锈钢轴套,机加工件,315,371.9,南通华科,天津客户008,华北,北京,设备集成商,C,839.55,159.98,155.72,35.89,16.05,1340.44,1207.19,133.25,0.09940765718719226,2025-04
O003245,2025-03-19,C0022,P1013,41,174.65,已完成,刘洋,老客户复购,CNC定制件,机加工件,138,172.93,南通华科,湖南客户022,华中,河南,终端工厂,A,3992.64,744.41,772.12,116.84,69.83,7160.650000000001,5695.84,1464.8100000000004,0.20456383149574414,2025-03
O003246,2025-03-28,C0041,P1003,17,1565.31,已完成,陈敏,经销,步进电机A型,电机类,1120,1636.22,常州机电,福建客户041,华南,广东,终端工厂,A,12704.74,2369.66,2525.43,688.18,529.34,26610.27,18817.35,7792.920000000002,0.29285384928450564,2025-03
O003247,2025-10-05,C0069,P1009,43,665.58,已完成,王强,直销,同步带轮组件,传动部件,565,711.1,南通华科,山东客户069,华东,安徽,设备集成商,B,16595.84,3271.33,2579.17,470.09,182.07,28619.940000000002,23098.499999999996,5521.440000000006,0.1929228363162189,2025-10
O003248,2025-02-03,C0092,P1012,30,362.06,已完成,刘洋,展会线索,不锈钢轴套,机加工件,315,371.9,南通华科,江苏客户092,华东,江苏,终端工厂,B,6501.66,1618.78,1033.87,315.8,112.02,10861.8,9582.13,1279.67,0.11781380618313725,2025-02
O003249,2025-03-10,C0062,P1002,11,910.01,已完成,刘洋,直销,伺服电机B型,电机类,690,1040.91,南通华科,浙江客户062,华东,上海,经销商,C,5194.99,993.99,1193.14,405.4,193.46,10010.11,7980.98,2029.130000000001,0.20270806214916728,2025-03
O003250,2025-09-15,C0024,P1010,15,604.06,退货,李娜,展会线索,联轴器套件,传动部件,456,621.63,上海工控,广东客户024,华南,广西,终端工厂,B,4430.52,1062.0,984.52,361.38,48.21,9060.9,6886.630000000001,2174.2699999999986,0.2399618139478417,2025-09
O003251,2025-12-08,C0073,P1003,11,1474.26,已完成,赵磊,直销,步进电机A型,电机类,1120,1636.22,常州机电,湖北客户073,华中,湖南,设备集成商,C,8868.29,2164.42,1320.52,551.78,157.6,16216.86,13062.610000000002,3154.249999999998,0.19450436151018127,2025-12
O003252,2025-11-30,C0103,P1004,9,696.81,已完成,刘洋,经销,减速电机C型,电机类,541,716.52,苏州精工,上海客户103,华东,上海,终端工厂,A,3446.71,788.05,552.2,101.5,58.8,6271.289999999999,4947.26,1324.0299999999988,0.21112562168230126,2025-11
O003253,2025-09-28,C0042,P1003,9,1565.97,已完成,赵磊,经销,步进电机A型,电机类,1120,1636.22,常州机电,重庆客户042,西南,云南,终端工厂,B,6288.04,1295.06,1392.74,578.94,169.41,14093.73,9724.19,4369.539999999999,0.3100343202260863,2025-09
O003254,2025-10-15,C0035,P1005,16,1477.9,已完成,李娜,老客户复购,PLC控制器标准版,控制器类,980,1458.49,苏州精工,江苏客户035,华东,浙江,终端工厂,A,10662.85,2028.26,1866.04,944.7,247.66,23646.4,15749.510000000002,7896.889999999999,0.33395738886257526,2025-10
O003255,2025-11-27,C0020,P1002,4,1013.58,已完成,李娜,直销,伺服电机B型,电机类,690,1040.91,南通华科,福建客户020,华南,福建,经销商,B,1807.47,363.33,374.5,175.69,48.82,4054.32,2769.8100000000004,1284.5099999999998,0.316825016278932,2025-11
O003256,2025-07-25,C0106,P1016,75,95.71,已完成,王强,直销,密封圈套装,配套耗材,83,101.3,苏州精工,河北客户106,华北,天津,经销商,C,3931.42,1060.13,649.17,226.19,64.0,7178.249999999999,5930.91,1247.3399999999992,0.17376658656357738,2025-07
O003257,2025-10-29,C0021,P1012,43,335.17,已完成,王强,直销,不锈钢轴套,机加工件,315,371.9,南通华科,山东客户021,华东,江苏,经销商,A,9666.14,2224.8,1814.82,553.02,187.23,14412.310000000001,14446.009999999998,-33.69999999999709,-0.002338278874101174,2025-10
O003258,2025-08-17,C0057,P1010,23,615.77,已完成,刘洋,展会线索,联轴器套件,传动部件,456,621.63,上海工控,浙江客户057,华东,上海,设备集成商,C,6657.36,1704.78,1358.83,526.86,80.42,14162.71,10328.25,3834.459999999999,0.2707433817397941,2025-08
O003259,2025-05-31,C0076,P1003,6,1514.89,已完成,王强,老客户复购,步进电机A型,电机类,1120,1636.22,常州机电,浙江客户076,华东,浙江,经销商,A,4261.85,1044.03,857.24,208.51,78.27,9089.34,6449.900000000001,2639.4399999999996,0.2903885210587347,2025-05
O003260,2025-01-18,C0008,P1008,42,694.81,已完成,陈敏,老客户复购,精密齿轮箱,传动部件,523,743.47,上海工控,天津客户008,华北,北京,设备集成商,C,15006.42,2713.64,2768.94,972.01,280.79,29182.019999999997,21741.8,7440.2199999999975,0.2549590467006739,2025-01
O003261,2025-11-12,C0038,P1010,16,640.17,已完成,李娜,展会线索,联轴器套件,传动部件,456,621.63,上海工控,江苏客户038,华东,安徽,终端工厂,A,5122.19,900.37,1108.61,412.93,119.78,10242.72,7663.879999999999,2578.84,0.25177296655575865,2025-11
O003262,2025-01-10,C0040,P1004,1,712.36,已完成,李娜,经销,减速电机C型,电机类,541,716.52,苏州精工,浙江客户040,华东,江苏,终端工厂,A,385.43,87.71,84.32,22.47,8.4,712.36,588.33,124.02999999999997,0.17411140434611708,2025-01
O003263,2025-09-18,C0050,P1001,3,753.27,已完成,陈敏,老客户复购,伺服电机A型,电机类,522,799.93,南通华科,广东客户050,华南,广西,终端工厂,A,1054.03,194.07,241.96,86.71,32.23,2259.81,1609.0,650.81,0.28799323836959745,2025-09
O003264,2025-10-25,C0107,P1010,22,584.91,已完成,刘洋,展会线索,联轴器套件,传动部件,456,621.63,上海工控,安徽客户107,华东,安徽,经销商,B,7149.27,1801.93,1101.55,530.35,176.28,12868.019999999999,10759.380000000001,2108.6399999999976,0.16386670210335372,2025-10
O003265,2025-02-10,C0034,P1006,14,2264.14,已完成,刘洋,直销,PLC控制器增强版,控制器类,1773,2443.12,苏州精工,广东客户034,华南,广东,经销商,A,16533.93,4434.62,3748.51,1248.46,340.44,31697.96,26305.959999999995,5392.000000000004,0.17010558408175175,2025-02
O003266,2025-12-19,C0091,P1010,38,542.77,退货,张伟,直销,联轴器套件,传动部件,456,621.63,上海工控,广东客户091,华南,广东,经销商,A,11897.48,2632.15,1992.06,634.5,168.78,20625.26,17324.969999999998,3300.290000000001,0.1600120434845428,2025-12
O003267,2025-11-04,C0068,P1008,31,717.71,已完成,赵磊,展会线索,精密齿轮箱,传动部件,523,743.47,上海工控,四川客户068,西南,重庆,终端工厂,A,10863.39,2646.19,1656.95,929.75,117.92,22249.010000000002,16214.2,6034.810000000001,0.271239484363574,2025-11
O003268,2025-07-20,C0027,P1011,12,477.5,已完成,刘洋,直销,铝合金支架,机加工件,393,502.7,无锡智造,浙江客户027,华东,浙江,终端工厂,A,3167.87,728.19,687.0,238.57,64.53,5730.0,4886.159999999999,843.840000000001,0.14726701570680648,2025-07
O003269,2025-12-23,C0020,P1010,15,566.81,已完成,赵磊,直销,联轴器套件,传动部件,456,621.63,上海工控,福建客户020,华南,福建,经销商,B,4286.2,1105.41,893.71,226.64,72.46,8502.15,6584.42,1917.7299999999996,0.2255582411507677,2025-12
O003270,2025-03-13,C0031,P1015,102,82.35,已完成,陈敏,经销,传感器支架,配套耗材,70,84.31,苏州精工,山东客户031,华东,上海,经销商,A,4512.31,983.24,910.42,266.41,115.42,8399.699999999999,6787.8,1611.8999999999987,0.1918997107039536,2025-03
O003271,2025-06-21,C0108,P1002,5,1062.85,已完成,陈敏,展会线索,伺服电机B型,电机类,690,1040.91,南通华科,湖北客户108,华中,湖南,终端工厂,A,2264.05,604.42,447.65,158.53,30.41,5314.25,3505.0600000000004,1809.1899999999996,0.3404412664063602,2025-06
O003272,2025-10-21,C0045,P1001,4,731.74,已完成,陈敏,直销,伺服电机A型,电机类,522,799.93,南通华科,安徽客户045,华东,江苏,设备集成商,A,1419.63,326.09,281.87,134.83,48.13,2926.96,2210.55,716.4099999999999,0.24476248394238384,2025-10
O003273,2025-10-14,C0026,P1007,3,917.38,已完成,陈敏,展会线索,变频控制器A型,控制器类,780,1044.88,南通华科,河南客户026,华中,湖北,经销商,B,1653.77,289.14,278.66,71.98,40.88,2752.14,2334.43,417.71000000000004,0.15177643579178388,2025-10
O003274,2025-11-13,C0027,P1008,17,757.05,已完成,刘洋,展会线索,精密齿轮箱,传动部件,523,743.47,上海工控,浙江客户027,华东,浙江,终端工厂,A,5911.28,1481.67,1094.18,292.87,120.52,12869.849999999999,8900.52,3969.329999999998,0.3084208440657815,2025-11
O003275,2025-03-07,C0044,P1005,16,1447.83,已完成,王强,经销,PLC控制器标准版,控制器类,980,1458.49,苏州精工,安徽客户044,华东,安徽,终端工厂,A,10007.71,2067.78,1772.0,360.53,364.65,23165.28,14572.67,8592.609999999999,0.3709262309801565,2025-03
O003276,2025-10-31,C0024,P1007,13,1066.52,已完成,王强,老客户复购,变频控制器A型,控制器类,780,1044.88,南通华科,广东客户024,华南,广西,终端工厂,B,6692.0,1230.59,1239.11,647.32,175.65,13864.76,9984.67,3880.09,0.2798526624333923,2025-10
O003277,2025-03-16,C0109,P1002,15,944.4,已完成,陈敏,经销,伺服电机B型,电机类,690,1040.91,南通华科,浙江客户109,华东,安徽,经销商,B,7438.29,1577.31,1632.9,312.54,132.44,14166.0,11093.480000000001,3072.5199999999986,0.21689397148101078,2025-03
O003278,2025-10-23,C0014,P1013,34,159.45,已完成,陈敏,直销,CNC定制件,机加工件,138,172.93,南通华科,江苏客户014,华东,上海,设备集成商,B,3237.47,840.85,701.54,186.38,34.03,5421.299999999999,5000.2699999999995,421.02999999999975,0.07766218434692783,2025-10
O003279,2025-07-14,C0081,P1012,41,359.4,已完成,李娜,老客户复购,不锈钢轴套,机加工件,315,371.9,南通华科,安徽客户081,华东,江苏,经销商,B,8477.9,1616.77,1532.71,354.5,159.56,14735.4,12141.44,2593.959999999999,0.17603594065990738,2025-07
O003280,2025-06-06,C0033,P1014,73,42.11,已完成,赵磊,老客户复购,工业线缆,配套耗材,34,41.43,南通华科,江苏客户033,华东,浙江,终端工厂,B,1746.65,320.23,293.78,74.2,29.03,3074.0299999999997,2463.89,610.1399999999999,0.19848212281597769,2025-06
O003281,2025-07-15,C0003,P1001,13,791.66,已完成,赵磊,展会线索,伺服电机A型,电机类,522,799.93,南通华科,上海客户003,华东,安徽,终端工厂,A,4452.04,913.79,1062.38,305.7,69.07,10291.58,6802.98,3488.6000000000004,0.33897613388809106,2025-07
O003282,2025-09-11,C0006,P1009,18,623.4,已完成,陈敏,经销,同步带轮组件,传动部件,565,711.1,南通华科,福建客户006,华南,广东,经销商,B,6781.01,1332.94,1148.88,280.27,77.11,11221.199999999999,9620.210000000003,1600.9899999999961,0.14267547142908035,2025-09
O003283,2025-06-26,C0108,P1015,45,81.12,已完成,陈敏,直销,传感器支架,配套耗材,70,84.31,苏州精工,湖北客户108,华中,湖南,终端工厂,A,2180.15,527.68,389.52,142.78,39.55,3650.4,3279.6800000000003,370.7199999999998,0.10155599386368612,2025-06
O003284,2025-05-06,C0081,P1012,17,352.38,已完成,赵磊,展会线索,不锈钢轴套,机加工件,315,371.9,南通华科,安徽客户081,华东,江苏,经销商,B,3407.96,770.21,714.46,98.45,88.76,5990.46,5079.84,910.6199999999999,0.1520116986007752,2025-05
O003285,2025-06-17,C0033,P1015,94,82.4,已完成,刘洋,展会线索,传感器支架,配套耗材,70,84.31,苏州精工,江苏客户033,华东,浙江,终端工厂,B,4568.24,1129.12,698.57,116.21,47.24,7745.6,6559.379999999999,1186.2200000000012,0.15314759347242318,2025-06
O003286,2025-09-10,C0101,P1001,1,815.63,退货,李娜,展会线索,伺服电机A型,电机类,522,799.93,南通华科,湖南客户101,华中,河南,终端工厂,A,371.88,86.62,78.37,26.99,10.52,815.63,574.38,241.25,0.29578362738006203,2025-09
O003287,2025-10-21,C0093,P1003,3,1563.21,已完成,赵磊,经销,步进电机A型,电机类,1120,1636.22,常州机电,湖北客户093,华中,湖南,终端工厂,B,2183.5,573.1,503.28,134.71,46.61,4689.63,3441.2000000000003,1248.4299999999998,0.26621076716073544,2025-10
O003288,2025-11-05,C0014,P1002,12,1037.97,已完成,张伟,经销,伺服电机B型,电机类,690,1040.91,南通华科,江苏客户014,华东,上海,设备集成商,B,5744.97,1006.6,1255.22,381.38,144.74,12455.64,8532.91,3922.7299999999996,0.314936045036626,2025-11
O003289,2025-07-01,C0025,P1002,11,963.47,已完成,刘洋,展会线索,伺服电机B型,电机类,690,1040.91,南通华科,广东客户025,华南,福建,经销商,B,5213.63,1204.87,880.12,508.87,209.79,10598.17,8017.28,2580.8900000000003,0.24352223072473836,2025-07
O003290,2025-12-03,C0097,P1006,16,2244.83,已完成,刘洋,老客户复购,PLC控制器增强版,控制器类,1773,2443.12,苏州精工,上海客户097,华东,安徽,经销商,C,19080.29,4359.68,3780.29,1149.44,688.81,35917.28,29058.510000000002,6858.769999999997,0.19096017293068954,2025-12
O003291,2025-10-20,C0105,P1008,21,723.11,已完成,李娜,老客户复购,精密齿轮箱,传动部件,523,743.47,上海工控,安徽客户105,华东,安徽,设备集成商,B,7078.27,1389.1,1710.85,341.01,246.57,15185.31,10765.800000000001,4419.509999999998,0.2910385102444401,2025-10
O003292,2025-02-04,C0071,P1013,6,167.15,已完成,张伟,直销,CNC定制件,机加工件,138,172.93,南通华科,湖北客户071,华中,湖北,经销商,A,530.24,147.06,122.1,47.29,19.32,1002.9000000000001,866.01,136.8900000000001,0.13649416691594385,2025-02
O003293,2025-02-27,C0095,P1004,16,710.21,已完成,刘洋,经销,减速电机C型,电机类,541,716.52,苏州精工,北京客户095,华北,天津,终端工厂,B,5439.8,1263.8,1202.2,489.6,97.98,11363.36,8493.38,2869.9800000000014,0.25256438236577927,2025-02
O003294,2025-12-06,C0016,P1005,15,1399.87,已完成,刘洋,直销,PLC控制器标准版,控制器类,980,1458.49,苏州精工,北京客户016,华北,天津,终端工厂,B,10458.47,1958.9,2233.97,691.78,267.33,20998.05,15610.449999999999,5387.6,0.25657620588578467,2025-12
O003295,2025-10-31,C0015,P1002,9,921.83,已完成,张伟,经销,伺服电机B型,电机类,690,1040.91,南通华科,北京客户015,华北,河北,经销商,C,4082.46,783.77,750.33,248.36,101.1,8296.470000000001,5966.0199999999995,2330.4500000000016,0.2808965740851231,2025-10
O003296,2025-01-07,C0038,P1011,24,502.04,退货,刘洋,老客户复购,铝合金支架,机加工件,393,502.7,无锡智造,江苏客户038,华东,安徽,终端工厂,A,6544.95,1331.08,1173.3,562.85,196.26,12048.960000000001,9808.44,2240.5200000000004,0.1859513186200303,2025-01
O003297,2025-10-22,C0053,P1011,31,498.47,已完成,刘洋,经销,铝合金支架,机加工件,393,502.7,无锡智造,河北客户053,华北,河北,终端工厂,A,7581.31,2055.58,1941.93,740.05,271.03,15452.570000000002,12589.9,2862.670000000002,0.18525526821751992,2025-10
O003298,2025-01-16,C0118,P1015,113,80.26,已完成,赵磊,经销,传感器支架,配套耗材,70,84.31,苏州精工,浙江客户118,华东,浙江,终端工厂,B,5401.88,1081.23,1101.59,356.84,83.65,9069.380000000001,8025.1900000000005,1044.1900000000005,0.11513355929512276,2025-01
O003299,2025-09-18,C0097,P1003,12,1426.4,已完成,陈敏,老客户复购,步进电机A型,电机类,1120,1636.22,常州机电,上海客户097,华东,安徽,经销商,C,8675.96,1932.88,1861.02,432.32,228.25,17116.800000000003,13130.43,3986.3700000000026,0.23289224621424576,2025-09
O003300,2025-06-27,C0080,P1014,25,42.19,已完成,王强,直销,工业线缆,配套耗材,34,41.43,南通华科,广西客户080,华南,广东,终端工厂,B,603.44,117.05,134.26,33.3,6.87,1054.75,894.92,159.83000000000004,0.15153353875325912,2025-06
O003301,2025-02-28,C0116,P1013,41,168.12,已取消,刘洋,直销,CNC定制件,机加工件,138,172.93,南通华科,北京客户116,华北,北京,终端工厂,A,3539.1,793.93,653.64,306.94,110.73,6892.92,5404.339999999999,1488.5800000000008,0.2159578233897972,2025-02
O003302,2025-01-28,C0091,P1006,13,2103.63,已完成,赵磊,直销,PLC控制器增强版,控制器类,1773,2443.12,苏州精工,广东客户091,华南,广东,经销商,A,16329.17,3580.78,2907.11,669.18,375.93,27347.190000000002,23862.170000000002,3485.0200000000004,0.12743612780691546,2025-01
O003303,2025-06-05,C0002,P1014,59,38.0,已完成,赵磊,直销,工业线缆,配套耗材,34,41.43,南通华科,广东客户002,华南,福建,经销商,B,1367.7,288.02,313.33,83.85,39.37,2242.0,2092.27,149.73000000000002,0.06678412132024979,2025-06
O003304,2025-03-30,C0092,P1010,14,619.78,已完成,王强,老客户复购,联轴器套件,传动部件,456,621.63,上海工控,江苏客户092,华东,江苏,终端工厂,B,4354.14,887.33,920.55,200.08,121.04,8676.92,6483.14,2193.7799999999997,0.25282934497494497,2025-03
O003305,2025-02-04,C0001,P1010,12,617.38,已完成,张伟,直销,联轴器套件,传动部件,456,621.63,上海工控,广东客户001,华南,广西,终端工厂,B,3612.81,705.85,682.88,191.58,49.51,7408.5599999999995,5242.63,2165.9299999999994,0.29235505955273355,2025-02
O003306,2025-10-02,C0034,P1001,3,705.99,已完成,王强,经销,伺服电机A型,电机类,522,799.93,南通华科,广东客户034,华南,广东,经销商,A,1099.93,234.77,189.14,69.2,34.56,2117.9700000000003,1627.6000000000001,490.3700000000001,0.2315283030448968,2025-10
O003307,2025-02-01,C0073,P1003,5,1497.74,已完成,陈敏,直销,步进电机A型,电机类,1120,1636.22,常州机电,湖北客户073,华中,湖南,设备集成商,C,3482.25,855.71,720.99,346.41,99.9,7488.7,5505.259999999999,1983.4400000000005,0.264857718963238,2025-02
O003308,2025-11-30,C0114,P1011,4,494.08,已完成,陈敏,直销,铝合金支架,机加工件,393,502.7,无锡智造,江苏客户114,华东,安徽,终端工厂,B,996.23,225.3,215.78,32.82,36.11,1976.32,1506.2399999999998,470.08000000000015,0.2378562176165804,2025-11
O003309,2025-01-14,C0107,P1010,42,606.87,已完成,陈敏,展会线索,联轴器套件,传动部件,456,621.63,上海工控,安徽客户107,华东,安徽,经销商,B,12004.06,2333.39,1917.52,992.3,301.75,25488.54,17549.02,7939.52,0.3114937144300929,2025-01
O003310,2025-04-01,C0043,P1003,11,1626.76,已完成,刘洋,展会线索,步进电机A型,电机类,1120,1636.22,常州机电,广东客户043,华南,广东,设备集成商,B,7765.07,2111.31,1381.85,472.79,137.17,17894.36,11868.19,6026.17,0.33676365066982,2025-04
O003311,2025-11-12,C0024,P1013,19,169.98,已完成,李娜,老客户复购,CNC定制件,机加工件,138,172.93,南通华科,广东客户024,华南,广西,终端工厂,B,1868.64,433.9,376.09,53.42,41.47,3229.62,2773.52,456.0999999999999,0.14122404493407892,2025-11
O003312,2025-10-11,C0044,P1014,45,39.33,已完成,李娜,直销,工业线缆,配套耗材,34,41.43,南通华科,安徽客户044,华东,安徽,终端工厂,A,1036.64,218.72,182.54,79.32,9.46,1769.85,1526.68,243.16999999999985,0.13739582450490145,2025-10
O003313,2025-09-26,C0085,P1013,32,162.76,已完成,王强,老客户复购,CNC定制件,机加工件,138,172.93,南通华科,浙江客户085,华东,山东,终端工厂,A,3014.08,634.38,618.05,114.2,44.69,5208.32,4425.4,782.9200000000001,0.15032102482182358,2025-09
O003314,2025-02-08,C0078,P1002,9,1022.56,已完成,赵磊,直销,伺服电机B型,电机类,690,1040.91,南通华科,四川客户078,西南,云南,设备集成商,A,4214.64,1110.33,984.17,218.24,60.14,9203.039999999999,6587.52,2615.5199999999986,0.2842017420330672,2025-02
O003315,2025-09-29,C0047,P1003,10,1481.9,已完成,刘洋,老客户复购,步进电机A型,电机类,1120,1636.22,常州机电,云南客户047,西南,云南,经销商,A,7605.18,1626.23,1631.85,496.13,187.59,14819.0,11546.98,3272.0200000000004,0.22079897428976317,2025-09
O003316,2025-08-10,C0105,P1001,11,788.71,已取消,李娜,直销,伺服电机A型,电机类,522,799.93,南通华科,安徽客户105,华东,安徽,设备集成商,B,4731.56,732.59,807.5,278.48,150.11,8675.810000000001,6700.240000000001,1975.5700000000006,0.22771015040670559,2025-08
O003317,2025-07-11,C0109,P1004,13,678.53,已完成,赵磊,经销,减速电机C型,电机类,541,716.52,苏州精工,浙江客户109,华东,安徽,经销商,B,4571.98,1244.94,936.69,419.22,135.27,8820.89,7308.100000000001,1512.7899999999981,0.1715008349497611,2025-07
O003318,2025-06-02,C0103,P1001,15,815.37,已完成,王强,直销,伺服电机A型,电机类,522,799.93,南通华科,上海客户103,华东,上海,终端工厂,A,5580.0,1088.91,825.53,526.87,208.74,12230.55,8230.05,4000.5,0.3270907686081166,2025-06
O003319,2025-12-15,C0064,P1008,42,700.07,已完成,张伟,老客户复购,精密齿轮箱,传动部件,523,743.47,上海工控,江苏客户064,华东,浙江,经销商,B,14978.23,3399.77,3402.41,622.68,418.94,29402.940000000002,22822.03,6580.9100000000035,0.2238180943810382,2025-12
O003320,2025-04-15,C0079,P1014,50,40.48,已完成,张伟,经销,工业线缆,配套耗材,34,41.43,南通华科,安徽客户079,华东,浙江,经销商,A,1062.46,218.37,214.6,88.53,32.38,2023.9999999999998,1616.34,407.65999999999985,0.20141304347826083,2025-04
O003321,2025-12-21,C0058,P1016,20,97.65,已完成,陈敏,经销,密封圈套装,配套耗材,83,101.3,苏州精工,湖南客户058,华中,湖南,终端工厂,B,1190.89,203.67,203.98,40.15,10.85,1953.0,1649.5400000000002,303.4599999999998,0.1553814644137224,2025-12
O003322,2025-08-18,C0029,P1002,8,980.91,已取消,王强,老客户复购,伺服电机B型,电机类,690,1040.91,南通华科,云南客户029,西南,四川,终端工厂,B,4768.8,743.37,691.11,156.18,96.75,7847.28,6456.21,1391.0699999999997,0.1772677921521852,2025-08
O003323,2025-09-28,C0037,P1016,45,96.13,已完成,陈敏,展会线索,密封圈套装,配套耗材,83,101.3,苏州精工,福建客户037,华南,广东,经销商,B,2595.15,636.93,553.84,123.88,67.63,4325.849999999999,3977.4300000000003,348.41999999999916,0.08054370817296004,2025-09
O003324,2025-08-29,C0007,P1008,7,711.96,已完成,陈敏,经销,精密齿轮箱,传动部件,523,743.47,上海工控,福建客户007,华南,广西,终端工厂,A,2545.95,484.49,555.07,154.6,26.14,4983.72,3766.2499999999995,1217.4700000000007,0.24428940630693552,2025-08
O003325,2025-07-28,C0112,P1003,11,1595.78,已完成,李娜,老客户复购,步进电机A型,电机类,1120,1636.22,常州机电,广东客户112,华南,福建,终端工厂,A,8431.05,1978.66,1639.86,393.81,214.75,17553.579999999998,12658.13,4895.449999999999,0.2788861303506179,2025-07
O003326,2025-09-20,C0062,P1007,1,949.29,已取消,张伟,老客户复购,变频控制器A型,控制器类,780,1044.88,南通华科,浙江客户062,华东,上海,经销商,C,514.81,139.22,116.59,39.55,7.32,949.29,817.49,131.79999999999995,0.13884060719063718,2025-09
O003327,2025-05-30,C0045,P1009,14,664.25,已完成,李娜,展会线索,同步带轮组件,传动部件,565,711.1,南通华科,安徽客户045,华东,江苏,设备集成商,A,5166.05,1129.41,1024.8,149.33,129.22,9299.5,7598.81,1700.6899999999996,0.18287972471638256,2025-05
O003328,2025-04-15,C0064,P1003,6,1510.92,已完成,陈敏,展会线索,步进电机A型,电机类,1120,1636.22,常州机电,江苏客户064,华东,浙江,经销商,B,4406.88,1032.87,675.62,237.97,149.85,9065.52,6503.1900000000005,2562.33,0.28264567283509384,2025-04
O003329,2025-12-24,C0114,P1011,27,513.76,已完成,王强,老客户复购,铝合金支架,机加工件,393,502.7,无锡智造,江苏客户114,华东,安徽,终端工厂,B,7110.52,1775.57,1506.1,623.14,70.91,13871.52,11086.24,2785.2800000000007,0.2007912615200065,2025-12
O003330,2025-12-28,C0051,P1010,6,599.2,已完成,赵磊,展会线索,联轴器套件,传动部件,456,621.63,上海工控,广西客户051,华南,广东,终端工厂,C,1767.82,418.41,428.08,139.47,42.6,3595.2000000000003,2796.3799999999997,798.8200000000006,0.22219069870939046,2025-12
O003331,2025-08-01,C0004,P1015,73,83.97,已完成,赵磊,老客户复购,传感器支架,配套耗材,70,84.31,苏州精工,重庆客户004,西南,四川,终端工厂,A,3234.7,764.42,646.24,258.96,68.66,6129.8099999999995,4972.98,1156.83,0.1887219995399531,2025-08
O003332,2025-06-06,C0057,P1014,57,40.97,已完成,刘洋,直销,工业线缆,配套耗材,34,41.43,南通华科,浙江客户057,华东,上海,设备集成商,C,1263.35,242.99,199.21,70.92,23.83,2335.29,1800.3,534.99,0.22908932081240446,2025-06
O003333,2025-08-15,C0019,P1003,12,1643.84,已完成,张伟,老客户复购,步进电机A型,电机类,1120,1636.22,常州机电,湖北客户019,华中,河南,终端工厂,B,11415.93,2186.9,1376.26,638.49,353.68,19726.079999999998,15971.26,3754.819999999998,0.19034800629420534,2025-08
O003334,2025-06-14,C0074,P1009,4,706.51,已完成,王强,老客户复购,同步带轮组件,传动部件,565,711.1,南通华科,安徽客户074,华东,浙江,终端工厂,B,1519.0,337.21,278.86,53.28,19.49,2826.04,2207.84,618.1999999999998,0.21875132694512456,2025-06
O003335,2025-09-11,C0097,P1005,10,1336.76,已完成,张伟,经销,PLC控制器标准版,控制器类,980,1458.49,苏州精工,上海客户097,华东,安徽,经销商,C,6251.51,1642.03,1141.9,644.11,229.29,13367.6,9908.840000000002,3458.7599999999984,0.25874203297525344,2025-09
O003336,2025-10-16,C0033,P1006,9,2489.15,已完成,陈敏,经销,PLC控制器增强版,控制器类,1773,2443.12,苏州精工,江苏客户033,华东,浙江,终端工厂,B,10985.66,2604.56,1641.3,781.7,428.24,22402.350000000002,16441.46,5960.890000000003,0.26608324573091674,2025-10
O003337,2025-05-06,C0094,P1016,93,100.04,已完成,张伟,经销,密封圈套装,配套耗材,83,101.3,苏州精工,安徽客户094,华东,安徽,终端工厂,A,4815.97,1061.06,795.76,325.08,62.74,9303.720000000001,7060.610000000001,2243.1100000000006,0.24109818438216116,2025-05
O003338,2025-04-03,C0097,P1011,26,438.6,已完成,王强,经销,铝合金支架,机加工件,393,502.7,无锡智造,上海客户097,华东,安徽,经销商,C,6824.86,1667.55,1122.61,472.54,67.32,11403.6,10154.880000000001,1248.7199999999993,0.10950226244343886,2025-04
O003339,2025-05-20,C0008,P1008,32,733.95,已完成,张伟,直销,精密齿轮箱,传动部件,523,743.47,上海工控,天津客户008,华北,北京,设备集成商,C,10626.73,2289.6,2473.01,1051.13,195.07,23486.4,16635.54,6850.860000000001,0.2916947680359698,2025-05
O003340,2025-03-22,C0109,P1006,2,2107.5,已完成,张伟,老客户复购,PLC控制器增强版,控制器类,1773,2443.12,苏州精工,浙江客户109,华东,安徽,经销商,B,2232.48,605.93,492.76,86.51,56.34,4215.0,3474.0200000000004,740.9799999999996,0.17579596678529053,2025-03
O003341,2025-09-11,C0109,P1002,14,948.5,已完成,赵磊,老客户复购,伺服电机B型,电机类,690,1040.91,南通华科,浙江客户109,华东,安徽,经销商,B,6831.91,1199.49,1014.52,326.35,196.32,13279.0,9568.59,3710.41,0.27941938398975824,2025-09
O003342,2025-09-14,C0023,P1009,39,664.26,已完成,赵磊,直销,同步带轮组件,传动部件,565,711.1,南通华科,江苏客户023,华东,浙江,设备集成商,B,14053.94,3723.52,3195.64,897.26,174.63,25906.14,22044.989999999998,3861.1500000000015,0.14904381741162526,2025-09
O003343,2025-06-04,C0011,P1011,17,476.99,已完成,赵磊,经销,铝合金支架,机加工件,393,502.7,无锡智造,上海客户011,华东,上海,经销商,A,4802.45,998.15,849.32,404.18,145.62,8108.83,7199.719999999999,909.1100000000006,0.11211358482049823,2025-06
O003344,2025-02-01,C0061,P1008,42,719.75,已完成,张伟,老客户复购,精密齿轮箱,传动部件,523,743.47,上海工控,江苏客户061,华东,山东,终端工厂,A,14621.38,3187.89,2323.0,1433.72,533.75,30229.5,22099.74,8129.759999999998,0.2689346499280504,2025-02
O003345,2025-09-12,C0063,P1001,10,822.76,已完成,刘洋,直销,伺服电机A型,电机类,522,799.93,南通华科,福建客户063,华南,广东,终端工厂,A,3398.22,862.34,760.89,189.04,116.87,8227.6,5327.36,2900.2400000000007,0.3525013369633916,2025-09
O003346,2025-03-26,C0018,P1013,25,166.21,已完成,刘洋,展会线索,CNC定制件,机加工件,138,172.93,南通华科,上海客户018,华东,山东,经销商,B,2226.98,577.51,376.84,159.61,41.1,4155.25,3382.04,773.21,0.18608025991215932,2025-03
O003347,2025-09-12,C0055,P1011,20,480.17,已完成,陈敏,老客户复购,铝合金支架,机加工件,393,502.7,无锡智造,天津客户055,华北,天津,设备集成商,C,4901.64,1001.54,1094.85,224.69,138.92,9603.4,7361.64,2241.7599999999993,0.233433992127788,2025-09
O003348,2025-08-29,C0071,P1004,13,649.77,已完成,李娜,经销,减速电机C型,电机类,541,716.52,苏州精工,湖北客户071,华中,湖北,经销商,A,5759.37,1136.27,911.31,217.93,60.71,8447.01,8085.589999999999,361.420000000001,0.0427867375556559,2025-08
O003349,2025-05-09,C0089,P1015,29,81.05,已完成,陈敏,展会线索,传感器支架,配套耗材,70,84.31,苏州精工,河北客户089,华北,天津,经销商,C,1387.48,333.79,222.53,89.9,18.07,2350.45,2051.77,298.67999999999984,0.12707353910953215,2025-05
O003350,2025-03-05,C0014,P1015,90,83.49,已完成,王强,展会线索,传感器支架,配套耗材,70,84.31,苏州精工,江苏客户014,华东,上海,设备集成商,B,4045.75,956.84,739.32,286.71,145.3,7514.099999999999,6173.92,1340.1799999999994,0.17835535859251267,2025-03
O003351,2025-11-19,C0118,P1003,17,1668.5,已完成,陈敏,经销,步进电机A型,电机类,1120,1636.22,常州机电,浙江客户118,华东,浙江,终端工厂,B,12088.29,2936.55,2958.78,600.72,297.91,28364.5,18882.25,9482.25,0.33429991714995855,2025-11
O003352,2025-07-26,C0112,P1005,5,1382.7,已完成,赵磊,展会线索,PLC控制器标准版,控制器类,980,1458.49,苏州精工,广东客户112,华南,福建,终端工厂,A,3098.57,776.76,686.73,264.42,90.79,6913.5,4917.2699999999995,1996.2300000000005,0.2887437622043828,2025-07
O003353,2025-09-12,C0043,P1003,17,1472.61,已完成,张伟,老客户复购,步进电机A型,电机类,1120,1636.22,常州机电,广东客户043,华南,广东,设备集成商,B,13225.68,2325.79,2997.86,570.12,170.82,25034.37,19290.27,5744.0999999999985,0.22944855412778506,2025-09
O003354,2025-05-28,C0018,P1005,8,1352.55,已完成,赵磊,直销,PLC控制器标准版,控制器类,980,1458.49,苏州精工,上海客户018,华东,山东,经销商,B,5598.65,1331.44,1143.8,201.97,185.17,10820.4,8461.03,2359.369999999999,0.21804831614358056,2025-05
O003355,2025-11-22,C0081,P1009,18,689.5,已完成,王强,经销,同步带轮组件,传动部件,565,711.1,南通华科,安徽客户081,华东,江苏,经销商,B,6924.78,1667.01,1613.82,270.63,155.95,12411.0,10632.189999999999,1778.8100000000013,0.14332527596487,2025-11
O003356,2025-02-18,C0066,P1010,25,607.94,已完成,陈敏,直销,联轴器套件,传动部件,456,621.63,上海工控,上海客户066,华东,山东,终端工厂,A,7926.82,1664.62,1177.38,287.26,213.26,15198.500000000002,11269.34,3929.1600000000017,0.2585228805474225,2025-02
O003357,2025-08-02,C0056,P1012,20,357.32,已完成,赵磊,直销,不锈钢轴套,机加工件,315,371.9,南通华科,山东客户056,华东,山东,设备集成商,A,4085.55,808.1,758.48,157.47,38.3,7146.4,5847.9000000000015,1298.4999999999982,0.18169987686107666,2025-08
O003358,2025-10-09,C0017,P1003,10,1668.66,已完成,张伟,直销,步进电机A型,电机类,1120,1636.22,常州机电,广西客户017,华南,广西,终端工厂,B,7114.03,1937.43,1128.09,702.25,272.02,16686.600000000002,11153.82,5532.7800000000025,0.3315702419905794,2025-10
O003359,2025-11-19,C0054,P1013,41,170.14,已完成,陈敏,老客户复购,CNC定制件,机加工件,138,172.93,南通华科,天津客户054,华北,北京,终端工厂,A,3827.21,749.72,863.88,220.63,53.0,6975.74,5714.4400000000005,1261.2999999999993,0.1808123582587653,2025-11
O003360,2025-04-11,C0112,P1014,118,40.07,已完成,王强,展会线索,工业线缆,配套耗材,34,41.43,南通华科,广东客户112,华南,福建,终端工厂,A,2659.56,528.36,491.71,153.12,49.17,4728.26,3881.92,846.3400000000001,0.17899607889583063,2025-04
O003361,2025-08-22,C0048,P1006,3,2154.24,已完成,王强,展会线索,PLC控制器增强版,控制器类,1773,2443.12,苏州精工,江苏客户048,华东,山东,经销商,A,4632.75,936.97,643.01,177.41,103.89,6462.719999999999,6494.030000000001,-31.31000000000131,-0.004844709348386022,2025-08
O003362,2025-04-27,C0095,P1005,5,1473.75,已完成,陈敏,老客户复购,PLC控制器标准版,控制器类,980,1458.49,苏州精工,北京客户095,华北,天津,终端工厂,B,3248.13,827.26,751.96,262.85,57.3,7368.75,5147.500000000001,2221.249999999999,0.3014418999151822,2025-04
O003363,2025-11-12,C0079,P1014,93,38.13,已完成,陈敏,展会线索,工业线缆,配套耗材,34,41.43,南通华科,安徽客户079,华东,浙江,经销商,A,2107.88,475.13,398.2,85.76,42.85,3546.09,3109.82,436.27,0.1230284623345713,2025-11
O003364,2025-05-11,C0069,P1001,16,761.59,已完成,张伟,老客户复购,伺服电机A型,电机类,522,799.93,南通华科,山东客户069,华东,安徽,设备集成商,B,5551.2,1107.22,1287.93,560.37,199.77,12185.44,8706.490000000002,3478.949999999999,0.2855005646082537,2025-05
O003365,2025-06-24,C0035,P1012,40,376.45,已取消,张伟,直销,不锈钢轴套,机加工件,315,371.9,南通华科,江苏客户035,华东,浙江,终端工厂,A,8317.19,1791.98,1801.65,546.37,210.95,15058.0,12668.140000000001,2389.8599999999988,0.15871032009563016,2025-06
O003366,2025-03-14,C0066,P1005,1,1498.09,已完成,张伟,经销,PLC控制器标准版,控制器类,980,1458.49,苏州精工,上海客户066,华东,山东,终端工厂,A,619.76,153.96,151.03,26.97,15.11,1498.09,966.83,531.2599999999999,0.3546248890253589,2025-03
O003367,2025-09-18,C0058,P1008,19,746.53,已完成,王强,展会线索,精密齿轮箱,传动部件,523,743.47,上海工控,湖南客户058,华中,湖南,终端工厂,B,6666.75,1601.45,1047.14,646.06,79.55,14184.07,10040.949999999999,4143.120000000001,0.2920966972103212,2025-09
O003368,2025-09-14,C0048,P1001,2,761.97,已完成,张伟,经销,伺服电机A型,电机类,522,799.93,南通华科,江苏客户048,华东,山东,经销商,A,736.82,127.01,114.02,65.55,27.28,1523.94,1070.68,453.26,0.2974264078638266,2025-09
O003369,2025-08-24,C0021,P1014,67,36.79,已完成,王强,直销,工业线缆,配套耗材,34,41.43,南通华科,山东客户021,华东,江苏,经销商,A,1636.12,289.18,299.76,43.63,18.11,2464.93,2286.8,178.12999999999965,0.07226574385479494,2025-08
O003370,2025-01-22,C0027,P1004,14,701.07,已取消,张伟,老客户复购,减速电机C型,电机类,541,716.52,苏州精工,浙江客户027,华东,浙江,终端工厂,A,4828.04,937.69,1163.21,190.63,141.73,9814.980000000001,7261.299999999999,2553.680000000002,0.26018188524072405,2025-01
O003371,2025-03-20,C0028,P1011,4,459.87,已完成,张伟,直销,铝合金支架,机加工件,393,502.7,无锡智造,广东客户028,华南,广东,经销商,B,1073.01,207.38,251.37,49.96,34.17,1839.48,1615.8899999999999,223.59000000000015,0.12155065562006662,2025-03
O003372,2025-02-21,C0112,P1003,9,1582.22,已完成,王强,直销,步进电机A型,电机类,1120,1636.22,常州机电,广东客户112,华南,福建,终端工厂,A,7205.47,1783.55,1463.32,340.1,96.97,14239.98,10889.41,3350.5699999999997,0.2352931675465836,2025-02
O003373,2025-05-05,C0040,P1006,14,2485.92,已完成,刘洋,展会线索,PLC控制器增强版,控制器类,1773,2443.12,苏州精工,浙江客户040,华东,江苏,终端工厂,A,16804.21,3514.85,3719.88,1429.52,318.34,34802.880000000005,25786.8,9016.080000000005,0.2590613190632501,2025-05
O003374,2025-02-24,C0075,P1008,27,709.69,已完成,李娜,经销,精密齿轮箱,传动部件,523,743.47,上海工控,江苏客户075,华东,上海,终端工厂,A,8779.05,1895.59,1892.59,340.4,285.01,19161.63,13192.64,5968.990000000002,0.31150742395088526,2025-02
O003375,2025-12-17,C0061,P1008,41,765.69,已完成,张伟,经销,精密齿轮箱,传动部件,523,743.47,上海工控,江苏客户061,华东,山东,终端工厂,A,14734.98,2791.1,2911.51,1137.82,382.05,31393.29,21957.459999999995,9435.830000000005,0.30056836986502544,2025-12
O003376,2025-03-11,C0105,P1009,18,662.25,已完成,李娜,展会线索,同步带轮组件,传动部件,565,711.1,南通华科,安徽客户105,华东,安徽,设备集成商,B,7274.85,1286.4,1265.12,547.18,128.68,11920.5,10502.23,1418.2700000000004,0.1189773918879242,2025-03
O003377,2025-03-25,C0067,P1006,15,2330.38,已完成,刘洋,直销,PLC控制器增强版,控制器类,1773,2443.12,苏州精工,福建客户067,华南,广东,终端工厂,A,17618.23,4257.76,3721.54,552.35,413.72,34955.700000000004,26563.6,8392.100000000006,0.24007815606610666,2025-03
O003378,2025-11-19,C0064,P1010,15,580.02,已完成,李娜,展会线索,联轴器套件,传动部件,456,621.63,上海工控,江苏客户064,华东,浙江,经销商,B,4468.92,1078.41,912.06,328.7,128.82,8700.3,6916.909999999999,1783.3900000000003,0.2049802880360448,2025-11
O003379,2025-06-21,C0098,P1015,105,77.02,已完成,王强,老客户复购,传感器支架,配套耗材,70,84.31,苏州精工,福建客户098,华南,广西,设备集成商,C,4744.33,990.69,898.29,189.79,123.26,8087.099999999999,6946.360000000001,1140.7399999999989,0.14105674469216392,2025-06
O003380,2025-04-12,C0071,P1012,8,354.56,已完成,陈敏,经销,不锈钢轴套,机加工件,315,371.9,南通华科,湖北客户071,华中,湖北,经销商,A,1714.32,335.12,385.68,88.28,19.59,2836.48,2542.9900000000002,293.4899999999998,0.10346979354693132,2025-04
O003381,2025-01-27,C0021,P1003,15,1485.27,已完成,王强,直销,步进电机A型,电机类,1120,1636.22,常州机电,山东客户021,华东,江苏,经销商,A,10773.78,2560.17,2021.13,997.94,276.73,22279.05,16629.750000000004,5649.299999999996,0.2535700579692579,2025-01
O003382,2025-09-03,C0114,P1002,6,1011.23,已完成,李娜,经销,伺服电机B型,电机类,690,1040.91,南通华科,江苏客户114,华东,安徽,终端工厂,B,2945.73,522.09,580.08,279.11,57.0,6067.38,4384.01,1683.37,0.2774459486631791,2025-09
O003383,2025-06-04,C0078,P1014,108,37.81,已完成,张伟,展会线索,工业线缆,配套耗材,34,41.43,南通华科,四川客户078,西南,云南,设备集成商,A,2326.46,541.25,579.0,151.79,59.86,4083.4800000000005,3658.36,425.12000000000035,0.10410728104459929,2025-06
O003384,2025-06-16,C0117,P1005,2,1390.0,已完成,张伟,经销,PLC控制器标准版,控制器类,980,1458.49,苏州精工,上海客户117,华东,安徽,经销商,B,1346.81,239.88,248.41,49.25,27.07,2780.0,1911.42,868.5799999999999,0.31243884892086327,2025-06
O003385,2025-12-10,C0079,P1014,66,40.59,已完成,陈敏,经销,工业线缆,配套耗材,34,41.43,南通华科,安徽客户079,华东,浙江,经销商,A,1575.65,357.64,358.44,56.33,29.35,2678.94,2377.41,301.5300000000002,0.11255571233398291,2025-12
O003386,2025-10-11,C0007,P1004,10,718.55,已完成,王强,经销,减速电机C型,电机类,541,716.52,苏州精工,福建客户007,华南,广西,终端工厂,A,3792.22,719.21,590.9,215.32,77.29,7185.5,5394.94,1790.5600000000004,0.24919073133393646,2025-10
O003387,2025-04-27,C0064,P1003,13,1586.39,已完成,赵磊,老客户复购,步进电机A型,电机类,1120,1636.22,常州机电,江苏客户064,华东,浙江,经销商,B,10454.38,2145.78,2208.12,950.29,151.95,20623.07,15910.52,4712.549999999999,0.22850865559783287,2025-04
O003388,2025-05-16,C0098,P1001,10,771.22,已完成,王强,展会线索,伺服电机A型,电机类,522,799.93,南通华科,福建客户098,华南,广西,设备集成商,C,3609.79,713.35,551.67,351.79,72.39,7712.200000000001,5298.990000000001,2413.21,0.31290811960270737,2025-05
O003389,2025-05-08,C0007,P1013,28,170.0,已完成,赵磊,直销,CNC定制件,机加工件,138,172.93,南通华科,福建客户007,华南,广西,终端工厂,A,2529.13,538.79,432.84,143.79,54.38,4760.0,3698.9300000000003,1061.0699999999997,0.22291386554621842,2025-05
O003390,2025-01-21,C0109,P1004,16,684.45,已完成,李娜,老客户复购,减速电机C型,电机类,541,716.52,苏州精工,浙江客户109,华东,安徽,经销商,B,5720.54,1514.61,1042.05,175.91,84.07,10951.2,8537.179999999998,2414.0200000000023,0.22043429030608536,2025-01
O003391,2025-05-05,C0024,P1003,15,1595.38,已完成,陈敏,经销,步进电机A型,电机类,1120,1636.22,常州机电,广东客户024,华南,广西,终端工厂,B,11628.12,2611.59,2639.35,940.6,189.38,23930.7,18009.04,5921.66,0.24745034620800896,2025-05
O003392,2025-09-29,C0050,P1006,15,2310.89,已完成,李娜,直销,PLC控制器增强版,控制器类,1773,2443.12,苏州精工,广东客户050,华南,广西,终端工厂,A,16809.75,4022.38,3721.06,720.9,486.17,34663.35,25760.260000000002,8903.089999999997,0.256844476947554,2025-09
O003393,2025-08-18,C0093,P1001,7,820.62,已完成,李娜,老客户复购,伺服电机A型,电机类,522,799.93,南通华科,湖北客户093,华中,湖南,终端工厂,B,3135.7,597.99,511.02,244.86,37.69,5744.34,4527.259999999998,1217.0800000000017,0.21187464530302902,2025-08
O003394,2025-09-29,C0039,P1002,6,1010.89,已取消,赵磊,直销,伺服电机B型,电机类,690,1040.91,南通华科,湖北客户039,华中,河南,经销商,B,2582.57,532.81,640.83,138.14,90.56,6065.34,3984.91,2080.4300000000003,0.34300303033300694,2025-09
O003395,2025-07-02,C0088,P1015,86,81.16,已完成,张伟,直销,传感器支架,配套耗材,70,84.31,苏州精工,河南客户088,华中,河南,终端工厂,A,4148.72,955.49,802.08,223.45,78.86,6979.759999999999,6208.599999999999,771.1599999999999,0.11048517427533323,2025-07
O003396,2025-01-25,C0044,P1012,40,363.41,已完成,陈敏,经销,不锈钢轴套,机加工件,315,371.9,南通华科,安徽客户044,华东,安徽,终端工厂,A,8967.29,1519.19,1300.44,468.62,144.75,14536.400000000001,12400.290000000003,2136.1099999999988,0.1469490382763269,2025-01
O003397,2025-07-19,C0045,P1003,14,1500.07,已完成,陈敏,展会线索,步进电机A型,电机类,1120,1636.22,常州机电,安徽客户045,华东,江苏,设备集成商,A,10361.7,2820.38,2297.25,959.94,221.11,21000.98,16660.38,4340.5999999999985,0.20668559276757553,2025-07
O003398,2025-12-19,C0111,P1012,18,343.96,已完成,张伟,直销,不锈钢轴套,机加工件,315,371.9,南通华科,广东客户111,华南,广东,经销商,A,3651.23,941.67,841.74,212.03,114.16,6191.28,5760.829999999999,430.4500000000007,0.06952520318900142,2025-12
O003399,2025-02-27,C0086,P1012,32,358.42,已完成,李娜,经销,不锈钢轴套,机加工件,315,371.9,南通华科,云南客户086,西南,云南,设备集成商,B,7224.66,1494.47,1142.67,379.63,227.59,11469.44,10469.019999999999,1000.4200000000019,0.08722483399363891,2025-02
O003400,2025-09-26,C0004,P1015,74,81.67,已完成,陈敏,老客户复购,传感器支架,配套耗材,70,84.31,苏州精工,重庆客户004,西南,四川,终端工厂,A,3363.34,813.55,733.69,135.91,83.56,6043.58,5130.05,913.5299999999997,0.1511570956287498,2025-09
O003401,2025-01-05,C0007,P1012,25,353.17,已完成,王强,老客户复购,不锈钢轴套,机加工件,315,371.9,南通华科,福建客户007,华南,广西,终端工厂,A,5130.17,1348.61,1125.22,387.77,70.59,8829.25,8062.360000000001,766.8899999999994,0.08685788713650643,2025-01
O003402,2025-08-27,C0118,P1002,17,1029.99,已完成,刘洋,展会线索,伺服电机B型,电机类,690,1040.91,南通华科,浙江客户118,华东,浙江,终端工厂,B,9271.66,2006.2,1445.2,372.79,111.69,17509.83,13207.540000000003,4302.289999999999,0.24570712565456082,2025-08
O003403,2025-11-04,C0081,P1005,11,1379.58,已完成,陈敏,经销,PLC控制器标准版,控制器类,980,1458.49,苏州精工,安徽客户081,华东,江苏,经销商,B,6845.44,1660.14,1548.42,511.82,281.59,15175.38,10847.41,4327.969999999999,0.28519681220503207,2025-11
O003404,2025-03-18,C0069,P1004,9,702.5,已完成,陈敏,经销,减速电机C型,电机类,541,716.52,苏州精工,山东客户069,华东,安徽,设备集成商,B,3094.53,728.58,534.57,288.66,120.02,6322.5,4766.360000000001,1556.1399999999994,0.24612732305258986,2025-03
O003405,2025-03-14,C0051,P1014,67,42.14,已完成,赵磊,展会线索,工业线缆,配套耗材,34,41.43,南通华科,广西客户051,华南,广东,终端工厂,C,1503.48,315.15,265.98,127.31,43.02,2823.38,2254.94,568.44,0.2013331538793928,2025-03
O003406,2025-12-06,C0087,P1013,15,168.65,已完成,张伟,直销,CNC定制件,机加工件,138,172.93,南通华科,山东客户087,华东,江苏,终端工厂,A,1465.68,263.0,266.12,97.82,46.69,2529.75,2139.3100000000004,390.4399999999996,0.1543393615969956,2025-12
O003407,2025-11-17,C0017,P1002,12,1044.15,已完成,张伟,经销,伺服电机B型,电机类,690,1040.91,南通华科,广西客户017,华南,广西,终端工厂,B,5449.91,1149.14,1281.56,208.79,152.79,12529.800000000001,8242.19,4287.610000000001,0.34219301185972645,2025-11
O003408,2025-04-22,C0035,P1012,5,361.94,已完成,张伟,老客户复购,不锈钢轴套,机加工件,315,371.9,南通华科,江苏客户035,华东,浙江,终端工厂,A,1048.73,202.8,194.82,72.91,19.01,1809.7,1538.27,271.43000000000006,0.149986185555617,2025-04
O003409,2025-05-07,C0103,P1001,16,784.95,已完成,赵磊,直销,伺服电机A型,电机类,522,799.93,南通华科,上海客户103,华东,上海,终端工厂,A,5436.87,1394.06,1330.67,530.97,222.24,12559.2,8914.81,3644.3900000000012,0.29017692209694895,2025-05
O003410,2025-11-24,C0117,P1010,22,567.05,已完成,赵磊,展会线索,联轴器套件,传动部件,456,621.63,上海工控,上海客户117,华东,安徽,经销商,B,7162.35,1686.44,1593.29,513.41,186.16,12475.099999999999,11141.650000000001,1333.449999999997,0.10688892273408608,2025-11
O003411,2025-11-27,C0041,P1001,1,765.99,已完成,张伟,经销,伺服电机A型,电机类,522,799.93,南通华科,福建客户041,华南,广东,终端工厂,A,359.83,90.83,73.59,31.9,6.31,765.99,562.4599999999999,203.5300000000001,0.26570842961396374,2025-11
O003412,2025-05-14,C0015,P1005,13,1256.86,已完成,刘洋,老客户复购,PLC控制器标准版,控制器类,980,1458.49,苏州精工,北京客户015,华北,河北,经销商,C,9061.52,1870.65,1397.12,702.46,169.04,16339.179999999998,13200.79,3138.3899999999976,0.19207757060023808,2025-05
O003413,2025-09-02,C0051,P1012,40,358.61,已完成,李娜,经销,不锈钢轴套,机加工件,315,371.9,南通华科,广西客户051,华南,广东,终端工厂,C,8043.99,1705.73,1286.42,260.66,199.23,14344.400000000001,11496.029999999999,2848.3700000000026,0.1985701737263324,2025-09
O003414,2025-04-24,C0006,P1006,14,2274.57,已完成,王强,老客户复购,PLC控制器增强版,控制器类,1773,2443.12,苏州精工,福建客户006,华南,广东,经销商,B,17539.77,3646.65,3414.6,1380.14,329.63,31843.980000000003,26310.79,5533.190000000002,0.17375937304319378,2025-04
O003415,2025-08-02,C0009,P1014,76,40.0,已完成,张伟,经销,工业线缆,配套耗材,34,41.43,南通华科,安徽客户009,华东,浙江,终端工厂,A,1771.15,364.41,358.05,68.75,59.79,3040.0,2622.15,417.8499999999999,0.13745065789473682,2025-08
O003416,2025-03-18,C0012,P1014,94,41.7,已完成,刘洋,展会线索,工业线缆,配套耗材,34,41.43,南通华科,云南客户012,西南,云南,终端工厂,A,2005.87,480.4,374.5,141.23,44.78,3919.8,3046.78,873.02,0.22272054696668195,2025-03
O003417,2025-03-23,C0056,P1009,12,705.46,已完成,刘洋,经销,同步带轮组件,传动部件,565,711.1,南通华科,山东客户056,华东,山东,设备集成商,A,4411.52,915.32,752.24,358.94,70.54,8465.52,6508.5599999999995,1956.960000000001,0.23116831570889926,2025-03
O003418,2025-12-09,C0082,P1007,11,1009.43,已完成,刘洋,直销,变频控制器A型,控制器类,780,1044.88,南通华科,河北客户082,华北,河北,经销商,A,5983.29,1279.3,895.18,230.85,204.24,11103.73,8592.86,2510.869999999999,0.22612851717395857,2025-12
O003419,2025-04-15,C0035,P1004,14,728.79,已完成,王强,展会线索,减速电机C型,电机类,541,716.52,苏州精工,江苏客户035,华东,浙江,终端工厂,A,5152.45,992.65,1077.22,447.04,101.62,10203.06,7770.98,2432.08,0.23836770537466212,2025-04
O003420,2025-05-06,C0099,P1003,15,1629.79,已完成,张伟,展会线索,步进电机A型,电机类,1120,1636.22,常州机电,广西客户099,华南,福建,设备集成商,B,11351.08,2311.8,1760.7,708.54,397.79,24446.85,16529.910000000003,7916.939999999995,0.32384294909160055,2025-05
O003421,2025-05-31,C0027,P1003,10,1567.09,已完成,张伟,经销,步进电机A型,电机类,1120,1636.22,常州机电,浙江客户027,华东,浙江,终端工厂,A,7457.72,1616.34,1365.96,486.77,153.16,15670.9,11079.95,4590.949999999999,0.29296020011613877,2025-05
O003422,2025-05-06,C0001,P1007,16,997.55,退货,张伟,经销,变频控制器A型,控制器类,780,1044.88,南通华科,广东客户001,华南,广西,终端工厂,B,8501.61,1545.2,1852.57,336.15,231.46,15960.8,12466.99,3493.8099999999995,0.21889942860007014,2025-05
O003423,2025-08-01,C0009,P1002,13,1036.95,已完成,张伟,老客户复购,伺服电机B型,电机类,690,1040.91,南通华科,安徽客户009,华东,浙江,终端工厂,A,7231.21,1492.69,1341.63,298.55,204.33,13480.35,10568.409999999998,2911.9400000000023,0.21601367917005138,2025-08
O003424,2025-07-19,C0111,P1006,14,2316.92,已取消,赵磊,直销,PLC控制器增强版,控制器类,1773,2443.12,苏州精工,广东客户111,华南,广东,经销商,A,15697.43,4364.15,2727.03,745.55,225.59,32436.88,23759.75,8677.130000000001,0.26750815738135114,2025-07
O003425,2025-11-05,C0062,P1014,53,36.37,已完成,李娜,展会线索,工业线缆,配套耗材,34,41.43,南通华科,浙江客户062,华东,上海,经销商,C,1201.99,315.67,208.75,65.47,21.54,1927.61,1813.42,114.18999999999983,0.05923916144863319,2025-11
O003426,2025-10-08,C0035,P1002,2,1018.7,已完成,张伟,老客户复购,伺服电机B型,电机类,690,1040.91,南通华科,江苏客户035,华东,浙江,终端工厂,A,901.97,212.97,184.28,56.19,36.18,2037.4,1391.5900000000001,645.81,0.3169775203690978,2025-10
O003427,2025-08-09,C0007,P1009,40,728.86,已完成,赵磊,经销,同步带轮组件,传动部件,565,711.1,南通华科,福建客户007,华南,广西,终端工厂,A,14132.17,2827.58,3603.5,1200.25,497.34,29154.4,22260.84,6893.560000000001,0.23645007271629673,2025-08
O003428,2025-04-16,C0063,P1001,12,755.76,已完成,张伟,直销,伺服电机A型,电机类,522,799.93,南通华科,福建客户063,华南,广东,终端工厂,A,4261.21,909.48,862.89,165.42,148.43,9069.119999999999,6347.430000000001,2721.689999999998,0.3001051921244838,2025-04
O003429,2025-11-24,C0117,P1006,6,2233.93,已完成,刘洋,老客户复购,PLC控制器增强版,控制器类,1773,2443.12,苏州精工,上海客户117,华东,安徽,经销商,B,7170.8,1887.22,1470.69,272.22,163.03,13403.579999999998,10963.960000000001,2439.619999999997,0.18201256679185693,2025-11
O003430,2025-07-12,C0097,P1002,6,982.15,已完成,刘洋,老客户复购,伺服电机B型,电机类,690,1040.91,南通华科,上海客户097,华东,安徽,经销商,C,2590.74,681.96,538.65,164.64,115.08,5892.9,4091.0699999999997,1801.83,0.3057628671791478,2025-07
O003431,2025-06-12,C0094,P1003,10,1664.92,退货,王强,展会线索,步进电机A型,电机类,1120,1636.22,常州机电,安徽客户094,华东,安徽,终端工厂,A,7997.47,1984.3,1268.49,674.29,319.34,16649.2,12243.89,4405.310000000001,0.2645958964995316,2025-06
O003432,2025-09-23,C0035,P1015,64,80.29,已完成,陈敏,直销,传感器支架,配套耗材,70,84.31,苏州精工,江苏客户035,华东,浙江,终端工厂,A,3033.35,595.17,667.83,235.33,79.9,5138.56,4611.58,526.9800000000005,0.10255402291692622,2025-09
O003433,2025-10-06,C0099,P1005,6,1409.42,已完成,王强,老客户复购,PLC控制器标准版,控制器类,980,1458.49,苏州精工,广西客户099,华南,福建,设备集成商,B,3818.21,772.88,808.24,269.75,127.12,8456.52,5796.2,2660.3200000000006,0.3145880338484389,2025-10
O003434,2025-09-16,C0042,P1010,22,638.05,已完成,刘洋,展会线索,联轴器套件,传动部件,456,621.63,上海工控,重庆客户042,西南,云南,终端工厂,B,6331.9,1285.65,1221.63,337.69,200.59,14037.099999999999,9377.460000000001,4659.639999999998,0.3319517564169236,2025-09
O003435,2025-02-20,C0039,P1003,3,1443.91,已完成,刘洋,直销,步进电机A型,电机类,1120,1636.22,常州机电,湖北客户039,华中,河南,经销商,B,2206.69,541.09,490.99,93.35,81.43,4331.7300000000005,3413.55,918.1800000000003,0.211966119772008,2025-02
O003436,2025-03-12,C0017,P1011,10,502.76,已完成,陈敏,经销,铝合金支架,机加工件,393,502.7,无锡智造,广西客户017,华南,广西,终端工厂,B,2745.95,619.39,607.33,122.2,56.94,5027.6,4151.8099999999995,875.7900000000009,0.17419643567507376,2025-03
O003437,2025-10-29,C0097,P1014,95,38.89,已完成,李娜,老客户复购,工业线缆,配套耗材,34,41.43,南通华科,上海客户097,华东,安徽,经销商,C,2030.31,476.01,421.14,135.08,22.02,3694.55,3084.5599999999995,609.9900000000007,0.16510535789203032,2025-10
O003438,2025-07-23,C0052,P1011,43,516.68,已完成,李娜,展会线索,铝合金支架,机加工件,393,502.7,无锡智造,广西客户052,华南,广西,终端工厂,A,10532.24,2453.62,1881.67,923.29,333.95,22217.239999999998,16124.77,6092.4699999999975,0.2742226307138059,2025-07
O003439,2025-05-26,C0021,P1004,13,638.06,已完成,刘洋,直销,减速电机C型,电机类,541,716.52,苏州精工,山东客户021,华东,江苏,经销商,A,4589.61,863.28,780.29,325.23,164.67,8294.779999999999,6723.08,1571.699999999999,0.189480613108485,2025-05
O003440,2025-07-02,C0095,P1003,10,1585.25,已完成,陈敏,直销,步进电机A型,电机类,1120,1636.22,常州机电,北京客户095,华北,天津,终端工厂,B,7309.64,1882.94,1702.69,264.52,297.13,15852.5,11456.92,4395.58,0.27727992430216053,2025-07
O003441,2025-05-16,C0043,P1012,17,361.29,已取消,刘洋,展会线索,不锈钢轴套,机加工件,315,371.9,南通华科,广东客户043,华南,广东,设备集成商,B,3569.75,952.41,708.54,142.68,120.5,6141.93,5493.88,648.0500000000002,0.10551243664450753,2025-05
O003442,2025-02-19,C0034,P1006,13,2294.45,退货,赵磊,经销,PLC控制器增强版,控制器类,1773,2443.12,苏州精工,广东客户034,华南,广东,经销商,A,14851.17,3986.29,2544.33,1151.86,333.16,29827.85,22866.81,6961.039999999997,0.233373843572366,2025-02
O003443,2025-01-05,C0068,P1009,29,706.01,已完成,刘洋,老客户复购,同步带轮组件,传动部件,565,711.1,南通华科,四川客户068,西南,重庆,终端工厂,A,11751.35,2147.85,2040.39,765.58,402.61,20474.29,17107.780000000002,3366.5099999999984,0.16442621453540016,2025-01
O003444,2025-08-24,C0069,P1016,76,99.98,已完成,陈敏,展会线索,密封圈套装,配套耗材,83,101.3,苏州精工,山东客户069,华东,安徽,设备集成商,B,4102.64,907.17,805.58,181.18,131.15,7598.4800000000005,6127.72,1470.7600000000002,0.19355976458449586,2025-08
O003445,2025-09-11,C0087,P1015,40,85.5,已取消,王强,老客户复购,传感器支架,配套耗材,70,84.31,苏州精工,山东客户087,华东,江苏,终端工厂,A,1761.76,454.4,369.7,80.26,42.38,3420.0,2708.5,711.5,0.2080409356725146,2025-09
O003446,2025-08-09,C0097,P1006,15,2259.85,已完成,赵磊,老客户复购,PLC控制器增强版,控制器类,1773,2443.12,苏州精工,上海客户097,华东,安徽,经销商,C,23111.69,3902.19,2854.01,556.87,564.97,33897.75,30989.73,2908.0200000000004,0.0857879947784145,2025-08
O003447,2025-04-09,C0091,P1001,12,766.5,已完成,张伟,展会线索,伺服电机A型,电机类,522,799.93,南通华科,广东客户091,华南,广东,经销商,A,4467.01,983.63,790.37,319.69,109.06,9198.0,6669.76,2528.24,0.2748684496629702,2025-04
O003448,2025-06-23,C0002,P1002,6,905.59,已完成,赵磊,老客户复购,伺服电机B型,电机类,690,1040.91,南通华科,广东客户002,华南,福建,经销商,B,2941.81,610.57,439.85,195.05,77.94,5433.54,4265.219999999999,1168.3200000000006,0.21502004218244472,2025-06
O003449,2025-09-24,C0119,P1008,33,739.61,已完成,张伟,展会线索,精密齿轮箱,传动部件,523,743.47,上海工控,北京客户119,华北,北京,设备集成商,A,12021.46,3037.53,2184.73,666.87,301.71,24407.13,18212.3,6194.830000000002,0.25381230812471606,2025-09
O003450,2025-12-01,C0058,P1008,18,750.3,已取消,李娜,展会线索,精密齿轮箱,传动部件,523,743.47,上海工控,湖南客户058,华中,湖南,终端工厂,B,6684.13,1683.21,1489.99,311.16,168.19,13505.4,10336.68,3168.7199999999993,0.23462614954018388,2025-12
O003451,2025-04-13,C0034,P1006,3,2168.86,已完成,赵磊,老客户复购,PLC控制器增强版,控制器类,1773,2443.12,苏州精工,广东客户034,华南,广东,经销商,A,3435.79,755.72,542.01,134.17,71.29,6506.58,4938.9800000000005,1567.5999999999995,0.24092534019408038,2025-04
O003452,2025-02-27,C0095,P1008,15,713.57,已完成,刘洋,经销,精密齿轮箱,传动部件,523,743.47,上海工控,北京客户095,华北,天津,终端工厂,B,5150.01,1072.65,892.91,441.13,100.81,10703.550000000001,7657.51,3046.040000000001,0.28458221804915196,2025-02
O003453,2025-04-16,C0014,P1016,35,101.27,已完成,王强,直销,密封圈套装,配套耗材,83,101.3,苏州精工,江苏客户014,华东,上海,设备集成商,B,2006.35,412.85,430.28,73.91,26.1,3544.45,2949.4899999999993,594.9600000000005,0.16785679019311897,2025-04
O003454,2025-08-20,C0119,P1001,15,799.81,已完成,张伟,展会线索,伺服电机A型,电机类,522,799.93,南通华科,北京客户119,华北,北京,设备集成商,A,6463.85,1369.43,850.18,210.91,228.18,11997.15,9122.550000000001,2874.5999999999985,0.23960690664032697,2025-08
O003455,2025-12-10,C0026,P1007,10,969.69,已完成,王强,直销,变频控制器A型,控制器类,780,1044.88,南通华科,河南客户026,华中,湖北,经销商,B,5031.29,1371.0,1155.77,261.78,187.32,9696.900000000001,8007.159999999999,1689.7400000000025,0.17425568996277185,2025-12
O003456,2025-08-06,C0057,P1004,16,712.26,已完成,王强,直销,减速电机C型,电机类,541,716.52,苏州精工,浙江客户057,华东,上海,设备集成商,C,7903.0,1076.24,1230.74,385.24,154.86,11396.16,10750.08,646.0799999999999,0.05669278072613933,2025-08
O003457,2025-02-09,C0013,P1013,37,159.6,已完成,刘洋,直销,CNC定制件,机加工件,138,172.93,南通华科,湖北客户013,华中,湖北,设备集成商,B,3243.59,813.94,651.14,144.77,90.96,5905.2,4944.400000000001,960.7999999999993,0.16270405744089944,2025-02
O003458,2025-08-13,C0009,P1013,37,172.68,已完成,李娜,老客户复购,CNC定制件,机加工件,138,172.93,南通华科,安徽客户009,华东,浙江,终端工厂,A,3506.91,875.12,779.85,221.47,63.15,6389.16,5446.5,942.6599999999999,0.14754052175872884,2025-08
O003459,2025-01-11,C0049,P1012,41,325.12,已完成,赵磊,经销,不锈钢轴套,机加工件,315,371.9,南通华科,江苏客户049,华东,山东,经销商,C,8691.25,1828.19,1506.42,457.28,198.2,13329.92,12681.340000000002,648.5799999999981,0.04865595592471659,2025-01
O003460,2025-09-20,C0037,P1008,25,641.17,已取消,刘洋,老客户复购,精密齿轮箱,传动部件,523,743.47,上海工控,福建客户037,华南,广东,经销商,B,8878.67,2317.74,1541.78,449.33,240.67,16029.249999999998,13428.19,2601.0599999999977,0.16226960088588038,2025-09
O003461,2025-08-11,C0062,P1016,32,92.86,已完成,刘洋,经销,密封圈套装,配套耗材,83,101.3,苏州精工,浙江客户062,华东,上海,经销商,C,1806.18,319.02,315.37,70.96,52.29,2971.52,2563.8199999999997,407.7000000000003,0.1372025091535646,2025-08
O003462,2025-07-19,C0044,P1003,2,1560.53,已完成,张伟,老客户复购,步进电机A型,电机类,1120,1636.22,常州机电,安徽客户044,华东,安徽,终端工厂,A,1582.84,306.96,237.72,69.23,23.87,3121.06,2220.62,900.44,0.2885045465322679,2025-07
O003463,2025-07-27,C0119,P1008,37,685.16,已完成,陈敏,老客户复购,精密齿轮箱,传动部件,523,743.47,上海工控,北京客户119,华北,北京,设备集成商,A,12457.08,2594.56,2492.22,663.88,339.63,25350.92,18547.370000000003,6803.549999999996,0.2683748755469228,2025-07
O003464,2025-01-18,C0020,P1014,62,40.45,已完成,刘洋,展会线索,工业线缆,配套耗材,34,41.43,南通华科,福建客户020,华南,福建,经销商,B,1379.5,356.0,331.06,73.07,14.4,2507.9,2154.03,353.8699999999999,0.14110211730930255,2025-01
O003465,2025-06-16,C0068,P1006,12,2356.09,已完成,张伟,老客户复购,PLC控制器增强版,控制器类,1773,2443.12,苏州精工,四川客户068,西南,重庆,终端工厂,A,13700.85,2683.15,2567.71,1062.47,361.43,28273.08,20375.61,7897.470000000001,0.2793282514674737,2025-06
O003466,2025-04-22,C0106,P1002,5,948.56,已取消,赵磊,老客户复购,伺服电机B型,电机类,690,1040.91,南通华科,河北客户106,华北,天津,经销商,C,2222.79,572.82,372.22,109.02,71.81,4742.799999999999,3348.66,1394.1399999999994,0.29394872227376223,2025-04
O003467,2025-10-07,C0084,P1012,15,367.69,已完成,陈敏,老客户复购,不锈钢轴套,机加工件,315,371.9,南通华科,天津客户084,华北,河北,终端工厂,A,3022.69,759.43,749.46,243.21,40.81,5515.35,4815.6,699.75,0.12687318121243438,2025-10
O003468,2025-09-15,C0067,P1006,16,2386.84,已完成,李娜,经销,PLC控制器增强版,控制器类,1773,2443.12,苏州精工,福建客户067,华南,广东,终端工厂,A,19064.71,4122.99,4524.7,1861.89,263.76,38189.44,29838.049999999996,8351.390000000007,0.2186832276147544,2025-09
O003469,2025-04-07,C0087,P1011,8,498.78,已完成,陈敏,经销,铝合金支架,机加工件,393,502.7,无锡智造,山东客户087,华东,江苏,终端工厂,A,2234.98,413.77,374.66,109.21,37.12,3990.24,3169.74,820.5,0.2056267292192951,2025-04
O003470,2025-07-29,C0045,P1003,16,1621.94,已完成,张伟,老客户复购,步进电机A型,电机类,1120,1636.22,常州机电,安徽客户045,华东,江苏,设备集成商,A,12639.41,2505.14,2670.16,1292.44,457.03,25951.04,19564.179999999997,6386.860000000004,0.24611190919516152,2025-07
O003471,2025-04-30,C0011,P1004,4,649.61,已完成,刘洋,展会线索,减速电机C型,电机类,541,716.52,苏州精工,上海客户011,华东,上海,经销商,A,1416.59,352.03,285.72,110.51,18.96,2598.44,2183.8100000000004,414.62999999999965,0.1595688182140052,2025-04
O003472,2025-01-22,C0118,P1002,10,979.94,已完成,陈敏,展会线索,伺服电机B型,电机类,690,1040.91,南通华科,浙江客户118,华东,浙江,终端工厂,B,4718.31,1148.3,1005.15,477.48,57.58,9799.400000000001,7406.82,2392.5800000000017,0.2441557646386515,2025-01
O003473,2025-06-22,C0006,P1011,24,476.89,已完成,赵磊,展会线索,铝合金支架,机加工件,393,502.7,无锡智造,福建客户006,华南,广东,经销商,B,6173.98,1401.53,1118.5,295.78,87.46,11445.36,9077.249999999998,2368.1100000000024,0.2069056805552645,2025-06
O003474,2025-06-06,C0063,P1003,10,1684.93,已完成,赵磊,老客户复购,步进电机A型,电机类,1120,1636.22,常州机电,福建客户063,华南,广东,终端工厂,A,7854.51,1954.22,1175.32,344.09,141.99,16849.3,11470.13,5379.17,0.31925183835530263,2025-06
O003475,2025-12-30,C0042,P1001,5,763.17,已完成,陈敏,展会线索,伺服电机A型,电机类,522,799.93,南通华科,重庆客户042,西南,云南,终端工厂,B,1751.05,437.1,272.19,142.29,27.63,3815.85,2630.26,1185.5899999999997,0.31070141646029054,2025-12
O003476,2025-02-04,C0114,P1003,7,1655.52,已完成,陈敏,展会线索,步进电机A型,电机类,1120,1636.22,常州机电,江苏客户114,华东,安徽,终端工厂,B,5622.42,1363.58,1230.68,216.89,142.78,11588.64,8576.35,3012.289999999999,0.259934729183062,2025-02
O003477,2025-05-25,C0119,P1001,11,787.29,已完成,赵磊,直销,伺服电机A型,电机类,522,799.93,南通华科,北京客户119,华北,北京,设备集成商,A,3654.92,895.87,654.38,363.49,126.96,8660.189999999999,5695.62,2964.569999999999,0.3423215887873129,2025-05
O003478,2025-04-16,C0083,P1010,24,584.95,已取消,陈敏,直销,联轴器套件,传动部件,456,621.63,上海工控,浙江客户083,华东,山东,终端工厂,B,7410.84,1855.16,1422.9,343.18,200.9,14038.800000000001,11232.98,2805.8200000000015,0.1998618115508449,2025-04
O003479,2025-08-04,C0049,P1014,33,39.49,已完成,赵磊,老客户复购,工业线缆,配套耗材,34,41.43,南通华科,江苏客户049,华东,山东,经销商,C,803.02,175.11,154.59,62.18,16.59,1303.17,1211.49,91.68000000000006,0.07035152742926867,2025-08
O003480,2025-01-29,C0055,P1012,11,344.56,已完成,赵磊,老客户复购,不锈钢轴套,机加工件,315,371.9,南通华科,天津客户055,华北,天津,设备集成商,C,2493.54,448.99,458.15,85.09,44.72,3790.16,3530.49,259.6700000000001,0.06851161956223487,2025-01
O003481,2025-09-19,C0052,P1010,30,637.73,已完成,赵磊,老客户复购,联轴器套件,传动部件,456,621.63,上海工控,广西客户052,华南,广西,终端工厂,A,8714.95,1824.25,1541.02,501.28,134.29,19131.9,12715.790000000003,6416.109999999999,0.3353618825103622,2025-09
O003482,2025-03-24,C0026,P1011,14,443.85,已完成,陈敏,经销,铝合金支架,机加工件,393,502.7,无锡智造,河南客户026,华中,湖北,经销商,B,3856.54,733.09,687.72,96.7,40.85,6213.900000000001,5414.900000000001,799.0,0.1285826936384557,2025-03
O003483,2025-01-21,C0002,P1012,32,354.53,已完成,张伟,展会线索,不锈钢轴套,机加工件,315,371.9,南通华科,广东客户002,华南,福建,经销商,B,7153.04,1715.91,1516.59,333.51,80.81,11344.96,10799.86,545.0999999999985,0.04804776746678689,2025-01
O003484,2025-11-12,C0083,P1014,70,42.43,已完成,赵磊,展会线索,工业线缆,配套耗材,34,41.43,南通华科,浙江客户083,华东,山东,终端工厂,B,1501.28,372.08,356.27,138.12,27.71,2970.1,2395.46,574.6399999999999,0.19347496717282242,2025-11
O003485,2025-03-17,C0044,P1002,7,1066.03,已完成,张伟,直销,伺服电机B型,电机类,690,1040.91,南通华科,安徽客户044,华东,安徽,终端工厂,A,3149.66,608.83,707.42,183.94,91.14,7462.21,4740.99,2721.2200000000003,0.36466676761978023,2025-03
O003486,2025-08-01,C0073,P1001,11,775.11,已完成,刘洋,直销,伺服电机A型,电机类,522,799.93,南通华科,湖北客户073,华中,湖南,设备集成商,C,5214.7,948.19,592.37,130.33,143.34,8526.210000000001,7028.929999999999,1497.2800000000016,0.17560909243380135,2025-08
O003487,2025-11-08,C0037,P1007,1,976.46,已完成,张伟,老客户复购,变频控制器A型,控制器类,780,1044.88,南通华科,福建客户037,华南,广东,经销商,B,539.79,100.94,118.81,41.08,17.93,976.46,818.55,157.91000000000008,0.1617168137967762,2025-11
O003488,2025-09-03,C0064,P1001,9,724.8,已完成,刘洋,老客户复购,伺服电机A型,电机类,522,799.93,南通华科,江苏客户064,华东,浙江,经销商,B,3073.01,641.48,512.57,310.2,49.92,6523.2,4587.18,1936.0199999999995,0.2967899190581309,2025-09
O003489,2025-08-02,C0100,P1002,9,947.05,已完成,张伟,直销,伺服电机B型,电机类,690,1040.91,南通华科,福建客户100,华南,广东,设备集成商,A,5006.42,816.99,908.42,393.22,146.29,8523.449999999999,7271.34,1252.1099999999988,0.14690178272882448,2025-08
O003490,2025-06-28,C0061,P1003,10,1658.66,已完成,赵磊,经销,步进电机A型,电机类,1120,1636.22,常州机电,江苏客户061,华东,山东,终端工厂,A,8057.15,1390.27,1702.75,497.1,196.17,16586.600000000002,11843.44,4743.160000000002,0.28596336801996797,2025-06
O003491,2025-04-28,C0025,P1006,5,2154.92,已完成,陈敏,经销,PLC控制器增强版,控制器类,1773,2443.12,苏州精工,广东客户025,华南,福建,经销商,B,5609.41,1081.58,1054.91,227.56,131.99,10774.6,8105.45,2669.1500000000005,0.2477261336847772,2025-04
O003492,2025-01-16,C0044,P1012,23,366.85,已完成,刘洋,经销,不锈钢轴套,机加工件,315,371.9,南通华科,安徽客户044,华东,安徽,终端工厂,A,4598.64,929.36,1105.72,398.63,164.22,8437.550000000001,7196.570000000001,1240.9800000000005,0.14707823953635835,2025-01
O003493,2025-09-15,C0022,P1005,9,1375.85,已完成,王强,直销,PLC控制器标准版,控制器类,980,1458.49,苏州精工,湖南客户022,华中,河南,终端工厂,A,6068.6,1466.42,1324.3,471.31,123.25,12382.65,9453.88,2928.7700000000004,0.23652206918551363,2025-09
O003494,2025-03-29,C0045,P1010,23,601.49,已完成,赵磊,经销,联轴器套件,传动部件,456,621.63,上海工控,安徽客户045,华东,江苏,设备集成商,A,6666.58,1407.87,1577.66,544.56,163.76,13834.27,10360.43,3473.84,0.25110396139442126,2025-03
O003495,2025-10-27,C0028,P1006,10,2304.93,已完成,张伟,经销,PLC控制器增强版,控制器类,1773,2443.12,苏州精工,广东客户028,华南,广东,经销商,B,11044.74,2410.79,2548.4,759.1,265.83,23049.3,17028.86,6020.439999999999,0.2611983878035341,2025-10
O003496,2025-01-16,C0084,P1011,5,479.43,已完成,张伟,直销,铝合金支架,机加工件,393,502.7,无锡智造,天津客户084,华北,河北,终端工厂,A,1279.94,307.36,310.44,111.56,13.08,2397.15,2022.38,374.77,0.1563398202031579,2025-01
O003497,2025-10-26,C0015,P1007,2,995.84,已完成,张伟,展会线索,变频控制器A型,控制器类,780,1044.88,南通华科,北京客户015,华北,河北,经销商,C,1042.23,218.04,203.79,72.13,15.93,1991.68,1552.1200000000001,439.55999999999995,0.2206981041131105,2025-10
O003498,2025-11-26,C0107,P1010,34,543.57,已完成,赵磊,展会线索,联轴器套件,传动部件,456,621.63,上海工控,安徽客户107,华东,安徽,经销商,B,10824.22,2302.41,2473.2,293.47,145.0,18481.38,16038.299999999997,2443.0800000000036,0.13219142726354868,2025-11
O003499,2025-02-06,C0015,P1010,35,546.76,已完成,张伟,老客户复购,联轴器套件,传动部件,456,621.63,上海工控,北京客户015,华北,河北,经销商,C,10995.85,2580.9,2153.5,938.05,214.9,19136.6,16883.2,2253.399999999998,0.11775341492219088,2025-02
O003500,2025-03-11,C0044,P1014,22,41.65,已完成,李娜,经销,工业线缆,配套耗材,34,41.43,南通华科,安徽客户044,华东,安徽,终端工厂,A,494.95,130.62,98.97,25.09,14.46,916.3,764.09,152.20999999999992,0.16611371821455848,2025-03
O003501,2025-10-11,C0096,P1006,6,2387.12,已完成,赵磊,老客户复购,PLC控制器增强版,控制器类,1773,2443.12,苏州精工,天津客户096,华北,北京,经销商,C,7254.77,1472.14,1253.96,413.16,87.0,14322.72,10481.029999999999,3841.6900000000005,0.26822349386150124,2025-10
O003502,2025-10-21,C0018,P1009,15,617.36,已完成,刘洋,展会线索,同步带轮组件,传动部件,565,711.1,南通华科,上海客户018,华东,山东,经销商,B,6053.37,1110.07,946.06,348.62,146.9,9260.4,8605.02,655.3799999999992,0.0707723208500712,2025-10
O003503,2025-06-08,C0065,P1008,28,671.56,已完成,赵磊,直销,精密齿轮箱,传动部件,523,743.47,上海工控,安徽客户065,华东,山东,经销商,B,10158.3,2086.84,2231.74,640.08,217.72,18803.68,15334.679999999998,3469.000000000002,0.1844851646060772,2025-06
O003504,2025-06-30,C0051,P1006,3,2325.44,已完成,刘洋,直销,PLC控制器增强版,控制器类,1773,2443.12,苏州精工,广西客户051,华南,广东,终端工厂,C,3728.82,716.01,806.42,236.21,129.07,6976.32,5616.53,1359.79,0.1949150841704509,2025-06
O003505,2025-01-10,C0040,P1009,42,724.68,已完成,刘洋,经销,同步带轮组件,传动部件,565,711.1,南通华科,浙江客户040,华东,江苏,终端工厂,A,15191.03,4180.37,3352.4,1115.24,344.88,30436.559999999998,24183.920000000006,6252.639999999992,0.20543188849199753,2025-01
O003506,2025-01-11,C0104,P1004,11,728.18,已完成,刘洋,经销,减速电机C型,电机类,541,716.52,苏州精工,安徽客户104,华东,安徽,终端工厂,B,4258.72,872.63,773.11,339.24,74.27,8009.98,6317.97,1692.0099999999993,0.21123773093066392,2025-01
O003507,2025-09-22,C0031,P1015,53,74.68,已完成,王强,老客户复购,传感器支架,配套耗材,70,84.31,苏州精工,山东客户031,华东,上海,经销商,A,2408.34,617.78,399.62,173.38,56.91,3958.0400000000004,3656.0299999999997,302.0100000000007,0.07630291760568378,2025-09
O003508,2025-02-07,C0011,P1013,21,160.96,已完成,赵磊,展会线索,CNC定制件,机加工件,138,172.93,南通华科,上海客户011,华东,上海,经销商,A,1952.99,387.6,426.53,145.93,41.39,3380.1600000000003,2954.4399999999996,425.7200000000007,0.1259467007478938,2025-02
O003509,2025-06-17,C0014,P1012,32,337.82,已完成,王强,展会线索,不锈钢轴套,机加工件,315,371.9,南通华科,江苏客户014,华东,上海,设备集成商,B,6641.88,1358.48,1464.16,404.1,87.56,10810.24,9956.18,854.0599999999995,0.07900472144929248,2025-06
O003510,2025-09-19,C0034,P1015,62,80.67,已完成,张伟,展会线索,传感器支架,配套耗材,70,84.31,苏州精工,广东客户034,华南,广东,经销商,A,3035.6,750.53,449.43,210.24,88.99,5001.54,4534.79,466.75,0.09332125705282773,2025-09
O003511,2025-12-09,C0089,P1013,8,156.67,已完成,陈敏,经销,CNC定制件,机加工件,138,172.93,南通华科,河北客户089,华北,天津,经销商,C,793.94,148.22,134.98,61.18,8.03,1253.36,1146.3500000000001,107.00999999999976,0.0853785025850512,2025-12
O003512,2025-04-06,C0032,P1001,17,773.68,已完成,陈敏,直销,伺服电机A型,电机类,522,799.93,南通华科,天津客户032,华北,天津,设备集成商,B,5966.62,1334.69,1210.35,349.57,248.44,13152.56,9109.67,4042.8899999999994,0.30738426587675705,2025-04
O003513,2025-01-05,C0092,P1013,15,165.9,已完成,张伟,老客户复购,CNC定制件,机加工件,138,172.93,南通华科,江苏客户092,华东,江苏,终端工厂,B,1339.3,329.09,268.59,60.55,19.49,2488.5,2017.0199999999998,471.48000000000025,0.18946353224834248,2025-01
O003514,2025-07-01,C0031,P1008,34,724.28,已完成,刘洋,展会线索,精密齿轮箱,传动部件,523,743.47,上海工控,山东客户031,华东,上海,经销商,A,12725.8,2732.69,2422.82,1044.16,153.13,24625.52,19078.600000000002,5546.919999999998,0.2252508779510036,2025-07
O003515,2025-12-14,C0037,P1015,11,77.77,已完成,王强,经销,传感器支架,配套耗材,70,84.31,苏州精工,福建客户037,华南,广东,经销商,B,532.36,100.03,111.21,17.06,14.96,855.4699999999999,775.62,79.84999999999991,0.09334050288145689,2025-12
O003516,2025-05-17,C0067,P1009,4,723.14,已完成,刘洋,展会线索,同步带轮组件,传动部件,565,711.1,南通华科,福建客户067,华南,广东,终端工厂,A,1555.11,323.53,274.66,58.47,53.69,2892.56,2265.4599999999996,627.1000000000004,0.21679757723262452,2025-05
O003517,2025-12-29,C0079,P1011,40,444.07,已完成,李娜,老客户复购,铝合金支架,机加工件,393,502.7,无锡智造,安徽客户079,华东,浙江,经销商,A,9932.73,2331.66,1795.08,885.86,244.91,17762.8,15190.24,2572.5599999999995,0.14482851802643726,2025-12
O003518,2025-08-06,C0093,P1011,42,517.66,已完成,赵磊,经销,铝合金支架,机加工件,393,502.7,无锡智造,湖北客户093,华中,湖南,终端工厂,B,10480.62,2641.85,2632.65,786.54,257.87,21741.719999999998,16799.53,4942.189999999999,0.22731366239653528,2025-08
O003519,2025-05-26,C0034,P1002,9,988.87,已完成,刘洋,展会线索,伺服电机B型,电机类,690,1040.91,南通华科,广东客户034,华南,广东,经销商,A,4032.32,779.53,706.04,305.95,145.13,8899.83,5968.97,2930.8599999999997,0.32931640267286,2025-05
O003520,2025-03-26,C0043,P1012,42,360.92,已完成,李娜,经销,不锈钢轴套,机加工件,315,371.9,南通华科,广东客户043,华南,广东,设备集成商,B,9364.1,2217.65,1422.59,637.74,208.04,15158.640000000001,13850.12,1308.5200000000004,0.0863217280705921,2025-03
O003521,2025-03-30,C0016,P1001,13,786.39,已完成,刘洋,老客户复购,伺服电机A型,电机类,522,799.93,南通华科,北京客户016,华北,天津,终端工厂,B,4525.66,1047.53,681.89,177.58,131.75,10223.07,6564.41,3658.66,0.3578827103795631,2025-03
O003522,2025-03-06,C0108,P1001,8,794.09,已完成,李娜,老客户复购,伺服电机A型,电机类,522,799.93,南通华科,湖北客户108,华中,湖南,终端工厂,A,2661.62,637.81,506.35,297.05,122.26,6352.72,4225.09,2127.63,0.3349163822740495,2025-03
O003523,2025-01-10,C0097,P1015,117,73.75,已完成,刘洋,老客户复购,传感器支架,配套耗材,70,84.31,苏州精工,上海客户097,华东,安徽,经销商,C,5880.24,1424.54,1303.47,342.69,167.47,8628.75,9118.41,-489.65999999999985,-0.05674750108648412,2025-01
O003524,2025-09-22,C0041,P1010,20,614.14,已取消,张伟,展会线索,联轴器套件,传动部件,456,621.63,上海工控,福建客户041,华南,广东,终端工厂,A,6239.71,1537.2,984.18,477.69,232.96,12282.8,9471.74,2811.0599999999995,0.22886149737844788,2025-09
O003525,2025-06-17,C0002,P1014,53,37.62,已完成,陈敏,经销,工业线缆,配套耗材,34,41.43,南通华科,广东客户002,华南,福建,经销商,B,1214.56,236.44,237.17,79.24,32.99,1993.86,1800.4,193.4599999999998,0.09702787557802445,2025-06
O003526,2025-01-07,C0105,P1010,40,597.74,已完成,赵磊,老客户复购,联轴器套件,传动部件,456,621.63,上海工控,安徽客户105,华东,安徽,设备集成商,B,12264.03,2426.69,2838.17,1006.03,216.63,23909.6,18751.55,5158.049999999999,0.21573133803995045,2025-01
O003527,2025-08-08,C0115,P1005,9,1367.63,已完成,王强,老客户复购,PLC控制器标准版,控制器类,980,1458.49,苏州精工,重庆客户115,西南,四川,经销商,B,7716.56,1242.49,1047.34,556.45,222.77,12308.670000000002,10785.610000000002,1523.0599999999995,0.12373879549943245,2025-08
O003528,2025-05-20,C0063,P1011,18,474.65,已完成,陈敏,直销,铝合金支架,机加工件,393,502.7,无锡智造,福建客户063,华南,广东,终端工厂,A,4392.19,928.07,1093.34,396.91,100.82,8543.699999999999,6911.329999999999,1632.37,0.19106124980980138,2025-05
O003529,2025-06-13,C0004,P1006,5,2372.87,已完成,刘洋,经销,PLC控制器增强版,控制器类,1773,2443.12,苏州精工,重庆客户004,西南,四川,终端工厂,A,5765.9,1224.83,1363.72,312.81,150.37,11864.349999999999,8817.63,3046.7199999999993,0.2567962003818161,2025-06
O003530,2025-02-18,C0092,P1002,15,1059.82,已完成,刘洋,直销,伺服电机B型,电机类,690,1040.91,南通华科,江苏客户092,华东,江苏,终端工厂,B,7173.6,1372.09,1192.63,437.69,235.49,15897.3,10411.5,5485.799999999999,0.34507746598478983,2025-02
O003531,2025-05-31,C0044,P1002,6,1059.47,已完成,刘洋,展会线索,伺服电机B型,电机类,690,1040.91,南通华科,安徽客户044,华东,安徽,终端工厂,A,2905.24,632.6,447.02,194.64,43.96,6356.82,4223.46,2133.3599999999997,0.33560176314572376,2025-05
O003532,2025-01-24,C0027,P1012,6,373.37,已完成,李娜,经销,不锈钢轴套,机加工件,315,371.9,南通华科,浙江客户027,华东,浙江,终端工厂,A,1188.49,293.66,297.43,99.28,37.23,2240.2200000000003,1916.0900000000001,324.1300000000001,0.1446866825579631,2025-01
O003533,2025-03-31,C0032,P1001,2,727.28,已完成,李娜,展会线索,伺服电机A型,电机类,522,799.93,南通华科,天津客户032,华北,天津,设备集成商,B,723.18,181.48,151.56,53.73,15.23,1454.56,1125.18,329.3799999999999,0.22644648553514457,2025-03
O003534,2025-11-04,C0112,P1004,12,676.65,已完成,陈敏,直销,减速电机C型,电机类,541,716.52,苏州精工,广东客户112,华南,福建,终端工厂,A,4090.57,958.62,1009.42,287.51,63.07,8119.799999999999,6409.1900000000005,1710.6099999999988,0.21067144510948532,2025-11
O003535,2025-07-23,C0117,P1008,30,674.64,已完成,王强,直销,精密齿轮箱,传动部件,523,743.47,上海工控,上海客户117,华东,安徽,经销商,B,10746.12,2320.99,2445.8,417.59,317.35,20239.2,16247.85,3991.3500000000004,0.19720888177398319,2025-07
O003536,2025-04-24,C0085,P1001,14,816.2,已完成,刘洋,直销,伺服电机A型,电机类,522,799.93,南通华科,浙江客户085,华东,山东,终端工厂,A,5029.08,1308.22,978.5,519.98,61.37,11426.800000000001,7897.150000000001,3529.6500000000005,0.3088922532992614,2025-04
O003537,2025-06-26,C0049,P1016,70,87.59,已完成,王强,直销,密封圈套装,配套耗材,83,101.3,苏州精工,江苏客户049,华东,山东,经销商,C,3673.6,817.79,796.9,188.34,49.3,6131.3,5525.929999999999,605.3700000000008,0.0987343630225239,2025-06
O003538,2025-11-13,C0053,P1011,31,515.15,已取消,王强,直销,铝合金支架,机加工件,393,502.7,无锡智造,河北客户053,华北,河北,终端工厂,A,8271.29,1876.21,1601.66,290.16,301.91,15969.65,12341.23,3628.42,0.22720723372146542,2025-11
O003539,2025-12-28,C0114,P1004,12,678.04,已完成,陈敏,经销,减速电机C型,电机类,541,716.52,苏州精工,江苏客户114,华东,安徽,终端工厂,B,4409.53,881.87,916.96,212.58,102.42,8136.48,6523.36,1613.12,0.1982577232415,2025-12
O003540,2025-08-06,C0114,P1010,43,627.54,退货,赵磊,经销,联轴器套件,传动部件,456,621.63,上海工控,江苏客户114,华东,安徽,终端工厂,B,12825.85,3388.73,3130.2,556.99,144.46,26984.219999999998,20046.23,6937.989999999998,0.2571128607756681,2025-08
O003541,2025-09-08,C0101,P1004,7,701.63,已完成,陈敏,展会线索,减速电机C型,电机类,541,716.52,苏州精工,湖南客户101,华中,河南,终端工厂,A,2431.0,588.49,418.23,213.16,54.66,4911.41,3705.5399999999995,1205.8700000000003,0.24552419773547726,2025-09
O003542,2025-01-12,C0051,P1003,6,1682.44,已完成,李娜,经销,步进电机A型,电机类,1120,1636.22,常州机电,广西客户051,华南,广东,终端工厂,C,4576.68,990.11,1036.22,163.83,160.9,10094.64,6927.74,3166.8999999999996,0.31372094497674013,2025-01
O003543,2025-03-22,C0003,P1001,10,805.05,已完成,陈敏,经销,伺服电机A型,电机类,522,799.93,南通华科,上海客户003,华东,安徽,终端工厂,A,3576.83,829.83,651.66,125.17,123.48,8050.5,5306.969999999999,2743.5300000000007,0.34079001304266826,2025-03
O003544,2025-02-06,C0028,P1015,19,79.88,已完成,张伟,直销,传感器支架,配套耗材,70,84.31,苏州精工,广东客户028,华南,广东,经销商,B,934.92,166.4,168.24,31.4,21.5,1517.7199999999998,1322.46,195.25999999999976,0.1286535065756528,2025-02
O003545,2025-09-15,C0007,P1005,15,1391.1,已完成,李娜,直销,PLC控制器标准版,控制器类,980,1458.49,苏州精工,福建客户007,华南,广西,终端工厂,A,10268.84,2352.04,1750.53,415.05,352.94,20866.5,15139.400000000001,5727.0999999999985,0.27446385354515607,2025-09
O003546,2025-02-15,C0082,P1002,11,986.89,已完成,陈敏,直销,伺服电机B型,电机类,690,1040.91,南通华科,河北客户082,华北,河北,经销商,A,4951.65,920.88,1019.23,256.56,191.26,10855.789999999999,7339.580000000001,3516.209999999998,0.32390180723834916,2025-02
O003547,2025-01-14,C0016,P1004,4,682.08,已完成,刘洋,展会线索,减速电机C型,电机类,541,716.52,苏州精工,北京客户016,华北,天津,终端工厂,B,1372.68,316.13,249.27,106.78,36.09,2728.32,2080.95,647.3700000000003,0.23727788529204796,2025-01
O003548,2025-05-02,C0013,P1003,16,1479.48,已完成,李娜,展会线索,步进电机A型,电机类,1120,1636.22,常州机电,湖北客户013,华中,湖北,设备集成商,B,12527.85,2643.5,1797.17,533.37,473.13,23671.68,17975.02,5696.66,0.24065296590694027,2025-05
O003549,2025-12-30,C0085,P1003,6,1611.46,已完成,王强,经销,步进电机A型,电机类,1120,1636.22,常州机电,浙江客户085,华东,山东,终端工厂,A,4438.79,1056.48,1036.87,151.98,144.01,9668.76,6828.13,2840.63,0.29379465412317607,2025-12
O003550,2025-08-14,C0105,P1009,27,669.18,已完成,陈敏,展会线索,同步带轮组件,传动部件,565,711.1,南通华科,安徽客户105,华东,安徽,设备集成商,B,9898.02,2086.2,1731.31,791.29,191.41,18067.859999999997,14698.23,3369.6299999999974,0.18649856706881712,2025-08
O003551,2025-02-06,C0117,P1010,11,570.65,已完成,张伟,直销,联轴器套件,传动部件,456,621.63,上海工控,上海客户117,华东,安徽,经销商,B,3143.59,631.07,546.33,291.65,71.63,6277.15,4684.27,1592.8799999999992,0.25375847319245187,2025-02
O003552,2025-02-22,C0111,P1002,7,957.85,已完成,赵磊,老客户复购,伺服电机B型,电机类,690,1040.91,南通华科,广东客户111,华南,广东,经销商,A,3437.05,816.51,725.82,167.89,60.81,6704.95,5208.080000000001,1496.869999999999,0.2232484955145078,2025-02
O003553,2025-03-10,C0032,P1001,13,758.69,已完成,陈敏,经销,伺服电机A型,电机类,522,799.93,南通华科,天津客户032,华北,天津,设备集成商,B,4587.38,984.48,885.87,166.31,193.06,9862.970000000001,6817.100000000001,3045.87,0.3088187432385985,2025-03
O003554,2025-03-15,C0057,P1003,11,1564.33,已完成,赵磊,老客户复购,步进电机A型,电机类,1120,1636.22,常州机电,浙江客户057,华东,上海,设备集成商,C,7710.06,1610.59,1733.33,351.77,113.62,17207.629999999997,11519.37,5688.259999999997,0.3305661500160102,2025-03
O003555,2025-10-30,C0106,P1008,34,710.54,已完成,王强,老客户复购,精密齿轮箱,传动部件,523,743.47,上海工控,河北客户106,华北,天津,经销商,C,11298.01,2199.9,2046.34,591.62,301.48,24158.36,16437.350000000002,7721.009999999998,0.3195999231735928,2025-10
O003556,2025-05-23,C0091,P1009,9,666.09,已完成,王强,直销,同步带轮组件,传动部件,565,711.1,南通华科,广东客户091,华南,广东,经销商,A,3375.79,754.73,696.45,138.38,42.09,5994.81,5007.4400000000005,987.3699999999999,0.16470413574408527,2025-05
O003557,2025-11-30,C0109,P1009,32,692.49,已完成,李娜,老客户复购,同步带轮组件,传动部件,565,711.1,南通华科,浙江客户109,华东,安徽,经销商,B,12798.61,2857.3,1873.81,1077.78,341.17,22159.68,18948.67,3211.010000000002,0.14490326575113008,2025-11
O003558,2025-09-04,C0015,P1012,39,360.92,已完成,赵磊,经销,不锈钢轴套,机加工件,315,371.9,南通华科,北京客户015,华北,河北,经销商,C,7803.07,2188.55,1497.84,696.16,92.18,14075.880000000001,12277.8,1798.0800000000017,0.1277419244835848,2025-09
O003559,2025-11-10,C0001,P1004,10,694.87,已完成,赵磊,老客户复购,减速电机C型,电机类,541,716.52,苏州精工,广东客户001,华南,广西,终端工厂,B,3440.74,862.6,548.19,108.78,117.29,6948.7,5077.6,1871.0999999999995,0.2692733892670571,2025-11
O003560,2025-09-16,C0097,P1007,12,958.29,已完成,张伟,直销,变频控制器A型,控制器类,780,1044.88,南通华科,上海客户097,华东,安徽,经销商,C,5960.24,1639.19,1175.18,524.12,129.56,11499.48,9428.29,2071.1899999999987,0.18011162243857973,2025-09
O003561,2025-03-06,C0059,P1011,27,465.38,已完成,王强,直销,铝合金支架,机加工件,393,502.7,无锡智造,河北客户059,华北,河北,经销商,B,7141.45,1474.83,1480.07,328.42,104.89,12565.26,10529.659999999998,2035.6000000000022,0.16200221881600557,2025-03
O003562,2025-09-14,C0080,P1008,11,740.41,已完成,陈敏,老客户复购,精密齿轮箱,传动部件,523,743.47,上海工控,广西客户080,华南,广东,终端工厂,B,3613.49,710.27,680.92,332.11,65.84,8144.509999999999,5402.63,2741.879999999999,0.33665377045396216,2025-09
O003563,2025-07-06,C0066,P1003,1,1658.46,已完成,张伟,经销,步进电机A型,电机类,1120,1636.22,常州机电,上海客户066,华东,山东,终端工厂,A,727.91,195.23,154.95,78.26,30.96,1658.46,1187.31,471.1500000000001,0.2840888535147065,2025-07
O003564,2025-04-18,C0067,P1012,36,374.35,已完成,刘洋,老客户复购,不锈钢轴套,机加工件,315,371.9,南通华科,福建客户067,华南,广东,终端工厂,A,7102.71,2010.59,1168.82,638.75,177.9,13476.6,11098.769999999999,2377.8300000000017,0.17644138729353112,2025-04
O003565,2025-07-10,C0014,P1008,28,711.8,已取消,刘洋,直销,精密齿轮箱,传动部件,523,743.47,上海工控,江苏客户014,华东,上海,设备集成商,B,9860.08,2383.98,2236.91,729.36,226.83,19930.399999999998,15437.16,4493.239999999998,0.22544655400794758,2025-07
O003566,2025-04-21,C0088,P1012,29,354.94,已完成,张伟,直销,不锈钢轴套,机加工件,315,371.9,南通华科,河南客户088,华中,河南,终端工厂,A,5765.91,1528.77,983.82,416.08,132.98,10293.26,8827.56,1465.7000000000007,0.1423941491811147,2025-04
O003567,2025-09-10,C0056,P1016,51,94.07,已完成,张伟,展会线索,密封圈套装,配套耗材,83,101.3,苏州精工,山东客户056,华东,山东,设备集成商,A,2787.78,663.65,619.46,229.99,43.04,4797.57,4343.92,453.64999999999964,0.09455828679935878,2025-09
O003568,2025-01-06,C0023,P1007,13,1044.55,已完成,赵磊,直销,变频控制器A型,控制器类,780,1044.88,南通华科,江苏客户023,华东,浙江,设备集成商,B,7247.19,1801.44,1509.01,622.61,208.93,13579.15,11389.18,2189.9699999999993,0.16127445385020414,2025-01
O003569,2025-11-09,C0067,P1013,30,175.75,已完成,陈敏,经销,CNC定制件,机加工件,138,172.93,南通华科,福建客户067,华南,广东,终端工厂,A,2582.99,639.65,599.61,252.87,71.48,5272.5,4146.599999999999,1125.9000000000005,0.21354196301564732,2025-11
O003570,2025-02-06,C0002,P1001,14,783.32,已完成,张伟,直销,伺服电机A型,电机类,522,799.93,南通华科,广东客户002,华南,福建,经销商,B,5111.36,1186.11,853.93,223.89,178.35,10966.480000000001,7553.64,3412.840000000001,0.3112065129376063,2025-02
O003571,2025-09-13,C0048,P1008,44,691.57,已完成,赵磊,经销,精密齿轮箱,传动部件,523,743.47,上海工控,江苏客户048,华东,山东,经销商,A,14805.39,3099.29,3190.31,1296.81,417.94,30429.08,22809.74,7619.34,0.25039666003704353,2025-09
O003572,2025-10-07,C0066,P1014,99,41.36,已完成,陈敏,展会线索,工业线缆,配套耗材,34,41.43,南通华科,上海客户066,华东,山东,终端工厂,A,2384.81,446.62,387.58,152.7,71.41,4094.64,3443.1199999999994,651.5200000000004,0.15911533126233332,2025-10
O003573,2025-05-30,C0119,P1007,10,1038.1,已完成,李娜,直销,变频控制器A型,控制器类,780,1044.88,南通华科,北京客户119,华北,北京,设备集成商,A,5256.69,940.86,1096.81,451.32,94.97,10381.0,7840.649999999999,2540.3500000000013,0.2447114921491187,2025-05
O003574,2025-03-15,C0102,P1012,32,355.6,已取消,张伟,经销,不锈钢轴套,机加工件,315,371.9,南通华科,北京客户102,华北,天津,终端工厂,C,6304.23,1522.86,1033.5,336.38,59.94,11379.2,9256.91,2122.290000000001,0.18650608127109117,2025-03
O003575,2025-04-14,C0105,P1002,9,990.67,已完成,陈敏,直销,伺服电机B型,电机类,690,1040.91,南通华科,安徽客户105,华东,安徽,设备集成商,B,3989.9,890.08,662.62,169.36,155.19,8916.029999999999,5867.15,3048.879999999999,0.34195488350757003,2025-04
O003576,2025-05-12,C0081,P1012,15,326.39,已完成,张伟,展会线索,不锈钢轴套,机加工件,315,371.9,南通华科,安徽客户081,华东,江苏,经销商,B,2949.07,762.32,703.41,95.84,38.83,4895.849999999999,4549.47,346.3799999999992,0.0707497165967093,2025-05
O003577,2025-03-21,C0009,P1003,3,1587.35,已完成,刘洋,经销,步进电机A型,电机类,1120,1636.22,常州机电,安徽客户009,华东,浙江,终端工厂,A,2298.74,466.83,432.05,210.77,33.67,4762.049999999999,3442.06,1319.9899999999993,0.2771894457219054,2025-03
O003578,2025-03-22,C0068,P1006,1,2307.25,已完成,陈敏,经销,PLC控制器增强版,控制器类,1773,2443.12,苏州精工,四川客户068,西南,重庆,终端工厂,A,1209.12,313.01,183.41,39.45,30.74,2307.25,1775.73,531.52,0.2303694874851013,2025-03
O003579,2025-04-13,C0108,P1001,3,774.85,已完成,张伟,老客户复购,伺服电机A型,电机类,522,799.93,南通华科,湖北客户108,华中,湖南,终端工厂,A,1121.27,208.64,187.68,42.89,24.25,2324.55,1584.73,739.8200000000002,0.31826374997311313,2025-04
O003580,2025-03-03,C0120,P1013,44,162.71,已完成,王强,展会线索,CNC定制件,机加工件,138,172.93,南通华科,浙江客户120,华东,山东,经销商,C,3791.56,870.39,809.58,351.7,123.68,7159.240000000001,5946.91,1212.3300000000008,0.16933780680630914,2025-03
O003581,2025-08-29,C0059,P1011,18,482.21,已完成,李娜,经销,铝合金支架,机加工件,393,502.7,无锡智造,河北客户059,华北,河北,经销商,B,4967.41,945.71,744.43,313.41,111.25,8679.779999999999,7082.21,1597.5699999999988,0.18405650834468143,2025-08
O003582,2025-03-29,C0048,P1002,13,945.93,已完成,张伟,经销,伺服电机B型,电机类,690,1040.91,南通华科,江苏客户048,华东,山东,经销商,A,6024.7,1135.07,1162.81,249.17,139.35,12297.09,8711.1,3585.99,0.29161289378218747,2025-03
O003583,2025-10-24,C0114,P1001,9,775.58,已完成,赵磊,直销,伺服电机A型,电机类,522,799.93,南通华科,江苏客户114,华东,安徽,终端工厂,B,2941.96,805.3,473.52,334.19,125.25,6980.22,4680.22,2300.0,0.32950250851692353,2025-10
O003584,2025-02-09,C0084,P1002,15,1001.82,退货,张伟,经销,伺服电机B型,电机类,690,1040.91,南通华科,天津客户084,华北,河北,终端工厂,A,7195.95,1852.16,1068.42,562.86,266.58,15027.300000000001,10945.970000000001,4081.33,0.27159436492250766,2025-02
O003585,2025-02-17,C0018,P1008,43,718.29,已完成,张伟,直销,精密齿轮箱,传动部件,523,743.47,上海工控,上海客户018,华东,山东,经销商,B,14227.93,3487.74,2780.43,934.44,577.2,30886.469999999998,22007.739999999998,8878.73,0.287463410354113,2025-02
O003586,2025-01-18,C0078,P1013,25,172.48,已完成,李娜,老客户复购,CNC定制件,机加工件,138,172.93,南通华科,四川客户078,西南,云南,设备集成商,A,2324.83,433.31,539.0,92.63,79.3,4312.0,3469.07,842.9299999999998,0.195484693877551,2025-01
O003587,2025-05-30,C0063,P1008,24,700.92,已完成,王强,经销,精密齿轮箱,传动部件,523,743.47,上海工控,福建客户063,华南,广东,终端工厂,A,9000.94,2167.36,1765.16,690.11,260.71,16822.079999999998,13884.28,2937.7999999999975,0.1746395213909337,2025-05
O003588,2025-01-13,C0110,P1011,7,488.69,退货,李娜,展会线索,铝合金支架,机加工件,393,502.7,无锡智造,云南客户110,西南,云南,终端工厂,A,1832.31,375.42,322.14,138.85,49.23,3420.83,2717.95,702.8800000000001,0.2054706021638024,2025-01
O003589,2025-02-15,C0054,P1001,17,782.96,已完成,张伟,直销,伺服电机A型,电机类,522,799.93,南通华科,天津客户054,华北,北京,终端工厂,A,6020.91,1412.36,1299.93,548.28,87.59,13310.32,9369.07,3941.25,0.2961048269312834,2025-02
O003590,2025-05-26,C0120,P1004,5,683.61,已完成,赵磊,经销,减速电机C型,电机类,541,716.52,苏州精工,浙江客户120,华东,山东,经销商,C,1775.3,367.44,357.86,58.62,56.18,3418.05,2615.3999999999996,802.6500000000005,0.23482687497257224,2025-05
O003591,2025-09-21,C0076,P1012,40,350.77,已完成,刘洋,老客户复购,不锈钢轴套,机加工件,315,371.9,南通华科,浙江客户076,华东,浙江,经销商,A,7946.22,1717.18,1851.75,235.78,209.1,14030.8,11960.03,2070.7699999999986,0.14758745046611732,2025-09
O003592,2025-04-12,C0006,P1005,1,1414.25,已完成,李娜,展会线索,PLC控制器标准版,控制器类,980,1458.49,苏州精工,福建客户006,华南,广东,经销商,B,698.2,153.92,139.9,60.43,11.79,1414.25,1064.24,350.01,0.24748806788050204,2025-04
O003593,2025-07-16,C0071,P1003,11,1500.06,已完成,王强,老客户复购,步进电机A型,电机类,1120,1636.22,常州机电,湖北客户071,华中,湖北,经销商,A,8354.15,1706.85,1416.43,358.66,227.4,16500.66,12063.49,4437.17,0.26890863759389017,2025-07
O003594,2025-12-17,C0064,P1010,38,578.47,已完成,李娜,老客户复购,联轴器套件,传动部件,456,621.63,上海工控,江苏客户064,华东,浙江,经销商,B,12120.12,2990.0,2178.39,616.62,336.53,21981.86,18241.66,3740.2000000000007,0.17014938681258096,2025-12
O003595,2025-10-13,C0086,P1015,59,83.61,已完成,赵磊,直销,传感器支架,配套耗材,70,84.31,苏州精工,云南客户086,西南,云南,设备集成商,B,2882.89,558.37,486.67,166.09,57.55,4932.99,4151.57,781.4200000000001,0.15840697021481903,2025-10
O003596,2025-01-20,C0078,P1008,41,733.78,已完成,陈敏,展会线索,精密齿轮箱,传动部件,523,743.47,上海工控,四川客户078,西南,云南,设备集成商,A,14808.08,3222.22,2287.88,626.02,557.43,30084.98,21501.63,8583.349999999999,0.2853034969609419,2025-01
O003597,2025-03-13,C0054,P1015,29,86.03,已完成,李娜,经销,传感器支架,配套耗材,70,84.31,苏州精工,天津客户054,华北,北京,终端工厂,A,1304.76,249.7,292.09,97.15,34.93,2494.87,1978.63,516.2399999999998,0.20692060107340254,2025-03
O003598,2025-04-08,C0023,P1006,12,2359.29,已完成,赵磊,经销,PLC控制器增强版,控制器类,1773,2443.12,苏州精工,江苏客户023,华东,浙江,设备集成商,B,14259.72,3790.85,2280.57,930.19,381.09,28311.48,21642.42,6669.060000000001,0.23556027448935915,2025-04
O003599,2025-05-01,C0030,P1006,10,2293.59,已完成,赵磊,经销,PLC控制器增强版,控制器类,1773,2443.12,苏州精工,福建客户030,华南,广西,设备集成商,A,11032.48,2565.88,2605.74,722.22,415.81,22935.9,17342.13,5593.77,0.24388709403162728,2025-05
O003600,2025-06-20,C0043,P1010,4,579.22,已完成,刘洋,经销,联轴器套件,传动部件,456,621.63,上海工控,广东客户043,华南,广东,设备集成商,B,1248.49,302.72,270.44,90.67,37.63,2316.88,1949.9500000000003,366.92999999999984,0.15837246642035835,2025-06
O003601,2025-02-06,C0033,P1009,14,697.43,已完成,李娜,展会线索,同步带轮组件,传动部件,565,711.1,南通华科,江苏客户033,华东,浙江,终端工厂,B,5454.19,1210.45,1059.88,211.35,170.01,9764.019999999999,8105.88,1658.1399999999985,0.1698214464943741,2025-02
O003602,2025-02-07,C0035,P1014,74,40.88,已完成,陈敏,直销,工业线缆,配套耗材,34,41.43,南通华科,江苏客户035,华东,浙江,终端工厂,A,1638.45,382.79,289.27,119.05,59.38,3025.1200000000003,2488.9400000000005,536.1799999999998,0.17724255566721311,2025-02
O003603,2025-08-05,C0002,P1005,13,1365.06,已完成,张伟,老客户复购,PLC控制器标准版,控制器类,980,1458.49,苏州精工,广东客户002,华南,福建,经销商,B,11053.91,2002.04,1707.8,570.38,143.29,17745.78,15477.42,2268.3599999999988,0.1278253195971098,2025-08
O003604,2025-10-30,C0042,P1008,34,708.74,已完成,陈敏,老客户复购,精密齿轮箱,传动部件,523,743.47,上海工控,重庆客户042,西南,云南,终端工厂,B,11747.49,3141.62,2232.26,855.85,453.9,24097.16,18431.120000000003,5666.039999999997,0.2351331028220752,2025-10
O003605,2025-06-15,C0066,P1004,6,687.64,已完成,张伟,直销,减速电机C型,电机类,541,716.52,苏州精工,上海客户066,华东,山东,终端工厂,A,2180.8,438.49,398.8,116.12,64.86,4125.84,3199.07,926.77,0.22462577317588658,2025-06
O003606,2025-03-27,C0105,P1002,5,981.71,已完成,赵磊,展会线索,伺服电机B型,电机类,690,1040.91,南通华科,安徽客户105,华东,安徽,设备集成商,B,2241.16,565.17,529.07,131.37,34.51,4908.55,3501.28,1407.27,0.2866977009503825,2025-03
O003607,2025-03-28,C0024,P1001,16,786.1,已完成,陈敏,展会线索,伺服电机A型,电机类,522,799.93,南通华科,广东客户024,华南,广西,终端工厂,B,5711.56,1183.07,1102.79,467.83,139.81,12577.6,8605.06,3972.540000000001,0.3158424500699657,2025-03
O003608,2025-01-19,C0057,P1007,17,987.11,已完成,李娜,经销,变频控制器A型,控制器类,780,1044.88,南通华科,浙江客户057,华东,上海,设备集成商,C,9447.34,1909.13,1570.55,771.9,118.21,16780.87,13817.13,2963.74,0.17661420415032117,2025-01
O003609,2025-10-06,C0050,P1003,3,1641.53,已完成,刘洋,展会线索,步进电机A型,电机类,1120,1636.22,常州机电,广东客户050,华南,广西,终端工厂,A,2124.93,591.84,378.13,99.45,64.16,4924.59,3258.5099999999998,1666.0800000000004,0.3383185199173942,2025-10
O003610,2025-04-18,C0007,P1010,35,637.9,已完成,刘洋,老客户复购,联轴器套件,传动部件,456,621.63,上海工控,福建客户007,华南,广西,终端工厂,A,9969.87,2508.93,2029.73,835.33,206.72,22326.5,15550.58,6775.92,0.3034922625579468,2025-04
O003611,2025-04-16,C0118,P1008,13,762.16,已完成,王强,直销,精密齿轮箱,传动部件,523,743.47,上海工控,浙江客户118,华东,浙江,终端工厂,B,4831.01,926.26,939.99,476.36,109.11,9908.08,7282.73,2625.3500000000004,0.26497060984570175,2025-04
O003612,2025-02-22,C0003,P1006,5,2443.88,已完成,王强,老客户复购,PLC控制器增强版,控制器类,1773,2443.12,苏州精工,上海客户003,华东,安徽,终端工厂,A,5639.4,1100.17,1398.73,509.91,229.53,12219.400000000001,8877.74,3341.6600000000017,0.2734716925544627,2025-02
O003613,2025-12-04,C0091,P1005,16,1334.59,已完成,赵磊,经销,PLC控制器标准版,控制器类,980,1458.49,苏州精工,广东客户091,华南,广东,经销商,A,10817.37,2203.78,1683.73,1014.84,263.59,21353.44,15983.310000000001,5370.129999999997,0.2514878164829647,2025-12
O003614,2025-04-25,C0050,P1001,17,800.22,已完成,王强,展会线索,伺服电机A型,电机类,522,799.93,南通华科,广东客户050,华南,广西,终端工厂,A,5853.74,1372.52,944.14,351.28,198.18,13603.74,8719.86,4883.879999999999,0.3590100957530796,2025-04
O003615,2025-08-27,C0092,P1016,57,96.33,已完成,刘洋,直销,密封圈套装,配套耗材,83,101.3,苏州精工,江苏客户092,华东,江苏,终端工厂,B,2980.59,606.11,618.04,202.18,42.86,5490.8099999999995,4449.78,1041.0299999999997,0.18959497779016207,2025-08
O003616,2025-08-18,C0002,P1010,39,562.58,已完成,赵磊,展会线索,联轴器套件,传动部件,456,621.63,上海工控,广东客户002,华南,福建,经销商,B,11084.92,3156.7,1807.74,330.69,216.12,21940.620000000003,16596.17,5344.450000000004,0.24358700893593727,2025-08
O003617,2025-01-28,C0062,P1006,16,2356.99,已取消,刘洋,老客户复购,PLC控制器增强版,控制器类,1773,2443.12,苏州精工,浙江客户062,华东,上海,经销商,C,18219.22,4380.45,4358.82,1200.7,626.0,37711.84,28785.190000000002,8926.649999999994,0.2367068273518342,2025-01
O003618,2025-03-25,C0067,P1013,7,167.71,已完成,赵磊,展会线索,CNC定制件,机加工件,138,172.93,南通华科,福建客户067,华南,广东,终端工厂,A,686.75,126.9,124.9,43.99,11.71,1173.97,994.25,179.72000000000003,0.153087387241582,2025-03
O003619,2025-11-12,C0049,P1006,15,2200.3,已完成,刘洋,老客户复购,PLC控制器增强版,控制器类,1773,2443.12,苏州精工,江苏客户049,华东,山东,经销商,C,18456.27,4316.87,3331.44,596.67,170.75,33004.5,26871.999999999996,6132.500000000004,0.1858079958793499,2025-11
O003620,2025-06-10,C0084,P1007,10,1051.54,已完成,陈敏,展会线索,变频控制器A型,控制器类,780,1044.88,南通华科,天津客户084,华北,河北,终端工厂,A,5124.09,974.41,1145.8,280.78,157.64,10515.4,7682.72,2832.6799999999994,0.26938395115735014,2025-06
O003621,2025-05-28,C0111,P1007,6,1014.81,已完成,李娜,经销,变频控制器A型,控制器类,780,1044.88,南通华科,广东客户111,华南,广东,经销商,A,3063.71,785.1,717.47,269.82,74.69,6088.86,4910.789999999999,1178.0700000000006,0.193479567603788,2025-05
O003622,2025-07-04,C0118,P1002,13,1020.07,已完成,王强,老客户复购,伺服电机B型,电机类,690,1040.91,南通华科,浙江客户118,华东,浙江,终端工厂,B,5636.7,1276.45,1125.44,644.6,178.79,13260.91,8861.980000000001,4398.9299999999985,0.3317215786850223,2025-07
O003623,2025-01-11,C0113,P1016,76,89.84,已完成,李娜,老客户复购,密封圈套装,配套耗材,83,101.3,苏州精工,安徽客户113,华东,浙江,经销商,B,4315.21,1052.93,845.85,245.44,59.27,6827.84,6518.700000000001,309.1399999999994,0.0452763978066269,2025-01
O003624,2025-01-05,C0062,P1002,5,965.96,已完成,陈敏,直销,伺服电机B型,电机类,690,1040.91,南通华科,浙江客户062,华东,上海,经销商,C,2159.31,563.33,520.68,142.09,63.92,4829.8,3449.33,1380.4700000000003,0.28582342954159595,2025-01
O003625,2025-08-21,C0025,P1013,37,155.45,已完成,王强,老客户复购,CNC定制件,机加工件,138,172.93,南通华科,广东客户025,华南,福建,经销商,B,3322.62,750.65,574.6,239.25,71.2,5751.65,4958.32,793.3299999999999,0.1379308546243252,2025-08
O003626,2025-02-15,C0066,P1005,9,1475.41,已完成,刘洋,直销,PLC控制器标准版,控制器类,980,1458.49,苏州精工,上海客户066,华东,山东,终端工厂,A,5950.99,1078.03,1211.37,293.37,142.76,13278.69,8676.52,4602.17,0.346583134330269,2025-02
O003627,2025-02-17,C0050,P1007,3,1003.24,已完成,赵磊,老客户复购,变频控制器A型,控制器类,780,1044.88,南通华科,广东客户050,华南,广西,终端工厂,A,1547.38,343.8,265.93,134.7,34.36,3009.7200000000003,2326.17,683.5500000000002,0.2271141501535027,2025-02
O003628,2025-01-05,C0065,P1016,80,89.35,已完成,李娜,展会线索,密封圈套装,配套耗材,83,101.3,苏州精工,安徽客户065,华东,山东,经销商,B,4523.26,1041.39,905.82,247.15,123.94,7148.0,6841.5599999999995,306.4400000000005,0.0428707330721881,2025-01
O003629,2025-11-27,C0011,P1011,7,434.95,已完成,陈敏,直销,铝合金支架,机加工件,393,502.7,无锡智造,上海客户011,华东,上海,经销商,A,1929.17,398.97,380.05,56.63,19.37,3044.65,2784.1900000000005,260.4599999999996,0.08554677877588543,2025-11
O003630,2025-08-28,C0030,P1004,6,694.08,已完成,王强,展会线索,减速电机C型,电机类,541,716.52,苏州精工,福建客户030,华南,广西,设备集成商,A,2725.69,564.84,451.19,160.01,30.67,4164.4800000000005,3932.4000000000005,232.07999999999993,0.05572844628861224,2025-08
O003631,2025-01-26,C0038,P1002,14,984.25,已完成,赵磊,经销,伺服电机B型,电机类,690,1040.91,南通华科,江苏客户038,华东,安徽,终端工厂,A,6376.36,1613.01,1045.88,466.73,257.27,13779.5,9759.25,4020.25,0.29175586922602414,2025-01
O003632,2025-04-12,C0030,P1011,21,464.43,已完成,赵磊,直销,铝合金支架,机加工件,393,502.7,无锡智造,福建客户030,华南,广西,设备集成商,A,5853.41,1412.42,1010.99,467.55,166.58,9753.03,8910.949999999999,842.0800000000017,0.08634034756378292,2025-04
O003633,2025-07-13,C0093,P1013,31,177.73,已完成,赵磊,老客户复购,CNC定制件,机加工件,138,172.93,南通华科,湖北客户093,华中,湖南,终端工厂,B,3016.48,752.68,668.31,128.94,38.1,5509.63,4604.509999999999,905.1200000000008,0.16427963402261145,2025-07
O003634,2025-06-12,C0021,P1004,9,632.75,已取消,陈敏,经销,减速电机C型,电机类,541,716.52,苏州精工,山东客户021,华东,江苏,经销商,A,3355.17,748.82,582.55,221.84,33.77,5694.75,4942.150000000001,752.5999999999995,0.132156811097941,2025-06
O003635,2025-05-04,C0116,P1012,33,370.52,已完成,王强,老客户复购,不锈钢轴套,机加工件,315,371.9,南通华科,北京客户116,华北,北京,终端工厂,A,6493.97,1468.38,1160.4,490.91,235.01,12227.16,9848.67,2378.49,0.1945251391165242,2025-05
O003636,2025-03-09,C0041,P1011,43,479.26,已完成,李娜,经销,铝合金支架,机加工件,393,502.7,无锡智造,福建客户041,华南,广东,终端工厂,A,11595.46,2691.79,1696.59,678.62,355.63,20608.18,17018.09,3590.09,0.1742070381761029,2025-03
O003637,2025-09-29,C0073,P1011,14,469.66,已完成,李娜,直销,铝合金支架,机加工件,393,502.7,无锡智造,湖北客户073,华中,湖南,设备集成商,C,3771.14,735.44,830.3,320.56,60.39,6575.240000000001,5717.830000000001,857.4099999999999,0.13039980289692843,2025-09
O003638,2025-09-15,C0005,P1012,23,363.2,已完成,刘洋,直销,不锈钢轴套,机加工件,315,371.9,南通华科,河南客户005,华中,湖南,设备集成商,B,4641.94,1016.56,751.95,380.67,158.21,8353.6,6949.33,1404.2700000000004,0.16810357211262214,2025-09
O003639,2025-02-04,C0101,P1012,38,354.19,已完成,赵磊,展会线索,不锈钢轴套,机加工件,315,371.9,南通华科,湖南客户101,华中,河南,终端工厂,A,8179.46,1985.35,1677.22,379.65,194.9,13459.22,12416.579999999998,1042.6400000000012,0.07746659910455445,2025-02
O003640,2025-10-15,C0009,P1007,11,1050.77,已完成,张伟,经销,变频控制器A型,控制器类,780,1044.88,南通华科,安徽客户009,华东,浙江,终端工厂,A,6037.16,1446.54,899.73,360.52,126.68,11558.47,8870.630000000001,2687.8399999999983,0.23254288846188106,2025-10
O003641,2025-04-25,C0083,P1013,43,168.86,已完成,刘洋,老客户复购,CNC定制件,机加工件,138,172.93,南通华科,浙江客户083,华东,山东,终端工厂,B,4125.32,890.59,717.91,288.42,87.88,7260.9800000000005,6110.12,1150.8600000000006,0.15849926593930855,2025-04
O003642,2025-09-16,C0101,P1005,3,1396.53,退货,张伟,老客户复购,PLC控制器标准版,控制器类,980,1458.49,苏州精工,湖南客户101,华中,河南,终端工厂,A,1898.25,509.87,313.94,65.5,29.99,4189.59,2817.5499999999997,1372.0400000000004,0.3274878926100168,2025-09
O003643,2025-03-23,C0009,P1006,10,2337.09,已完成,张伟,经销,PLC控制器增强版,控制器类,1773,2443.12,苏州精工,安徽客户009,华东,浙江,终端工厂,A,11282.74,2699.97,2437.73,717.52,188.43,23370.9,17326.39,6044.510000000002,0.2586340277866921,2025-03
O003644,2025-05-23,C0118,P1003,11,1637.2,已完成,张伟,展会线索,步进电机A型,电机类,1120,1636.22,常州机电,浙江客户118,华东,浙江,终端工厂,B,7801.26,1842.2,1650.01,461.73,149.6,18009.2,11904.800000000001,6104.4,0.33896008706661035,2025-05
O003645,2025-03-16,C0069,P1012,41,338.09,已完成,张伟,经销,不锈钢轴套,机加工件,315,371.9,南通华科,山东客户069,华东,安徽,设备集成商,B,8111.39,1570.14,1373.44,567.95,140.84,13861.689999999999,11763.760000000002,2097.9299999999967,0.1513473465356675,2025-03
O003646,2025-04-04,C0046,P1013,37,168.56,已完成,赵磊,老客户复购,CNC定制件,机加工件,138,172.93,南通华科,湖南客户046,华中,湖南,终端工厂,C,3179.72,768.4,674.83,187.13,41.54,6236.72,4851.62,1385.1000000000004,0.22208789235367313,2025-04
O003647,2025-01-23,C0088,P1011,35,500.5,已完成,刘洋,展会线索,铝合金支架,机加工件,393,502.7,无锡智造,河南客户088,华中,河南,终端工厂,A,9566.56,2219.3,1701.27,496.25,128.56,17517.5,14111.94,3405.5599999999995,0.19440901955187667,2025-01
O003648,2025-07-08,C0044,P1004,5,695.6,已完成,陈敏,老客户复购,减速电机C型,电机类,541,716.52,苏州精工,安徽客户044,华东,安徽,终端工厂,A,1880.94,421.91,284.42,98.19,64.53,3478.0,2749.9900000000002,728.0099999999998,0.2093185738930419,2025-07
O003649,2025-09-23,C0067,P1013,27,167.35,已完成,王强,老客户复购,CNC定制件,机加工件,138,172.93,南通华科,福建客户067,华南,广东,终端工厂,A,2478.67,519.76,516.52,99.88,58.09,4518.45,3672.9200000000005,845.5299999999993,0.18712832940499494,2025-09
O003650,2025-01-04,C0108,P1012,24,382.66,已完成,陈敏,老客户复购,不锈钢轴套,机加工件,315,371.9,南通华科,湖北客户108,华中,湖南,终端工厂,A,5193.36,1294.97,1070.12,261.32,151.69,9183.84,7971.459999999999,1212.380000000001,0.13201231728775772,2025-01
O003651,2025-06-18,C0058,P1003,15,1682.19,已完成,王强,直销,步进电机A型,电机类,1120,1636.22,常州机电,湖南客户058,华中,湖南,终端工厂,B,11925.31,2497.59,1684.54,1156.48,188.78,25232.850000000002,17452.699999999997,7780.150000000005,0.30833417548949105,2025-06
O003652,2025-08-29,C0091,P1016,84,98.85,已完成,张伟,老客户复购,密封圈套装,配套耗材,83,101.3,苏州精工,广东客户091,华南,广东,经销商,A,4410.71,965.35,856.15,356.87,89.99,8303.4,6679.07,1624.33,0.19562227521256353,2025-08
O003653,2025-12-07,C0023,P1008,8,723.61,已取消,赵磊,直销,精密齿轮箱,传动部件,523,743.47,上海工控,江苏客户023,华东,浙江,设备集成商,B,2614.51,661.73,586.9,251.8,63.58,5788.88,4178.52,1610.3599999999997,0.27818161716946965,2025-12
O003654,2025-06-22,C0049,P1014,59,39.1,已完成,李娜,老客户复购,工业线缆,配套耗材,34,41.43,南通华科,江苏客户049,华东,山东,经销商,C,1260.99,307.29,215.16,35.98,38.48,2306.9,1857.9,449.0,0.19463349083185227,2025-06
O003655,2025-10-16,C0014,P1013,28,170.42,已完成,刘洋,老客户复购,CNC定制件,机加工件,138,172.93,南通华科,江苏客户014,华东,上海,设备集成商,B,2551.56,585.4,540.07,138.55,27.52,4771.759999999999,3843.1000000000004,928.659999999999,0.1946158230925275,2025-10
O003656,2025-07-18,C0069,P1011,31,466.26,已取消,陈敏,直销,铝合金支架,机加工件,393,502.7,无锡智造,山东客户069,华东,安徽,设备集成商,B,7861.38,1604.02,1932.76,590.92,170.17,14454.06,12159.25,2294.8099999999995,0.15876577238505996,2025-07
O003657,2025-03-22,C0037,P1001,6,691.45,已完成,李娜,展会线索,伺服电机A型,电机类,522,799.93,南通华科,福建客户037,华南,广东,经销商,B,1961.69,397.61,465.96,199.51,22.69,4148.700000000001,3047.4600000000005,1101.2400000000002,0.2654421867090896,2025-03
O003658,2025-12-17,C0020,P1001,15,763.61,已完成,刘洋,直销,伺服电机A型,电机类,522,799.93,南通华科,福建客户020,华南,福建,经销商,B,5567.44,1118.39,883.36,212.8,189.87,11454.15,7971.86,3482.29,0.30401994037095725,2025-12
O003659,2025-12-04,C0045,P1006,15,2390.58,已取消,李娜,展会线索,PLC控制器增强版,控制器类,1773,2443.12,苏州精工,安徽客户045,华东,江苏,设备集成商,A,17735.97,4519.7,3020.38,1389.52,242.83,35858.7,26908.400000000005,8950.299999999992,0.24959912099434706,2025-12
O003660,2025-02-23,C0075,P1003,5,1642.75,已完成,张伟,直销,步进电机A型,电机类,1120,1636.22,常州机电,江苏客户075,华东,上海,终端工厂,A,3522.26,716.82,831.79,311.68,61.52,8213.75,5444.070000000001,2769.6799999999994,0.33720042611474654,2025-02
O003661,2025-11-10,C0063,P1004,8,709.16,已完成,刘洋,展会线索,减速电机C型,电机类,541,716.52,苏州精工,福建客户063,华南,广东,终端工厂,A,2849.89,717.67,506.98,268.03,106.2,5673.28,4448.7699999999995,1224.5100000000002,0.21583810423599756,2025-11
O003662,2025-11-25,C0100,P1004,3,708.64,已完成,李娜,老客户复购,减速电机C型,电机类,541,716.52,苏州精工,福建客户100,华南,广东,设备集成商,A,1096.0,256.3,225.91,51.12,22.28,2125.92,1651.61,474.3100000000002,0.22310811319334695,2025-11
O003663,2025-09-21,C0090,P1010,16,608.86,已完成,王强,经销,联轴器套件,传动部件,456,621.63,上海工控,河北客户090,华北,北京,终端工厂,B,4622.7,1280.39,1046.47,161.93,128.99,9741.76,7240.4800000000005,2501.2799999999997,0.25675853233912554,2025-09
O003664,2025-09-24,C0043,P1004,5,713.84,已完成,王强,经销,减速电机C型,电机类,541,716.52,苏州精工,广东客户043,华南,广东,设备集成商,B,1769.9,456.92,326.3,134.01,26.72,3569.2000000000003,2713.85,855.3500000000004,0.23964754006500064,2025-09
O003665,2025-03-24,C0014,P1012,40,358.35,已完成,刘洋,直销,不锈钢轴套,机加工件,315,371.9,南通华科,江苏客户014,华东,上海,设备集成商,B,8516.03,1734.18,1384.66,525.69,208.98,14334.0,12369.54,1964.4599999999991,0.13704897446630382,2025-03
O003666,2025-09-23,C0030,P1016,17,94.54,已完成,陈敏,展会线索,密封圈套装,配套耗材,83,101.3,苏州精工,福建客户030,华南,广西,设备集成商,A,1013.57,225.97,184.76,75.44,28.0,1607.18,1527.74,79.44000000000005,0.049428190992919306,2025-09
O003667,2025-01-21,C0040,P1001,11,794.27,已完成,王强,直销,伺服电机A型,电机类,522,799.93,南通华科,浙江客户040,华东,江苏,终端工厂,A,3875.13,865.21,898.73,319.77,137.23,8736.97,6096.07,2640.8999999999996,0.3022672619912853,2025-01
O003668,2025-02-01,C0107,P1003,12,1452.01,已完成,刘洋,展会线索,步进电机A型,电机类,1120,1636.22,常州机电,安徽客户107,华东,安徽,经销商,B,8449.3,2192.04,1557.44,331.82,309.19,17424.12,12839.79,4584.329999999998,0.26310252684210156,2025-02
O003669,2025-02-18,C0048,P1013,8,159.81,已完成,陈敏,展会线索,CNC定制件,机加工件,138,172.93,南通华科,江苏客户048,华东,山东,经销商,A,760.79,159.48,138.98,28.0,6.58,1278.48,1093.83,184.6500000000001,0.14442932232025538,2025-02
O003670,2025-10-04,C0081,P1006,8,2153.02,已完成,李娜,经销,PLC控制器增强版,控制器类,1773,2443.12,苏州精工,安徽客户081,华东,江苏,经销商,B,9289.61,1828.39,1777.31,761.03,115.77,17224.16,13772.11,3452.0499999999993,0.20041906252612604,2025-10
O003671,2025-03-09,C0003,P1004,12,678.53,已完成,陈敏,经销,减速电机C型,电机类,541,716.52,苏州精工,上海客户003,华东,安徽,终端工厂,A,4084.61,1130.43,939.45,137.26,50.43,8142.36,6342.18,1800.1799999999994,0.22108823486065457,2025-03
O003672,2025-11-25,C0027,P1013,23,178.09,已完成,王强,老客户复购,CNC定制件,机加工件,138,172.93,南通华科,浙江客户027,华东,浙江,终端工厂,A,2185.27,451.41,455.31,119.42,79.94,4096.07,3291.35,804.7199999999998,0.196461486253897,2025-11
O003673,2025-02-02,C0084,P1009,38,696.52,已完成,张伟,展会线索,同步带轮组件,传动部件,565,711.1,南通华科,天津客户084,华北,河北,终端工厂,A,14802.31,2636.45,2572.75,919.13,188.66,26467.76,21119.3,5348.459999999999,0.20207452387357297,2025-02
O003674,2025-08-31,C0062,P1001,2,740.05,已完成,李娜,展会线索,伺服电机A型,电机类,522,799.93,南通华科,浙江客户062,华东,上海,经销商,C,837.32,130.25,137.24,54.95,9.46,1480.1,1169.22,310.8799999999999,0.21003986217147483,2025-08
O003675,2025-09-21,C0036,P1012,22,369.47,已完成,李娜,经销,不锈钢轴套,机加工件,315,371.9,南通华科,北京客户036,华北,河北,终端工厂,C,4724.27,1222.41,1042.55,390.27,158.43,8128.34,7537.93,590.4099999999999,0.07263598717573327,2025-09
O003676,2025-09-12,C0088,P1002,11,1026.85,已完成,张伟,经销,伺服电机B型,电机类,690,1040.91,南通华科,河南客户088,华中,河南,终端工厂,A,5040.37,1132.99,887.25,370.43,82.01,11295.349999999999,7513.05,3782.2999999999984,0.33485460831227,2025-09
O003677,2025-08-12,C0012,P1007,9,1041.45,已完成,王强,展会线索,变频控制器A型,控制器类,780,1044.88,南通华科,云南客户012,西南,云南,终端工厂,A,5810.84,852.9,801.25,208.86,178.73,9373.050000000001,7852.579999999999,1520.470000000002,0.16221720784589883,2025-08
O003678,2025-01-25,C0020,P1010,32,544.44,已完成,李娜,直销,联轴器套件,传动部件,456,621.63,上海工控,福建客户020,华南,福建,经销商,B,10346.86,1859.92,2028.9,456.39,169.69,17422.08,14861.76,2560.3200000000015,0.14695834251708184,2025-01
O003679,2025-03-22,C0072,P1014,113,38.58,已完成,张伟,经销,工业线缆,配套耗材,34,41.43,南通华科,云南客户072,西南,云南,设备集成商,A,2765.58,513.15,430.89,155.32,70.24,4359.54,3935.18,424.3600000000001,0.0973405451033825,2025-03
O003680,2025-07-01,C0001,P1014,89,39.93,退货,李娜,展会线索,工业线缆,配套耗材,34,41.43,南通华科,广东客户001,华南,广西,终端工厂,B,2173.43,490.47,404.61,104.2,49.49,3553.77,3222.1999999999994,331.5700000000006,0.09330091705428337,2025-07
O003681,2025-11-17,C0112,P1009,13,726.87,已完成,王强,经销,同步带轮组件,传动部件,565,711.1,南通华科,广东客户112,华南,福建,终端工厂,A,4995.21,977.35,1030.3,209.35,116.69,9449.31,7328.900000000001,2120.409999999999,0.22439839522674132,2025-11
O003682,2025-09-10,C0007,P1009,29,688.94,已完成,赵磊,经销,同步带轮组件,传动部件,565,711.1,南通华科,福建客户007,华南,广西,终端工厂,A,10584.5,2273.71,2242.0,344.78,103.5,19979.260000000002,15548.49,4430.770000000002,0.22176847390744212,2025-09
O003683,2025-09-25,C0001,P1010,37,634.6,已完成,张伟,老客户复购,联轴器套件,传动部件,456,621.63,上海工控,广东客户001,华南,广西,终端工厂,B,10681.02,2195.43,1887.51,988.22,274.79,23480.2,16026.970000000001,7453.23,0.3174261718384,2025-09
O003684,2025-06-28,C0037,P1003,8,1484.02,已完成,王强,直销,步进电机A型,电机类,1120,1636.22,常州机电,福建客户037,华南,广东,经销商,B,5976.26,1421.59,1287.97,179.54,211.93,11872.16,9077.29,2794.869999999999,0.23541377474697098,2025-06
O003685,2025-05-01,C0038,P1010,7,593.25,退货,张伟,直销,联轴器套件,传动部件,456,621.63,上海工控,江苏客户038,华东,安徽,终端工厂,A,2294.55,406.37,443.89,62.64,23.82,4152.75,3231.27,921.48,0.22189633375474083,2025-05
O003686,2025-08-25,C0105,P1002,10,943.74,已完成,王强,展会线索,伺服电机B型,电机类,690,1040.91,南通华科,安徽客户105,华东,安徽,设备集成商,B,5634.61,1178.41,960.14,288.82,109.28,9437.4,8171.259999999999,1266.1400000000003,0.13416195138491538,2025-08
O003687,2025-05-11,C0015,P1004,10,678.98,已完成,刘洋,展会线索,减速电机C型,电机类,541,716.52,苏州精工,北京客户015,华北,河北,经销商,C,3522.47,934.11,725.33,216.85,81.32,6789.8,5480.08,1309.7200000000003,0.1928952251907273,2025-05
O003688,2025-01-29,C0113,P1007,2,918.88,已完成,陈敏,老客户复购,变频控制器A型,控制器类,780,1044.88,南通华科,安徽客户113,华东,浙江,经销商,B,1113.19,254.93,169.55,55.67,17.14,1837.76,1610.4800000000002,227.27999999999975,0.12367229670903696,2025-01
O003689,2025-09-10,C0052,P1014,59,39.34,已完成,刘洋,经销,工业线缆,配套耗材,34,41.43,南通华科,广西客户052,华南,广西,终端工厂,A,1441.69,290.72,208.77,68.22,22.79,2321.0600000000004,2032.19,288.87000000000035,0.1244560674864072,2025-09
O003690,2025-03-11,C0088,P1003,1,1586.96,已完成,刘洋,直销,步进电机A型,电机类,1120,1636.22,常州机电,河南客户088,华中,河南,终端工厂,A,761.55,149.59,114.42,29.13,14.67,1586.96,1069.3600000000001,517.5999999999999,0.32615818924232487,2025-03
O003691,2025-11-17,C0042,P1016,46,97.4,已完成,张伟,老客户复购,密封圈套装,配套耗材,83,101.3,苏州精工,重庆客户042,西南,云南,终端工厂,B,2500.15,649.32,443.67,72.14,74.87,4480.400000000001,3740.15,740.2500000000005,0.16521962324792439,2025-11
O003692,2025-05-03,C0011,P1014,93,38.65,已完成,陈敏,展会线索,工业线缆,配套耗材,34,41.43,南通华科,上海客户011,华东,上海,经销商,A,2235.19,472.84,370.26,151.06,18.45,3594.45,3247.7999999999997,346.6500000000001,0.09644034553269627,2025-05
O003693,2025-05-01,C0102,P1012,16,370.85,已完成,李娜,老客户复购,不锈钢轴套,机加工件,315,371.9,南通华科,北京客户102,华北,天津,终端工厂,C,3590.51,866.54,668.76,146.65,32.59,5933.6,5305.05,628.5500000000002,0.1059306323311312,2025-05
O003694,2025-11-20,C0050,P1007,16,1014.86,已取消,张伟,经销,变频控制器A型,控制器类,780,1044.88,南通华科,广东客户050,华南,广西,终端工厂,A,8985.38,2068.24,1501.63,254.52,236.9,16237.76,13046.67,3191.09,0.1965227962477583,2025-11
O003695,2025-09-22,C0023,P1001,17,785.05,已完成,王强,直销,伺服电机A型,电机类,522,799.93,南通华科,江苏客户023,华东,浙江,设备集成商,B,6377.66,1441.35,931.97,388.09,88.59,13345.849999999999,9227.66,4118.189999999999,0.30857457561713936,2025-09
O003696,2025-02-11,C0069,P1011,10,470.22,已完成,赵磊,展会线索,铝合金支架,机加工件,393,502.7,无锡智造,山东客户069,华东,安徽,设备集成商,B,2795.08,549.51,565.93,84.47,32.57,4702.200000000001,4027.56,674.6400000000008,0.14347326783207875,2025-02
O003697,2025-01-27,C0081,P1008,40,652.32,已完成,陈敏,老客户复购,精密齿轮箱,传动部件,523,743.47,上海工控,安徽客户081,华东,江苏,经销商,B,14391.89,3569.14,2344.86,773.44,372.9,26092.800000000003,21452.23,4640.570000000003,0.17784867856266873,2025-01
O003698,2025-03-16,C0118,P1011,6,508.99,已完成,李娜,直销,铝合金支架,机加工件,393,502.7,无锡智造,浙江客户118,华东,浙江,终端工厂,B,1649.72,371.84,249.3,103.83,55.79,3053.94,2430.48,623.46,0.20414939389771902,2025-03
O003699,2025-12-29,C0010,P1008,37,641.11,已完成,刘洋,经销,精密齿轮箱,传动部件,523,743.47,上海工控,河北客户010,华北,河北,经销商,B,13677.33,3001.36,3091.16,443.09,288.9,23721.07,20501.84,3219.2299999999996,0.13571183761946656,2025-12
O003700,2025-12-11,C0038,P1001,10,764.1,已完成,王强,老客户复购,伺服电机A型,电机类,522,799.93,南通华科,江苏客户038,华东,安徽,终端工厂,A,3641.01,670.57,826.67,209.3,78.34,7641.0,5425.89,2215.1099999999997,0.2898979191205339,2025-12
O003701,2025-09-26,C0098,P1004,6,669.51,已完成,王强,经销,减速电机C型,电机类,541,716.52,苏州精工,福建客户098,华南,广西,设备集成商,C,2081.72,445.61,437.09,120.62,31.74,4017.06,3116.7799999999997,900.2800000000002,0.2241141531368713,2025-09
O003702,2025-10-09,C0025,P1006,4,2316.21,已完成,王强,展会线索,PLC控制器增强版,控制器类,1773,2443.12,苏州精工,广东客户025,华南,福建,经销商,B,4970.88,877.52,1064.36,228.13,115.24,9264.84,7256.129999999999,2008.710000000001,0.21681000427422395,2025-10
O003703,2025-11-03,C0115,P1010,11,588.74,已完成,李娜,老客户复购,联轴器套件,传动部件,456,621.63,上海工控,重庆客户115,西南,四川,经销商,B,3301.06,773.65,741.16,321.39,62.11,6476.14,5199.37,1276.7700000000004,0.19714984543261888,2025-11
O003704,2025-07-02,C0048,P1008,38,670.5,已取消,王强,直销,精密齿轮箱,传动部件,523,743.47,上海工控,江苏客户048,华东,山东,经销商,A,13422.51,2940.57,3178.56,1103.55,279.15,25479.0,20924.34,4554.66,0.17876133286235724,2025-07
O003705,2025-10-14,C0070,P1016,115,93.18,已取消,刘洋,老客户复购,密封圈套装,配套耗材,83,101.3,苏州精工,四川客户070,西南,四川,设备集成商,B,6373.08,1286.26,1387.03,477.73,208.69,10715.7,9732.79,982.9099999999999,0.09172615881370323,2025-10
O003706,2025-02-11,C0080,P1002,12,1039.58,已完成,李娜,经销,伺服电机B型,电机类,690,1040.91,南通华科,广西客户080,华南,广东,终端工厂,B,5602.11,1326.8,1049.6,453.08,127.63,12474.96,8559.22,3915.74,0.31388798040234195,2025-02
O003707,2025-08-24,C0053,P1009,15,697.72,已完成,张伟,经销,同步带轮组件,传动部件,565,711.1,南通华科,河北客户053,华北,河北,终端工厂,A,5879.69,1028.54,861.97,419.3,198.43,10465.800000000001,8387.93,2077.870000000001,0.19853905100422334,2025-08
O003708,2025-02-08,C0049,P1013,32,158.69,已完成,张伟,老客户复购,CNC定制件,机加工件,138,172.93,南通华科,江苏客户049,华东,山东,经销商,C,3017.12,722.42,659.91,140.45,33.63,5078.08,4573.53,504.5500000000002,0.09935841892998933,2025-02
O003709,2025-05-19,C0114,P1009,13,678.89,已完成,赵磊,展会线索,同步带轮组件,传动部件,565,711.1,南通华科,江苏客户114,华东,安徽,终端工厂,B,5239.26,1295.03,929.22,199.47,162.26,8825.57,7825.240000000001,1000.329999999999,0.11334452052388673,2025-05
O003710,2025-10-08,C0001,P1014,100,40.62,已完成,赵磊,经销,工业线缆,配套耗材,34,41.43,南通华科,广东客户001,华南,广西,终端工厂,B,2348.87,409.68,361.97,200.71,22.63,4061.9999999999995,3343.8599999999997,718.1399999999999,0.17679468242245197,2025-10
O003711,2025-12-03,C0067,P1005,14,1445.03,已完成,王强,直销,PLC控制器标准版,控制器类,980,1458.49,苏州精工,福建客户067,华南,广东,终端工厂,A,8894.07,2097.92,1523.76,467.77,208.26,20230.42,13191.78,7038.639999999998,0.34792357252098566,2025-12
O003712,2025-05-22,C0038,P1011,15,494.14,已完成,张伟,展会线索,铝合金支架,机加工件,393,502.7,无锡智造,江苏客户038,华东,安徽,终端工厂,A,3813.8,991.55,766.45,183.46,71.87,7412.099999999999,5827.13,1584.9699999999993,0.21383548522011298,2025-05
O003713,2025-05-07,C0013,P1008,15,685.08,已完成,陈敏,老客户复购,精密齿轮箱,传动部件,523,743.47,上海工控,湖北客户013,华中,湖北,设备集成商,B,4895.17,964.65,1122.42,194.75,124.72,10276.2,7301.71,2974.4900000000007,0.2894542729802846,2025-05
O003714,2025-10-28,C0071,P1004,6,673.82,已完成,李娜,老客户复购,减速电机C型,电机类,541,716.52,苏州精工,湖北客户071,华中,湖北,经销商,A,2285.95,461.28,391.94,184.18,72.66,4042.92,3396.0099999999993,646.9100000000008,0.16001058640784402,2025-10
O003715,2025-09-11,C0036,P1005,2,1455.8,已完成,张伟,老客户复购,PLC控制器标准版,控制器类,980,1458.49,苏州精工,北京客户036,华北,河北,终端工厂,C,1387.71,302.46,307.99,127.13,32.71,2911.6,2158.0,753.5999999999999,0.2588267619178458,2025-09
O003716,2025-05-13,C0065,P1012,11,338.18,已完成,刘洋,经销,不锈钢轴套,机加工件,315,371.9,南通华科,安徽客户065,华东,山东,经销商,B,2366.44,441.12,461.12,90.06,34.42,3719.98,3393.16,326.82000000000016,0.08785531105005945,2025-05
O003717,2025-11-07,C0085,P1001,14,755.13,已完成,王强,经销,伺服电机A型,电机类,522,799.93,南通华科,浙江客户085,华东,山东,终端工厂,A,4622.83,1034.02,941.88,380.72,101.2,10571.82,7080.650000000001,3491.169999999999,0.3302335832429988,2025-11
O003718,2025-10-12,C0094,P1010,24,636.87,已完成,王强,展会线索,联轴器套件,传动部件,456,621.63,上海工控,安徽客户094,华东,安徽,终端工厂,A,7652.32,1655.36,1513.37,378.07,263.08,15284.880000000001,11462.199999999999,3822.680000000002,0.25009551923207785,2025-10
O003719,2025-04-26,C0092,P1001,5,772.6,已完成,赵磊,直销,伺服电机A型,电机类,522,799.93,南通华科,江苏客户092,华东,江苏,终端工厂,B,1781.14,448.24,286.05,109.41,25.86,3863.0,2650.7000000000003,1212.2999999999997,0.31382345327465694,2025-04
O003720,2025-01-04,C0013,P1012,29,356.15,已完成,王强,直销,不锈钢轴套,机加工件,315,371.9,南通华科,湖北客户013,华中,湖北,设备集成商,B,5860.58,1312.45,1403.82,356.29,102.83,10328.349999999999,9035.970000000001,1292.3799999999974,0.1251293769091866,2025-01
O003721,2025-04-30,C0009,P1012,21,358.71,已完成,刘洋,老客户复购,不锈钢轴套,机加工件,315,371.9,南通华科,安徽客户009,华东,浙江,终端工厂,A,4595.37,801.61,808.39,271.4,103.57,7532.91,6580.339999999999,952.5700000000006,0.1264544512014614,2025-04
O003722,2025-10-09,C0072,P1008,9,684.85,已完成,赵磊,直销,精密齿轮箱,传动部件,523,743.47,上海工控,云南客户072,西南,云南,设备集成商,A,3204.32,624.57,565.9,293.42,120.87,6163.650000000001,4809.08,1354.5700000000006,0.21976750788899443,2025-10
O003723,2025-02-25,C0006,P1001,6,743.59,已取消,刘洋,直销,伺服电机A型,电机类,522,799.93,南通华科,福建客户006,华南,广东,经销商,B,2039.57,496.96,358.54,124.47,75.33,4461.54,3094.8699999999994,1366.6700000000005,0.30632248057845507,2025-02
O003724,2025-09-14,C0006,P1011,26,475.98,已完成,赵磊,展会线索,铝合金支架,机加工件,393,502.7,无锡智造,福建客户006,华南,广东,经销商,B,6847.26,1747.03,1407.27,458.04,68.17,12375.48,10527.770000000002,1847.7099999999973,0.14930410780026288,2025-09
O003725,2025-08-03,C0084,P1003,9,1653.77,已完成,李娜,经销,步进电机A型,电机类,1120,1636.22,常州机电,天津客户084,华北,河北,终端工厂,A,8611.73,1801.01,1294.09,305.87,292.54,14883.93,12305.240000000002,2578.6899999999987,0.17325330070754152,2025-08
O003726,2025-05-03,C0095,P1010,20,592.59,已完成,李娜,展会线索,联轴器套件,传动部件,456,621.63,上海工控,北京客户095,华北,天津,终端工厂,B,6027.59,1136.73,972.65,267.61,156.76,11851.800000000001,8561.34,3290.460000000001,0.2776337771477751,2025-05
O003727,2025-06-19,C0107,P1009,33,648.96,已完成,刘洋,展会线索,同步带轮组件,传动部件,565,711.1,南通华科,安徽客户107,华东,安徽,经销商,B,12599.9,2915.6,2517.62,692.44,364.74,21415.68,19090.3,2325.380000000001,0.10858305690036464,2025-06
O003728,2025-12-24,C0019,P1014,85,39.34,已完成,李娜,直销,工业线缆,配套耗材,34,41.43,南通华科,湖北客户019,华中,河南,终端工厂,B,2061.7,393.58,311.58,99.91,18.04,3343.9,2884.8099999999995,459.0900000000006,0.13729178504141887,2025-12
O003729,2025-05-16,C0098,P1015,88,81.02,已取消,刘洋,经销,传感器支架,配套耗材,70,84.31,苏州精工,福建客户098,华南,广西,设备集成商,C,4363.32,827.8,819.02,135.67,94.82,7129.759999999999,6240.629999999999,889.1300000000001,0.12470686250308569,2025-05
O003730,2025-04-07,C0092,P1004,3,686.12,已完成,张伟,展会线索,减速电机C型,电机类,541,716.52,苏州精工,江苏客户092,华东,江苏,终端工厂,B,1012.59,269.63,255.34,52.99,18.26,2058.36,1608.81,449.5500000000002,0.21840202879962697,2025-04
O003731,2025-08-30,C0062,P1008,21,644.07,已完成,李娜,经销,精密齿轮箱,传动部件,523,743.47,上海工控,浙江客户062,华东,上海,经销商,C,7301.49,1726.51,1222.82,583.16,107.91,13525.470000000001,10941.89,2583.5800000000017,0.19101591294054857,2025-08
O003732,2025-12-22,C0043,P1012,42,366.93,已完成,刘洋,老客户复购,不锈钢轴套,机加工件,315,371.9,南通华科,广东客户043,华南,广东,设备集成商,B,8209.84,2003.75,1414.41,607.79,115.77,15411.06,12351.560000000001,3059.499999999998,0.1985262532233343,2025-12
O003733,2025-05-03,C0013,P1006,12,2328.75,已完成,刘洋,经销,PLC控制器增强版,控制器类,1773,2443.12,苏州精工,湖北客户013,华中,湖北,设备集成商,B,14930.18,3153.57,2850.49,601.67,201.21,27945.0,21737.119999999995,6207.880000000005,0.22214635891930595,2025-05
O003734,2025-05-09,C0118,P1011,38,510.09,已完成,陈敏,经销,铝合金支架,机加工件,393,502.7,无锡智造,浙江客户118,华东,浙江,终端工厂,B,10201.85,2020.98,1839.2,616.02,163.68,19383.42,14841.730000000001,4541.689999999997,0.23430798073817713,2025-05
O003735,2025-07-19,C0017,P1002,2,1019.63,已完成,李娜,老客户复购,伺服电机B型,电机类,690,1040.91,南通华科,广西客户017,华南,广西,终端工厂,B,965.37,243.38,173.76,96.08,37.2,2039.26,1515.79,523.47,0.2566960564126203,2025-07
O003736,2025-06-19,C0101,P1011,43,490.82,已完成,陈敏,展会线索,铝合金支架,机加工件,393,502.7,无锡智造,湖南客户101,华中,河南,终端工厂,A,10757.98,2203.68,2173.96,705.02,213.52,21105.26,16054.16,5051.0999999999985,0.23932896349061794,2025-06
O003737,2025-01-04,C0071,P1006,15,2309.94,已完成,赵磊,展会线索,PLC控制器增强版,控制器类,1773,2443.12,苏州精工,湖北客户071,华中,湖北,经销商,A,17321.11,3879.73,3761.3,622.08,542.56,34649.1,26126.780000000002,8522.319999999996,0.24596078974634253,2025-01
O003738,2025-09-20,C0114,P1004,15,718.71,已完成,李娜,直销,减速电机C型,电机类,541,716.52,苏州精工,江苏客户114,华东,安徽,终端工厂,B,5782.94,1345.55,904.83,194.72,133.2,10780.650000000001,8361.24,2419.4100000000017,0.2244215330244467,2025-09
O003739,2025-12-07,C0069,P1006,10,2419.73,已取消,王强,展会线索,PLC控制器增强版,控制器类,1773,2443.12,苏州精工,山东客户069,华东,安徽,设备集成商,B,12688.31,2998.92,2371.64,484.05,380.08,24197.3,18923.0,5274.299999999999,0.21797060002562266,2025-12
O003740,2025-09-23,C0006,P1001,11,740.04,已取消,王强,经销,伺服电机A型,电机类,522,799.93,南通华科,福建客户006,华南,广东,经销商,B,4026.86,1011.19,785.09,268.69,116.31,8140.44,6208.14,1932.2999999999993,0.23737046154753297,2025-09
O003741,2025-04-25,C0120,P1015,88,74.73,已完成,张伟,经销,传感器支架,配套耗材,70,84.31,苏州精工,浙江客户120,华东,山东,经销商,C,4400.24,971.36,711.21,245.07,119.66,6576.240000000001,6447.539999999999,128.70000000000164,0.01957045363307933,2025-04
O003742,2025-07-20,C0071,P1013,25,149.43,已完成,王强,直销,CNC定制件,机加工件,138,172.93,南通华科,湖北客户071,华中,湖北,经销商,A,2334.62,518.06,496.81,142.46,21.86,3735.75,3513.81,221.94000000000005,0.0594097570768922,2025-07
O003743,2025-01-28,C0094,P1003,3,1590.08,已完成,陈敏,经销,步进电机A型,电机类,1120,1636.22,常州机电,安徽客户094,华东,安徽,终端工厂,A,2326.9,485.36,525.69,233.64,55.96,4770.24,3627.55,1142.6899999999996,0.2395455993828402,2025-01
O003744,2025-06-23,C0031,P1011,13,439.9,已完成,陈敏,展会线索,铝合金支架,机加工件,393,502.7,无锡智造,山东客户031,华东,上海,经销商,A,3662.54,708.36,720.16,100.8,41.03,5718.7,5232.889999999999,485.8100000000004,0.08495112525574001,2025-06
O003745,2025-06-13,C0018,P1012,14,335.66,已完成,刘洋,经销,不锈钢轴套,机加工件,315,371.9,南通华科,上海客户018,华东,山东,经销商,B,3115.46,765.7,581.93,126.37,55.29,4699.240000000001,4644.75,54.49000000000069,0.011595492037010385,2025-06
O003746,2025-07-24,C0027,P1007,2,1053.03,已完成,王强,经销,变频控制器A型,控制器类,780,1044.88,南通华科,浙江客户027,华东,浙江,终端工厂,A,1102.86,206.95,183.6,89.49,40.08,2106.06,1622.9799999999998,483.08000000000015,0.22937618111544789,2025-07
O003747,2025-09-21,C0044,P1012,32,357.46,已完成,陈敏,直销,不锈钢轴套,机加工件,315,371.9,南通华科,安徽客户044,华东,安徽,终端工厂,A,6343.27,1695.72,1398.14,263.97,186.88,11438.72,9887.98,1550.7399999999998,0.13556936440440887,2025-09
O003748,2025-02-28,C0006,P1002,4,1001.98,已完成,王强,老客户复购,伺服电机B型,电机类,690,1040.91,南通华科,福建客户006,华南,广东,经销商,B,1912.1,354.72,359.17,166.49,31.56,4007.92,2824.0399999999995,1183.8800000000006,0.2953851374278929,2025-02
O003749,2025-11-30,C0082,P1004,16,670.43,已完成,陈敏,展会线索,减速电机C型,电机类,541,716.52,苏州精工,河北客户082,华北,河北,经销商,A,5767.29,1101.43,1024.96,242.73,134.9,10726.88,8271.31,2455.5699999999997,0.22891744850319942,2025-11
O003750,2025-09-15,C0058,P1011,11,476.97,已完成,陈敏,展会线索,铝合金支架,机加工件,393,502.7,无锡智造,湖南客户058,华中,湖南,终端工厂,B,2741.31,618.14,503.67,215.7,81.3,5246.67,4160.12,1086.5500000000002,0.20709326105891931,2025-09
O003751,2025-12-04,C0064,P1016,80,87.37,已完成,张伟,老客户复购,密封圈套装,配套耗材,83,101.3,苏州精工,江苏客户064,华东,浙江,经销商,B,4179.83,1176.67,960.68,255.53,85.03,6989.6,6657.74,331.8600000000006,0.047479111823280386,2025-12
O003752,2025-12-30,C0020,P1012,26,321.71,已完成,李娜,老客户复购,不锈钢轴套,机加工件,315,371.9,南通华科,福建客户020,华南,福建,经销商,B,5223.52,1455.53,822.86,328.19,105.49,8364.46,7935.589999999999,428.8699999999999,0.05127288551801311,2025-12
O003753,2025-12-07,C0113,P1009,34,686.11,已完成,张伟,老客户复购,同步带轮组件,传动部件,565,711.1,南通华科,安徽客户113,华东,浙江,经销商,B,13644.06,2743.99,2518.79,956.01,133.28,23327.74,19996.129999999997,3331.610000000004,0.14281752111434728,2025-12
O003754,2025-12-30,C0026,P1005,10,1265.93,已完成,李娜,经销,PLC控制器标准版,控制器类,980,1458.49,苏州精工,河南客户026,华中,湖北,经销商,B,6129.39,1300.46,1066.1,192.74,181.6,12659.300000000001,8870.29,3789.01,0.2993064387446383,2025-12
O003755,2025-08-20,C0081,P1012,32,334.58,已完成,刘洋,直销,不锈钢轴套,机加工件,315,371.9,南通华科,安徽客户081,华东,江苏,经销商,B,7051.91,1788.46,1274.66,265.42,192.27,10706.56,10572.72,133.84000000000015,0.012500747205451626,2025-08
O003756,2025-01-21,C0048,P1015,100,76.48,已取消,赵磊,老客户复购,传感器支架,配套耗材,70,84.31,苏州精工,江苏客户048,华东,山东,经销商,A,4931.08,1102.43,814.72,357.91,58.71,7648.0,7264.85,383.14999999999964,0.05009806485355644,2025-01
O003757,2025-10-02,C0058,P1008,28,701.87,已完成,赵磊,直销,精密齿轮箱,传动部件,523,743.47,上海工控,湖南客户058,华中,湖南,终端工厂,B,9143.2,2457.22,1959.65,464.31,296.03,19652.36,14320.41,5331.950000000001,0.27131347074855133,2025-10
O003758,2025-05-31,C0100,P1014,112,39.37,已取消,张伟,展会线索,工业线缆,配套耗材,34,41.43,南通华科,福建客户100,华南,广东,设备集成商,A,2652.93,649.92,445.26,70.09,55.78,4409.44,3873.98,535.4599999999996,0.12143492144127137,2025-05
O003759,2025-04-05,C0016,P1010,37,616.22,已完成,刘洋,老客户复购,联轴器套件,传动部件,456,621.63,上海工控,北京客户016,华北,天津,终端工厂,B,11905.02,2235.02,2113.51,546.63,118.57,22800.14,16918.75,5881.389999999999,0.2579541178255923,2025-04
O003760,2025-03-22,C0057,P1005,2,1343.58,已完成,赵磊,直销,PLC控制器标准版,控制器类,980,1458.49,苏州精工,浙江客户057,华东,上海,设备集成商,C,1391.31,251.08,286.17,72.91,24.63,2687.16,2026.1000000000001,661.0599999999997,0.24600693669152554,2025-03
O003761,2025-07-15,C0035,P1008,11,715.32,已完成,赵磊,经销,精密齿轮箱,传动部件,523,743.47,上海工控,江苏客户035,华东,浙江,终端工厂,A,4108.23,917.21,812.41,327.23,79.58,7868.52,6244.66,1623.8600000000006,0.2063742609791931,2025-07
O003762,2025-04-19,C0005,P1005,3,1386.04,已完成,李娜,经销,PLC控制器标准版,控制器类,980,1458.49,苏州精工,河南客户005,华中,湖南,设备集成商,B,1988.52,400.47,441.21,149.59,35.97,4158.12,3015.7599999999998,1142.3600000000001,0.274729926024261,2025-04
O003763,2025-02-01,C0111,P1002,3,918.81,已完成,陈敏,经销,伺服电机B型,电机类,690,1040.91,南通华科,广东客户111,华南,广东,经销商,A,1469.65,320.54,268.48,44.67,51.4,2756.43,2154.7400000000002,601.6899999999996,0.2182859713469958,2025-02
O003764,2025-03-11,C0089,P1004,5,624.21,已完成,李娜,老客户复购,减速电机C型,电机类,541,716.52,苏州精工,河北客户089,华北,天津,经销商,C,1934.69,415.91,342.32,86.09,28.15,3121.05,2807.1600000000003,313.8899999999999,0.1005719229105589,2025-03
O003765,2025-04-23,C0024,P1007,16,1017.15,已完成,李娜,经销,变频控制器A型,控制器类,780,1044.88,南通华科,广东客户024,华南,广西,终端工厂,B,8454.61,1593.52,1936.28,344.34,263.36,16274.4,12592.110000000002,3682.2899999999972,0.22626271936292566,2025-04
O003766,2025-05-08,C0073,P1005,13,1339.8,已取消,张伟,直销,PLC控制器标准版,控制器类,980,1458.49,苏州精工,湖北客户073,华中,湖南,设备集成商,C,8289.78,1701.61,1700.44,727.69,276.95,17417.399999999998,12696.470000000003,4720.929999999995,0.2710467693226311,2025-05
O003767,2025-09-06,C0015,P1004,17,669.21,已完成,赵磊,直销,减速电机C型,电机类,541,716.52,苏州精工,北京客户015,华北,河北,经销商,C,5917.13,1286.02,1399.14,458.63,178.5,11376.57,9239.419999999998,2137.1500000000015,0.1878553905087387,2025-09
O003768,2025-03-31,C0089,P1004,11,626.57,已完成,陈敏,直销,减速电机C型,电机类,541,716.52,苏州精工,河北客户089,华北,天津,经销商,C,3849.65,996.91,723.08,200.21,64.19,6892.27,5834.04,1058.2300000000005,0.15353867448605474,2025-03
O003769,2025-07-15,C0106,P1006,13,2247.67,已完成,王强,直销,PLC控制器增强版,控制器类,1773,2443.12,苏州精工,河北客户106,华北,天津,经销商,C,14570.17,3347.26,2328.33,904.55,463.87,29219.71,21614.18,7605.529999999999,0.26028766199253855,2025-07
O003770,2025-05-08,C0097,P1008,24,684.97,已完成,刘洋,经销,精密齿轮箱,传动部件,523,743.47,上海工控,上海客户097,华东,安徽,经销商,C,8988.17,1565.45,1467.05,530.9,124.21,16439.28,12675.779999999999,3763.5,0.22893338394382237,2025-05
O003771,2025-01-26,C0103,P1007,14,1046.08,已完成,刘洋,直销,变频控制器A型,控制器类,780,1044.88,南通华科,上海客户103,华东,上海,终端工厂,A,6897.98,1606.76,1472.49,640.1,292.42,14645.119999999999,10909.75,3735.369999999999,0.2550590230738976,2025-01
O003772,2025-05-24,C0120,P1013,27,168.58,已完成,陈敏,展会线索,CNC定制件,机加工件,138,172.93,南通华科,浙江客户120,华东,山东,经销商,C,2598.61,496.6,539.82,153.85,53.54,4551.660000000001,3842.42,709.2400000000007,0.1558200744343823,2025-05
O003773,2025-12-12,C0104,P1012,18,371.87,已完成,刘洋,老客户复购,不锈钢轴套,机加工件,315,371.9,南通华科,安徽客户104,华东,安徽,终端工厂,B,4045.96,919.25,798.91,103.16,120.33,6693.66,5987.61,706.0500000000002,0.10548040982063628,2025-12
O003774,2025-11-13,C0014,P1011,4,494.13,已完成,张伟,直销,铝合金支架,机加工件,393,502.7,无锡智造,江苏客户014,华东,上海,设备集成商,B,1099.35,216.84,184.75,33.35,11.39,1976.52,1545.6799999999998,430.84000000000015,0.21797907433266556,2025-11
O003775,2025-09-07,C0095,P1016,111,102.08,已完成,刘洋,展会线索,密封圈套装,配套耗材,83,101.3,苏州精工,北京客户095,华北,天津,终端工厂,B,6328.04,1208.51,1431.82,504.04,115.95,11330.88,9588.360000000002,1742.5199999999968,0.15378505464712333,2025-09
O003776,2025-09-30,C0102,P1008,8,751.77,已完成,刘洋,经销,精密齿轮箱,传动部件,523,743.47,上海工控,北京客户102,华北,天津,终端工厂,C,2753.1,584.24,441.59,96.83,70.86,6014.16,3946.6200000000003,2067.5399999999995,0.3437786823097489,2025-09
O003777,2025-05-29,C0031,P1014,111,39.95,已完成,赵磊,展会线索,工业线缆,配套耗材,34,41.43,南通华科,山东客户031,华东,上海,经销商,A,2695.78,660.58,560.78,164.08,79.13,4434.450000000001,4160.35,274.10000000000036,0.06181149860749367,2025-05
O003778,2025-12-13,C0058,P1004,10,736.23,已完成,赵磊,老客户复购,减速电机C型,电机类,541,716.52,苏州精工,湖南客户058,华中,湖南,终端工厂,B,3632.85,707.68,763.08,347.67,38.98,7362.3,5490.259999999999,1872.0400000000009,0.2542738003069694,2025-12
O003779,2025-08-26,C0083,P1013,41,165.32,已完成,陈敏,直销,CNC定制件,机加工件,138,172.93,南通华科,浙江客户083,华东,山东,终端工厂,B,3650.23,769.07,599.42,155.17,72.93,6778.12,5246.820000000001,1531.2999999999993,0.22591810118439912,2025-08
O003780,2025-03-23,C0102,P1002,6,1029.04,已完成,陈敏,经销,伺服电机B型,电机类,690,1040.91,南通华科,北京客户102,华北,天津,终端工厂,C,2955.89,710.49,648.99,118.67,33.47,6174.24,4467.51,1706.7299999999996,0.2764275441187903,2025-03
O003781,2025-09-13,C0036,P1004,5,723.94,已完成,刘洋,展会线索,减速电机C型,电机类,541,716.52,苏州精工,北京客户036,华北,河北,终端工厂,C,1706.82,472.99,296.06,126.84,30.46,3619.7000000000003,2633.17,986.5300000000002,0.27254468602370363,2025-09
O003782,2025-08-29,C0057,P1004,12,668.76,已完成,陈敏,直销,减速电机C型,电机类,541,716.52,苏州精工,浙江客户057,华东,上海,设备集成商,C,5024.35,812.0,925.68,171.6,67.71,8025.12,7001.340000000001,1023.7799999999988,0.12757192415814328,2025-08
O003783,2025-03-21,C0023,P1011,7,456.3,已完成,陈敏,老客户复购,铝合金支架,机加工件,393,502.7,无锡智造,江苏客户023,华东,浙江,设备集成商,B,1886.43,407.59,431.02,96.45,25.51,3194.1,2847.0,347.0999999999999,0.10866910866910864,2025-03
O003784,2025-01-03,C0038,P1008,41,752.94,已完成,刘洋,经销,精密齿轮箱,传动部件,523,743.47,上海工控,江苏客户038,华东,安徽,终端工厂,A,14444.31,3153.27,3157.02,1473.43,541.61,30870.54,22769.64,8100.9000000000015,0.26241523471892625,2025-01
O003785,2025-07-11,C0037,P1004,5,616.83,已完成,陈敏,展会线索,减速电机C型,电机类,541,716.52,苏州精工,福建客户037,华南,广东,经销商,B,1782.34,359.68,418.92,87.92,51.05,3084.15,2699.9100000000003,384.2399999999998,0.12458538008851702,2025-07
O003786,2025-02-28,C0006,P1011,26,442.89,已取消,赵磊,直销,铝合金支架,机加工件,393,502.7,无锡智造,福建客户006,华南,广东,经销商,B,7346.26,1580.18,1316.01,454.8,91.07,11515.14,10788.32,726.8199999999997,0.06311864206601046,2025-02
O003787,2025-07-01,C0073,P1010,16,580.02,已完成,赵磊,直销,联轴器套件,传动部件,456,621.63,上海工控,湖北客户073,华中,湖南,设备集成商,C,4879.74,1012.25,801.49,337.38,126.54,9280.32,7157.4,2122.92,0.22875504292955418,2025-07
O003788,2025-07-09,C0094,P1005,11,1403.99,已完成,李娜,展会线索,PLC控制器标准版,控制器类,980,1458.49,苏州精工,安徽客户094,华东,安徽,终端工厂,A,7504.18,1858.24,1220.54,653.12,162.33,15443.89,11398.41,4045.4799999999996,0.2619469576641636,2025-07
O003789,2025-12-16,C0057,P1004,7,706.76,已完成,赵磊,直销,减速电机C型,电机类,541,716.52,苏州精工,浙江客户057,华东,上海,设备集成商,C,2586.07,647.63,436.91,178.27,60.38,4947.32,3909.26,1038.0599999999995,0.20982269188166514,2025-12
O003790,2025-02-11,C0013,P1011,27,491.6,已完成,王强,经销,铝合金支架,机加工件,393,502.7,无锡智造,湖北客户013,华中,湖北,设备集成商,B,7417.7,1717.23,1551.09,332.87,206.6,13273.2,11225.490000000002,2047.7099999999991,0.15427402585661326,2025-02
O003791,2025-01-11,C0044,P1010,43,634.35,已完成,张伟,直销,联轴器套件,传动部件,456,621.63,上海工控,安徽客户044,华东,安徽,终端工厂,A,13344.82,2890.24,2405.91,725.73,140.34,27277.05,19507.04,7770.009999999998,0.2848552171147539,2025-01
O003792,2025-09-28,C0067,P1014,69,41.18,已完成,李娜,展会线索,工业线缆,配套耗材,34,41.43,南通华科,福建客户067,华南,广东,终端工厂,A,1494.3,289.82,354.01,128.16,50.27,2841.42,2316.56,524.8600000000001,0.18471750040472726,2025-09
O003793,2025-04-22,C0081,P1007,7,936.44,已完成,张伟,经销,变频控制器A型,控制器类,780,1044.88,南通华科,安徽客户081,华东,江苏,经销商,B,3831.78,727.71,707.11,306.61,107.48,6555.08,5680.689999999999,874.3900000000012,0.13339120193803908,2025-04
O003794,2025-01-04,C0053,P1001,5,802.06,已完成,陈敏,经销,伺服电机A型,电机类,522,799.93,南通华科,河北客户053,华北,河北,终端工厂,A,1618.68,385.15,262.67,99.55,46.26,4010.2999999999997,2412.3100000000004,1597.9899999999993,0.3984714360521655,2025-01
O003795,2025-04-04,C0105,P1012,8,348.21,已完成,陈敏,老客户复购,不锈钢轴套,机加工件,315,371.9,南通华科,安徽客户105,华东,安徽,设备集成商,B,1787.41,401.34,306.81,89.62,48.08,2785.68,2633.2599999999998,152.42000000000007,0.0547155452169668,2025-04
O003796,2025-03-20,C0029,P1001,1,769.37,已完成,刘洋,老客户复购,伺服电机A型,电机类,522,799.93,南通华科,云南客户029,西南,四川,终端工厂,B,339.28,81.9,60.41,24.46,4.13,769.37,510.1799999999999,259.1900000000001,0.33688602362972314,2025-03
O003797,2025-03-14,C0079,P1005,6,1254.87,已完成,张伟,老客户复购,PLC控制器标准版,控制器类,980,1458.49,苏州精工,安徽客户079,华东,浙江,经销商,A,4146.74,722.66,667.15,200.83,108.25,7529.219999999999,5845.629999999999,1683.5900000000001,0.2236074918783088,2025-03
O003798,2025-01-31,C0044,P1013,6,171.16,已完成,赵磊,展会线索,CNC定制件,机加工件,138,172.93,南通华科,安徽客户044,华东,安徽,终端工厂,A,572.98,103.36,84.96,44.12,16.11,1026.96,821.5300000000001,205.42999999999995,0.2000370024148944,2025-01
O003799,2025-10-18,C0011,P1010,21,542.34,已完成,王强,经销,联轴器套件,传动部件,456,621.63,上海工控,上海客户011,华东,上海,经销商,A,6733.41,1537.83,1389.1,321.93,157.77,11389.140000000001,10140.04,1249.1000000000004,0.10967465497833903,2025-10
O003800,2025-02-08,C0091,P1003,14,1475.68,已完成,陈敏,展会线索,步进电机A型,电机类,1120,1636.22,常州机电,广东客户091,华南,广东,经销商,A,10984.46,2043.53,1965.79,845.33,268.36,20659.52,16107.47,4552.050000000001,0.22033667771564883,2025-02
O003801,2025-12-31,C0119,P1011,23,452.54,已完成,刘洋,经销,铝合金支架,机加工件,393,502.7,无锡智造,北京客户119,华北,北京,设备集成商,A,6220.33,1243.51,921.44,166.74,199.24,10408.42,8751.26,1657.1599999999999,0.15921340606931694,2025-12
O003802,2025-06-03,C0046,P1016,106,97.31,已完成,刘洋,展会线索,密封圈套装,配套耗材,83,101.3,苏州精工,湖南客户046,华中,湖南,终端工厂,C,6285.77,1167.29,957.64,161.27,87.36,10314.86,8659.330000000002,1655.5299999999988,0.16049951235402116,2025-06
O003803,2025-05-01,C0025,P1002,11,923.89,已完成,刘洋,直销,伺服电机B型,电机类,690,1040.91,南通华科,广东客户025,华南,福建,经销商,B,4959.57,1020.66,1122.13,419.01,63.16,10162.789999999999,7584.53,2578.2599999999993,0.25369608148943346,2025-05
O003804,2025-12-12,C0077,P1001,3,767.53,已取消,陈敏,直销,伺服电机A型,电机类,522,799.93,南通华科,云南客户077,西南,重庆,设备集成商,A,1080.12,236.83,169.02,94.14,14.48,2302.59,1594.59,708.0000000000002,0.30747983792164485,2025-12
O003805,2025-01-16,C0049,P1009,44,671.33,已完成,张伟,经销,同步带轮组件,传动部件,565,711.1,南通华科,江苏客户049,华东,山东,经销商,C,15853.6,3205.79,3886.66,1164.87,329.92,29538.52,24440.839999999997,5097.680000000004,0.1725773667739617,2025-01
O003806,2025-02-27,C0011,P1002,10,984.47,已完成,张伟,经销,伺服电机B型,电机类,690,1040.91,南通华科,上海客户011,华东,上海,经销商,A,4845.32,917.41,1075.47,387.83,131.86,9844.7,7357.889999999999,2486.8100000000013,0.252603939175394,2025-02
O003807,2025-12-10,C0060,P1003,7,1562.44,已完成,张伟,直销,步进电机A型,电机类,1120,1636.22,常州机电,广西客户060,华南,广东,设备集成商,A,5483.8,1244.1,1201.3,481.45,87.14,10937.08,8497.789999999999,2439.290000000001,0.22302936432759027,2025-12
O003808,2025-07-03,C0084,P1007,6,1051.81,已完成,陈敏,经销,变频控制器A型,控制器类,780,1044.88,南通华科,天津客户084,华北,河北,终端工厂,A,3013.76,579.88,529.83,170.53,34.28,6310.86,4328.28,1982.58,0.3141536969604777,2025-07
O003809,2025-11-10,C0035,P1013,17,162.91,已完成,赵磊,展会线索,CNC定制件,机加工件,138,172.93,南通华科,江苏客户035,华东,浙江,终端工厂,A,1528.41,390.12,352.88,42.4,14.14,2769.47,2327.9500000000003,441.5199999999995,0.15942400531509623,2025-11
O003810,2025-10-22,C0078,P1002,2,1024.73,已完成,赵磊,展会线索,伺服电机B型,电机类,690,1040.91,南通华科,四川客户078,西南,云南,设备集成商,A,875.79,237.85,176.86,101.25,37.53,2049.46,1429.28,620.1800000000001,0.30260654025938544,2025-10
O003811,2025-10-06,C0034,P1013,42,157.96,已完成,王强,直销,CNC定制件,机加工件,138,172.93,南通华科,广东客户034,华南,广东,经销商,A,4109.44,740.2,744.87,330.23,48.0,6634.320000000001,5972.74,661.5800000000008,0.09972084554257268,2025-10
O003812,2025-06-11,C0016,P1003,10,1619.33,已完成,王强,老客户复购,步进电机A型,电机类,1120,1636.22,常州机电,北京客户016,华北,天津,终端工厂,B,7587.14,1575.36,1380.64,747.77,223.77,16193.3,11514.68,4678.619999999999,0.28892319663070526,2025-06
O003813,2025-08-31,C0111,P1003,11,1593.33,已完成,赵磊,老客户复购,步进电机A型,电机类,1120,1636.22,常州机电,广东客户111,华南,广东,经销商,A,11525.48,1976.05,1623.05,748.56,342.84,17526.629999999997,16215.979999999998,1310.6499999999996,0.07478049117257567,2025-08
O003814,2025-10-28,C0046,P1001,4,799.99,已完成,李娜,经销,伺服电机A型,电机类,522,799.93,南通华科,湖南客户046,华中,湖南,终端工厂,C,1459.4,311.61,229.24,52.98,27.11,3199.96,2080.34,1119.62,0.34988562357029457,2025-10
O003815,2025-06-08,C0054,P1012,38,364.78,已完成,刘洋,经销,不锈钢轴套,机加工件,315,371.9,南通华科,天津客户054,华北,北京,终端工厂,A,7828.69,1529.66,1358.43,248.46,178.19,13861.64,11143.43,2718.209999999999,0.19609584435896468,2025-06
O003816,2025-08-25,C0061,P1001,3,779.01,已完成,刘洋,老客户复购,伺服电机A型,电机类,522,799.93,南通华科,江苏客户061,华东,山东,终端工厂,A,1183.51,257.71,187.86,90.03,42.62,2337.0299999999997,1761.7299999999998,575.3,0.2461671437679448,2025-08
O003817,2025-05-09,C0104,P1008,28,758.24,已完成,王强,展会线索,精密齿轮箱,传动部件,523,743.47,上海工控,安徽客户104,华东,安徽,终端工厂,B,10527.57,2324.22,1511.29,551.79,388.39,21230.72,15303.259999999998,5927.460000000003,0.27919260392487877,2025-05
O003818,2025-05-30,C0035,P1013,30,171.5,已完成,王强,经销,CNC定制件,机加工件,138,172.93,南通华科,江苏客户035,华东,浙江,终端工厂,A,2813.64,568.15,647.62,218.94,82.49,5145.0,4330.839999999999,814.1600000000008,0.15824295432458713,2025-05
O003819,2025-05-22,C0058,P1009,7,715.01,已完成,刘洋,展会线索,同步带轮组件,传动部件,565,711.1,南通华科,湖南客户058,华中,湖南,终端工厂,B,2803.47,657.27,463.54,177.36,88.26,5005.07,4189.9,815.1700000000001,0.16286885098510112,2025-05
O003820,2025-12-28,C0062,P1009,19,627.71,已完成,陈敏,经销,同步带轮组件,传动部件,565,711.1,南通华科,浙江客户062,华东,上海,经销商,C,6849.84,1393.2,1175.9,259.98,78.1,11926.490000000002,9757.02,2169.470000000001,0.18190347704982782,2025-12
O003821,2025-03-20,C0035,P1002,11,1067.63,已完成,张伟,直销,伺服电机B型,电机类,690,1040.91,南通华科,江苏客户035,华东,浙江,终端工厂,A,5341.56,1283.46,827.93,466.16,169.17,11743.93,8088.280000000001,3655.6499999999996,0.31127995483624304,2025-03
O003822,2025-08-11,C0109,P1012,25,329.71,已完成,李娜,经销,不锈钢轴套,机加工件,315,371.9,南通华科,浙江客户109,华东,安徽,经销商,B,5100.0,1052.43,905.9,334.43,80.69,8242.75,7473.45,769.3000000000002,0.0933305025628583,2025-08
O003823,2025-01-02,C0033,P1001,10,789.05,已完成,赵磊,展会线索,伺服电机A型,电机类,522,799.93,南通华科,江苏客户033,华东,浙江,终端工厂,B,3381.49,633.44,806.46,326.23,95.41,7890.5,5243.029999999999,2647.470000000001,0.33552626576262606,2025-01
O003824,2025-08-29,C0018,P1014,22,39.99,已完成,张伟,展会线索,工业线缆,配套耗材,34,41.43,南通华科,上海客户018,华东,山东,经销商,B,534.29,102.93,105.08,22.59,8.55,879.7800000000001,773.44,106.34000000000003,0.12087112687262727,2025-08
O003825,2025-11-26,C0096,P1005,11,1305.18,已完成,张伟,老客户复购,PLC控制器标准版,控制器类,980,1458.49,苏州精工,天津客户096,华北,北京,经销商,C,7594.2,1802.65,1268.23,256.25,148.79,14356.980000000001,11070.12,3286.8600000000006,0.22893811929806968,2025-11
O003826,2025-07-08,C0004,P1005,10,1441.54,已完成,李娜,老客户复购,PLC控制器标准版,控制器类,980,1458.49,苏州精工,重庆客户004,西南,四川,终端工厂,A,6820.86,1235.12,1375.2,665.15,110.83,14415.4,10207.16,4208.24,0.2919266895126046,2025-07
O003827,2025-08-11,C0033,P1001,14,801.85,已完成,李娜,老客户复购,伺服电机A型,电机类,522,799.93,南通华科,江苏客户033,华东,浙江,终端工厂,B,6268.8,899.48,1023.21,479.19,131.02,11225.9,8801.7,2424.199999999999,0.2159470510159541,2025-08
O003828,2025-11-14,C0064,P1001,7,693.2,已完成,陈敏,老客户复购,伺服电机A型,电机类,522,799.93,南通华科,江苏客户064,华东,浙江,经销商,B,2603.38,442.86,487.09,136.11,57.82,4852.400000000001,3727.2600000000007,1125.1399999999999,0.23187288764322805,2025-11
O003829,2025-01-08,C0114,P1001,3,772.05,已完成,陈敏,老客户复购,伺服电机A型,电机类,522,799.93,南通华科,江苏客户114,华东,安徽,终端工厂,B,1054.95,238.16,175.73,89.84,12.25,2316.1499999999996,1570.93,745.2199999999996,0.32174945491440526,2025-01
O003830,2025-09-10,C0011,P1015,113,76.86,已完成,刘洋,经销,传感器支架,配套耗材,70,84.31,苏州精工,上海客户011,华东,上海,经销商,A,4920.96,1176.29,1048.19,213.84,115.3,8685.18,7474.580000000001,1210.5999999999995,0.1393868635998332,2025-09
O003831,2025-04-07,C0053,P1011,30,492.71,已完成,李娜,直销,铝合金支架,机加工件,393,502.7,无锡智造,河北客户053,华北,河北,终端工厂,A,7918.29,1661.84,1640.07,717.3,182.73,14781.3,12120.229999999998,2661.0700000000015,0.18002949672897522,2025-04
O003832,2025-12-20,C0110,P1013,12,167.0,已完成,王强,经销,CNC定制件,机加工件,138,172.93,南通华科,云南客户110,西南,云南,终端工厂,A,1156.89,223.32,241.31,75.57,29.25,2004.0,1726.34,277.6600000000001,0.13855289421157688,2025-12
O003833,2025-09-02,C0026,P1012,22,336.26,已完成,张伟,经销,不锈钢轴套,机加工件,315,371.9,南通华科,河南客户026,华中,湖北,经销商,B,4915.47,928.63,846.2,132.47,117.56,7397.719999999999,6940.330000000001,457.3899999999985,0.06182850932449438,2025-09
O003834,2025-08-16,C0115,P1003,7,1589.76,已完成,赵磊,展会线索,步进电机A型,电机类,1120,1636.22,常州机电,重庆客户115,西南,四川,经销商,B,6792.28,1131.7,951.85,423.46,68.26,11128.32,9367.55,1760.7700000000004,0.15822424229353582,2025-08
O003835,2025-08-13,C0105,P1003,3,1517.5,已完成,赵磊,老客户复购,步进电机A型,电机类,1120,1636.22,常州机电,安徽客户105,华东,安徽,设备集成商,B,2950.63,507.75,432.08,101.54,59.69,4552.5,4051.69,500.80999999999995,0.11000768808347061,2025-08
O003836,2025-03-08,C0112,P1011,15,495.09,已取消,刘洋,展会线索,铝合金支架,机加工件,393,502.7,无锡智造,广东客户112,华南,福建,终端工厂,A,3670.87,948.02,810.46,351.67,109.02,7426.349999999999,5890.04,1536.3099999999995,0.206872824469625,2025-03
O003837,2025-05-24,C0021,P1014,67,39.04,已完成,张伟,经销,工业线缆,配套耗材,34,41.43,南通华科,山东客户021,华东,江苏,经销商,A,1554.7,378.58,264.4,93.77,33.46,2615.68,2324.91,290.77,0.11116420968925862,2025-05
O003838,2025-10-12,C0011,P1009,15,651.35,退货,张伟,经销,同步带轮组件,传动部件,565,711.1,南通华科,上海客户011,华东,上海,经销商,A,5626.11,1057.42,996.3,242.3,154.99,9770.25,8077.12,1693.13,0.17329443975333284,2025-10
O003839,2025-09-15,C0043,P1010,27,578.55,已完成,陈敏,直销,联轴器套件,传动部件,456,621.63,上海工控,广东客户043,华南,广东,设备集成商,B,8766.95,1647.93,1286.33,781.02,240.06,15620.849999999999,12722.29,2898.5599999999977,0.18555712397212687,2025-09
O003840,2025-09-01,C0044,P1013,39,175.49,已完成,张伟,经销,CNC定制件,机加工件,138,172.93,南通华科,安徽客户044,华东,安徽,终端工厂,A,3813.94,692.3,796.78,297.49,49.77,6844.110000000001,5650.28,1193.8300000000008,0.17443173765471343,2025-09
O003841,2025-08-25,C0106,P1012,6,326.37,已完成,陈敏,展会线索,不锈钢轴套,机加工件,315,371.9,南通华科,河北客户106,华北,天津,经销商,C,1202.31,260.3,213.58,96.23,20.45,1958.22,1792.87,165.35000000000014,0.08443892923164922,2025-08
O003842,2025-05-22,C0081,P1002,9,940.25,已完成,王强,老客户复购,伺服电机B型,电机类,690,1040.91,南通华科,安徽客户081,华东,江苏,经销商,B,4322.97,1045.16,764.8,329.1,55.99,8462.25,6518.02,1944.2299999999996,0.22975331619841052,2025-05
O003843,2025-08-16,C0079,P1003,11,1573.36,已完成,张伟,经销,步进电机A型,电机类,1120,1636.22,常州机电,安徽客户079,华东,浙江,经销商,A,10509.79,2193.44,1356.58,493.25,291.76,17306.96,14844.820000000002,2462.1399999999976,0.14226299708325424,2025-08
O003844,2025-04-09,C0020,P1001,10,778.46,已完成,陈敏,展会线索,伺服电机A型,电机类,522,799.93,南通华科,福建客户020,华南,福建,经销商,B,3566.05,893.64,531.11,326.88,141.98,7784.6,5459.66,2324.9400000000005,0.29865889063021867,2025-04
O003845,2025-05-04,C0065,P1015,61,73.33,已完成,王强,老客户复购,传感器支架,配套耗材,70,84.31,苏州精工,安徽客户065,华东,山东,经销商,B,2654.31,655.61,516.31,75.04,50.4,4473.13,3951.67,521.46,0.11657608877899815,2025-05
O003846,2025-09-04,C0034,P1001,17,756.96,已完成,王强,直销,伺服电机A型,电机类,522,799.93,南通华科,广东客户034,华南,广东,经销商,A,6073.39,1554.2,1217.8,578.89,87.81,12868.32,9512.089999999998,3356.2300000000014,0.260813377348403,2025-09
O003847,2025-10-11,C0024,P1002,5,1062.0,已完成,李娜,经销,伺服电机B型,电机类,690,1040.91,南通华科,广东客户024,华南,广西,终端工厂,B,2211.63,614.85,528.69,123.37,76.01,5310.0,3554.55,1755.4499999999998,0.33059322033898303,2025-10
O003848,2025-11-29,C0050,P1010,29,594.23,已取消,王强,经销,联轴器套件,传动部件,456,621.63,上海工控,广东客户050,华南,广西,终端工厂,A,8678.43,1958.68,2005.46,702.23,147.8,17232.670000000002,13492.599999999999,3740.0700000000033,0.21703369239937878,2025-11
O003849,2025-03-09,C0087,P1013,25,173.84,已完成,赵磊,展会线索,CNC定制件,机加工件,138,172.93,南通华科,山东客户087,华东,江苏,终端工厂,A,2248.02,473.97,506.6,139.74,83.71,4346.0,3452.04,893.96,0.2056971928209848,2025-03
O003850,2025-09-03,C0043,P1002,9,1038.44,已完成,王强,直销,伺服电机B型,电机类,690,1040.91,南通华科,广东客户043,华南,广东,设备集成商,B,4357.36,823.89,913.84,305.73,82.3,9345.960000000001,6483.12,2862.840000000001,0.30631845203703,2025-09
O003851,2025-04-05,C0061,P1015,115,82.4,已完成,陈敏,老客户复购,传感器支架,配套耗材,70,84.31,苏州精工,江苏客户061,华东,山东,终端工厂,A,5283.48,1435.54,1038.75,380.8,115.19,9476.0,8253.76,1222.2399999999998,0.12898269311945967,2025-04
O003852,2025-07-14,C0066,P1013,19,173.82,已完成,王强,展会线索,CNC定制件,机加工件,138,172.93,南通华科,上海客户066,华东,山东,终端工厂,A,1723.06,439.93,395.66,57.85,30.33,3302.58,2646.8299999999995,655.7500000000005,0.19855688582865533,2025-07
O003853,2025-01-01,C0002,P1007,9,923.75,已完成,王强,展会线索,变频控制器A型,控制器类,780,1044.88,南通华科,广东客户002,华南,福建,经销商,B,4708.93,975.71,1032.05,158.09,141.06,8313.75,7015.840000000001,1297.909999999999,0.15611607277101175,2025-01
O003854,2025-08-26,C0001,P1004,6,678.2,已完成,赵磊,经销,减速电机C型,电机类,541,716.52,苏州精工,广东客户001,华南,广西,终端工厂,B,2881.3,445.88,391.69,87.09,35.76,4069.2000000000003,3841.7200000000007,227.47999999999956,0.05590288017300687,2025-08
O003855,2025-09-13,C0056,P1004,2,666.9,已完成,李娜,直销,减速电机C型,电机类,541,716.52,苏州精工,山东客户056,华东,山东,设备集成商,A,711.51,174.47,141.58,26.79,16.65,1333.8,1071.0,262.79999999999995,0.19703103913630227,2025-09
O003856,2025-01-16,C0049,P1003,9,1563.37,已完成,王强,经销,步进电机A型,电机类,1120,1636.22,常州机电,江苏客户049,华东,山东,经销商,C,7012.12,1389.63,1399.96,309.07,98.99,14070.329999999998,10209.769999999999,3860.5599999999995,0.274375938588505,2025-01
O003857,2025-12-29,C0052,P1015,91,84.07,已完成,王强,老客户复购,传感器支架,配套耗材,70,84.31,苏州精工,广西客户052,华南,广西,终端工厂,A,4178.86,913.15,927.86,237.95,47.57,7650.369999999999,6305.3899999999985,1344.9800000000005,0.17580587605566797,2025-12
O003858,2025-09-26,C0097,P1012,44,364.34,已完成,王强,老客户复购,不锈钢轴套,机加工件,315,371.9,南通华科,上海客户097,华东,安徽,经销商,C,9471.92,2053.43,1661.79,690.58,117.28,16030.96,13995.0,2035.9599999999991,0.12700175161063337,2025-09
O003859,2025-08-13,C0046,P1008,31,714.09,已完成,张伟,老客户复购,精密齿轮箱,传动部件,523,743.47,上海工控,湖南客户046,华中,湖南,终端工厂,C,11532.65,2270.53,2069.69,1052.01,363.46,22136.79,17288.34,4848.450000000001,0.2190222701665418,2025-08
O003860,2025-07-10,C0035,P1010,11,636.25,已完成,王强,展会线索,联轴器套件,传动部件,456,621.63,上海工控,江苏客户035,华东,浙江,终端工厂,A,3147.19,775.96,595.01,229.54,112.99,6998.75,4860.69,2138.0600000000004,0.305491694945526,2025-07
O003861,2025-12-26,C0066,P1004,12,692.42,已完成,刘洋,老客户复购,减速电机C型,电机类,541,716.52,苏州精工,上海客户066,华东,山东,终端工厂,A,4347.16,806.7,855.64,131.65,84.97,8309.039999999999,6226.12,2082.919999999999,0.25068118579282317,2025-12
O003862,2025-01-22,C0097,P1002,15,912.72,已完成,张伟,直销,伺服电机B型,电机类,690,1040.91,南通华科,上海客户097,华东,安徽,经销商,C,6911.76,1642.34,1349.35,278.17,259.9,13690.800000000001,10441.52,3249.2800000000007,0.23733309959973123,2025-01
O003863,2025-09-28,C0102,P1003,17,1633.52,已完成,陈敏,展会线索,步进电机A型,电机类,1120,1636.22,常州机电,北京客户102,华北,天津,终端工厂,C,13042.97,2646.9,3007.49,1274.36,198.62,27769.84,20170.34,7599.5,0.2736602011390775,2025-09
O003864,2025-04-28,C0090,P1004,6,694.75,已完成,陈敏,直销,减速电机C型,电机类,541,716.52,苏州精工,河北客户090,华北,北京,终端工厂,B,2225.27,498.6,362.15,96.59,56.09,4168.5,3238.7000000000003,929.7999999999997,0.22305385630322652,2025-04
O003865,2025-04-27,C0035,P1002,12,1004.71,已完成,张伟,经销,伺服电机B型,电机类,690,1040.91,南通华科,江苏客户035,华东,浙江,终端工厂,A,5399.63,1408.34,876.56,566.55,212.29,12056.52,8463.37,3593.1499999999996,0.29802546671842284,2025-04
O003866,2025-02-02,C0101,P1006,9,2353.14,已完成,李娜,经销,PLC控制器增强版,控制器类,1773,2443.12,苏州精工,湖南客户101,华中,河南,终端工厂,A,11071.96,2166.23,2280.21,642.91,307.22,21178.26,16468.53,4709.73,0.2223851251235937,2025-02
O003867,2025-04-06,C0092,P1003,15,1605.91,已完成,张伟,直销,步进电机A型,电机类,1120,1636.22,常州机电,江苏客户092,华东,江苏,终端工厂,B,10941.09,2858.54,1720.9,944.3,419.85,24088.65,16884.68,7203.970000000001,0.29906076098079387,2025-04
O003868,2025-02-04,C0021,P1009,7,636.64,已完成,刘洋,直销,同步带轮组件,传动部件,565,711.1,南通华科,山东客户021,华东,江苏,经销商,A,2707.76,520.16,463.13,147.16,44.31,4456.48,3882.52,573.9599999999996,0.12879223063942835,2025-02
O003869,2025-06-25,C0084,P1004,11,710.7,已完成,赵磊,老客户复购,减速电机C型,电机类,541,716.52,苏州精工,天津客户084,华北,河北,终端工厂,A,3692.55,728.64,869.24,140.17,147.91,7817.700000000001,5578.51,2239.1900000000005,0.286425675070673,2025-06
O003870,2025-12-15,C0014,P1008,29,691.83,退货,李娜,直销,精密齿轮箱,传动部件,523,743.47,上海工控,江苏客户014,华东,上海,设备集成商,B,10075.04,2510.01,1630.91,951.55,110.49,20063.07,15278.0,4785.07,0.23850138587962857,2025-12
O003871,2025-09-04,C0068,P1011,3,504.77,已完成,刘洋,老客户复购,铝合金支架,机加工件,393,502.7,无锡智造,四川客户068,西南,重庆,终端工厂,A,735.95,145.34,125.22,48.52,25.48,1514.31,1080.5100000000002,433.7999999999997,0.2864671038294667,2025-09
O003872,2025-10-21,C0006,P1012,3,359.99,已完成,李娜,老客户复购,不锈钢轴套,机加工件,315,371.9,南通华科,福建客户006,华南,广东,经销商,B,612.83,155.69,138.39,50.53,7.82,1079.97,965.26,114.71000000000004,0.10621591340500203,2025-10
O003873,2025-04-25,C0053,P1010,9,619.95,已完成,刘洋,展会线索,联轴器套件,传动部件,456,621.63,上海工控,河北客户053,华北,河北,终端工厂,A,2600.1,522.54,498.88,179.27,66.53,5579.55,3867.32,1712.23,0.30687600254500813,2025-04
O003874,2025-06-17,C0033,P1004,6,684.09,已完成,刘洋,直销,减速电机C型,电机类,541,716.52,苏州精工,江苏客户033,华东,浙江,终端工厂,B,2095.96,510.66,390.48,114.16,27.02,4104.54,3138.2799999999997,966.2600000000002,0.23541249445735704,2025-06
O003875,2025-10-14,C0108,P1010,14,614.74,已完成,赵磊,经销,联轴器套件,传动部件,456,621.63,上海工控,湖北客户108,华中,湖南,终端工厂,A,4336.16,1017.08,928.73,401.4,141.92,8606.36,6825.289999999999,1781.0700000000015,0.2069481174387315,2025-10
O003876,2025-04-27,C0040,P1003,16,1603.85,已完成,张伟,经销,步进电机A型,电机类,1120,1636.22,常州机电,浙江客户040,华东,江苏,终端工厂,A,11532.85,2403.78,2775.9,1094.59,429.41,25661.6,18236.530000000002,7425.069999999996,0.2893455591233593,2025-04
O003877,2025-04-23,C0090,P1011,30,508.75,已完成,王强,经销,铝合金支架,机加工件,393,502.7,无锡智造,河北客户090,华北,北京,终端工厂,B,8158.34,1603.82,1778.46,305.26,156.44,15262.5,12002.32,3260.1800000000003,0.21360720720720722,2025-04
O003878,2025-06-08,C0041,P1012,34,375.3,已完成,陈敏,经销,不锈钢轴套,机加工件,315,371.9,南通华科,福建客户041,华南,广东,终端工厂,A,7011.27,1645.14,1368.81,396.76,169.76,12760.2,10591.74,2168.460000000001,0.1699393426435323,2025-06
O003879,2025-12-22,C0084,P1003,14,1665.38,已完成,张伟,老客户复购,步进电机A型,电机类,1120,1636.22,常州机电,天津客户084,华北,河北,终端工厂,A,10372.98,2116.78,2192.8,994.92,284.1,23315.32,15961.580000000002,7353.739999999998,0.31540377743046194,2025-12
O003880,2025-05-12,C0051,P1006,3,2402.91,已完成,王强,直销,PLC控制器增强版,控制器类,1773,2443.12,苏州精工,广西客户051,华南,广东,终端工厂,C,3643.24,809.14,550.73,214.88,37.11,7208.73,5255.1,1953.6299999999992,0.27100890170668057,2025-05
O003881,2025-02-27,C0085,P1012,31,362.34,已完成,赵磊,直销,不锈钢轴套,机加工件,315,371.9,南通华科,浙江客户085,华东,山东,终端工厂,A,6700.63,1469.53,1050.81,381.64,207.54,11232.539999999999,9810.15,1422.3899999999994,0.12663119828640712,2025-02
O003882,2025-03-01,C0116,P1012,18,382.09,已完成,陈敏,直销,不锈钢轴套,机加工件,315,371.9,南通华科,北京客户116,华北,北京,终端工厂,A,3708.46,1014.6,893.38,292.2,118.34,6877.62,6026.9800000000005,850.6399999999994,0.12368232033755855,2025-03
O003883,2025-02-11,C0045,P1008,30,671.6,已完成,张伟,经销,精密齿轮箱,传动部件,523,743.47,上海工控,安徽客户045,华东,江苏,设备集成商,A,10371.95,2261.75,2467.47,560.45,130.02,20148.0,15791.640000000001,4356.359999999999,0.21621798689696242,2025-02
O003884,2025-04-06,C0042,P1012,27,369.77,已完成,李娜,老客户复购,不锈钢轴套,机加工件,315,371.9,南通华科,重庆客户042,西南,云南,终端工厂,B,5402.97,1383.12,1045.94,219.41,171.79,9983.789999999999,8223.230000000001,1760.5599999999977,0.17634185013907522,2025-04
O003885,2025-04-04,C0112,P1013,6,176.59,已完成,张伟,经销,CNC定制件,机加工件,138,172.93,南通华科,广东客户112,华南,福建,终端工厂,A,553.82,127.56,90.45,23.04,7.3,1059.54,802.1700000000001,257.3699999999999,0.24290729939407657,2025-04
O003886,2025-02-07,C0083,P1010,19,624.15,已完成,李娜,老客户复购,联轴器套件,传动部件,456,621.63,上海工控,浙江客户083,华东,山东,终端工厂,B,5817.48,1442.9,1247.07,286.31,210.77,11858.85,9004.529999999999,2854.3200000000015,0.2406911294096815,2025-02
O003887,2025-04-09,C0049,P1001,9,760.59,已完成,刘洋,经销,伺服电机A型,电机类,522,799.93,南通华科,江苏客户049,华东,山东,经销商,C,2962.4,595.91,709.2,161.24,106.94,6845.31,4535.69,2309.620000000001,0.3374018123357453,2025-04
O003888,2025-11-21,C0033,P1004,10,703.94,已完成,刘洋,经销,减速电机C型,电机类,541,716.52,苏州精工,江苏客户033,华东,浙江,终端工厂,B,3359.11,679.58,738.78,150.53,38.18,7039.400000000001,4966.18,2073.2200000000003,0.2945165781174532,2025-11
O003889,2025-03-11,C0113,P1004,3,664.88,已完成,刘洋,经销,减速电机C型,电机类,541,716.52,苏州精工,安徽客户113,华东,浙江,经销商,B,1082.05,226.95,240.42,87.08,28.36,1994.6399999999999,1664.86,329.78,0.16533309268840493,2025-03
O003890,2025-10-19,C0092,P1011,8,480.91,已完成,陈敏,老客户复购,铝合金支架,机加工件,393,502.7,无锡智造,江苏客户092,华东,江苏,终端工厂,B,2041.41,464.36,446.87,67.04,38.42,3847.28,3058.1,789.1800000000003,0.2051267388908528,2025-10
O003891,2025-03-27,C0021,P1012,15,338.66,已完成,李娜,老客户复购,不锈钢轴套,机加工件,315,371.9,南通华科,山东客户021,华东,江苏,经销商,A,3318.07,682.11,649.59,93.33,84.61,5079.900000000001,4827.71,252.1900000000005,0.049644678044843495,2025-03
O003892,2025-06-02,C0015,P1009,32,676.55,已完成,李娜,老客户复购,同步带轮组件,传动部件,565,711.1,南通华科,北京客户015,华北,河北,经销商,C,11391.24,3104.18,1923.64,999.81,226.38,21649.6,17645.250000000004,4004.349999999995,0.1849618468701498,2025-06
O003893,2025-12-01,C0074,P1005,2,1412.79,已完成,李娜,老客户复购,PLC控制器标准版,控制器类,980,1458.49,苏州精工,安徽客户074,华东,浙江,终端工厂,B,1337.61,334.75,197.2,68.66,52.63,2825.58,1990.8500000000001,834.7299999999998,0.2954189936225482,2025-12
O003894,2025-08-21,C0025,P1009,6,631.53,已完成,陈敏,老客户复购,同步带轮组件,传动部件,565,711.1,南通华科,广东客户025,华南,福建,经销商,B,2233.39,550.48,367.48,146.8,23.1,3789.18,3321.25,467.92999999999984,0.12349109833789892,2025-08
O003895,2025-08-08,C0015,P1009,32,650.81,已完成,王强,老客户复购,同步带轮组件,传动部件,565,711.1,南通华科,北京客户015,华北,河北,经销商,C,12506.52,2520.86,2313.35,433.58,300.26,20825.92,18074.57,2751.3499999999985,0.13211181066670757,2025-08
O003896,2025-04-23,C0054,P1006,12,2370.06,已完成,刘洋,展会线索,PLC控制器增强版,控制器类,1773,2443.12,苏州精工,天津客户054,华北,北京,终端工厂,A,13909.33,3042.52,2960.16,604.65,505.68,28440.72,21022.34,7418.380000000001,0.26083657516406056,2025-04
O003897,2025-01-25,C0069,P1003,11,1482.35,已完成,刘洋,经销,步进电机A型,电机类,1120,1636.22,常州机电,山东客户069,华东,安徽,设备集成商,B,8549.2,1905.46,1326.86,636.72,85.96,16305.849999999999,12504.199999999999,3801.6499999999996,0.23314638611295946,2025-01
O003898,2025-11-15,C0034,P1009,43,675.33,已完成,赵磊,展会线索,同步带轮组件,传动部件,565,711.1,南通华科,广东客户034,华南,广东,经销商,A,17017.18,3358.25,2600.36,602.77,564.73,29039.190000000002,24143.29,4895.9000000000015,0.1685963003789018,2025-11
O003899,2025-12-27,C0099,P1006,7,2252.26,已完成,赵磊,经销,PLC控制器增强版,控制器类,1773,2443.12,苏州精工,广西客户099,华南,福建,设备集成商,B,8655.22,1666.45,1958.55,313.8,252.3,15765.820000000002,12846.319999999998,2919.5000000000036,0.18517907726968869,2025-12
O003900,2025-07-12,C0116,P1009,41,683.65,退货,陈敏,老客户复购,同步带轮组件,传动部件,565,711.1,南通华科,北京客户116,华北,北京,终端工厂,A,15883.64,3921.57,2847.02,814.66,402.74,28029.649999999998,23869.63,4160.019999999997,0.14841498199228306,2025-07
O003901,2025-08-13,C0003,P1001,7,801.02,已完成,刘洋,老客户复购,伺服电机A型,电机类,522,799.93,南通华科,上海客户003,华东,安徽,终端工厂,A,2969.08,447.55,525.38,209.89,63.67,5607.139999999999,4215.570000000001,1391.5699999999988,0.2481782156322116,2025-08
O003902,2025-04-17,C0076,P1003,6,1427.11,已完成,刘洋,老客户复购,步进电机A型,电机类,1120,1636.22,常州机电,浙江客户076,华东,浙江,经销商,A,4381.93,1105.18,966.0,373.86,140.71,8562.66,6967.68,1594.9799999999996,0.18627155580158497,2025-04
O003903,2025-09-10,C0083,P1010,42,617.14,已完成,李娜,老客户复购,联轴器套件,传动部件,456,621.63,上海工控,浙江客户083,华东,山东,终端工厂,B,13325.85,2587.56,2031.97,1079.86,167.94,25919.88,19193.18,6726.700000000001,0.2595189483901932,2025-09
O003904,2025-07-06,C0080,P1009,31,698.78,已完成,王强,直销,同步带轮组件,传动部件,565,711.1,南通华科,广西客户080,华南,广东,终端工厂,B,12579.47,3021.43,2312.11,591.95,279.5,21662.18,18784.46,2877.720000000001,0.13284535536127948,2025-07
O003905,2025-02-18,C0092,P1008,28,717.32,已取消,赵磊,经销,精密齿轮箱,传动部件,523,743.47,上海工控,江苏客户092,华东,江苏,终端工厂,B,10154.59,2421.82,1529.13,867.07,293.69,20084.960000000003,15266.300000000001,4818.660000000002,0.23991384598226737,2025-02
O003906,2025-02-26,C0079,P1006,4,2339.37,已完成,陈敏,老客户复购,PLC控制器增强版,控制器类,1773,2443.12,苏州精工,安徽客户079,华东,浙江,经销商,A,4425.82,984.3,926.49,202.08,68.58,9357.48,6607.2699999999995,2750.21,0.2939049829654993,2025-02
O003907,2025-08-19,C0040,P1005,7,1485.44,已完成,陈敏,直销,PLC控制器标准版,控制器类,980,1458.49,苏州精工,浙江客户040,华东,江苏,终端工厂,A,5567.37,1198.39,709.09,289.17,84.08,10398.08,7848.1,2549.9799999999996,0.24523565889087212,2025-08
O003908,2025-03-11,C0089,P1009,4,613.35,已完成,张伟,老客户复购,同步带轮组件,传动部件,565,711.1,南通华科,河北客户089,华北,天津,经销商,C,1561.02,380.52,309.64,87.61,27.25,2453.4,2366.04,87.36000000000013,0.03560772805086823,2025-03
O003909,2025-01-04,C0099,P1015,107,82.8,已完成,张伟,经销,传感器支架,配套耗材,70,84.31,苏州精工,广西客户099,华南,福建,设备集成商,B,5120.43,950.57,1056.62,165.11,158.82,8859.6,7451.549999999999,1408.050000000001,0.15892929703372624,2025-01
O003910,2025-08-24,C0081,P1010,31,563.23,已完成,王强,老客户复购,联轴器套件,传动部件,456,621.63,上海工控,安徽客户081,华东,江苏,经销商,B,9479.15,2146.15,1909.65,736.15,212.61,17460.13,14483.71,2976.420000000002,0.1704695211318588,2025-08
O003911,2025-09-03,C0050,P1014,70,41.61,已完成,张伟,经销,工业线缆,配套耗材,34,41.43,南通华科,广东客户050,华南,广西,终端工厂,A,1577.37,326.77,256.28,63.09,14.59,2912.7,2238.1000000000004,674.5999999999995,0.23160641329350756,2025-09
O003912,2025-03-02,C0004,P1002,12,983.4,已完成,王强,经销,伺服电机B型,电机类,690,1040.91,南通华科,重庆客户004,西南,四川,终端工厂,A,5853.48,1373.63,936.64,178.0,146.11,11800.8,8487.86,3312.9399999999987,0.28073859399362744,2025-03
O003913,2025-03-03,C0074,P1004,16,693.13,已完成,李娜,直销,减速电机C型,电机类,541,716.52,苏州精工,安徽客户074,华东,浙江,终端工厂,B,5723.84,1441.75,1074.85,501.76,71.39,11090.08,8813.59,2276.49,0.20527264005309248,2025-03
O003914,2025-10-24,C0095,P1012,14,374.46,已完成,赵磊,展会线索,不锈钢轴套,机加工件,315,371.9,南通华科,北京客户095,华北,天津,终端工厂,B,2895.54,776.32,444.1,150.34,46.63,5242.44,4312.93,929.5099999999993,0.1773048427831314,2025-10
O003915,2025-12-07,C0037,P1007,14,956.68,已完成,刘洋,展会线索,变频控制器A型,控制器类,780,1044.88,南通华科,福建客户037,华南,广东,经销商,B,7351.19,1493.05,1661.96,640.21,237.56,13393.519999999999,11383.97,2009.5499999999993,0.15003897407104327,2025-12
O003916,2025-09-18,C0066,P1007,2,1058.66,已完成,陈敏,经销,变频控制器A型,控制器类,780,1044.88,南通华科,上海客户066,华东,山东,终端工厂,A,1029.38,279.86,224.8,58.11,13.56,2117.32,1605.71,511.6100000000001,0.241630929665804,2025-09
O003917,2025-05-24,C0057,P1012,14,351.22,已完成,王强,老客户复购,不锈钢轴套,机加工件,315,371.9,南通华科,浙江客户057,华东,上海,设备集成商,C,3028.37,721.98,473.4,168.36,97.39,4917.08,4489.5,427.5799999999999,0.08695811335182668,2025-05
O003918,2025-11-28,C0114,P1007,7,1067.17,已完成,陈敏,老客户复购,变频控制器A型,控制器类,780,1044.88,南通华科,江苏客户114,华东,安徽,终端工厂,B,3563.33,754.1,841.92,142.75,141.96,7470.1900000000005,5444.06,2026.13,0.27122871038086044,2025-11
O003919,2025-03-02,C0108,P1006,7,2330.7,已完成,李娜,直销,PLC控制器增强版,控制器类,1773,2443.12,苏州精工,湖北客户108,华中,湖南,终端工厂,A,8662.24,1780.36,1303.31,255.67,173.55,16314.899999999998,12175.13,4139.769999999999,0.2537416717233939,2025-03
O003920,2025-06-06,C0021,P1013,14,165.01,已完成,王强,展会线索,CNC定制件,机加工件,138,172.93,南通华科,山东客户021,华东,江苏,经销商,A,1334.11,288.35,278.82,88.87,31.4,2310.14,2021.5500000000002,288.5899999999997,0.12492316482983702,2025-06
O003921,2025-02-14,C0081,P1013,40,163.02,已完成,李娜,经销,CNC定制件,机加工件,138,172.93,南通华科,安徽客户081,华东,江苏,经销商,B,3956.46,903.64,854.92,153.08,102.41,6520.8,5970.51,550.29,0.08438995215311004,2025-02
O003922,2025-01-08,C0040,P1002,14,1020.39,已取消,赵磊,经销,伺服电机B型,电机类,690,1040.91,南通华科,浙江客户040,华东,江苏,终端工厂,A,6566.68,1694.92,1261.86,354.1,153.89,14285.46,10031.45,4254.009999999998,0.2977860005908104,2025-01
O003923,2025-03-27,C0023,P1007,10,943.65,已取消,赵磊,经销,变频控制器A型,控制器类,780,1044.88,南通华科,江苏客户023,华东,浙江,设备集成商,B,5006.69,1038.95,1000.16,436.34,74.34,9436.5,7556.48,1880.0200000000004,0.19922852752609552,2025-03
O003924,2025-02-19,C0100,P1003,15,1480.52,已完成,王强,直销,步进电机A型,电机类,1120,1636.22,常州机电,福建客户100,华南,广东,设备集成商,A,10899.62,2875.81,2021.97,1081.17,200.62,22207.8,17079.19,5128.610000000001,0.23093732832608366,2025-02
O003925,2025-04-03,C0051,P1016,41,97.59,退货,王强,经销,密封圈套装,配套耗材,83,101.3,苏州精工,广西客户051,华南,广东,终端工厂,C,2260.32,427.88,542.88,184.67,69.07,4001.19,3484.8200000000006,516.3699999999994,0.12905410640334486,2025-04
O003926,2025-10-30,C0020,P1001,15,696.62,已完成,陈敏,展会线索,伺服电机A型,电机类,522,799.93,南通华科,福建客户020,华南,福建,经销商,B,4977.8,1395.0,1219.52,316.08,159.09,10449.3,8067.49,2381.8099999999995,0.22793967059994447,2025-10
O003927,2025-11-13,C0082,P1005,11,1348.18,已完成,张伟,经销,PLC控制器标准版,控制器类,980,1458.49,苏州精工,河北客户082,华北,河北,经销商,A,7753.47,1558.62,1151.12,672.87,180.14,14829.980000000001,11316.22,3513.760000000002,0.2369362601972492,2025-11
O003928,2025-11-19,C0003,P1011,23,508.85,已完成,李娜,老客户复购,铝合金支架,机加工件,393,502.7,无锡智造,上海客户003,华东,安徽,终端工厂,A,6496.3,1383.45,919.89,376.98,184.58,11703.550000000001,9361.199999999999,2342.350000000002,0.2001401284225728,2025-11
O003929,2025-04-16,C0075,P1002,11,1071.48,已完成,李娜,经销,伺服电机B型,电机类,690,1040.91,南通华科,江苏客户075,华东,上海,终端工厂,A,4725.56,1099.08,829.84,442.08,228.18,11786.28,7324.740000000001,4461.54,0.3785367393274213,2025-04
O003930,2025-05-07,C0021,P1003,13,1562.41,已完成,陈敏,直销,步进电机A型,电机类,1120,1636.22,常州机电,山东客户021,华东,江苏,经销商,A,9936.6,2354.25,1802.44,705.0,267.25,20311.33,15065.54,5245.790000000001,0.2582691532263028,2025-05
O003931,2025-06-21,C0007,P1003,10,1684.27,已完成,李娜,老客户复购,步进电机A型,电机类,1120,1636.22,常州机电,福建客户007,华南,广西,终端工厂,A,7794.76,1919.84,1565.46,830.23,293.47,16842.7,12403.76,4438.9400000000005,0.26355275579331106,2025-06
O003932,2025-10-28,C0022,P1002,5,1039.85,已完成,李娜,老客户复购,伺服电机B型,电机类,690,1040.91,南通华科,湖南客户022,华中,河南,终端工厂,A,2182.0,519.05,531.97,249.76,55.65,5199.25,3538.4300000000007,1660.8199999999993,0.31943453382699416,2025-10
O003933,2025-09-04,C0067,P1004,3,683.22,已完成,赵磊,展会线索,减速电机C型,电机类,541,716.52,苏州精工,福建客户067,华南,广东,终端工厂,A,1124.04,234.74,174.34,94.21,38.9,2049.66,1666.23,383.42999999999984,0.18707005064254553,2025-09
O003934,2025-05-05,C0099,P1001,2,727.65,已完成,陈敏,展会线索,伺服电机A型,电机类,522,799.93,南通华科,广西客户099,华南,福建,设备集成商,B,699.98,126.43,155.52,46.12,8.91,1455.3,1036.96,418.3399999999999,0.28745963031677313,2025-05
O003935,2025-07-14,C0032,P1001,6,794.81,已完成,刘洋,经销,伺服电机A型,电机类,522,799.93,南通华科,天津客户032,华北,天津,设备集成商,B,2001.16,404.43,442.17,121.51,32.98,4768.86,3002.2500000000005,1766.6099999999992,0.3704470250751751,2025-07
O003936,2025-02-07,C0034,P1014,35,40.39,已完成,张伟,展会线索,工业线缆,配套耗材,34,41.43,南通华科,广东客户034,华南,广东,经销商,A,847.0,211.1,128.89,32.6,19.62,1413.65,1239.2099999999996,174.4400000000005,0.12339688041594489,2025-02
O003937,2025-02-11,C0099,P1009,33,667.94,已完成,李娜,展会线索,同步带轮组件,传动部件,565,711.1,南通华科,广西客户099,华南,福建,设备集成商,B,11840.52,2414.82,2241.03,1062.89,428.42,22042.02,17987.679999999997,4054.340000000004,0.183936862410977,2025-02
O003938,2025-08-20,C0012,P1014,33,41.52,已完成,王强,展会线索,工业线缆,配套耗材,34,41.43,南通华科,云南客户012,西南,云南,终端工厂,A,790.09,181.48,160.72,43.07,17.75,1370.16,1193.11,177.05000000000018,0.1292184854323584,2025-08
O003939,2025-08-04,C0028,P1010,29,536.71,已完成,赵磊,直销,联轴器套件,传动部件,456,621.63,上海工控,广东客户028,华南,广东,经销商,B,9037.88,2167.11,1399.24,355.98,302.64,15564.59,13262.849999999999,2301.7400000000016,0.1478831116013979,2025-08
O003940,2025-09-11,C0080,P1005,1,1373.86,已完成,刘洋,直销,PLC控制器标准版,控制器类,980,1458.49,苏州精工,广西客户080,华南,广东,终端工厂,B,640.44,133.39,122.81,34.6,8.75,1373.86,939.9900000000001,433.8699999999998,0.31580364811552836,2025-09
O003941,2025-05-13,C0022,P1006,13,2312.36,已完成,赵磊,经销,PLC控制器增强版,控制器类,1773,2443.12,苏州精工,湖南客户022,华中,河南,终端工厂,A,14769.71,3651.18,2613.55,1132.34,195.43,30060.68,22362.21,7698.470000000001,0.25609766645332044,2025-05
O003942,2025-04-01,C0045,P1010,26,597.99,已完成,王强,老客户复购,联轴器套件,传动部件,456,621.63,上海工控,安徽客户045,华东,江苏,设备集成商,A,7400.37,2035.6,1726.25,595.65,84.94,15547.74,11842.81,3704.9300000000003,0.23829379704059886,2025-04
O003943,2025-09-28,C0026,P1012,22,348.25,已完成,张伟,展会线索,不锈钢轴套,机加工件,315,371.9,南通华科,河南客户026,华中,湖北,经销商,B,4462.47,1169.36,753.15,332.89,105.45,7661.5,6823.32,838.1800000000003,0.10940155322064873,2025-09
O003944,2025-08-28,C0062,P1006,7,2300.17,已完成,刘洋,经销,PLC控制器增强版,控制器类,1773,2443.12,苏州精工,浙江客户062,华东,上海,经销商,C,11345.74,1969.26,1551.62,406.06,242.98,16101.19,15515.659999999998,585.5300000000025,0.03636563508659934,2025-08
O003945,2025-11-23,C0042,P1004,10,717.32,已完成,李娜,直销,减速电机C型,电机类,541,716.52,苏州精工,重庆客户042,西南,云南,终端工厂,B,3378.4,772.52,654.85,248.06,48.12,7173.200000000001,5101.950000000001,2071.25,0.2887483968103496,2025-11
O003946,2025-08-10,C0092,P1008,31,700.41,已完成,陈敏,直销,精密齿轮箱,传动部件,523,743.47,上海工控,江苏客户092,华东,江苏,终端工厂,B,11565.41,2479.14,2519.91,946.52,170.98,21712.71,17681.96,4030.75,0.18564011585840737,2025-08
O003947,2025-05-30,C0038,P1012,24,382.26,已完成,刘洋,经销,不锈钢轴套,机加工件,315,371.9,南通华科,江苏客户038,华东,安徽,终端工厂,A,4787.25,1297.86,999.18,143.95,174.43,9174.24,7402.67,1771.5699999999997,0.19310264392472834,2025-05
O003948,2025-10-10,C0082,P1015,19,76.47,已完成,王强,老客户复购,传感器支架,配套耗材,70,84.31,苏州精工,河北客户082,华北,河北,经销商,A,887.51,183.61,174.22,63.64,9.67,1452.93,1318.65,134.27999999999997,0.0924201441225661,2025-10
O003949,2025-12-03,C0056,P1011,36,479.17,已完成,陈敏,直销,铝合金支架,机加工件,393,502.7,无锡智造,山东客户056,华东,山东,设备集成商,A,9279.58,1968.44,2127.56,728.75,189.78,17250.12,14294.11,2956.0099999999984,0.17136170646928825,2025-12
O003950,2025-12-24,C0011,P1008,36,641.45,已完成,陈敏,经销,精密齿轮箱,传动部件,523,743.47,上海工控,上海客户011,华东,上海,经销商,A,12924.46,2704.96,2528.2,1147.51,300.97,23092.2,19606.1,3486.100000000002,0.15096439490390703,2025-12
O003951,2025-05-08,C0029,P1013,35,168.91,已完成,刘洋,直销,CNC定制件,机加工件,138,172.93,南通华科,云南客户029,西南,四川,终端工厂,B,3472.08,796.14,517.99,253.37,43.86,5911.849999999999,5083.44,828.4099999999999,0.14012703299305632,2025-05
O003952,2025-10-22,C0065,P1006,12,2369.98,已完成,张伟,老客户复购,PLC控制器增强版,控制器类,1773,2443.12,苏州精工,安徽客户065,华东,山东,经销商,B,14323.7,3335.96,3266.59,636.05,515.87,28439.760000000002,22078.17,6361.590000000004,0.22368648680579595,2025-10
O003953,2025-11-05,C0109,P1002,3,947.98,已完成,张伟,展会线索,伺服电机B型,电机类,690,1040.91,南通华科,浙江客户109,华东,安徽,经销商,B,1476.84,259.51,316.95,68.46,17.68,2843.94,2139.4399999999996,704.5000000000005,0.24771971279281577,2025-11
O003954,2025-06-23,C0070,P1015,15,84.15,已完成,张伟,经销,传感器支架,配套耗材,70,84.31,苏州精工,四川客户070,西南,四川,设备集成商,B,751.65,150.71,144.25,43.36,10.35,1262.25,1100.32,161.93000000000006,0.1282867894632601,2025-06
O003955,2025-01-29,C0088,P1003,14,1550.84,已完成,赵磊,展会线索,步进电机A型,电机类,1120,1636.22,常州机电,河南客户088,华中,河南,终端工厂,A,10771.48,1924.98,1759.07,1043.54,419.09,21711.76,15918.16,5793.5999999999985,0.2668415642029941,2025-01
O003956,2025-06-15,C0088,P1010,22,588.94,已完成,张伟,展会线索,联轴器套件,传动部件,456,621.63,上海工控,河南客户088,华中,河南,终端工厂,A,6704.04,1305.61,1256.98,592.09,78.44,12956.68,9937.16,3019.5200000000004,0.23304735472358662,2025-06
O003957,2025-09-03,C0039,P1002,15,996.84,已完成,刘洋,展会线索,伺服电机B型,电机类,690,1040.91,南通华科,湖北客户039,华中,河南,经销商,B,6549.34,1798.2,1292.95,267.97,105.99,14952.6,10014.45,4938.15,0.3302536013803619,2025-09
O003958,2025-08-20,C0091,P1001,1,740.9,已完成,张伟,老客户复购,伺服电机A型,电机类,522,799.93,南通华科,广东客户091,华南,广东,经销商,A,437.7,77.99,57.3,34.3,13.1,740.9,620.3899999999999,120.5100000000001,0.16265352949115955,2025-08
O003959,2025-07-26,C0119,P1009,7,642.25,已完成,刘洋,直销,同步带轮组件,传动部件,565,711.1,南通华科,北京客户119,华北,北京,设备集成商,A,2681.88,532.58,522.01,111.38,43.78,4495.75,3891.6300000000006,604.1199999999994,0.13437579936606783,2025-07
O003960,2025-07-18,C0037,P1013,16,161.89,已完成,陈敏,老客户复购,CNC定制件,机加工件,138,172.93,南通华科,福建客户037,华南,广东,经销商,B,1501.85,336.35,273.16,48.61,50.62,2590.24,2210.5899999999997,379.6500000000001,0.14656942985978139,2025-07
O003961,2025-02-15,C0086,P1013,23,164.95,已完成,刘洋,老客户复购,CNC定制件,机加工件,138,172.93,南通华科,云南客户086,西南,云南,设备集成商,B,2023.3,501.45,333.16,148.31,24.37,3793.85,3030.5899999999997,763.2600000000002,0.20118349433952323,2025-02
O003962,2025-08-07,C0033,P1007,3,1067.72,已完成,王强,直销,变频控制器A型,控制器类,780,1044.88,南通华科,江苏客户033,华东,浙江,终端工厂,B,1827.08,371.64,273.72,107.79,22.0,3203.16,2602.2299999999996,600.9300000000003,0.18760536470235653,2025-08
O003963,2025-02-08,C0013,P1005,16,1338.87,已完成,陈敏,展会线索,PLC控制器标准版,控制器类,980,1458.49,苏州精工,湖北客户013,华中,湖北,设备集成商,B,10872.16,1914.66,1673.18,482.5,113.6,21421.92,15056.1,6365.819999999998,0.2971638396558291,2025-02
O003964,2025-01-12,C0018,P1009,15,632.52,已完成,张伟,经销,同步带轮组件,传动部件,565,711.1,南通华科,上海客户018,华东,山东,经销商,B,5335.33,1160.09,894.75,429.93,56.84,9487.8,7876.9400000000005,1610.8599999999988,0.16978224667467684,2025-01
O003965,2025-02-17,C0050,P1006,16,2475.63,已完成,刘洋,老客户复购,PLC控制器增强版,控制器类,1773,2443.12,苏州精工,广东客户050,华南,广西,终端工厂,A,20030.6,4804.73,3008.3,629.08,227.75,39610.08,28700.46,10909.620000000003,0.2754253462754936,2025-02
O003966,2025-01-19,C0057,P1002,16,996.65,已完成,赵磊,展会线索,伺服电机B型,电机类,690,1040.91,南通华科,浙江客户057,华东,上海,设备集成商,C,7496.58,1768.84,1515.12,541.41,121.52,15946.4,11443.470000000001,4502.9299999999985,0.2823790949681432,2025-01
O003967,2025-08-27,C0040,P1004,4,698.59,已完成,陈敏,老客户复购,减速电机C型,电机类,541,716.52,苏州精工,浙江客户040,华东,江苏,终端工厂,A,2029.55,302.21,344.45,79.56,25.0,2794.36,2780.7699999999995,13.5900000000006,0.004863367640533288,2025-08
O003968,2025-09-28,C0102,P1013,9,173.82,已完成,陈敏,展会线索,CNC定制件,机加工件,138,172.93,南通华科,北京客户102,华北,天津,终端工厂,C,840.51,202.83,154.63,72.03,29.36,1564.3799999999999,1299.3599999999997,265.0200000000002,0.16940896713074843,2025-09
O003969,2025-09-23,C0009,P1011,29,491.52,已完成,赵磊,老客户复购,铝合金支架,机加工件,393,502.7,无锡智造,安徽客户009,华东,浙江,终端工厂,A,7563.93,1532.25,1582.59,690.05,204.36,14254.08,11573.18,2680.8999999999996,0.18807948320761492,2025-09
O003970,2025-01-16,C0013,P1003,5,1568.8,已完成,王强,老客户复购,步进电机A型,电机类,1120,1636.22,常州机电,湖北客户013,华中,湖北,设备集成商,B,4006.36,787.52,867.47,148.56,81.44,7844.0,5891.35,1952.6499999999996,0.2489354920958694,2025-01
O003971,2025-12-01,C0054,P1006,17,2507.49,已完成,张伟,老客户复购,PLC控制器增强版,控制器类,1773,2443.12,苏州精工,天津客户054,华北,北京,终端工厂,A,20177.81,4798.04,3546.04,2018.33,790.84,42627.329999999994,31331.06,11296.269999999993,0.26500064629898223,2025-12
O003972,2025-01-09,C0104,P1009,24,722.42,已完成,王强,展会线索,同步带轮组件,传动部件,565,711.1,南通华科,安徽客户104,华东,安徽,终端工厂,B,9491.1,1720.25,1419.7,562.35,285.73,17338.079999999998,13479.130000000001,3858.949999999997,0.2225707806170001,2025-01
O003973,2025-06-21,C0093,P1015,107,86.48,已完成,王强,老客户复购,传感器支架,配套耗材,70,84.31,苏州精工,湖北客户093,华中,湖南,终端工厂,B,4736.1,1187.06,986.22,373.92,106.7,9253.36,7390.0,1863.3600000000006,0.20137117760467554,2025-06
O003974,2025-01-13,C0055,P1015,59,79.34,已完成,赵磊,直销,传感器支架,配套耗材,70,84.31,苏州精工,天津客户055,华北,天津,设备集成商,C,2846.93,535.15,466.18,218.22,46.53,4681.06,4113.009999999999,568.0500000000011,0.12135071970878412,2025-01
O003975,2025-11-10,C0002,P1010,18,565.06,已完成,张伟,展会线索,联轴器套件,传动部件,456,621.63,上海工控,广东客户002,华南,福建,经销商,B,5897.86,1007.71,1065.01,268.26,202.81,10171.079999999998,8441.65,1729.4299999999985,0.17003405734690896,2025-11
O003976,2025-11-17,C0028,P1006,1,2251.29,已完成,张伟,直销,PLC控制器增强版,控制器类,1773,2443.12,苏州精工,广东客户028,华南,广东,经销商,B,1274.79,237.79,205.73,92.84,41.3,2251.29,1852.4499999999998,398.84000000000015,0.1771606501161557,2025-11
O003977,2025-05-13,C0108,P1014,115,41.15,已完成,李娜,展会线索,工业线缆,配套耗材,34,41.43,南通华科,湖北客户108,华中,湖南,终端工厂,A,2683.71,672.06,405.85,177.07,73.36,4732.25,4012.05,720.1999999999998,0.15218976174124355,2025-05
O003978,2025-06-10,C0035,P1005,7,1470.4,已完成,王强,老客户复购,PLC控制器标准版,控制器类,980,1458.49,苏州精工,江苏客户035,华东,浙江,终端工厂,A,4383.76,1143.41,1074.66,477.88,89.29,10292.800000000001,7169.0,3123.800000000001,0.30349370433701234,2025-06
O003979,2025-11-09,C0106,P1008,15,712.95,退货,刘洋,经销,精密齿轮箱,传动部件,523,743.47,上海工控,河北客户106,华北,天津,经销商,C,5118.07,1176.57,859.04,517.48,79.39,10694.25,7750.55,2943.7,0.2752600696636043,2025-11
O003980,2025-08-20,C0012,P1005,8,1437.89,已完成,刘洋,展会线索,PLC控制器标准版,控制器类,980,1458.49,苏州精工,云南客户012,西南,云南,终端工厂,A,6852.47,1101.41,1053.88,191.54,92.89,11503.12,9292.19,2210.9300000000003,0.19220263719756034,2025-08
O003981,2025-11-01,C0048,P1010,34,545.0,已完成,王强,老客户复购,联轴器套件,传动部件,456,621.63,上海工控,江苏客户048,华东,山东,经销商,A,10662.4,2583.8,1578.44,376.85,295.5,18530.0,15496.990000000002,3033.0099999999984,0.1636810577441985,2025-11
O003982,2025-06-24,C0003,P1006,16,2368.98,已完成,赵磊,直销,PLC控制器增强版,控制器类,1773,2443.12,苏州精工,上海客户003,华东,安徽,终端工厂,A,19894.64,3806.82,3227.69,685.34,274.97,37903.68,27889.46,10014.220000000001,0.26420178726709387,2025-06
O003983,2025-03-10,C0009,P1005,1,1497.38,已完成,刘洋,直销,PLC控制器标准版,控制器类,980,1458.49,苏州精工,安徽客户009,华东,浙江,终端工厂,A,608.39,152.28,151.15,30.3,24.36,1497.38,966.4799999999999,530.9000000000002,0.3545526185737756,2025-03
O003984,2025-07-05,C0079,P1015,82,76.22,已完成,刘洋,老客户复购,传感器支架,配套耗材,70,84.31,苏州精工,安徽客户079,华东,浙江,经销商,A,3888.08,1012.51,848.87,280.29,91.17,6250.04,6120.92,129.1199999999999,0.02065906778196618,2025-07
O003985,2025-05-07,C0075,P1014,47,41.04,已完成,张伟,经销,工业线缆,配套耗材,34,41.43,南通华科,江苏客户075,华东,上海,终端工厂,A,1120.41,225.4,179.84,90.54,30.89,1928.8799999999999,1647.0800000000002,281.7999999999997,0.1460951432955911,2025-05
O003986,2025-07-22,C0118,P1005,1,1374.97,已取消,王强,直销,PLC控制器标准版,控制器类,980,1458.49,苏州精工,浙江客户118,华东,浙江,终端工厂,B,616.49,168.57,118.52,34.98,19.73,1374.97,958.29,416.68000000000006,0.3030466119260784,2025-07
O003987,2025-01-29,C0012,P1013,40,176.44,已完成,陈敏,直销,CNC定制件,机加工件,138,172.93,南通华科,云南客户012,西南,云南,终端工厂,A,3736.27,840.67,636.42,342.94,135.87,7057.6,5692.169999999999,1365.4300000000012,0.19346945137157123,2025-01
O003988,2025-07-19,C0116,P1011,41,477.99,已完成,赵磊,老客户复购,铝合金支架,机加工件,393,502.7,无锡智造,北京客户116,华北,北京,终端工厂,A,9996.77,2260.16,1655.34,877.16,358.59,19597.59,15148.02,4449.57,0.22704679503959413,2025-07
O003989,2025-08-09,C0079,P1004,16,697.29,退货,赵磊,经销,减速电机C型,电机类,541,716.52,苏州精工,安徽客户079,华东,浙江,经销商,A,7125.32,1474.82,1230.9,362.42,116.67,11156.64,10310.13,846.5100000000002,0.07587499462203677,2025-08
O003990,2025-07-29,C0015,P1009,28,638.41,已完成,张伟,老客户复购,同步带轮组件,传动部件,565,711.1,南通华科,北京客户015,华北,河北,经销商,C,10218.82,2431.91,1740.33,377.49,92.16,17875.48,14860.71,3014.7700000000004,0.16865393264964076,2025-07
O003991,2025-02-07,C0084,P1012,11,373.41,已完成,李娜,展会线索,不锈钢轴套,机加工件,315,371.9,南通华科,天津客户084,华北,河北,终端工厂,A,2360.82,622.52,531.37,163.06,68.94,4107.51,3746.71,360.8000000000002,0.08783910446961789,2025-02
O003992,2025-09-18,C0090,P1001,7,784.23,已完成,刘洋,经销,伺服电机A型,电机类,522,799.93,南通华科,河北客户090,华北,北京,终端工厂,B,2417.8,503.83,446.22,97.99,79.64,5489.610000000001,3545.48,1944.1300000000006,0.35414719807053696,2025-09
O003993,2025-01-12,C0035,P1002,1,1032.58,已完成,刘洋,直销,伺服电机B型,电机类,690,1040.91,南通华科,江苏客户035,华东,浙江,终端工厂,A,439.87,114.38,76.87,23.73,19.99,1032.58,674.84,357.7399999999999,0.34645257510313965,2025-01
O003994,2025-10-20,C0075,P1012,21,350.32,已完成,李娜,老客户复购,不锈钢轴套,机加工件,315,371.9,南通华科,江苏客户075,华东,上海,终端工厂,A,4171.02,991.79,686.38,133.63,106.69,7356.72,6089.51,1267.21,0.17225203623353885,2025-10
O003995,2025-05-09,C0062,P1010,24,550.8,已完成,陈敏,经销,联轴器套件,传动部件,456,621.63,上海工控,浙江客户062,华东,上海,经销商,C,7475.55,1440.09,1667.31,523.17,125.7,13219.199999999999,11231.82,1987.3799999999992,0.15034041394335507,2025-05
O003996,2025-08-07,C0031,P1012,20,361.62,已完成,陈敏,经销,不锈钢轴套,机加工件,315,371.9,南通华科,山东客户031,华东,上海,经销商,A,4062.48,1041.12,907.31,146.16,74.04,7232.4,6231.11,1001.29,0.1384450528178751,2025-08
O003997,2025-08-17,C0013,P1009,10,655.64,已完成,陈敏,老客户复购,同步带轮组件,传动部件,565,711.1,南通华科,湖北客户013,华中,湖北,设备集成商,B,3625.42,777.71,662.48,322.32,106.56,6556.4,5494.490000000001,1061.909999999999,0.16196540784576888,2025-08
O003998,2025-08-03,C0075,P1004,6,677.46,已完成,李娜,直销,减速电机C型,电机类,541,716.52,苏州精工,江苏客户075,华东,上海,终端工厂,A,2783.52,443.55,324.7,69.25,54.04,4064.76,3675.06,389.7000000000003,0.09587281905942792,2025-08
O003999,2025-10-18,C0009,P1006,15,2400.2,已完成,李娜,直销,PLC控制器增强版,控制器类,1773,2443.12,苏州精工,安徽客户009,华东,浙江,终端工厂,A,17002.06,3270.61,4057.14,1296.27,238.0,36003.0,25864.08,10138.919999999998,0.2816131989000916,2025-10
O004000,2025-02-06,C0111,P1009,19,627.41,已完成,刘洋,展会线索,同步带轮组件,传动部件,565,711.1,南通华科,广东客户111,华南,广东,经销商,A,7478.43,1775.03,1259.9,257.43,205.15,11920.789999999999,10975.94,944.8499999999985,0.07926068658201332,2025-02
O004001,2025-10-21,C0117,P1011,28,466.28,已完成,刘洋,老客户复购,铝合金支架,机加工件,393,502.7,无锡智造,上海客户117,华东,安徽,经销商,B,7185.13,1879.99,1129.22,423.99,100.45,13055.84,10718.78,2337.0599999999995,0.17900495104106665,2025-10
O004002,2025-05-30,C0059,P1014,70,36.99,已完成,陈敏,直销,工业线缆,配套耗材,34,41.43,南通华科,河北客户059,华北,河北,经销商,B,1635.55,428.0,296.91,47.93,25.28,2589.3,2433.67,155.6300000000001,0.06010504769628861,2025-05
O004003,2025-11-13,C0105,P1012,33,348.82,已完成,王强,老客户复购,不锈钢轴套,机加工件,315,371.9,南通华科,安徽客户105,华东,安徽,设备集成商,B,7371.62,1725.01,1184.33,556.86,164.99,11511.06,11002.81,508.25,0.044153188324967466,2025-11
O004004,2025-02-05,C0020,P1013,16,167.4,已完成,李娜,展会线索,CNC定制件,机加工件,138,172.93,南通华科,福建客户020,华南,福建,经销商,B,1406.07,340.78,280.59,117.02,27.22,2678.4,2171.68,506.72000000000025,0.18918757467144573,2025-02
O004005,2025-01-06,C0031,P1008,12,704.29,已完成,陈敏,经销,精密齿轮箱,传动部件,523,743.47,上海工控,山东客户031,华东,上海,经销商,A,4440.26,1058.88,881.63,203.27,165.27,8451.48,6749.310000000001,1702.1699999999983,0.20140496102457775,2025-01
O004006,2025-05-15,C0075,P1013,22,164.21,已完成,李娜,展会线索,CNC定制件,机加工件,138,172.93,南通华科,江苏客户075,华东,上海,终端工厂,A,2048.9,529.63,342.9,178.53,62.28,3612.6200000000003,3162.2400000000007,450.37999999999965,0.12466852312172319,2025-05
O004007,2025-07-30,C0040,P1001,2,777.66,已完成,张伟,直销,伺服电机A型,电机类,522,799.93,南通华科,浙江客户040,华东,江苏,终端工厂,A,746.38,138.58,131.38,28.64,10.97,1555.32,1055.95,499.3699999999999,0.3210721909317696,2025-07
O004008,2025-10-09,C0078,P1012,14,359.31,已完成,赵磊,老客户复购,不锈钢轴套,机加工件,315,371.9,南通华科,四川客户078,西南,云南,设备集成商,A,2859.43,781.0,617.54,130.85,97.18,5030.34,4486.0,544.3400000000001,0.10821137338629201,2025-10
O004009,2025-01-08,C0043,P1005,7,1436.3,已完成,刘洋,老客户复购,PLC控制器标准版,控制器类,980,1458.49,苏州精工,广东客户043,华南,广东,设备集成商,B,4760.66,1196.51,1067.64,415.0,86.94,10054.1,7526.75,2527.3500000000004,0.25137506092042056,2025-01
O004010,2025-04-28,C0116,P1013,40,172.56,已完成,王强,展会线索,CNC定制件,机加工件,138,172.93,南通华科,北京客户116,华北,北京,终端工厂,A,3972.52,770.07,774.47,307.63,52.65,6902.4,5877.34,1025.0599999999995,0.14850776541492808,2025-04
O004011,2025-10-13,C0035,P1009,10,717.79,已完成,张伟,经销,同步带轮组件,传动部件,565,711.1,南通华科,江苏客户035,华东,浙江,终端工厂,A,3847.11,805.18,647.81,110.63,129.77,7177.9,5540.500000000001,1637.3999999999987,0.2281168586912605,2025-10
O004012,2025-02-04,C0025,P1007,8,907.08,已完成,李娜,老客户复购,变频控制器A型,控制器类,780,1044.88,南通华科,广东客户025,华南,福建,经销商,B,3953.59,1077.57,848.9,266.59,126.48,7256.64,6273.129999999999,983.5100000000011,0.1355324227190547,2025-02
O004013,2025-01-13,C0028,P1005,8,1324.39,已完成,陈敏,直销,PLC控制器标准版,控制器类,980,1458.49,苏州精工,广东客户028,华南,广东,经销商,B,5260.2,1108.87,849.29,370.45,140.89,10595.12,7729.7,2865.420000000001,0.27044714925361873,2025-01
O004014,2025-10-17,C0046,P1009,6,703.57,已完成,王强,展会线索,同步带轮组件,传动部件,565,711.1,南通华科,湖南客户046,华中,湖南,终端工厂,C,2201.43,528.85,428.37,182.34,56.53,4221.42,3397.52,823.9000000000001,0.19517129307199949,2025-10
O004015,2025-04-27,C0020,P1012,9,349.54,退货,陈敏,经销,不锈钢轴套,机加工件,315,371.9,南通华科,福建客户020,华南,福建,经销商,B,2022.4,428.31,434.46,104.5,42.06,3145.86,3031.73,114.13000000000011,0.03627942756511736,2025-04
O004016,2025-04-08,C0059,P1006,5,2243.8,已完成,张伟,直销,PLC控制器增强版,控制器类,1773,2443.12,苏州精工,河北客户059,华北,河北,经销商,B,5821.48,1276.65,1382.82,255.96,76.53,11219.0,8813.439999999999,2405.5600000000013,0.2144183973616188,2025-04
O004017,2025-06-13,C0053,P1006,10,2358.22,已完成,李娜,直销,PLC控制器增强版,控制器类,1773,2443.12,苏州精工,河北客户053,华北,河北,终端工厂,A,12464.56,2741.32,2075.81,710.63,303.59,23582.199999999997,18295.91,5286.289999999997,0.22416441214136076,2025-06
O004018,2025-09-06,C0031,P1012,19,350.25,已完成,李娜,经销,不锈钢轴套,机加工件,315,371.9,南通华科,山东客户031,华东,上海,经销商,A,4065.1,1013.04,740.11,257.39,116.6,6654.75,6192.24,462.5100000000002,0.06950073255945005,2025-09
O004019,2025-07-17,C0038,P1006,7,2443.91,已完成,刘洋,展会线索,PLC控制器增强版,控制器类,1773,2443.12,苏州精工,江苏客户038,华东,安徽,终端工厂,A,8742.03,1678.65,1501.86,612.82,312.84,17107.37,12848.2,4259.169999999998,0.24896696569957852,2025-07
O004020,2025-06-15,C0029,P1011,13,474.14,已完成,王强,经销,铝合金支架,机加工件,393,502.7,无锡智造,云南客户029,西南,四川,终端工厂,B,3571.42,792.09,812.45,187.16,108.71,6163.82,5471.83,691.9899999999998,0.11226641920107983,2025-06
O004021,2025-11-04,C0081,P1003,12,1600.45,已完成,赵磊,老客户复购,步进电机A型,电机类,1120,1636.22,常州机电,安徽客户081,华东,江苏,经销商,B,9432.76,2345.04,2140.46,621.28,152.38,19205.4,14691.919999999998,4513.480000000003,0.23501098649338223,2025-11
O004022,2025-11-29,C0120,P1009,32,649.15,已完成,王强,直销,同步带轮组件,传动部件,565,711.1,南通华科,浙江客户120,华东,山东,经销商,C,12042.9,3095.89,2715.01,555.86,118.6,20772.8,18528.26,2244.540000000001,0.10805187552953867,2025-11
O004023,2025-08-04,C0056,P1004,4,669.16,已完成,刘洋,老客户复购,减速电机C型,电机类,541,716.52,苏州精工,山东客户056,华东,山东,设备集成商,A,1872.77,321.24,227.54,114.62,24.77,2676.64,2560.94,115.69999999999982,0.043225835375694834,2025-08
O004024,2025-06-30,C0084,P1008,27,733.68,已完成,赵磊,展会线索,精密齿轮箱,传动部件,523,743.47,上海工控,天津客户084,华北,河北,终端工厂,A,8898.33,2423.76,2038.46,566.44,286.09,19809.359999999997,14213.08,5596.279999999997,0.28250685534514985,2025-06
O004025,2025-10-01,C0031,P1003,17,1499.03,已完成,陈敏,展会线索,步进电机A型,电机类,1120,1636.22,常州机电,山东客户031,华东,上海,经销商,A,12161.71,3410.55,2813.47,1085.93,186.05,25483.51,19657.71,5825.799999999999,0.22861057993973355,2025-10
O004026,2025-05-23,C0027,P1004,9,686.17,已完成,王强,展会线索,减速电机C型,电机类,541,716.52,苏州精工,浙江客户027,华东,浙江,终端工厂,A,3027.41,755.29,529.0,261.32,69.42,6175.53,4642.44,1533.0900000000001,0.24825237671908326,2025-05
O004027,2025-10-19,C0097,P1011,22,470.43,已完成,李娜,展会线索,铝合金支架,机加工件,393,502.7,无锡智造,上海客户097,华东,安徽,经销商,C,5653.27,1075.73,1381.32,501.54,72.18,10349.460000000001,8684.04,1665.42,0.16091854067748462,2025-10
O004028,2025-08-15,C0065,P1011,42,452.69,已完成,赵磊,老客户复购,铝合金支架,机加工件,393,502.7,无锡智造,安徽客户065,华东,山东,经销商,B,10783.06,2367.74,1944.54,907.04,300.79,19012.98,16303.170000000002,2709.8099999999977,0.14252421240647167,2025-08
O004029,2025-09-17,C0100,P1011,42,495.15,已完成,刘洋,经销,铝合金支架,机加工件,393,502.7,无锡智造,福建客户100,华南,广东,设备集成商,A,11811.56,2846.8,2397.87,819.25,374.18,20796.3,18249.66,2546.6399999999994,0.12245639849396285,2025-09
O004030,2025-07-26,C0107,P1002,11,935.88,已完成,张伟,展会线索,伺服电机B型,电机类,690,1040.91,南通华科,安徽客户107,华东,安徽,经销商,B,5225.07,996.74,1054.16,339.98,203.1,10294.68,7819.049999999999,2475.630000000001,0.240476634533565,2025-07
O004031,2025-08-26,C0021,P1011,11,436.79,已完成,陈敏,展会线索,铝合金支架,机加工件,393,502.7,无锡智造,山东客户021,华东,江苏,经销商,A,2900.72,528.73,500.83,226.34,93.38,4804.6900000000005,4250.0,554.6900000000005,0.11544761472644446,2025-08
O004032,2025-03-17,C0047,P1002,17,930.22,已完成,刘洋,直销,伺服电机B型,电机类,690,1040.91,南通华科,云南客户047,西南,云南,经销商,A,8127.13,1447.62,1189.57,502.65,316.2,15813.74,11583.17,4230.57,0.2675249498221167,2025-03
O004033,2025-03-23,C0025,P1001,6,728.56,已完成,李娜,直销,伺服电机A型,电机类,522,799.93,南通华科,广东客户025,华南,福建,经销商,B,2214.1,551.19,430.38,197.01,42.82,4371.36,3435.5000000000005,935.8599999999992,0.21408897917352937,2025-03
O004034,2025-03-06,C0040,P1008,33,733.2,已完成,刘洋,展会线索,精密齿轮箱,传动部件,523,743.47,上海工控,浙江客户040,华东,江苏,终端工厂,A,10747.81,3021.97,1952.09,979.85,360.14,24195.600000000002,17061.859999999997,7133.740000000005,0.2948362512192301,2025-03
O004035,2025-07-25,C0048,P1004,5,662.75,已取消,王强,经销,减速电机C型,电机类,541,716.52,苏州精工,江苏客户048,华东,山东,经销商,A,1719.88,356.37,323.91,137.5,18.52,3313.75,2556.18,757.5700000000002,0.22861410788381747,2025-07
O004036,2025-01-16,C0074,P1001,7,798.23,已完成,刘洋,展会线索,伺服电机A型,电机类,522,799.93,南通华科,安徽客户074,华东,浙江,终端工厂,B,2414.22,584.3,402.99,107.17,60.64,5587.610000000001,3569.3199999999993,2018.2900000000013,0.36120810149598864,2025-01
O004037,2025-02-13,C0005,P1006,15,2335.75,已完成,王强,直销,PLC控制器增强版,控制器类,1773,2443.12,苏州精工,河南客户005,华中,湖南,设备集成商,B,17251.0,4227.16,4206.64,531.02,649.42,35036.25,26865.239999999998,8171.010000000002,0.23321588354918127,2025-02
O004038,2025-11-10,C0031,P1005,8,1328.94,已完成,刘洋,展会线索,PLC控制器标准版,控制器类,980,1458.49,苏州精工,山东客户031,华东,上海,经销商,A,5200.45,1253.15,1184.32,372.86,68.68,10631.52,8079.46,2552.0600000000004,0.24004657847607871,2025-11
O004039,2025-04-14,C0118,P1002,14,1016.72,已完成,李娜,经销,伺服电机B型,电机类,690,1040.91,南通华科,浙江客户118,华东,浙江,终端工厂,B,6125.01,1616.67,1098.79,497.0,162.57,14234.08,9500.04,4734.039999999999,0.33258489484392384,2025-04
O004040,2025-03-19,C0113,P1003,1,1530.81,已完成,刘洋,经销,步进电机A型,电机类,1120,1636.22,常州机电,安徽客户113,华东,浙江,经销商,B,728.41,187.28,161.14,57.58,16.21,1530.81,1150.62,380.19000000000005,0.2483587120544026,2025-03
O004041,2025-12-27,C0110,P1002,11,1016.7,已完成,刘洋,经销,伺服电机B型,电机类,690,1040.91,南通华科,云南客户110,西南,云南,终端工厂,A,4877.69,1145.74,1131.11,393.09,218.66,11183.7,7766.289999999999,3417.4100000000017,0.3055706072230122,2025-12
O004042,2025-12-24,C0101,P1004,9,711.96,已完成,王强,直销,减速电机C型,电机类,541,716.52,苏州精工,湖南客户101,华中,河南,终端工厂,A,3026.3,875.94,688.89,282.86,64.23,6407.64,4938.219999999999,1469.420000000001,0.22932312052487358,2025-12
O004043,2025-08-12,C0116,P1004,5,683.2,已完成,李娜,展会线索,减速电机C型,电机类,541,716.52,苏州精工,北京客户116,华北,北京,终端工厂,A,2345.7,453.95,393.95,91.18,33.7,3416.0,3318.479999999999,97.52000000000089,0.02854800936768176,2025-08
O004044,2025-07-03,C0063,P1006,5,2353.31,已完成,刘洋,展会线索,PLC控制器增强版,控制器类,1773,2443.12,苏州精工,福建客户063,华南,广东,终端工厂,A,6323.99,1297.19,1074.23,544.96,179.39,11766.55,9419.759999999998,2346.790000000001,0.19944588685723522,2025-07
O004045,2025-05-16,C0041,P1004,12,697.3,退货,李娜,展会线索,减速电机C型,电机类,541,716.52,苏州精工,福建客户041,华南,广东,终端工厂,A,4277.11,801.35,930.23,228.86,50.7,8367.599999999999,6288.25,2079.3499999999985,0.24850016731201288,2025-05
O004046,2025-01-01,C0041,P1004,8,705.54,已完成,张伟,老客户复购,减速电机C型,电机类,541,716.52,苏州精工,福建客户041,华南,广东,终端工厂,A,2948.36,603.24,520.69,179.33,88.97,5644.32,4340.590000000001,1303.7299999999987,0.23098087989341476,2025-01
O004047,2025-11-02,C0045,P1003,17,1538.92,已完成,李娜,经销,步进电机A型,电机类,1120,1636.22,常州机电,安徽客户045,华东,江苏,设备集成商,A,12330.93,2377.27,2388.86,442.72,404.43,26161.64,17944.210000000003,8217.429999999997,0.31410225047053614,2025-11
O004048,2025-12-04,C0029,P1015,61,82.15,已完成,张伟,直销,传感器支架,配套耗材,70,84.31,苏州精工,云南客户029,西南,四川,终端工厂,B,3057.0,681.17,497.56,107.04,42.55,5011.150000000001,4385.320000000001,625.8299999999999,0.12488750087305306,2025-12
O004049,2025-11-05,C0083,P1005,16,1397.25,已完成,刘洋,展会线索,PLC控制器标准版,控制器类,980,1458.49,苏州精工,浙江客户083,华东,山东,终端工厂,B,10069.08,2176.85,1659.58,1036.2,408.6,22356.0,15350.310000000001,7005.689999999999,0.31336956521739123,2025-11
O004050,2025-10-28,C0088,P1006,9,2380.58,已完成,陈敏,展会线索,PLC控制器增强版,控制器类,1773,2443.12,苏州精工,河南客户088,华中,河南,终端工厂,A,10875.07,1974.12,2365.47,367.71,141.33,21425.22,15723.699999999997,5701.520000000004,0.2661125533366754,2025-10
O004051,2025-06-18,C0079,P1016,45,94.34,已完成,陈敏,老客户复购,密封圈套装,配套耗材,83,101.3,苏州精工,安徽客户079,华东,浙江,经销商,A,2437.2,544.89,452.81,88.23,28.37,4245.3,3551.4999999999995,693.8000000000006,0.16342779073328165,2025-06
O004052,2025-03-29,C0018,P1011,4,441.24,已完成,赵磊,直销,铝合金支架,机加工件,393,502.7,无锡智造,上海客户018,华东,山东,经销商,B,1109.74,222.9,177.82,56.56,9.8,1764.96,1576.82,188.1400000000001,0.10659731665306868,2025-03
O004053,2025-10-05,C0004,P1010,8,585.87,已完成,赵磊,直销,联轴器套件,传动部件,456,621.63,上海工控,重庆客户004,西南,四川,终端工厂,A,2480.74,492.15,495.73,171.05,80.33,4686.96,3720.0,966.96,0.20630856674688924,2025-10
O004054,2025-08-15,C0086,P1008,37,671.59,已完成,刘洋,直销,精密齿轮箱,传动部件,523,743.47,上海工控,云南客户086,西南,云南,设备集成商,B,12442.51,2860.23,3051.91,1005.12,487.79,24848.83,19847.56,5001.27,0.2012678262920226,2025-08
O004055,2025-07-02,C0096,P1007,1,1015.47,已完成,陈敏,直销,变频控制器A型,控制器类,780,1044.88,南通华科,天津客户096,华北,北京,经销商,C,555.93,122.18,90.35,42.13,15.71,1015.47,826.3,189.17000000000007,0.1862881227411938,2025-07
O004056,2025-06-06,C0091,P1011,9,484.37,已完成,刘洋,展会线索,铝合金支架,机加工件,393,502.7,无锡智造,广东客户091,华南,广东,经销商,A,2401.23,572.53,483.92,144.64,49.0,4359.33,3651.32,708.0099999999998,0.1624125725742258,2025-06
O004057,2025-11-13,C0113,P1012,7,330.68,已完成,张伟,直销,不锈钢轴套,机加工件,315,371.9,南通华科,安徽客户113,华东,浙江,经销商,B,1376.96,379.13,335.01,82.85,20.88,2314.76,2194.8300000000004,119.92999999999984,0.05181098688416934,2025-11
O004058,2025-03-24,C0003,P1001,16,797.89,已完成,王强,直销,伺服电机A型,电机类,522,799.93,南通华科,上海客户003,华东,安徽,终端工厂,A,5201.74,1002.96,871.74,352.3,99.91,12766.24,7528.65,5237.59,0.41026880271716654,2025-03
O004059,2025-05-29,C0083,P1003,11,1576.9,已完成,王强,展会线索,步进电机A型,电机类,1120,1636.22,常州机电,浙江客户083,华东,山东,终端工厂,B,7964.95,1995.59,1941.0,385.72,207.88,17345.9,12495.139999999998,4850.760000000004,0.2796487930865509,2025-05
O004060,2025-08-20,C0105,P1005,5,1317.18,已完成,李娜,经销,PLC控制器标准版,控制器类,980,1458.49,苏州精工,安徽客户105,华东,安徽,设备集成商,B,4251.21,861.91,593.58,172.48,56.85,6585.900000000001,5936.03,649.8700000000008,0.09867595924626865,2025-08
O004061,2025-06-01,C0094,P1004,7,708.98,已完成,李娜,老客户复购,减速电机C型,电机类,541,716.52,苏州精工,安徽客户094,华东,安徽,终端工厂,A,2522.16,531.95,547.94,115.59,79.63,4962.860000000001,3797.27,1165.5900000000006,0.23486255908891254,2025-06
O004062,2025-09-19,C0056,P1011,7,468.7,已完成,刘洋,直销,铝合金支架,机加工件,393,502.7,无锡智造,山东客户056,华东,山东,设备集成商,A,1784.89,427.96,380.48,126.36,25.03,3280.9,2744.7200000000003,536.1799999999998,0.16342467006004444,2025-09
O004063,2025-07-13,C0037,P1011,30,444.22,已完成,刘洋,展会线索,铝合金支架,机加工件,393,502.7,无锡智造,福建客户037,华南,广东,经销商,B,7643.12,1588.9,1586.58,235.23,170.23,13326.6,11224.06,2102.540000000001,0.15777017393783868,2025-07
O004064,2025-12-25,C0053,P1005,12,1435.55,已完成,王强,老客户复购,PLC控制器标准版,控制器类,980,1458.49,苏州精工,河北客户053,华北,河北,终端工厂,A,7394.06,1649.03,1660.54,507.15,158.57,17226.6,11369.35,5857.249999999998,0.34001195825061237,2025-12
O004065,2025-04-02,C0023,P1005,1,1433.6,已完成,陈敏,老客户复购,PLC控制器标准版,控制器类,980,1458.49,苏州精工,江苏客户023,华东,浙江,设备集成商,B,667.95,161.13,112.97,36.53,20.94,1433.6,999.5200000000001,434.0799999999998,0.3027901785714285,2025-04
O004066,2025-03-05,C0082,P1007,12,976.78,已完成,刘洋,老客户复购,变频控制器A型,控制器类,780,1044.88,南通华科,河北客户082,华北,河北,经销商,A,6706.65,1243.31,1303.43,547.75,139.83,11721.36,9940.97,1780.3900000000012,0.15189278377253163,2025-03
O004067,2025-07-26,C0025,P1004,14,659.26,已完成,赵磊,直销,减速电机C型,电机类,541,716.52,苏州精工,广东客户025,华南,福建,经销商,B,4935.86,1211.93,771.68,254.79,81.86,9229.64,7256.12,1973.5199999999995,0.2138241578219735,2025-07
O004068,2025-04-15,C0092,P1009,22,719.76,已完成,李娜,老客户复购,同步带轮组件,传动部件,565,711.1,南通华科,江苏客户092,华东,江苏,终端工厂,B,7985.8,1625.66,1792.7,766.85,170.56,15834.72,12341.570000000002,3493.149999999998,0.22060068002465455,2025-04
O004069,2025-01-10,C0044,P1007,7,992.4,已完成,王强,老客户复购,变频控制器A型,控制器类,780,1044.88,南通华科,安徽客户044,华东,安徽,终端工厂,A,3412.01,890.72,722.32,280.15,102.25,6946.8,5407.45,1539.3500000000004,0.22159123625266314,2025-01
O004070,2025-03-23,C0112,P1004,10,734.92,已完成,王强,经销,减速电机C型,电机类,541,716.52,苏州精工,广东客户112,华南,福建,终端工厂,A,3844.04,694.79,595.91,198.1,90.92,7349.2,5423.76,1925.4399999999996,0.2619931421107059,2025-03
O004071,2025-01-17,C0007,P1012,22,381.74,已完成,王强,展会线索,不锈钢轴套,机加工件,315,371.9,南通华科,福建客户007,华南,广西,终端工厂,A,4938.12,1208.72,1055.52,191.38,133.91,8398.28,7527.650000000001,870.6300000000001,0.1036676557580838,2025-01
O004072,2025-04-19,C0100,P1003,17,1582.56,已完成,刘洋,老客户复购,步进电机A型,电机类,1120,1636.22,常州机电,福建客户100,华南,广东,设备集成商,A,12534.97,3348.58,2149.09,536.56,474.46,26903.52,19043.66,7859.860000000001,0.29214987481192056,2025-04
O004073,2025-12-01,C0026,P1014,47,37.74,已完成,刘洋,经销,工业线缆,配套耗材,34,41.43,南通华科,河南客户026,华中,湖北,经销商,B,1105.32,270.52,174.94,81.54,26.9,1773.7800000000002,1659.22,114.56000000000017,0.06458523604956655,2025-12
O004074,2025-01-20,C0106,P1008,42,692.98,已完成,王强,展会线索,精密齿轮箱,传动部件,523,743.47,上海工控,河北客户106,华北,天津,经销商,C,15050.14,3403.74,3204.68,859.95,203.51,29105.16,22722.019999999997,6383.140000000003,0.21931300154336905,2025-01
O004075,2025-10-20,C0090,P1016,107,101.1,已完成,李娜,直销,密封圈套装,配套耗材,83,101.3,苏州精工,河北客户090,华北,北京,终端工厂,B,5985.14,1464.35,969.97,247.08,167.11,10817.699999999999,8833.65,1984.0499999999993,0.18340774841232418,2025-10
O004076,2025-08-18,C0048,P1016,108,98.87,已完成,赵磊,老客户复购,密封圈套装,配套耗材,83,101.3,苏州精工,江苏客户048,华东,山东,经销商,A,5799.4,1167.08,1374.75,220.3,108.51,10677.960000000001,8670.039999999999,2007.920000000002,0.18804340904067834,2025-08
O004077,2025-06-18,C0019,P1007,17,1018.01,已完成,张伟,老客户复购,变频控制器A型,控制器类,780,1044.88,南通华科,湖北客户019,华中,河南,终端工厂,B,8789.3,1970.02,1613.46,812.33,257.51,17306.17,13442.619999999999,3863.5499999999993,0.22324696914453052,2025-06
O004078,2025-10-03,C0044,P1015,32,84.6,已完成,赵磊,展会线索,传感器支架,配套耗材,70,84.31,苏州精工,安徽客户044,华东,安徽,终端工厂,A,1469.33,316.88,291.6,43.8,51.17,2707.2,2172.78,534.4199999999996,0.1974069148936169,2025-10
O004079,2025-02-15,C0096,P1006,17,2116.18,已完成,李娜,老客户复购,PLC控制器增强版,控制器类,1773,2443.12,苏州精工,天津客户096,华北,北京,经销商,C,19360.5,4878.49,4420.58,1581.41,269.26,35975.06,30510.239999999998,5464.82,0.15190579251292424,2025-02
O004080,2025-10-11,C0011,P1001,6,759.91,已完成,赵磊,老客户复购,伺服电机A型,电机类,522,799.93,南通华科,上海客户011,华东,上海,经销商,A,2109.93,391.56,464.44,146.02,33.64,4559.46,3145.5899999999997,1413.8700000000003,0.310095932413049,2025-10
O004081,2025-01-14,C0080,P1003,2,1623.15,已完成,陈敏,展会线索,步进电机A型,电机类,1120,1636.22,常州机电,广西客户080,华南,广东,终端工厂,B,1549.78,313.31,239.39,101.08,27.69,3246.3,2231.25,1015.0500000000002,0.3126790499953794,2025-01
O004082,2025-09-09,C0055,P1010,17,602.91,已完成,赵磊,展会线索,联轴器套件,传动部件,456,621.63,上海工控,天津客户055,华北,天津,设备集成商,C,5542.85,1098.32,1041.46,493.95,111.78,10249.47,8288.36,1961.1099999999988,0.1913376984370898,2025-09
O004083,2025-01-08,C0027,P1012,32,377.73,已完成,陈敏,直销,不锈钢轴套,机加工件,315,371.9,南通华科,浙江客户027,华东,浙江,终端工厂,A,6610.59,1307.82,1575.49,520.07,100.51,12087.36,10114.48,1972.880000000001,0.16321843644931572,2025-01
O004084,2025-05-06,C0111,P1015,38,74.4,已完成,张伟,老客户复购,传感器支架,配套耗材,70,84.31,苏州精工,广东客户111,华南,广东,经销商,A,1737.69,465.22,351.75,97.46,41.62,2827.2000000000003,2693.74,133.4600000000005,0.047205715902660046,2025-05
O004085,2025-09-20,C0056,P1011,15,475.85,已完成,李娜,经销,铝合金支架,机加工件,393,502.7,无锡智造,山东客户056,华东,山东,设备集成商,A,4104.2,1039.63,873.25,340.54,123.55,7137.75,6481.17,656.5799999999999,0.09198697068403908,2025-09
O004086,2025-03-02,C0008,P1003,11,1573.78,已完成,赵磊,直销,步进电机A型,电机类,1120,1636.22,常州机电,天津客户008,华北,北京,设备集成商,C,7695.61,1565.28,1886.11,276.46,292.78,17311.579999999998,11716.24,5595.339999999998,0.3232137101292891,2025-03
O004087,2025-09-16,C0084,P1010,22,594.17,已完成,王强,展会线索,联轴器套件,传动部件,456,621.63,上海工控,天津客户084,华北,河北,终端工厂,A,7072.4,1453.92,1216.79,285.02,74.95,13071.74,10103.080000000002,2968.659999999998,0.2271051902807123,2025-09
O004088,2025-09-06,C0095,P1007,17,1009.73,已完成,刘洋,直销,变频控制器A型,控制器类,780,1044.88,南通华科,北京客户095,华北,天津,终端工厂,B,9209.58,1649.86,2077.58,435.76,290.33,17165.41,13663.11,3502.2999999999993,0.20403241169305011,2025-09
O004089,2025-11-23,C0067,P1008,43,743.83,已完成,赵磊,经销,精密齿轮箱,传动部件,523,743.47,上海工控,福建客户067,华南,广东,终端工厂,A,14077.4,3422.3,2719.95,513.36,474.56,31984.690000000002,21207.570000000003,10777.119999999999,0.336946207701247,2025-11
O004090,2025-12-14,C0117,P1001,7,779.36,已完成,王强,直销,伺服电机A型,电机类,522,799.93,南通华科,上海客户117,华东,安徽,经销商,B,2610.11,440.84,424.69,216.18,98.57,5455.52,3790.3900000000003,1665.13,0.3052193008182538,2025-12
O004091,2025-10-18,C0081,P1015,74,80.96,已完成,张伟,老客户复购,传感器支架,配套耗材,70,84.31,苏州精工,安徽客户081,华东,江苏,经销商,B,3310.42,643.58,520.69,134.99,36.36,5991.04,4646.04,1345.0,0.2245019228714881,2025-10
O004092,2025-09-16,C0105,P1005,17,1436.28,已完成,王强,直销,PLC控制器标准版,控制器类,980,1458.49,苏州精工,安徽客户105,华东,安徽,设备集成商,B,10927.93,2439.15,2145.73,487.88,292.02,24416.76,16292.71,8124.049999999999,0.3327243254223738,2025-09
O004093,2025-11-18,C0006,P1008,11,651.75,退货,张伟,展会线索,精密齿轮箱,传动部件,523,743.47,上海工控,福建客户006,华南,广东,经销商,B,3572.07,773.0,702.7,137.24,123.38,7169.25,5308.389999999999,1860.8600000000006,0.25956132091920364,2025-11
O004094,2025-10-22,C0079,P1002,9,952.54,已完成,李娜,经销,伺服电机B型,电机类,690,1040.91,南通华科,安徽客户079,华东,浙江,经销商,A,3975.15,1026.47,797.57,272.54,125.83,8572.86,6197.5599999999995,2375.300000000001,0.2770720622989295,2025-10
O004095,2025-04-16,C0021,P1012,32,347.38,已完成,刘洋,经销,不锈钢轴套,机加工件,315,371.9,南通华科,山东客户021,华东,江苏,经销商,A,6294.23,1257.23,1205.67,328.91,127.27,11116.16,9213.31,1902.8500000000004,0.17117871639127183,2025-04
O004096,2025-04-19,C0116,P1003,17,1546.88,已完成,刘洋,经销,步进电机A型,电机类,1120,1636.22,常州机电,北京客户116,华北,北京,终端工厂,A,13093.59,2285.61,2999.68,555.05,229.56,26296.960000000003,19163.49,7133.470000000001,0.2712659562169924,2025-04
O004097,2025-07-13,C0020,P1007,10,930.1,已完成,刘洋,展会线索,变频控制器A型,控制器类,780,1044.88,南通华科,福建客户020,华南,福建,经销商,B,5542.39,938.57,1243.93,151.22,63.32,9301.0,7939.43,1361.5699999999997,0.146389635523062,2025-07
O004098,2025-12-25,C0062,P1014,76,36.34,已完成,赵磊,老客户复购,工业线缆,配套耗材,34,41.43,南通华科,浙江客户062,华东,上海,经销商,C,1664.12,378.1,338.78,51.55,16.86,2761.84,2449.4100000000003,312.42999999999984,0.11312385945601476,2025-12
O004099,2025-06-17,C0016,P1016,78,98.84,已完成,张伟,经销,密封圈套装,配套耗材,83,101.3,苏州精工,北京客户016,华北,天津,终端工厂,B,4034.51,876.61,1005.36,220.84,126.9,7709.52,6264.219999999999,1445.300000000001,0.18746951820606225,2025-06
O004100,2025-03-17,C0076,P1012,31,333.04,已完成,张伟,经销,不锈钢轴套,机加工件,315,371.9,南通华科,浙江客户076,华东,浙江,经销商,A,6240.02,1209.7,1301.25,451.93,190.76,10324.24,9393.660000000002,930.5799999999981,0.09013544822669738,2025-03
O004101,2025-10-05,C0109,P1010,12,538.06,已完成,张伟,经销,联轴器套件,传动部件,456,621.63,上海工控,浙江客户109,华东,安徽,经销商,B,3691.52,753.18,583.15,247.77,59.44,6456.719999999999,5335.0599999999995,1121.6599999999999,0.17371978341944516,2025-10
O004102,2025-01-20,C0037,P1001,9,721.99,已完成,赵磊,展会线索,伺服电机A型,电机类,522,799.93,南通华科,福建客户037,华南,广东,经销商,B,3309.25,734.33,711.9,226.34,107.71,6497.91,5089.53,1408.38,0.21674353753745437,2025-01
O004103,2025-10-27,C0044,P1012,21,359.48,已完成,赵磊,直销,不锈钢轴套,机加工件,315,371.9,南通华科,安徽客户044,华东,安徽,终端工厂,A,4295.98,993.46,669.2,273.84,98.18,7549.08,6330.66,1218.42,0.16139979971069324,2025-10
O004104,2025-09-29,C0072,P1003,15,1598.77,已完成,刘洋,直销,步进电机A型,电机类,1120,1636.22,常州机电,云南客户072,西南,云南,设备集成商,A,11684.87,2750.79,2312.64,407.3,444.74,23981.55,17600.34,6381.209999999999,0.2660883053847645,2025-09
O004105,2025-08-17,C0010,P1009,4,628.44,已完成,张伟,展会线索,同步带轮组件,传动部件,565,711.1,南通华科,河北客户010,华北,河北,经销商,B,1405.27,380.12,291.0,109.67,30.1,2513.76,2216.16,297.60000000000036,0.11838839029979009,2025-08
O004106,2025-08-05,C0019,P1013,28,172.56,已完成,李娜,直销,CNC定制件,机加工件,138,172.93,南通华科,湖北客户019,华中,河南,终端工厂,B,2645.66,547.9,558.81,115.46,76.29,4831.68,3944.12,887.5600000000004,0.1836959401284854,2025-08
O004107,2025-11-20,C0017,P1003,13,1543.28,已完成,李娜,展会线索,步进电机A型,电机类,1120,1636.22,常州机电,广西客户017,华南,广西,终端工厂,B,9308.77,2378.09,1712.55,496.59,344.52,20062.64,14240.52,5822.119999999999,0.29019710267442367,2025-11
O004108,2025-11-20,C0031,P1009,20,637.31,已完成,张伟,展会线索,同步带轮组件,传动部件,565,711.1,南通华科,山东客户031,华东,上海,经销商,A,7925.47,1824.77,1756.41,260.87,115.22,12746.199999999999,11882.74,863.4599999999991,0.06774254287552363,2025-11
O004109,2025-08-26,C0115,P1006,1,2355.22,已完成,张伟,展会线索,PLC控制器增强版,控制器类,1773,2443.12,苏州精工,重庆客户115,西南,四川,经销商,B,1414.6,245.24,212.2,92.78,21.34,2355.22,1986.1599999999999,369.05999999999995,0.15669873727295114,2025-08
O004110,2025-03-07,C0029,P1012,4,372.48,已完成,李娜,展会线索,不锈钢轴套,机加工件,315,371.9,南通华科,云南客户029,西南,四川,终端工厂,B,853.07,165.82,153.59,25.37,28.74,1489.92,1226.59,263.33000000000015,0.17674103307560146,2025-03
O004111,2025-09-29,C0042,P1006,3,2478.53,退货,王强,展会线索,PLC控制器增强版,控制器类,1773,2443.12,苏州精工,重庆客户042,西南,云南,终端工厂,B,3466.56,909.56,701.03,170.93,58.75,7435.59,5306.83,2128.76,0.2862933539907392,2025-09
O004112,2025-02-06,C0103,P1008,43,720.66,已完成,陈敏,经销,精密齿轮箱,传动部件,523,743.47,上海工控,上海客户103,华东,上海,终端工厂,A,15506.08,4000.62,2495.92,590.01,334.88,30988.379999999997,22927.510000000002,8060.869999999995,0.26012556964901024,2025-02
O004113,2025-09-15,C0100,P1003,1,1506.61,已完成,陈敏,老客户复购,步进电机A型,电机类,1120,1636.22,常州机电,福建客户100,华南,广东,设备集成商,A,738.51,188.58,143.51,25.89,28.34,1506.61,1124.83,381.78,0.2534033359661757,2025-09
O004114,2025-09-14,C0048,P1003,2,1485.24,已取消,王强,老客户复购,步进电机A型,电机类,1120,1636.22,常州机电,江苏客户048,华东,山东,经销商,A,1472.39,358.65,313.71,50.41,15.01,2970.48,2210.17,760.31,0.2559552664889176,2025-09
O004115,2025-04-09,C0042,P1016,31,102.09,已完成,李娜,老客户复购,密封圈套装,配套耗材,83,101.3,苏州精工,重庆客户042,西南,云南,终端工厂,B,1617.91,456.43,379.88,62.09,45.01,3164.79,2561.3200000000006,603.4699999999993,0.1906824781423094,2025-04
O004116,2025-08-05,C0021,P1004,4,625.72,已完成,赵磊,老客户复购,减速电机C型,电机类,541,716.52,苏州精工,山东客户021,华东,江苏,经销商,A,1952.69,259.75,272.11,99.9,19.53,2502.88,2603.9800000000005,-101.10000000000036,-0.04039346672633141,2025-08
O004117,2025-06-02,C0095,P1007,8,992.22,已完成,张伟,经销,变频控制器A型,控制器类,780,1044.88,南通华科,北京客户095,华北,天津,终端工厂,B,4280.83,751.39,944.08,124.46,145.41,7937.76,6246.17,1691.5900000000001,0.21310672028380803,2025-06
O004118,2025-07-02,C0027,P1003,5,1650.85,已完成,王强,展会线索,步进电机A型,电机类,1120,1636.22,常州机电,浙江客户027,华东,浙江,终端工厂,A,3658.88,906.75,824.58,205.07,85.4,8254.25,5680.679999999999,2573.5700000000006,0.31178726110791416,2025-07
O004119,2025-11-27,C0030,P1016,76,99.53,已完成,李娜,直销,密封圈套装,配套耗材,83,101.3,苏州精工,福建客户030,华南,广西,设备集成商,A,4232.38,977.5,741.33,376.2,121.45,7564.28,6448.86,1115.42,0.1474588460501198,2025-11
O004120,2025-08-27,C0027,P1015,29,81.83,已完成,刘洋,老客户复购,传感器支架,配套耗材,70,84.31,苏州精工,浙江客户027,华东,浙江,终端工厂,A,1314.25,321.6,256.03,107.05,23.57,2373.07,2022.4999999999998,350.5700000000004,0.14772846987235957,2025-08
O004121,2025-09-17,C0027,P1009,32,731.16,已完成,陈敏,老客户复购,同步带轮组件,传动部件,565,711.1,南通华科,浙江客户027,华东,浙江,终端工厂,A,11549.24,2219.65,2875.78,645.12,194.38,23397.12,17484.17,5912.950000000001,0.252721275097106,2025-09
O004122,2025-11-21,C0064,P1011,32,449.71,已完成,赵磊,经销,铝合金支架,机加工件,393,502.7,无锡智造,江苏客户064,华东,浙江,经销商,B,8415.57,1729.18,1433.34,526.32,88.11,14390.72,12192.52,2198.199999999999,0.15275121745124629,2025-11
O004123,2025-08-14,C0014,P1013,33,155.89,已完成,张伟,经销,CNC定制件,机加工件,138,172.93,南通华科,江苏客户014,华东,上海,设备集成商,B,3055.28,652.34,600.91,134.86,69.73,5144.37,4513.12,631.25,0.12270695925837372,2025-08
O004124,2025-12-05,C0111,P1009,5,639.59,已完成,赵磊,老客户复购,同步带轮组件,传动部件,565,711.1,南通华科,广东客户111,华南,广东,经销商,A,1774.61,402.76,322.76,97.0,35.1,3197.9500000000003,2632.23,565.7200000000003,0.1769008270923561,2025-12
O004125,2025-12-11,C0116,P1008,28,756.72,已完成,赵磊,展会线索,精密齿轮箱,传动部件,523,743.47,上海工控,北京客户116,华北,北京,终端工厂,A,10003.59,2309.73,1827.6,452.51,290.89,21188.16,14884.32,6303.84,0.297517103891985,2025-12
O004126,2025-10-21,C0040,P1005,3,1469.41,已完成,王强,经销,PLC控制器标准版,控制器类,980,1458.49,苏州精工,浙江客户040,华东,江苏,终端工厂,A,2106.96,385.51,306.18,106.94,49.34,4408.2300000000005,2954.9300000000003,1453.3000000000002,0.3296788053254935,2025-10
O004127,2025-12-23,C0012,P1012,30,370.77,已完成,李娜,老客户复购,不锈钢轴套,机加工件,315,371.9,南通华科,云南客户012,西南,云南,终端工厂,A,6148.35,1607.28,1224.55,262.67,214.15,11123.099999999999,9457.0,1666.0999999999985,0.14978737941760828,2025-12
O004128,2025-10-08,C0036,P1009,25,695.36,已完成,陈敏,经销,同步带轮组件,传动部件,565,711.1,南通华科,北京客户036,华北,河北,终端工厂,C,8934.15,1799.17,1620.38,307.47,282.92,17384.0,12944.09,4439.91,0.25540209387942936,2025-10
O004129,2025-12-13,C0117,P1012,3,324.03,已完成,赵磊,经销,不锈钢轴套,机加工件,315,371.9,南通华科,上海客户117,华东,安徽,经销商,B,615.46,154.78,137.75,22.66,12.42,972.0899999999999,943.0699999999999,29.019999999999982,0.029853202892736252,2025-12
O004130,2025-03-21,C0100,P1002,9,947.9,已完成,赵磊,展会线索,伺服电机B型,电机类,690,1040.91,南通华科,福建客户100,华南,广东,设备集成商,A,4172.87,1069.87,630.55,222.56,155.58,8531.1,6251.43,2279.67,0.26721876428596547,2025-03
O004131,2025-05-16,C0027,P1008,19,718.95,已完成,陈敏,老客户复购,精密齿轮箱,传动部件,523,743.47,上海工控,浙江客户027,华东,浙江,终端工厂,A,6396.25,1274.05,1337.21,351.14,164.05,13660.050000000001,9522.699999999999,4137.350000000002,0.3028795648625006,2025-05
O004132,2025-03-14,C0097,P1010,30,563.97,已完成,王强,展会线索,联轴器套件,传动部件,456,621.63,上海工控,上海客户097,华东,安徽,经销商,C,9603.38,2068.99,1791.44,418.52,285.81,16919.100000000002,14168.14,2750.9600000000028,0.1625949370829419,2025-03
O004133,2025-10-19,C0035,P1005,12,1423.05,已取消,王强,老客户复购,PLC控制器标准版,控制器类,980,1458.49,苏州精工,江苏客户035,华东,浙江,终端工厂,A,8161.22,1576.4,1401.8,727.5,177.01,17076.6,12043.93,5032.669999999998,0.29471147652342966,2025-10
O004134,2025-09-02,C0098,P1012,34,337.32,已完成,王强,老客户复购,不锈钢轴套,机加工件,315,371.9,南通华科,福建客户098,华南,广西,设备集成商,C,7072.41,1519.37,1174.87,308.87,195.48,11468.88,10270.999999999998,1197.880000000001,0.10444611853990983,2025-09
O004135,2025-03-24,C0045,P1008,32,723.5,已完成,王强,展会线索,精密齿轮箱,传动部件,523,743.47,上海工控,安徽客户045,华东,江苏,设备集成商,A,11198.18,2468.44,1830.6,491.17,130.68,23152.0,16119.070000000002,7032.9299999999985,0.3037720283344851,2025-03
O004136,2025-03-08,C0087,P1008,12,700.19,已完成,赵磊,展会线索,精密齿轮箱,传动部件,523,743.47,上海工控,山东客户087,华东,江苏,终端工厂,A,3899.88,936.89,781.7,207.02,166.79,8402.28,5992.280000000001,2410.0,0.28682690888663553,2025-03
O004137,2025-01-17,C0028,P1006,11,2229.19,已完成,张伟,展会线索,PLC控制器增强版,控制器类,1773,2443.12,苏州精工,广东客户028,华南,广东,经销商,B,12868.07,3263.45,2196.68,579.84,331.67,24521.09,19239.71,5281.380000000001,0.2153811270216781,2025-01
O004138,2025-03-29,C0003,P1004,3,723.92,已完成,陈敏,老客户复购,减速电机C型,电机类,541,716.52,苏州精工,上海客户003,华东,安徽,终端工厂,A,1006.91,196.46,176.15,49.54,28.05,2171.7599999999998,1457.11,714.6499999999999,0.3290649058827863,2025-03
O004139,2025-06-29,C0016,P1004,10,726.66,已完成,李娜,展会线索,减速电机C型,电机类,541,716.52,苏州精工,北京客户016,华北,天津,终端工厂,B,3725.45,750.44,618.6,318.27,54.08,7266.599999999999,5466.84,1799.7599999999993,0.24767566674923616,2025-06
O004140,2025-06-07,C0020,P1015,47,75.65,已完成,张伟,经销,传感器支架,配套耗材,70,84.31,苏州精工,福建客户020,华南,福建,经销商,B,2262.97,578.64,374.84,64.16,70.03,3555.55,3350.64,204.9100000000003,0.05763102754848063,2025-06
O004141,2025-09-14,C0009,P1004,10,688.48,已完成,刘洋,老客户复购,减速电机C型,电机类,541,716.52,苏州精工,安徽客户009,华东,浙江,终端工厂,A,3500.69,738.68,698.03,158.95,136.96,6884.8,5233.3099999999995,1651.4900000000007,0.23987479665349765,2025-09
O004142,2025-12-29,C0067,P1015,81,86.8,已完成,王强,直销,传感器支架,配套耗材,70,84.31,苏州精工,福建客户067,华南,广东,终端工厂,A,3539.76,833.99,753.55,220.37,90.05,7030.8,5437.72,1593.08,0.2265858792740513,2025-12
O004143,2025-10-27,C0088,P1012,32,379.85,已完成,陈敏,老客户复购,不锈钢轴套,机加工件,315,371.9,南通华科,河南客户088,华中,河南,终端工厂,A,7245.08,1739.95,1194.55,416.94,60.83,12155.2,10657.35,1497.8500000000004,0.123227096222193,2025-10
O004144,2025-11-03,C0025,P1006,6,2266.84,已完成,刘洋,经销,PLC控制器增强版,控制器类,1773,2443.12,苏州精工,广东客户025,华南,福建,经销商,B,7031.26,1381.16,1517.85,309.26,220.79,13601.04,10460.320000000002,3140.7199999999993,0.23091763571021034,2025-11
O004145,2025-12-04,C0080,P1012,40,377.25,已完成,赵磊,展会线索,不锈钢轴套,机加工件,315,371.9,南通华科,广西客户080,华南,广东,终端工厂,B,8206.58,2211.93,1596.73,669.74,217.64,15090.0,12902.619999999999,2187.380000000001,0.14495559973492386,2025-12
O004146,2025-11-25,C0112,P1011,39,483.7,已完成,张伟,直销,铝合金支架,机加工件,393,502.7,无锡智造,广东客户112,华南,福建,终端工厂,A,11000.8,2522.26,2201.91,457.84,237.18,18864.3,16419.989999999998,2444.3100000000013,0.12957332103497088,2025-11
O004147,2025-07-08,C0056,P1007,17,1008.54,已完成,王强,展会线索,变频控制器A型,控制器类,780,1044.88,南通华科,山东客户056,华东,山东,设备集成商,A,8605.89,1606.55,1891.34,398.7,187.91,17145.18,12690.39,4454.790000000001,0.2598275433678737,2025-07
O004148,2025-01-23,C0045,P1001,17,747.62,已取消,赵磊,展会线索,伺服电机A型,电机类,522,799.93,南通华科,安徽客户045,华东,江苏,设备集成商,A,5754.47,1171.17,923.14,340.95,79.13,12709.54,8268.86,4440.68,0.3493973818092551,2025-01
O004149,2025-10-10,C0066,P1013,28,174.16,已取消,张伟,展会线索,CNC定制件,机加工件,138,172.93,南通华科,上海客户066,华东,山东,终端工厂,A,2604.46,468.23,604.33,238.1,46.67,4876.48,3961.79,914.6899999999996,0.18757177308222317,2025-10
O004150,2025-09-28,C0038,P1004,11,724.71,已完成,刘洋,展会线索,减速电机C型,电机类,541,716.52,苏州精工,江苏客户038,华东,安徽,终端工厂,A,3844.46,751.4,918.21,283.32,112.82,7971.81,5910.209999999999,2061.6000000000013,0.258611281503197,2025-09
O004151,2025-07-19,C0055,P1008,34,736.31,已完成,赵磊,展会线索,精密齿轮箱,传动部件,523,743.47,上海工控,天津客户055,华北,天津,设备集成商,C,12617.85,3105.58,2661.97,1053.21,454.59,25034.539999999997,19893.2,5141.3399999999965,0.20536986100004223,2025-07
O004152,2025-07-08,C0074,P1007,17,1008.93,已完成,张伟,老客户复购,变频控制器A型,控制器类,780,1044.88,南通华科,安徽客户074,华东,浙江,终端工厂,B,9382.74,1884.49,2100.43,682.98,181.01,17151.809999999998,14231.65,2920.159999999998,0.17025375164487005,2025-07
O004153,2025-09-26,C0056,P1010,36,616.35,已完成,王强,展会线索,联轴器套件,传动部件,456,621.63,上海工控,山东客户056,华东,山东,设备集成商,A,10903.59,2646.72,1997.27,974.73,160.22,22188.600000000002,16682.530000000002,5506.07,0.2481485988300298,2025-09
O004154,2025-11-25,C0003,P1005,7,1421.83,已取消,张伟,展会线索,PLC控制器标准版,控制器类,980,1458.49,苏州精工,上海客户003,华东,安徽,终端工厂,A,4875.81,947.17,748.86,448.18,85.51,9952.81,7105.530000000001,2847.279999999999,0.28607800209187145,2025-11
O004155,2025-08-04,C0028,P1009,32,648.85,已完成,刘洋,直销,同步带轮组件,传动部件,565,711.1,南通华科,广东客户028,华南,广东,经销商,B,12734.46,2490.99,2821.06,470.65,125.51,20763.2,18642.67,2120.5300000000025,0.10212924790013111,2025-08
O004156,2025-12-15,C0040,P1001,3,771.75,已完成,刘洋,展会线索,伺服电机A型,电机类,522,799.93,南通华科,浙江客户040,华东,江苏,终端工厂,A,1117.58,203.48,245.31,101.5,14.42,2315.25,1682.29,632.96,0.27338732318324155,2025-12
O004157,2025-07-20,C0015,P1009,39,646.74,已完成,李娜,老客户复购,同步带轮组件,传动部件,565,711.1,南通华科,北京客户015,华北,河北,经销商,C,14642.56,2741.24,2639.51,688.65,352.98,25222.86,21064.94,4157.920000000002,0.1648472853593923,2025-07
O004158,2025-09-24,C0021,P1013,40,163.61,已完成,赵磊,直销,CNC定制件,机加工件,138,172.93,南通华科,山东客户021,华东,江苏,经销商,A,3961.09,718.63,661.01,232.64,49.55,6544.400000000001,5622.920000000001,921.4799999999996,0.14080435181223633,2025-09
O004159,2025-03-02,C0061,P1010,5,627.85,已完成,王强,老客户复购,联轴器套件,传动部件,456,621.63,上海工控,江苏客户061,华东,山东,终端工厂,A,1575.64,328.82,357.9,116.3,32.79,3139.25,2411.4500000000003,727.7999999999997,0.23183881500358358,2025-03
O004160,2025-02-08,C0098,P1016,106,92.01,已完成,王强,直销,密封圈套装,配套耗材,83,101.3,苏州精工,福建客户098,华南,广西,设备集成商,C,6087.75,1498.52,1302.36,235.99,109.77,9753.060000000001,9234.390000000001,518.6700000000001,0.053180232665440384,2025-02
O004161,2025-10-19,C0049,P1015,72,81.17,已完成,张伟,老客户复购,传感器支架,配套耗材,70,84.31,苏州精工,江苏客户049,华东,山东,经销商,C,3352.7,722.25,598.01,241.64,30.29,5844.24,4944.89,899.3499999999995,0.1538865618112876,2025-10
O004162,2025-04-14,C0061,P1001,6,761.35,已取消,王强,展会线索,伺服电机A型,电机类,522,799.93,南通华科,江苏客户061,华东,山东,终端工厂,A,2033.78,402.45,337.4,112.8,75.06,4568.1,2961.4900000000002,1606.6100000000001,0.3517020205337011,2025-04
O004163,2025-05-01,C0061,P1010,34,586.13,已完成,李娜,经销,联轴器套件,传动部件,456,621.63,上海工控,江苏客户061,华东,山东,终端工厂,A,11115.47,2339.2,1865.73,877.27,119.7,19928.42,16317.369999999999,3611.0499999999993,0.18120101844501468,2025-05
O004164,2025-03-11,C0102,P1006,7,2401.13,已完成,李娜,展会线索,PLC控制器增强版,控制器类,1773,2443.12,苏州精工,北京客户102,华北,天津,终端工厂,C,7810.45,1746.5,1575.01,721.47,317.32,16807.91,12170.75,4637.16,0.2758915296428884,2025-03
O004165,2025-08-03,C0045,P1003,3,1476.83,已完成,李娜,老客户复购,步进电机A型,电机类,1120,1636.22,常州机电,安徽客户045,华东,江苏,设备集成商,A,2819.88,503.12,378.94,136.42,83.54,4430.49,3921.9,508.5899999999997,0.11479317186135161,2025-08
O004166,2025-11-30,C0079,P1013,29,159.69,已完成,刘洋,直销,CNC定制件,机加工件,138,172.93,南通华科,安徽客户079,华东,浙江,经销商,A,2565.56,561.23,523.76,166.49,53.19,4631.01,3870.23,760.7800000000002,0.1642794984247497,2025-11
O004167,2025-09-07,C0050,P1014,114,40.67,已完成,刘洋,展会线索,工业线缆,配套耗材,34,41.43,南通华科,广东客户050,华南,广西,终端工厂,A,2697.13,601.04,542.26,209.57,83.39,4636.38,4133.39,502.9899999999998,0.10848765631807569,2025-09
O004168,2025-11-25,C0105,P1001,8,726.32,已完成,陈敏,直销,伺服电机A型,电机类,522,799.93,南通华科,安徽客户105,华东,安徽,设备集成商,B,2674.11,657.31,597.16,116.82,102.51,5810.56,4147.91,1662.6500000000005,0.28614281583874884,2025-11
O004169,2025-06-28,C0067,P1013,13,163.57,已完成,张伟,老客户复购,CNC定制件,机加工件,138,172.93,南通华科,福建客户067,华南,广东,终端工厂,A,1144.66,301.31,196.78,87.1,15.36,2126.41,1745.2099999999998,381.20000000000005,0.17926928485099303,2025-06
O004170,2025-09-04,C0100,P1016,19,100.83,已完成,陈敏,直销,密封圈套装,配套耗材,83,101.3,苏州精工,福建客户100,华南,广东,设备集成商,A,1037.48,202.82,183.32,94.75,12.67,1915.77,1531.04,384.73,0.20082264572469558,2025-09
O004171,2025-10-06,C0026,P1010,4,586.44,已取消,王强,展会线索,联轴器套件,传动部件,456,621.63,上海工控,河南客户026,华中,湖北,经销商,B,1205.02,292.96,192.75,44.14,16.77,2345.76,1751.64,594.1200000000001,0.2532739922242685,2025-10
O004172,2025-09-29,C0080,P1006,17,2322.19,已完成,王强,直销,PLC控制器增强版,控制器类,1773,2443.12,苏州精工,广西客户080,华南,广东,终端工厂,B,20631.47,5261.42,4507.87,1950.45,539.74,39477.23,32890.95,6586.280000000006,0.16683744021553704,2025-09
O004173,2025-04-20,C0060,P1005,4,1362.03,已完成,赵磊,直销,PLC控制器标准版,控制器类,980,1458.49,苏州精工,广西客户060,华南,广东,设备集成商,A,2807.3,542.12,491.14,157.24,31.11,5448.12,4028.9100000000003,1419.2099999999996,0.260495363538248,2025-04
O004174,2025-03-25,C0015,P1016,29,90.02,退货,张伟,经销,密封圈套装,配套耗材,83,101.3,苏州精工,北京客户015,华北,河北,经销商,C,1692.05,292.41,346.11,76.35,13.3,2610.58,2420.2200000000003,190.35999999999967,0.07291866175332673,2025-03
O004175,2025-09-27,C0065,P1014,39,38.84,已完成,张伟,展会线索,工业线缆,配套耗材,34,41.43,南通华科,安徽客户065,华东,山东,经销商,B,860.57,186.66,209.35,57.77,19.92,1514.7600000000002,1334.27,180.49000000000024,0.1191541894425521,2025-09
O004176,2025-09-12,C0116,P1003,16,1565.73,已完成,李娜,直销,步进电机A型,电机类,1120,1636.22,常州机电,北京客户116,华北,北京,终端工厂,A,11338.07,2570.92,1830.45,1043.63,186.43,25051.68,16969.5,8082.18,0.3226202793585101,2025-09
O004177,2025-12-30,C0074,P1012,3,355.89,已完成,陈敏,老客户复购,不锈钢轴套,机加工件,315,371.9,南通华科,安徽客户074,华东,浙江,终端工厂,B,642.07,153.06,115.28,39.65,17.58,1067.67,967.6400000000001,100.02999999999997,0.09368999784577628,2025-12
O004178,2025-01-31,C0044,P1006,2,2458.01,已完成,刘洋,经销,PLC控制器增强版,控制器类,1773,2443.12,苏州精工,安徽客户044,华东,安徽,终端工厂,A,2263.81,553.36,510.74,135.17,36.56,4916.02,3499.64,1416.3800000000006,0.2881151826070684,2025-01
O004179,2025-02-22,C0091,P1011,13,441.14,已完成,张伟,经销,铝合金支架,机加工件,393,502.7,无锡智造,广东客户091,华南,广东,经销商,A,3313.76,899.1,620.47,107.64,35.79,5734.82,4976.760000000001,758.0599999999986,0.1321854914365226,2025-02
O004180,2025-04-20,C0018,P1013,24,168.26,已完成,王强,展会线索,CNC定制件,机加工件,138,172.93,南通华科,上海客户018,华东,山东,经销商,B,2113.22,422.78,429.58,109.7,71.16,4038.24,3146.4399999999996,891.8000000000002,0.2208387812512382,2025-04
O004181,2025-01-05,C0062,P1014,69,37.64,已完成,刘洋,展会线索,工业线缆,配套耗材,34,41.43,南通华科,浙江客户062,华东,上海,经销商,C,1661.22,348.14,359.67,79.9,37.99,2597.16,2486.92,110.23999999999978,0.042446364490443325,2025-01
O004182,2025-02-24,C0090,P1005,3,1481.64,已完成,陈敏,老客户复购,PLC控制器标准版,控制器类,980,1458.49,苏州精工,河北客户090,华北,北京,终端工厂,B,1870.59,362.08,322.24,105.85,72.3,4444.92,2733.06,1711.8600000000001,0.3851272913798224,2025-02
O004183,2025-04-14,C0062,P1003,1,1542.41,已完成,陈敏,直销,步进电机A型,电机类,1120,1636.22,常州机电,浙江客户062,华东,上海,经销商,C,713.83,143.18,174.34,60.32,18.66,1542.41,1110.33,432.08000000000015,0.2801330385565447,2025-04
O004184,2025-08-14,C0009,P1009,6,724.29,已完成,王强,展会线索,同步带轮组件,传动部件,565,711.1,南通华科,安徽客户009,华东,浙江,终端工厂,A,2133.99,580.05,361.02,158.13,65.25,4345.74,3298.44,1047.2999999999997,0.2409946292231012,2025-08
O004185,2025-09-30,C0107,P1010,14,559.17,已完成,李娜,老客户复购,联轴器套件,传动部件,456,621.63,上海工控,安徽客户107,华东,安徽,经销商,B,4213.53,1115.11,657.82,341.58,104.17,7828.379999999999,6432.209999999999,1396.17,0.1783472442574326,2025-09
O004186,2025-01-20,C0051,P1013,30,165.3,已完成,刘洋,经销,CNC定制件,机加工件,138,172.93,南通华科,广西客户051,华南,广东,终端工厂,C,2819.84,741.93,558.73,212.72,36.22,4959.0,4369.4400000000005,589.5599999999995,0.11888687235329694,2025-01
O004187,2025-01-13,C0047,P1013,10,160.6,已完成,赵磊,老客户复购,CNC定制件,机加工件,138,172.93,南通华科,云南客户047,西南,云南,经销商,A,967.28,228.62,218.16,76.69,13.18,1606.0,1503.9300000000003,102.06999999999971,0.06355541718555399,2025-01
O004188,2025-08-12,C0064,P1012,17,343.77,已完成,刘洋,经销,不锈钢轴套,机加工件,315,371.9,南通华科,江苏客户064,华东,浙江,经销商,B,3569.07,935.46,741.38,182.51,38.77,5844.09,5467.190000000001,376.8999999999987,0.06449250439332706,2025-08
O004189,2025-07-07,C0090,P1013,41,167.55,已完成,李娜,经销,CNC定制件,机加工件,138,172.93,南通华科,河北客户090,华北,北京,终端工厂,B,3706.98,904.8,829.55,210.56,40.1,6869.55,5691.990000000001,1177.5599999999995,0.17141734174727594,2025-07
O004190,2025-06-08,C0082,P1004,13,619.89,已完成,张伟,直销,减速电机C型,电机类,541,716.52,苏州精工,河北客户082,华北,河北,经销商,A,4805.77,1232.85,912.78,382.74,83.1,8058.57,7417.240000000001,641.329999999999,0.07958359857890408,2025-06
O004191,2025-12-04,C0018,P1011,44,436.77,已完成,张伟,经销,铝合金支架,机加工件,393,502.7,无锡智造,上海客户018,华东,山东,经销商,B,12253.74,2890.88,2727.03,820.33,188.76,19217.879999999997,18880.739999999998,337.1399999999994,0.017543038045819803,2025-12
O004192,2025-08-05,C0079,P1013,12,161.19,已完成,张伟,老客户复购,CNC定制件,机加工件,138,172.93,南通华科,安徽客户079,华东,浙江,经销商,A,1175.85,265.26,181.7,32.13,20.29,1934.28,1675.23,259.04999999999995,0.13392580184874991,2025-08
O004193,2025-10-09,C0021,P1011,4,491.93,已完成,李娜,经销,铝合金支架,机加工件,393,502.7,无锡智造,山东客户021,华东,江苏,经销商,A,1098.34,246.95,206.92,29.77,22.69,1967.72,1604.67,363.04999999999995,0.18450287642550767,2025-10
O004194,2025-02-25,C0040,P1013,7,164.02,已完成,李娜,展会线索,CNC定制件,机加工件,138,172.93,南通华科,浙江客户040,华东,江苏,终端工厂,A,614.16,142.27,154.08,52.57,11.09,1148.14,974.1700000000001,173.97000000000003,0.15152333339139828,2025-02
O004195,2025-09-28,C0045,P1013,8,167.69,退货,李娜,经销,CNC定制件,机加工件,138,172.93,南通华科,安徽客户045,华东,江苏,设备集成商,A,750.0,165.74,119.01,66.6,15.26,1341.52,1116.61,224.91000000000008,0.16765310990518226,2025-09
O004196,2025-04-25,C0023,P1010,33,612.46,已完成,张伟,经销,联轴器套件,传动部件,456,621.63,上海工控,江苏客户023,华东,浙江,设备集成商,B,10090.68,2390.46,1677.74,460.37,159.43,20211.18,14778.68,5432.5,0.26878687934103795,2025-04
O004197,2025-07-27,C0026,P1009,10,694.75,已完成,陈敏,直销,同步带轮组件,传动部件,565,711.1,南通华科,河南客户026,华中,湖北,经销商,B,3720.22,745.69,879.05,277.91,128.3,6947.5,5751.17,1196.33,0.17219575386829794,2025-07
O004198,2025-07-04,C0092,P1012,39,356.87,已完成,陈敏,直销,不锈钢轴套,机加工件,315,371.9,南通华科,江苏客户092,华东,江苏,终端工厂,B,8659.06,1992.49,1407.43,508.51,108.48,13917.93,12675.97,1241.960000000001,0.0892345341584561,2025-07
O004199,2025-08-10,C0036,P1010,21,629.08,已完成,刘洋,经销,联轴器套件,传动部件,456,621.63,上海工控,北京客户036,华北,河北,终端工厂,C,6063.98,1512.57,1316.48,270.58,135.89,13210.68,9299.499999999998,3911.180000000002,0.2960619740997437,2025-08
O004200,2025-06-19,C0107,P1003,3,1568.05,已完成,陈敏,展会线索,步进电机A型,电机类,1120,1636.22,常州机电,安徽客户107,华东,安徽,经销商,B,2105.47,547.49,535.08,192.38,83.09,4704.15,3463.51,1240.6399999999994,0.263733086742557,2025-06
