order_id,material_cost,labor_cost,manufacturing_cost,logistics_cost,other_cost
O000001,2042.94,558.11,485.5,209.96,30.56
O000002,2508.18,494.2,356.39,119.1,52.45
O000003,1150.62,277.72,272.08,68.64,25.03
O000004,5100.27,1368.01,802.82,326.06,95.64
O000005,4667.73,827.52,820.44,206.82,129.63
O000006,14427.8,3568.86,2430.26,1495.4,429.41
O000007,8409.95,1799.05,1485.02,386.94,242.4
O000008,9787.44,1936.92,2092.9,383.5,361.39
O000009,11649.38,2539.26,2272.27,962.13,378.6
O000010,787.52,178.49,120.02,38.87,15.44
O000011,11983.22,2721.52,2528.19,866.16,184.23
O000012,3451.27,472.59,557.58,88.22,75.74
O000013,9000.12,2189.13,1385.59,396.97,247.82
O000014,8682.17,1760.11,1423.28,558.34,241.4
O000015,9638.87,2513.09,1913.28,328.82,168.84
O000016,11500.3,2798.94,1957.2,1013.96,201.65
O000017,20292.37,3651.22,4614.39,1703.95,317.2
O000018,4026.0,784.24,798.8,299.23,110.43
O000019,2053.76,384.96,357.68,69.15,30.94
O000020,4149.43,910.18,625.05,284.02,124.03
O000021,1640.81,331.59,251.28,65.18,43.35
O000022,2787.74,492.39,522.13,216.1,50.23
O000023,2322.07,558.8,515.4,116.41,61.22
O000024,2299.68,469.65,393.45,119.46,24.01
O000025,1129.99,277.37,242.06,37.02,19.61
O000026,1330.22,273.36,245.78,102.12,13.14
O000027,4352.14,863.8,723.45,443.26,97.19
O000028,5095.1,1242.36,778.96,232.59,173.51
O000029,5160.9,1040.49,895.17,448.38,101.86
O000030,5468.08,1172.47,1066.77,182.96,132.44
O000031,3456.12,751.11,519.48,181.01,93.07
O000032,9987.92,1972.51,1950.89,449.51,391.79
O000033,4247.83,859.67,891.28,276.6,68.67
O000034,4596.18,1132.15,736.22,206.01,68.2
O000035,1134.92,285.39,265.15,86.15,31.59
O000036,2739.83,475.49,423.69,129.8,46.58
O000037,1735.25,347.12,285.72,109.61,63.18
O000038,7682.94,1428.92,1659.32,323.51,111.44
O000039,5845.74,1464.32,1336.2,445.03,123.04
O000040,7636.79,1495.09,1829.86,623.24,90.22
O000041,1513.15,323.76,349.17,109.25,18.94
O000042,5680.03,1224.09,912.92,407.03,136.28
O000043,5523.23,1407.72,1224.25,212.94,108.73
O000044,936.45,177.09,208.61,31.95,13.1
O000045,4951.83,1189.22,1075.7,274.85,88.03
O000046,6771.0,1198.78,1128.46,222.12,70.67
O000047,4747.92,954.09,841.16,367.57,62.57
O000048,5325.92,1224.64,912.45,296.12,101.22
O000049,1731.45,477.24,367.11,170.07,64.44
O000050,13127.87,2768.58,2272.7,1157.26,470.93
O000051,3899.53,731.75,626.76,278.96,121.52
O000052,1002.16,188.97,187.7,36.19,39.24
O000053,2534.08,600.28,472.2,129.18,39.73
O000054,4490.59,874.97,658.09,180.03,34.43
O000055,4680.75,1035.01,864.96,445.36,127.22
O000056,5600.11,1102.89,1269.3,339.52,61.66
O000057,6298.93,1338.2,1367.44,542.77,161.2
O000058,2959.8,526.9,570.54,211.31,63.5
O000059,8171.96,2092.29,1345.88,317.73,264.67
O000060,1340.66,326.5,264.39,93.95,32.99
O000061,939.33,247.59,165.48,42.81,20.08
O000062,6566.68,1404.13,1110.37,377.55,79.06
O000063,1131.06,281.57,257.19,92.4,23.77
O000064,8150.18,1614.34,1215.2,670.01,255.32
O000065,3030.31,679.35,473.54,244.44,78.51
O000066,11674.68,2773.0,1963.75,403.17,175.09
O000067,3656.15,782.05,741.19,286.76,110.93
O000068,7960.54,1397.37,1386.28,559.62,99.82
O000069,1596.25,398.71,276.44,114.53,20.84
O000070,12598.58,1720.34,1546.71,731.15,287.68
O000071,3137.03,754.0,687.92,321.43,120.66
O000072,6609.83,1527.93,1270.55,206.82,80.52
O000073,10709.44,2565.87,2087.91,569.86,101.18
O000074,1157.27,257.51,228.98,113.59,15.85
O000075,2007.6,424.52,476.3,142.9,36.65
O000076,7484.08,1568.02,1143.73,405.32,98.73
O000077,1792.48,462.12,385.88,77.61,29.87
O000078,11936.72,2611.38,2009.81,910.82,438.16
O000079,1817.73,323.14,314.84,89.73,23.48
O000080,9269.49,1948.67,1950.24,762.75,196.4
O000081,2175.7,403.28,481.38,91.42,35.42
O000082,7378.56,1621.4,1557.79,758.18,258.45
O000083,8725.66,2049.34,1821.9,693.14,253.97
O000084,7297.3,1726.43,1560.46,312.94,127.45
O000085,7605.0,1888.12,1375.1,819.1,136.93
O000086,11765.81,2537.69,2770.75,557.8,269.25
O000087,3755.69,889.5,890.49,206.58,138.26
O000088,6272.18,1097.01,1282.3,297.97,94.98
O000089,1618.67,386.36,294.37,45.78,52.1
O000090,10867.41,2137.18,2035.45,364.29,230.11
O000091,3246.98,729.49,543.33,307.95,69.22
O000092,6028.46,1211.77,1115.91,258.37,168.22
O000093,8904.79,1625.8,1366.71,594.17,146.2
O000094,2116.93,450.81,434.51,187.96,50.29
O000095,3025.51,536.18,504.13,98.72,76.42
O000096,13037.19,2745.34,3107.09,861.67,249.64
O000097,7047.76,1393.75,1114.69,462.63,183.39
O000098,2221.54,466.15,470.74,96.17,50.62
O000099,1168.91,261.06,276.25,55.54,42.23
O000100,4143.2,780.15,681.26,295.28,64.15
O000101,8636.22,2040.59,1520.91,466.79,163.21
O000102,7004.4,1364.13,1087.79,401.09,217.07
O000103,1865.74,474.57,413.61,85.16,40.14
O000104,11574.15,2915.37,2003.03,770.15,466.1
O000105,642.73,145.85,151.18,58.36,11.72
O000106,6576.99,1423.07,1560.02,603.07,200.49
O000107,8515.83,1536.58,1807.16,511.29,258.88
O000108,3185.53,696.62,733.18,97.99,97.19
O000109,9068.7,2233.99,1927.84,278.32,168.17
O000110,2913.43,592.89,655.31,145.72,75.53
O000111,986.39,236.87,219.15,47.1,24.88
O000112,4762.85,851.93,967.1,204.37,53.13
O000113,7892.42,1562.84,1746.6,227.07,89.17
O000114,1403.34,324.34,300.24,76.17,55.77
O000115,4206.05,881.66,856.32,285.03,51.61
O000116,625.27,97.69,124.28,23.2,14.65
O000117,8419.21,1629.29,1807.32,240.49,234.74
O000118,4681.88,1068.84,691.9,182.53,146.44
O000119,436.22,89.26,91.52,26.07,8.83
O000120,3195.47,671.34,511.37,175.05,56.09
O000121,3827.85,696.43,757.55,203.39,74.5
O000122,2350.36,445.15,551.25,127.85,73.62
O000123,9777.9,2105.34,1693.98,453.73,353.66
O000124,9761.54,2268.26,1781.08,811.52,285.91
O000125,6943.49,1670.49,1347.44,189.15,212.54
O000126,4620.72,1100.56,878.23,303.36,136.77
O000127,2258.43,453.45,348.13,156.76,36.72
O000128,921.87,179.84,148.21,46.27,17.53
O000129,3396.47,888.49,573.16,310.95,91.32
O000130,12315.11,3515.57,2342.87,757.72,228.29
O000131,1721.02,370.47,268.13,56.64,48.23
O000132,5449.8,885.05,896.76,425.14,90.58
O000133,829.29,151.94,161.53,65.8,23.94
O000134,1693.82,376.52,293.61,161.76,66.38
O000135,4279.27,1065.21,1000.81,162.2,54.69
O000136,3717.41,866.14,921.49,323.92,48.07
O000137,10104.37,1780.03,1809.04,574.05,200.33
O000138,3286.62,776.0,832.71,129.25,91.34
O000139,11232.28,2635.21,2324.55,741.92,374.7
O000140,3350.89,767.74,511.83,256.61,53.52
O000141,4028.91,780.56,577.92,171.87,166.54
O000142,1410.88,273.81,231.82,66.39,14.28
O000143,1456.39,288.23,284.61,46.13,26.5
O000144,1782.41,324.39,324.93,78.33,26.34
O000145,5334.76,1217.65,1080.68,241.23,108.94
O000146,1672.93,397.84,333.2,95.66,60.48
O000147,7382.83,2093.73,1255.02,702.99,175.9
O000148,4550.03,801.46,788.79,198.46,147.67
O000149,513.05,93.81,98.39,28.18,6.11
O000150,6835.81,1925.38,1365.1,243.32,103.1
O000151,2542.06,592.07,472.12,159.72,38.72
O000152,13644.13,2596.8,3206.46,571.04,425.32
O000153,10553.29,2392.2,1892.89,785.89,352.64
O000154,13800.19,2862.33,2997.5,552.28,369.3
O000155,11192.75,2795.48,2325.96,416.79,323.49
O000156,14141.22,2830.28,2578.72,941.38,186.19
O000157,3507.23,783.68,520.15,321.3,72.17
O000158,10417.45,2094.11,2207.15,745.78,245.73
O000159,4567.9,959.0,872.12,191.99,96.26
O000160,2270.46,560.17,395.61,91.47,69.03
O000161,16343.36,3332.92,2342.11,1187.53,506.15
O000162,600.66,150.41,130.7,32.33,18.59
O000163,15252.77,3695.88,3015.19,774.89,461.0
O000164,11654.01,2997.7,2063.15,417.61,479.63
O000165,3322.51,860.78,517.23,167.36,43.49
O000166,9953.84,2445.07,1840.35,352.53,113.08
O000167,7494.13,1660.22,1564.23,428.36,184.07
O000168,1626.89,409.53,327.89,165.14,51.18
O000169,6212.01,1278.57,1452.74,200.45,127.51
O000170,8000.73,1783.51,1477.99,343.72,271.89
O000171,2916.47,614.31,507.82,102.59,96.42
O000172,710.13,165.23,164.18,37.46,8.26
O000173,7369.15,1327.15,1134.77,200.8,138.23
O000174,3127.21,644.05,579.37,186.23,65.56
O000175,5427.14,1330.29,1016.6,399.31,160.8
O000176,3923.73,878.07,942.9,231.25,52.2
O000177,2172.91,417.42,379.62,82.89,31.31
O000178,1455.61,405.49,276.26,53.71,18.79
O000179,19866.16,4139.03,2505.46,542.08,339.4
O000180,6273.57,1334.54,1212.03,331.76,239.04
O000181,4415.56,948.44,1050.58,406.71,61.42
O000182,10149.44,2286.34,1646.2,537.44,164.16
O000183,3962.41,857.82,841.19,350.27,83.39
O000184,813.25,183.92,172.23,64.05,15.36
O000185,11401.07,2408.48,2402.13,445.44,189.94
O000186,8317.03,2176.08,1686.98,776.77,104.27
O000187,4867.26,1060.72,993.98,469.57,190.58
O000188,2164.11,499.25,494.37,106.28,65.39
O000189,7862.14,1650.4,1586.96,438.88,114.92
O000190,12422.7,2412.38,2333.08,1208.32,166.86
O000191,3009.3,755.36,578.94,203.61,76.18
O000192,4771.54,912.42,1168.14,246.39,124.06
O000193,5251.28,1241.85,779.62,347.66,169.08
O000194,5918.82,1421.28,1093.5,248.17,140.44
O000195,10737.49,2454.16,1634.35,343.15,386.97
O000196,9959.63,2158.63,2290.19,592.66,155.99
O000197,4480.38,1035.8,854.56,410.89,80.77
O000198,1420.3,262.35,255.72,122.7,25.09
O000199,3184.4,605.98,497.9,175.88,79.85
O000200,8371.52,2321.38,1505.62,336.35,140.86
O000201,3164.4,623.19,734.62,201.19,67.35
O000202,10411.31,2071.31,1601.87,502.32,175.35
O000203,2186.47,448.77,427.47,152.35,66.05
O000204,8084.88,1548.32,1251.36,529.13,124.3
O000205,3000.6,537.66,424.13,174.46,40.87
O000206,5970.41,1059.3,1119.97,364.06,161.92
O000207,277.29,61.69,50.54,12.46,9.76
O000208,8029.68,1525.28,1355.66,761.13,233.38
O000209,6703.12,1618.7,1434.93,374.28,83.62
O000210,7304.28,1776.98,1403.63,521.02,188.26
O000211,6570.92,1177.81,985.03,532.48,104.46
O000212,2829.96,631.04,656.29,226.14,57.24
O000213,8912.46,1661.01,1610.62,733.89,258.66
O000214,961.26,146.26,165.97,35.31,24.88
O000215,8392.06,1563.27,1454.85,742.03,277.87
O000216,5358.91,1170.52,1098.13,309.26,144.81
O000217,2077.16,543.63,453.63,114.6,75.36
O000218,2775.25,541.49,434.35,205.88,93.73
O000219,3868.11,879.55,598.82,122.66,68.23
O000220,4961.72,1249.79,805.15,339.43,110.84
O000221,2557.53,626.17,608.85,136.71,102.32
O000222,6846.89,1325.37,1165.89,614.63,156.24
O000223,4366.09,947.69,803.92,356.66,93.63
O000224,7730.24,1391.48,1525.49,633.51,295.81
O000225,5806.95,1412.37,1138.87,316.76,73.63
O000226,4910.3,1319.54,1123.93,287.26,176.38
O000227,4757.05,1192.8,1151.93,424.48,101.35
O000228,1091.79,228.96,236.44,65.12,31.95
O000229,9141.6,2262.65,1936.73,739.63,314.06
O000230,8834.29,2074.39,1404.66,679.41,105.71
O000231,8865.45,2247.68,1378.34,649.31,246.42
O000232,6569.7,1357.63,1218.4,658.82,108.12
O000233,10124.66,1866.67,1688.64,779.46,178.24
O000234,6370.18,1330.18,1161.25,188.51,224.16
O000235,3569.57,852.88,692.95,225.48,111.8
O000236,8448.6,1591.42,1600.25,736.82,201.17
O000237,10157.91,2214.72,1799.04,389.46,214.04
O000238,4624.28,853.14,934.53,512.82,200.59
O000239,4133.15,799.57,595.91,375.72,49.64
O000240,2674.99,637.54,462.29,265.24,100.0
O000241,7929.58,1926.23,1290.28,613.25,156.36
O000242,14743.12,2733.59,3055.94,1359.88,156.84
O000243,6948.39,1406.7,1389.21,375.75,255.26
O000244,5979.71,1335.69,1281.48,343.51,127.85
O000245,2910.78,697.9,422.01,114.76,46.95
O000246,6328.85,1328.12,1353.47,568.73,101.91
O000247,3881.95,815.48,748.19,243.52,122.03
O000248,12369.73,2423.14,2663.33,800.62,206.96
O000249,2255.2,548.12,421.36,212.16,47.14
O000250,3097.13,761.84,553.79,227.63,86.27
O000251,10432.78,2630.56,1771.79,1001.22,362.07
O000252,4948.19,990.95,884.43,258.65,129.64
O000253,862.0,241.31,146.17,45.79,12.27
O000254,14881.99,3924.33,3155.65,703.68,554.1
O000255,9888.51,2333.72,2130.87,622.0,212.29
O000256,7691.5,1561.08,1561.3,743.67,224.23
O000257,2696.2,535.54,536.65,189.54,75.69
O000258,3066.58,597.18,486.6,318.3,36.7
O000259,11249.81,2454.96,2051.65,948.3,362.14
O000260,3774.3,763.49,711.02,275.08,118.45
O000261,11551.88,2627.56,1749.77,292.92,321.94
O000262,1847.4,344.06,243.87,106.72,27.81
O000263,1816.75,482.5,314.78,149.24,44.14
O000264,9566.26,1636.91,1653.56,265.3,118.8
O000265,355.37,70.3,70.44,23.56,3.53
O000266,662.15,171.94,133.84,18.56,10.55
O000267,9660.29,1863.96,2113.71,669.58,208.95
O000268,4085.79,824.02,655.19,335.45,119.58
O000269,8475.56,1823.7,1606.76,403.95,251.03
O000270,6073.73,1298.25,1098.12,339.12,112.95
O000271,6246.1,1352.35,1185.21,459.65,223.4
O000272,3211.45,860.28,728.6,288.44,105.79
O000273,2950.28,674.77,466.44,212.05,73.71
O000274,4627.78,1115.02,873.84,336.73,110.87
O000275,9768.02,2437.24,2124.51,814.72,99.79
O000276,725.41,139.22,156.34,26.07,13.81
O000277,4887.51,1114.14,878.81,346.49,118.33
O000278,3838.82,941.25,665.45,307.6,39.51
O000279,11337.94,2420.28,1985.53,791.53,351.57
O000280,6352.05,1506.91,1267.95,360.76,123.59
O000281,5160.53,1172.0,1249.47,337.96,141.69
O000282,1427.04,300.87,228.69,96.81,31.1
O000283,7622.68,1711.51,1656.82,647.02,259.71
O000284,8018.99,1690.56,1867.39,224.61,96.88
O000285,4587.38,1086.88,696.41,288.57,96.11
O000286,6918.67,1504.99,1357.6,305.41,98.01
O000287,12428.95,3113.55,2591.21,717.01,305.99
O000288,3264.72,668.58,511.24,316.73,95.58
O000289,7048.12,1510.63,1485.58,463.84,75.97
O000290,6789.48,1324.67,1036.83,223.12,195.05
O000291,13720.95,3219.78,3079.38,729.04,359.44
O000292,5008.92,1313.06,872.15,401.46,59.89
O000293,6361.62,1443.08,1361.24,168.24,64.88
O000294,4250.85,1054.82,923.27,359.72,92.51
O000295,5173.02,1094.11,829.3,405.95,165.84
O000296,5614.39,1128.91,789.03,233.63,139.04
O000297,558.63,98.45,83.69,41.76,15.84
O000298,1780.34,465.86,297.33,185.76,31.41
O000299,4757.5,1063.17,842.76,322.88,147.74
O000300,3257.81,777.27,593.51,101.37,124.43
O000301,687.9,121.92,124.41,54.81,11.57
O000302,1350.18,302.82,224.09,43.98,36.14
O000303,4926.51,1016.95,1089.69,355.84,79.84
O000304,1232.75,281.14,210.46,58.33,30.95
O000305,442.4,102.21,96.06,34.81,14.51
O000306,5037.4,985.3,930.48,319.56,158.74
O000307,3166.5,672.65,732.1,95.63,41.27
O000308,5308.28,1085.09,1116.03,168.48,78.78
O000309,3545.37,879.06,832.93,290.68,52.33
O000310,8441.08,1260.64,1227.84,687.59,188.57
O000311,836.46,166.17,155.73,47.28,15.1
O000312,9217.4,1985.7,1944.66,608.45,218.05
O000313,7500.52,1345.46,1532.25,405.61,99.95
O000314,5150.91,1272.36,1222.5,274.31,128.31
O000315,1991.98,395.61,306.61,77.82,57.86
O000316,4460.08,782.62,716.12,350.1,149.5
O000317,5413.15,984.33,830.43,544.14,142.68
O000318,3754.91,877.76,864.32,395.37,161.59
O000319,9559.31,2429.05,1844.23,737.85,333.45
O000320,3657.24,686.77,667.98,251.93,53.92
O000321,1244.28,269.67,199.78,113.98,24.68
O000322,436.37,111.74,103.9,14.33,7.76
O000323,7819.74,1566.25,1710.72,351.1,118.06
O000324,7081.18,1381.26,1697.8,739.19,289.68
O000325,291.95,70.72,57.82,21.97,4.06
O000326,11067.69,2661.96,2561.77,870.39,401.56
O000327,589.98,144.13,140.38,22.14,20.54
O000328,2690.29,634.69,610.99,128.49,49.4
O000329,1977.79,356.17,381.61,107.69,80.89
O000330,1969.32,462.16,491.25,215.58,71.9
O000331,2480.83,500.03,445.85,97.88,90.53
O000332,1440.47,353.43,268.17,82.98,35.38
O000333,10681.33,2023.87,1890.49,380.74,119.49
O000334,1420.82,274.25,216.29,143.31,40.2
O000335,11351.65,2207.84,1920.87,792.87,378.28
O000336,4956.51,932.18,999.88,216.48,88.84
O000337,4347.89,869.09,675.77,409.63,73.55
O000338,10719.05,2680.5,2327.56,879.59,158.64
O000339,5870.84,1142.87,1186.86,338.75,205.8
O000340,9728.34,1938.99,1976.21,1079.4,408.37
O000341,5050.19,1017.97,721.61,226.31,133.25
O000342,1984.17,432.21,323.75,143.3,36.86
O000343,4590.09,1055.53,883.35,334.61,160.67
O000344,871.13,231.11,140.18,46.06,20.85
O000345,8015.84,1729.68,1226.68,523.62,172.94
O000346,2120.03,418.42,412.78,78.22,62.42
O000347,4849.49,890.19,1094.8,326.17,86.88
O000348,2505.75,633.63,491.09,227.42,26.86
O000349,6620.31,1877.7,1675.4,187.76,185.05
O000350,1772.33,447.35,419.86,58.07,26.89
O000351,14769.74,2910.0,2415.17,1294.74,285.12
O000352,10680.36,2669.14,2069.57,638.05,109.95
O000353,3268.96,615.75,704.6,165.73,104.27
O000354,3023.29,693.31,512.33,116.06,85.54
O000355,9828.66,2070.7,2161.17,799.99,190.38
O000356,3935.25,880.99,596.44,300.03,140.45
O000357,2416.66,409.18,469.07,141.36,24.66
O000358,14630.43,2734.11,2634.67,636.44,274.56
O000359,461.8,97.67,91.88,23.61,14.69
O000360,2433.55,460.38,450.13,187.99,67.16
O000361,3676.76,887.78,569.49,217.93,101.29
O000362,3571.88,863.94,799.6,321.62,51.84
O000363,5608.64,1219.69,949.97,253.03,145.02
O000364,11300.29,2413.24,2229.01,622.38,244.76
O000365,1430.2,357.96,268.02,52.28,25.42
O000366,486.71,113.36,82.85,36.01,4.72
O000367,4057.34,828.69,694.56,142.43,117.58
O000368,938.52,219.22,195.0,78.45,15.33
O000369,3342.93,758.53,767.44,169.67,43.13
O000370,1535.18,368.28,262.06,115.04,19.38
O000371,2621.29,463.47,380.94,76.89,53.03
O000372,1542.8,403.46,377.13,65.31,39.1
O000373,337.71,77.47,63.61,16.33,10.41
O000374,5722.53,1551.65,1264.61,445.09,212.41
O000375,2849.81,610.87,517.59,115.69,68.08
O000376,641.48,167.53,108.83,29.04,10.94
O000377,4022.84,723.16,731.18,268.55,54.64
O000378,5414.24,1235.07,850.99,319.49,188.59
O000379,11849.52,2507.27,2160.73,454.72,363.09
O000380,4393.41,998.72,679.79,273.43,60.98
O000381,11461.48,2536.33,2217.26,500.31,344.29
O000382,971.43,219.27,218.57,111.07,20.23
O000383,2790.82,630.44,631.14,101.26,68.65
O000384,1333.15,189.22,169.76,93.35,15.61
O000385,3228.25,886.42,701.96,107.61,77.91
O000386,8611.66,1441.33,1274.22,379.1,190.37
O000387,7658.73,2058.17,1833.49,280.18,89.11
O000388,4165.84,977.4,733.65,172.02,108.41
O000389,5335.94,1020.08,1200.83,442.43,119.03
O000390,4080.61,751.43,759.35,153.51,41.26
O000391,2424.98,404.17,432.25,172.26,32.27
O000392,5307.54,911.74,915.62,375.28,200.7
O000393,3769.15,875.52,614.92,231.49,50.08
O000394,442.61,105.45,97.1,16.87,5.9
O000395,4117.17,1011.4,803.29,202.16,119.1
O000396,5737.06,1281.54,986.86,239.02,122.94
O000397,17251.7,3732.75,3482.29,728.25,595.06
O000398,3997.68,937.82,911.98,235.38,76.67
O000399,520.64,133.32,124.35,39.21,17.87
O000400,1630.08,357.74,325.49,102.83,47.73
O000401,2558.16,674.96,535.64,147.0,62.03
O000402,4868.64,1131.01,777.41,307.07,193.07
O000403,3592.75,937.71,791.48,274.16,73.28
O000404,2513.27,612.85,486.68,208.2,79.52
O000405,5392.04,1342.72,1073.69,283.35,120.54
O000406,7079.1,1109.92,919.19,305.74,92.0
O000407,9952.78,2650.65,1780.23,800.63,153.2
O000408,5443.55,845.65,857.45,374.12,140.22
O000409,1022.57,260.83,188.19,88.85,40.46
O000410,2215.66,395.92,381.18,112.87,27.8
O000411,9764.61,2218.52,2473.26,666.98,273.7
O000412,3650.38,874.1,861.29,237.22,39.81
O000413,8245.64,2212.24,1518.37,620.51,114.43
O000414,10944.24,2976.85,2036.92,632.64,266.15
O000415,802.65,140.07,167.02,45.26,29.79
O000416,895.37,175.45,134.16,29.16,23.82
O000417,1484.71,317.36,262.7,79.24,17.65
O000418,7002.38,1302.51,947.05,401.39,161.22
O000419,8580.98,1923.12,1760.43,652.08,167.94
O000420,2045.31,426.53,416.34,131.27,62.32
O000421,18739.86,4828.35,2961.27,1407.5,547.87
O000422,356.18,78.59,80.07,17.45,12.71
O000423,6696.98,1116.44,1027.53,348.01,122.95
O000424,7685.84,1532.38,1390.11,597.63,127.31
O000425,1153.76,234.79,245.07,50.49,20.64
O000426,438.15,94.83,90.59,38.59,8.69
O000427,2499.24,532.25,375.66,178.8,32.82
O000428,8004.58,1866.56,1386.73,472.88,84.45
O000429,3963.45,972.49,857.31,221.22,79.41
O000430,1454.51,385.34,335.92,75.75,45.85
O000431,884.47,168.48,186.07,38.72,16.12
O000432,2567.21,603.5,604.2,152.74,31.26
O000433,8531.83,2033.48,1785.12,603.13,105.49
O000434,3646.52,915.42,685.03,254.79,118.71
O000435,6938.42,1627.06,1452.9,309.05,176.07
O000436,2205.61,431.49,481.8,162.57,50.25
O000437,11462.95,2421.07,2524.74,748.98,435.05
O000438,6763.49,1608.99,1611.44,232.36,185.15
O000439,9318.14,2503.88,1996.07,1059.7,398.52
O000440,8326.74,1415.75,1502.22,522.73,118.75
O000441,4968.15,902.96,1119.56,398.42,154.59
O000442,5618.64,1110.52,1202.1,549.18,111.75
O000443,4443.63,869.5,953.72,280.03,48.51
O000444,10743.2,2578.47,2088.42,808.8,361.29
O000445,4048.86,922.97,889.15,357.79,83.32
O000446,999.96,265.27,177.02,102.59,11.54
O000447,13888.62,3029.81,2856.89,670.09,460.1
O000448,2661.01,562.46,426.78,296.02,73.15
O000449,4289.91,1006.18,951.41,305.89,107.34
O000450,2574.78,615.01,414.17,83.92,27.28
O000451,1863.74,424.91,388.22,157.93,32.42
O000452,3012.67,657.34,489.95,193.9,103.53
O000453,6727.8,1600.35,1096.74,373.17,203.47
O000454,11040.38,2568.69,2003.46,1028.51,209.57
O000455,5367.78,1145.81,1188.09,378.31,163.3
O000456,4425.83,1104.61,995.72,436.14,133.66
O000457,4021.16,878.43,772.98,325.45,127.89
O000458,1309.43,277.17,173.74,64.99,18.12
O000459,7647.12,1553.89,1550.6,300.25,150.24
O000460,17088.25,2856.86,3246.26,1114.99,264.63
O000461,4541.59,1028.37,961.25,201.44,126.36
O000462,715.39,150.38,169.16,33.76,15.31
O000463,11795.47,2409.74,2025.83,629.98,442.34
O000464,1906.19,440.11,348.64,125.2,34.41
O000465,3809.76,849.24,787.75,114.61,42.62
O000466,3437.68,755.43,657.42,121.97,53.49
O000467,9800.38,1881.59,1813.46,363.3,322.34
O000468,10870.93,2304.32,1775.9,463.85,171.77
O000469,9858.1,2334.06,1384.56,720.49,174.05
O000470,706.09,181.82,120.84,49.98,23.71
O000471,2647.76,700.34,576.81,227.25,55.79
O000472,2439.9,644.77,628.74,132.8,89.95
O000473,343.09,74.54,59.64,21.3,11.42
O000474,3610.45,962.54,732.45,211.78,113.75
O000475,12289.71,3245.79,2234.6,663.18,373.73
O000476,2215.8,482.68,433.48,171.24,36.09
O000477,4623.92,954.61,727.35,206.16,65.75
O000478,5558.27,1184.1,958.46,405.97,144.95
O000479,8954.34,1838.65,1911.36,329.59,228.88
O000480,1751.61,410.23,323.03,137.96,59.39
O000481,3380.34,635.58,567.2,284.43,69.68
O000482,2063.8,414.85,454.04,158.54,49.86
O000483,7856.22,1460.36,1568.4,565.96,96.14
O000484,734.51,161.48,157.47,67.1,28.43
O000485,3627.35,739.07,602.73,405.66,103.06
O000486,9828.73,2185.49,1899.82,850.59,314.69
O000487,6172.89,1086.95,1385.59,287.84,184.31
O000488,11102.21,2214.33,1783.19,782.37,324.58
O000489,4894.11,1076.07,1183.01,202.88,90.23
O000490,2343.05,603.19,407.78,214.54,44.41
O000491,19852.21,3837.74,4244.21,940.64,577.19
O000492,11510.3,2567.44,2713.09,1012.84,181.41
O000493,4039.69,935.9,625.65,227.92,64.88
O000494,3956.28,988.75,649.75,131.56,61.57
O000495,5973.58,1376.99,844.95,321.46,98.1
O000496,5732.42,1236.97,1323.42,229.37,139.84
O000497,12234.07,3005.84,2205.94,891.9,218.12
O000498,1564.65,409.67,370.19,118.92,31.43
O000499,1375.93,238.24,208.08,102.16,25.09
O000500,7895.13,1613.65,1388.41,618.22,263.58
O000501,11121.48,2213.12,2439.0,575.09,167.33
O000502,4590.86,842.87,1063.65,367.29,195.73
O000503,2445.55,666.74,406.66,74.0,24.76
O000504,9453.45,1772.72,1854.28,500.79,189.89
O000505,3492.31,663.08,745.88,224.13,118.65
O000506,3262.73,889.45,668.71,291.95,32.16
O000507,12319.33,3005.11,1834.93,840.91,406.08
O000508,5293.89,969.58,1108.78,205.09,206.78
O000509,6882.95,1413.89,1284.48,473.6,250.32
O000510,1890.29,384.66,365.42,159.8,43.35
O000511,2505.6,590.41,444.26,124.04,42.67
O000512,8825.22,2210.74,1834.24,442.66,183.15
O000513,1442.12,375.77,309.6,128.72,22.13
O000514,4092.32,947.15,681.79,264.18,129.93
O000515,5202.15,1192.5,751.88,481.71,157.29
O000516,13610.06,2743.47,2236.25,451.71,439.66
O000517,1495.69,282.26,287.8,84.93,20.08
O000518,1120.18,235.64,252.5,38.29,28.54
O000519,4500.88,934.31,876.46,179.99,73.81
O000520,5619.0,1199.31,1243.72,193.39,196.57
O000521,379.58,89.78,64.14,29.25,5.17
O000522,8469.45,1339.86,1707.44,368.79,268.43
O000523,2157.86,528.98,471.86,126.39,70.25
O000524,16160.73,3152.18,2827.99,993.49,235.07
O000525,2903.91,519.63,548.77,116.72,56.9
O000526,802.16,211.56,138.62,65.84,25.72
O000527,3261.69,652.59,553.19,207.67,34.08
O000528,6465.46,1701.69,1049.66,430.81,238.66
O000529,28517.29,5154.8,4500.38,1090.15,775.27
O000530,2374.33,500.96,442.73,113.05,34.67
O000531,13907.59,3136.16,2605.82,536.64,495.67
O000532,5711.94,1136.79,1230.96,326.86,66.58
O000533,10163.75,2578.42,2122.73,601.66,171.11
O000534,2356.97,597.72,478.78,182.34,53.81
O000535,2864.04,719.42,606.06,272.43,66.69
O000536,294.11,65.12,63.01,8.35,7.58
O000537,8979.12,1661.96,1779.87,807.93,171.61
O000538,14163.63,3305.89,2812.25,475.0,188.01
O000539,10299.53,1693.99,1432.1,635.16,210.67
O000540,3555.03,845.47,677.15,273.93,95.6
O000541,2643.9,459.22,535.75,146.51,75.09
O000542,5258.41,1194.91,808.35,417.36,98.88
O000543,2089.82,416.59,528.99,130.77,86.92
O000544,4813.45,1187.26,1027.97,362.69,73.1
O000545,10962.0,2733.06,2231.35,407.77,335.01
O000546,5302.08,1346.79,1070.56,381.87,126.37
O000547,11100.2,2953.2,1804.39,723.98,350.85
O000548,9657.66,1994.62,1707.04,460.08,201.65
O000549,9377.04,1993.16,1517.13,510.32,118.13
O000550,16456.5,3347.15,3679.15,811.1,523.89
O000551,5392.37,1040.4,851.1,449.91,120.18
O000552,5231.77,1331.81,904.73,236.37,161.96
O000553,2248.77,570.06,411.49,143.18,37.14
O000554,3928.22,959.41,877.97,233.8,138.89
O000555,2981.51,538.08,547.37,113.14,44.3
O000556,771.49,157.16,134.13,67.24,14.48
O000557,3837.07,936.64,881.42,123.67,101.3
O000558,5735.01,1394.08,1061.51,276.79,129.15
O000559,1865.88,425.79,408.96,118.08,15.83
O000560,10926.19,2946.28,2342.32,973.32,144.73
O000561,339.13,73.99,62.43,18.06,8.84
O000562,6897.04,1397.85,1056.2,543.46,162.3
O000563,1745.88,380.69,396.44,105.13,57.34
O000564,1089.13,223.25,196.91,62.5,24.32
O000565,9256.58,1793.83,1875.29,810.5,290.6
O000566,5783.79,1553.76,1075.84,215.2,199.03
O000567,7970.37,2023.57,1376.48,247.51,117.43
O000568,5478.63,1052.89,931.8,416.31,164.96
O000569,10315.71,2505.9,1840.82,922.75,262.17
O000570,1520.9,371.9,257.25,131.75,35.36
O000571,1395.17,280.38,242.32,114.05,49.07
O000572,15711.0,2464.51,2027.22,1083.24,201.11
O000573,6160.01,1559.23,1195.17,474.73,173.2
O000574,7634.82,1380.78,1098.67,360.32,182.68
O000575,1163.49,204.19,180.12,91.49,12.74
O000576,6503.31,1357.06,1379.18,432.58,114.85
O000577,1414.8,366.25,344.73,43.26,17.97
O000578,2738.23,673.4,590.18,185.51,84.52
O000579,2605.44,513.34,555.9,209.33,65.65
O000580,6532.65,1529.73,1295.47,209.41,80.98
O000581,14601.8,2757.25,2126.67,1113.18,436.04
O000582,3841.46,998.37,615.73,180.19,103.56
O000583,5080.34,880.07,872.4,215.98,191.79
O000584,568.92,119.51,86.56,32.83,13.36
O000585,5693.81,1114.31,1289.36,301.08,93.54
O000586,3575.45,825.42,852.86,297.07,99.61
O000587,7751.81,1571.13,1585.4,576.47,231.49
O000588,2016.45,395.41,386.19,212.19,59.33
O000589,13299.05,2843.71,2201.35,904.59,483.51
O000590,9578.63,2005.58,1470.26,682.82,287.01
O000591,1446.99,303.2,265.52,71.4,30.35
O000592,4851.55,853.6,757.33,178.03,140.56
O000593,6525.97,1195.88,1146.01,297.21,179.13
O000594,11786.31,2508.48,2829.51,1051.27,132.67
O000595,6087.38,1416.31,926.62,177.37,96.58
O000596,2260.17,519.96,386.02,117.23,31.33
O000597,3589.08,867.15,693.75,292.54,165.17
O000598,3973.49,752.42,655.29,266.43,133.27
O000599,619.08,136.67,110.69,26.62,10.96
O000600,9345.56,1784.5,2006.99,624.98,160.76
O000601,3002.12,796.39,453.51,130.86,69.8
O000602,12161.48,2360.54,2772.25,861.2,417.19
O000603,3472.94,902.83,652.6,171.91,134.63
O000604,2042.45,573.16,413.9,207.69,54.67
O000605,4721.35,817.2,880.82,392.42,160.99
O000606,12311.04,2133.53,1839.62,383.53,239.78
O000607,4504.63,1011.46,1092.57,126.39,108.84
O000608,2721.83,649.36,560.39,227.44,33.11
O000609,4646.55,1152.15,728.94,150.76,168.32
O000610,2352.25,492.52,532.31,163.79,76.42
O000611,8897.39,1857.99,1813.13,624.44,279.08
O000612,3375.05,624.01,550.74,166.7,118.52
O000613,13998.57,2515.3,2265.48,1034.19,228.03
O000614,3837.15,1003.83,846.53,230.41,49.44
O000615,1464.47,364.29,299.66,73.45,16.84
O000616,4906.43,942.25,782.85,402.63,182.26
O000617,5938.15,1363.22,1031.5,157.57,78.98
O000618,1329.75,252.99,299.94,55.1,32.76
O000619,2541.84,591.67,453.1,208.28,53.31
O000620,18350.96,4206.12,2846.45,1289.52,464.76
O000621,14479.02,3525.67,2224.44,513.54,270.84
O000622,3768.66,636.07,736.12,227.6,92.17
O000623,1948.59,405.62,382.05,71.59,23.87
O000624,1320.56,324.2,260.12,59.53,22.93
O000625,2091.34,472.27,366.17,155.28,27.01
O000626,6690.75,1173.64,1465.85,552.93,190.43
O000627,4232.53,763.83,658.05,176.52,64.25
O000628,3593.99,853.05,561.33,241.17,73.9
O000629,8543.68,2248.19,1645.06,522.11,183.77
O000630,4156.74,739.82,937.8,219.61,71.94
O000631,3274.96,804.14,632.33,78.33,81.23
O000632,2384.17,522.75,399.55,156.32,75.85
O000633,5120.15,1394.72,883.42,170.96,144.76
O000634,4155.57,1044.52,860.85,165.9,148.38
O000635,2063.21,376.13,386.96,120.12,40.59
O000636,12177.36,2094.64,2332.87,444.05,258.39
O000637,4007.77,774.04,709.72,423.69,144.13
O000638,2198.43,432.76,407.43,180.74,74.32
O000639,2279.46,564.94,373.86,65.53,54.83
O000640,3147.95,611.2,704.57,222.74,116.38
O000641,1485.36,354.44,256.31,67.71,39.18
O000642,8368.11,2208.69,1717.73,398.56,249.74
O000643,5221.59,912.96,778.75,498.63,74.39
O000644,2358.48,532.51,483.85,153.62,55.45
O000645,16075.8,3754.31,3594.05,883.86,174.81
O000646,4937.32,829.7,1011.3,161.44,164.68
O000647,1598.9,321.12,256.39,70.08,37.84
O000648,3959.51,996.73,758.86,195.27,88.47
O000649,4927.48,939.19,1041.14,452.72,90.44
O000650,4524.97,1174.65,787.3,148.3,128.86
O000651,7933.77,1605.4,1957.6,440.17,323.85
O000652,446.48,118.4,91.08,14.5,13.08
O000653,4691.41,858.5,949.49,235.57,125.64
O000654,5724.73,1006.81,916.79,339.27,204.77
O000655,5308.89,1280.0,817.38,390.84,137.63
O000656,2750.94,693.28,432.77,117.99,97.39
O000657,1754.33,450.54,396.07,122.01,26.38
O000658,8006.09,1996.56,1387.46,561.17,182.2
O000659,8931.47,1871.47,2126.95,521.74,213.56
O000660,4904.39,1092.34,1080.25,187.28,177.05
O000661,5169.51,1333.86,1197.09,224.76,102.12
O000662,1911.58,347.6,401.12,73.89,73.31
O000663,1429.98,341.22,236.32,61.5,27.84
O000664,2500.96,448.82,573.41,66.73,72.57
O000665,4178.45,948.58,704.67,332.59,119.78
O000666,6860.65,1447.62,1121.27,263.27,79.14
O000667,6715.82,1681.76,1244.46,353.4,91.36
O000668,4227.89,876.9,877.21,341.89,114.97
O000669,770.65,179.11,136.99,60.88,21.55
O000670,5240.62,1393.17,1039.87,304.82,73.99
O000671,5280.35,1343.82,1190.18,421.51,127.08
O000672,3070.3,742.79,558.89,166.34,79.89
O000673,4458.29,1055.0,638.46,140.08,128.78
O000674,8641.05,1760.79,1659.17,678.96,271.46
O000675,9469.07,1797.72,1950.16,297.73,295.66
O000676,5988.52,1506.68,1288.55,493.17,155.16
O000677,3725.07,966.15,731.91,207.21,157.13
O000678,5323.67,1275.12,1031.58,442.51,171.75
O000679,10752.01,2820.28,2000.57,918.25,392.27
O000680,5892.13,1320.98,1417.02,210.07,130.61
O000681,3141.18,564.17,723.25,161.8,57.33
O000682,3586.68,698.29,712.49,283.82,109.55
O000683,6195.78,1112.07,929.91,340.38,73.26
O000684,3847.39,825.05,766.11,201.14,97.08
O000685,3181.77,641.31,676.61,246.61,111.5
O000686,21494.3,3740.11,3255.67,491.5,192.35
O000687,3033.78,666.53,512.71,122.25,93.14
O000688,2190.57,498.13,369.85,161.91,66.57
O000689,2263.78,576.44,394.66,200.28,81.45
O000690,4864.65,908.91,716.76,248.7,70.3
O000691,433.14,95.23,84.89,38.1,6.48
O000692,7229.13,1699.58,1541.11,628.2,215.42
O000693,5063.37,1059.72,946.39,417.3,93.5
O000694,6061.55,1609.75,1305.06,487.4,68.69
O000695,4583.87,906.28,1036.2,170.35,159.49
O000696,10564.77,2041.3,1916.94,626.4,338.34
O000697,1377.78,318.22,244.27,113.54,14.34
O000698,5133.3,1236.22,1211.97,524.95,213.17
O000699,1296.41,352.84,303.87,112.06,23.27
O000700,1891.73,383.46,367.2,92.71,35.46
O000701,931.04,195.07,203.64,68.21,28.15
O000702,10362.33,2870.93,2249.55,432.2,320.81
O000703,602.32,116.99,124.41,38.11,8.69
O000704,5867.35,1583.65,1049.22,260.97,253.86
O000705,3948.2,976.47,691.56,230.07,72.5
O000706,2793.02,569.28,526.7,258.23,106.58
O000707,9482.74,2559.05,1849.81,700.09,207.68
O000708,1975.05,387.56,402.02,117.78,27.05
O000709,5470.91,1447.6,1159.35,299.68,176.42
O000710,6012.41,1136.78,1178.92,251.46,194.63
O000711,3373.59,666.74,593.53,189.28,59.03
O000712,2480.14,556.95,368.23,205.17,36.11
O000713,3818.59,758.49,728.63,125.66,72.11
O000714,1462.09,310.34,322.13,110.85,59.73
O000715,3374.39,691.7,629.11,315.63,59.4
O000716,1752.7,385.99,356.24,51.95,48.15
O000717,767.62,198.44,153.92,35.66,27.95
O000718,682.58,175.56,119.43,49.71,18.68
O000719,7714.06,1369.75,1316.04,695.79,168.76
O000720,8887.07,1648.31,1983.84,658.79,278.22
O000721,1246.81,329.65,250.86,79.55,13.16
O000722,1291.19,326.49,209.22,93.75,12.36
O000723,6983.68,1753.96,1188.26,262.8,208.57
O000724,5055.51,1208.72,943.83,324.56,54.23
O000725,6739.24,1303.93,1478.45,567.07,139.25
O000726,11406.51,2883.05,1943.21,1059.26,358.63
O000727,4047.0,925.17,846.98,328.87,75.37
O000728,374.94,84.08,63.88,14.16,5.94
O000729,749.01,167.64,163.59,59.61,11.83
O000730,5327.25,950.5,971.48,461.57,121.55
O000731,970.91,246.43,188.28,39.92,21.27
O000732,1100.94,276.88,264.7,86.35,39.14
O000733,4213.94,1029.79,698.32,338.43,110.18
O000734,5753.14,1588.94,1391.9,390.61,196.37
O000735,1511.99,339.21,259.83,103.72,38.86
O000736,8568.8,2142.84,1430.63,284.75,178.78
O000737,12357.73,2602.19,2158.95,656.43,182.1
O000738,17561.88,4634.88,3017.62,1337.86,244.75
O000739,6193.44,1316.11,1476.3,306.48,157.0
O000740,5336.53,1007.78,1226.74,284.77,59.58
O000741,14691.0,3167.12,2385.76,961.09,267.16
O000742,255.41,45.03,59.44,9.33,6.62
O000743,12393.09,2334.91,1912.11,528.42,226.08
O000744,7469.94,1881.96,1469.18,573.13,96.76
O000745,912.31,168.26,157.12,26.86,10.82
O000746,5375.92,1264.98,1101.04,364.91,205.05
O000747,16648.56,3647.96,2850.87,648.15,464.25
O000748,4229.47,983.16,729.49,386.19,174.17
O000749,5900.82,1542.87,1378.57,564.16,114.74
O000750,12333.06,2371.01,2437.66,878.55,356.94
O000751,3498.32,933.24,683.91,166.33,96.81
O000752,1106.12,278.79,226.9,36.31,16.78
O000753,1130.98,227.18,221.61,58.25,14.55
O000754,3915.27,703.03,662.09,173.17,68.97
O000755,366.44,86.46,71.53,29.05,12.12
O000756,1472.67,296.72,346.02,111.74,40.06
O000757,9334.64,1674.07,1398.53,406.06,143.84
O000758,8229.49,1608.99,1880.31,561.27,167.65
O000759,5558.02,1378.17,948.48,482.73,200.58
O000760,3527.1,674.55,769.92,185.68,60.08
O000761,3608.77,948.69,637.53,342.51,42.58
O000762,1300.69,335.16,230.67,77.9,21.04
O000763,5904.5,1236.78,1303.25,445.06,217.34
O000764,2177.04,508.35,445.35,176.72,36.36
O000765,4419.41,1118.25,773.2,431.85,119.85
O000766,5382.1,1379.17,983.16,599.73,243.08
O000767,4710.62,869.97,794.34,344.2,185.14
O000768,5976.25,1181.83,977.83,371.54,207.31
O000769,4869.04,1035.37,1104.44,459.01,178.89
O000770,6538.02,1196.1,1159.09,589.53,236.37
O000771,1919.65,458.73,443.27,91.54,21.0
O000772,2868.47,741.68,592.29,282.8,74.39
O000773,9230.08,1421.05,1735.84,440.82,70.78
O000774,2742.74,696.87,544.26,85.39,65.49
O000775,1946.9,330.24,407.12,80.44,37.75
O000776,2852.56,754.85,565.37,152.24,85.78
O000777,4899.14,981.47,794.2,414.92,136.8
O000778,8321.4,1762.96,1332.52,711.88,155.22
O000779,3352.35,634.35,517.08,224.14,40.0
O000780,4723.46,1134.29,855.15,148.81,91.66
O000781,5418.68,1165.78,877.46,360.61,159.97
O000782,1540.12,321.72,242.49,84.95,48.01
O000783,14737.23,2360.8,1892.05,1220.83,410.32
O000784,4068.69,1088.14,693.14,315.46,146.87
O000785,1412.95,262.17,243.47,106.28,29.32
O000786,3290.24,719.17,734.53,257.26,67.27
O000787,11592.1,2776.08,2498.53,805.12,430.18
O000788,11317.64,2483.35,2503.17,558.58,274.11
O000789,2808.18,617.61,615.22,234.22,92.27
O000790,5144.15,973.51,993.58,223.15,186.99
O000791,3530.96,730.77,750.38,208.91,33.8
O000792,991.2,264.13,202.05,45.41,27.05
O000793,3031.69,626.79,739.76,177.45,36.53
O000794,6966.08,1313.02,902.52,361.59,221.24
O000795,11774.64,2235.74,1823.94,812.84,263.08
O000796,8227.87,1487.24,1499.63,593.36,261.96
O000797,2007.04,498.31,327.53,140.71,64.63
O000798,3130.7,683.48,524.5,114.12,56.09
O000799,9058.53,1771.12,2112.11,862.56,102.14
O000800,6856.63,1697.02,1163.3,419.08,139.41
O000801,7503.15,1840.25,1872.36,474.64,226.95
O000802,2726.03,720.85,634.23,133.12,115.85
O000803,11124.67,2202.1,2437.67,614.83,279.54
O000804,1561.02,280.58,267.84,84.12,24.32
O000805,2979.05,488.28,577.61,227.76,35.37
O000806,1346.47,348.31,231.82,106.7,29.9
O000807,6698.54,1199.72,1482.81,361.69,229.3
O000808,9405.4,2144.24,2094.55,724.51,257.03
O000809,1343.25,340.12,318.49,32.37,29.15
O000810,11385.42,2564.98,2385.53,972.06,341.27
O000811,4648.24,1195.39,1020.24,406.76,58.82
O000812,5388.18,1283.7,1193.06,294.49,73.59
O000813,7588.69,1937.78,1779.07,583.34,132.73
O000814,1537.97,337.9,286.76,119.13,32.26
O000815,2351.29,553.17,428.84,68.83,51.87
O000816,1914.1,439.73,348.6,130.08,71.51
O000817,13723.87,3230.27,3155.88,680.11,181.55
O000818,2367.52,526.5,506.54,62.28,73.13
O000819,13353.02,3702.86,3339.61,1282.14,442.65
O000820,1324.18,339.03,234.27,150.54,31.63
O000821,6396.26,1715.58,987.78,307.57,159.92
O000822,5978.79,1376.31,1214.39,509.44,75.81
O000823,1048.66,255.1,215.54,59.75,10.23
O000824,7690.97,1561.87,1481.49,272.14,162.15
O000825,5327.44,1392.7,1271.92,351.8,155.64
O000826,4807.15,1022.32,1073.21,197.75,177.54
O000827,4749.66,860.71,1122.9,450.19,99.21
O000828,4644.47,833.97,914.12,182.79,73.22
O000829,11520.09,2354.44,1657.66,598.47,170.85
O000830,7420.23,1419.37,1622.77,397.65,177.94
O000831,5760.51,1406.3,940.31,379.3,119.73
O000832,4446.0,780.76,940.03,178.15,54.02
O000833,3810.02,750.77,781.12,392.79,43.68
O000834,3824.82,822.05,691.2,229.61,158.96
O000835,4037.36,1080.89,747.72,232.59,92.51
O000836,5278.59,1019.35,867.17,272.81,185.85
O000837,1396.79,362.85,258.72,112.74,28.05
O000838,14662.61,4122.62,2545.08,1117.65,434.0
O000839,907.05,244.38,207.87,83.5,37.18
O000840,2388.57,451.48,523.59,122.55,33.98
O000841,1545.17,405.86,254.97,121.05,30.52
O000842,4904.75,1061.31,982.28,216.45,82.07
O000843,4174.11,717.84,675.07,295.31,82.44
O000844,1279.94,337.78,303.88,132.93,25.08
O000845,11159.53,2576.58,1714.18,834.01,123.75
O000846,1144.03,271.61,244.03,41.34,28.34
O000847,1380.38,382.59,304.04,51.88,22.09
O000848,8763.27,1897.33,1840.86,432.76,259.17
O000849,12637.17,2243.55,2314.78,776.64,120.73
O000850,5454.19,1399.26,1132.15,275.39,83.37
O000851,4840.68,1301.72,1156.52,346.4,72.58
O000852,7429.87,1565.03,1324.9,411.77,147.43
O000853,3869.47,899.04,736.3,360.66,75.93
O000854,3795.85,772.78,813.13,149.53,63.04
O000855,6763.16,1265.38,1328.68,659.92,173.12
O000856,5668.18,1235.63,1325.84,345.25,200.42
O000857,9572.92,2058.97,2016.74,506.71,247.46
O000858,2313.88,437.08,391.16,166.84,65.42
O000859,1293.15,324.06,249.08,111.06,38.85
O000860,352.44,77.75,75.77,30.56,5.07
O000861,9024.51,1708.59,1569.35,690.46,109.14
O000862,6148.67,1559.48,1417.13,281.76,202.55
O000863,6844.88,1205.26,1199.1,561.44,95.7
O000864,3859.36,820.33,573.43,211.48,68.05
O000865,2424.34,570.31,482.52,148.92,29.54
O000866,9356.5,1989.42,1994.34,750.35,166.92
O000867,9728.42,2738.9,2283.66,400.06,331.2
O000868,9533.43,1864.77,2016.26,357.24,378.71
O000869,978.95,219.4,143.28,51.71,20.74
O000870,12720.4,2477.75,2563.75,827.38,525.37
O000871,4487.24,967.9,871.9,155.98,65.7
O000872,8723.23,1989.56,1368.13,481.12,261.79
O000873,6019.59,1206.18,1439.53,359.96,130.12
O000874,8896.14,2386.43,2073.39,494.2,92.7
O000875,4440.63,874.22,725.32,237.91,53.66
O000876,5926.38,1017.22,1027.4,251.32,186.2
O000877,5632.09,1370.69,1313.08,599.23,192.21
O000878,2822.17,561.39,644.65,138.87,72.15
O000879,1582.44,373.07,332.5,114.63,36.31
O000880,2333.16,475.57,537.29,108.44,60.59
O000881,5085.18,994.15,1051.66,311.78,156.63
O000882,4233.64,955.48,672.74,295.02,166.69
O000883,6913.22,1555.89,1375.5,559.94,183.78
O000884,1973.22,538.42,469.56,184.98,53.61
O000885,4934.29,1054.75,1022.65,385.85,154.65
O000886,5217.19,1345.03,831.73,199.11,141.83
O000887,5371.85,1012.77,1006.11,207.89,159.37
O000888,16235.18,3779.91,2823.51,1489.37,447.09
O000889,6832.98,1255.83,1249.42,443.59,129.7
O000890,2721.89,614.66,544.84,129.48,54.81
O000891,8498.98,2142.41,1833.26,314.9,142.76
O000892,2605.23,504.08,474.73,248.42,107.35
O000893,2728.99,636.7,589.38,306.47,118.49
O000894,8181.28,1763.69,1346.05,596.9,255.5
O000895,2255.12,593.32,440.64,202.81,20.33
O000896,1306.06,285.88,210.17,129.46,17.69
O000897,3356.36,594.83,556.24,315.89,136.94
O000898,6042.37,1627.82,1257.09,299.76,172.85
O000899,5622.36,1176.76,1206.58,315.46,77.46
O000900,10528.5,2810.15,2361.32,705.29,442.25
O000901,1039.23,255.64,242.95,88.06,25.11
O000902,8079.87,1398.96,1341.12,352.33,169.03
O000903,6542.61,1628.92,1592.77,206.36,103.09
O000904,4519.6,1085.45,748.32,166.5,125.34
O000905,11005.34,1914.75,1896.69,813.34,148.12
O000906,1454.52,343.81,355.26,68.74,33.78
O000907,4487.29,1181.96,709.23,321.92,163.59
O000908,2842.9,640.41,485.66,150.19,52.47
O000909,1069.53,258.38,234.49,52.65,28.04
O000910,10361.22,2551.63,2071.04,740.02,257.44
O000911,2332.42,465.58,471.89,110.95,73.62
O000912,6133.75,1357.77,915.58,195.14,76.82
O000913,14644.52,4134.83,2781.32,752.96,172.69
O000914,1037.6,241.56,167.78,85.17,30.71
O000915,7697.09,1785.34,1526.22,364.65,231.47
O000916,3047.37,699.96,607.04,198.02,112.99
O000917,6305.85,1239.67,1346.7,246.36,71.56
O000918,6584.9,1323.4,1209.06,314.26,83.35
O000919,7382.3,1328.1,1725.17,372.5,213.26
O000920,1882.98,367.3,389.27,146.09,28.53
O000921,2945.33,496.48,462.82,197.86,37.01
O000922,1713.53,425.59,391.36,97.34,60.28
O000923,3219.2,648.0,637.04,239.69,75.38
O000924,1059.71,227.05,205.91,112.79,29.16
O000925,4311.37,1105.87,803.42,356.76,47.93
O000926,6674.58,1284.01,1074.11,475.86,134.84
O000927,8347.1,1354.33,1055.95,507.47,181.14
O000928,3332.14,633.07,682.72,184.98,76.99
O000929,2392.85,475.77,459.37,130.7,30.27
O000930,6886.4,1612.78,1288.06,432.3,260.91
O000931,5055.39,1117.72,1206.74,479.04,113.47
O000932,1105.85,205.82,176.73,89.99,37.41
O000933,10248.87,1971.64,1682.18,544.33,370.17
O000934,5757.17,1264.14,1158.72,500.24,68.89
O000935,6453.46,1643.69,1055.82,526.61,183.81
O000936,2088.06,449.89,458.14,144.79,57.41
O000937,1631.6,314.58,227.33,85.16,31.33
O000938,5785.15,1217.06,1030.34,199.91,86.3
O000939,5574.98,1342.59,1143.47,296.61,54.26
O000940,5228.94,950.14,1023.33,367.76,121.15
O000941,5076.68,1099.08,805.34,348.38,135.68
O000942,1793.7,312.51,386.09,125.34,21.82
O000943,3614.29,873.88,716.21,152.42,50.55
O000944,10262.74,1901.56,1621.79,919.72,295.89
O000945,9336.07,2041.0,1840.4,667.89,361.48
O000946,10886.94,2252.21,1753.19,746.64,259.81
O000947,3741.3,841.02,656.35,210.19,152.25
O000948,5410.29,946.77,905.08,147.54,151.0
O000949,7803.22,2101.8,1684.98,447.64,230.67
O000950,5037.74,982.24,961.73,328.83,112.3
O000951,7961.23,1664.86,1458.45,252.94,308.86
O000952,1256.02,294.35,245.04,95.41,48.11
O000953,9680.19,2392.45,1787.1,998.46,397.39
O000954,5568.18,943.37,924.27,218.86,131.28
O000955,1385.96,280.18,296.85,76.27,55.57
O000956,11584.01,1948.71,1884.23,663.07,113.06
O000957,12399.67,3140.77,2773.54,840.37,459.81
O000958,4218.47,1062.26,903.91,283.76,78.11
O000959,4578.19,1246.95,1023.54,211.79,86.17
O000960,537.11,115.96,81.81,19.74,16.01
O000961,10359.93,1995.09,1935.92,691.93,125.77
O000962,3748.72,908.03,601.36,228.02,146.93
O000963,10750.63,2215.73,1576.59,471.39,166.71
O000964,5665.0,1316.47,1187.67,202.96,192.99
O000965,16954.45,3874.06,3958.63,1152.0,589.76
O000966,11239.39,2329.02,2269.81,787.51,201.6
O000967,3694.77,652.12,757.4,187.13,92.57
O000968,11965.33,3201.23,2151.85,1294.26,156.56
O000969,6627.68,1417.75,1437.73,475.74,189.72
O000970,8411.03,2262.75,1507.8,269.06,139.89
O000971,1184.24,291.71,200.56,45.33,35.13
O000972,12737.05,2766.81,2508.15,829.08,400.53
O000973,2996.62,637.46,522.03,266.02,115.26
O000974,12050.76,2945.3,2809.31,890.87,294.72
O000975,7341.95,1458.78,1295.35,607.74,177.78
O000976,8077.9,1493.45,1233.44,556.4,116.57
O000977,3202.45,742.04,519.32,145.66,54.84
O000978,4856.59,1273.44,1122.72,176.12,73.46
O000979,12684.15,2927.51,3052.64,1091.7,198.32
O000980,5737.75,1182.47,1073.81,553.53,188.54
O000981,7431.64,1648.7,1228.31,337.42,75.4
O000982,4909.72,1201.43,1027.5,162.08,151.3
O000983,9968.75,1556.45,1557.6,568.94,309.79
O000984,12167.88,2558.11,2243.48,498.35,240.16
O000985,18426.61,3576.6,3992.48,1103.0,345.43
O000986,3638.15,894.46,720.8,101.55,125.39
O000987,3026.48,851.61,491.16,291.74,90.47
O000988,1017.93,188.79,173.54,78.47,34.14
O000989,10842.63,2275.17,1669.25,768.1,181.31
O000990,9107.3,2328.89,1880.32,290.3,125.46
O000991,1545.42,277.36,340.39,86.98,21.26
O000992,8866.73,1929.67,1508.4,563.45,102.63
O000993,4419.58,914.13,919.9,277.29,110.72
O000994,3830.71,864.81,685.43,170.88,40.53
O000995,2546.1,604.35,418.71,214.19,65.57
O000996,1083.95,196.46,199.57,75.35,12.78
O000997,1746.14,470.93,374.93,108.71,41.38
O000998,3680.7,1046.0,917.8,292.93,48.85
O000999,1337.96,273.6,273.89,71.08,49.26
O001000,1983.1,355.91,425.25,92.0,73.97
O001001,19757.56,4229.3,3035.47,1782.72,509.96
O001002,19961.57,3791.66,4278.48,1041.65,829.46
O001003,1191.28,273.42,263.67,37.5,18.45
O001004,5033.53,969.7,1235.0,165.16,172.42
O001005,6250.44,1278.69,907.12,193.66,102.6
O001006,5248.0,1156.2,1059.32,428.29,108.66
O001007,7613.36,2011.0,1435.94,341.75,224.71
O001008,3248.89,796.48,492.95,186.09,36.48
O001009,17397.59,3229.14,2717.29,1300.92,550.65
O001010,1688.54,311.53,316.16,128.02,39.91
O001011,16841.54,3465.68,4038.41,1247.57,581.43
O001012,3093.94,715.22,746.65,155.6,88.66
O001013,4616.88,922.32,1065.15,383.75,129.44
O001014,7009.91,1482.15,1705.24,315.27,217.04
O001015,5496.83,1494.72,1312.5,167.83,168.25
O001016,7423.61,1549.14,1487.07,456.52,128.33
O001017,1331.36,255.92,199.13,83.98,30.63
O001018,12251.18,2827.15,2735.75,755.04,124.51
O001019,15823.21,3718.17,3041.33,1012.11,254.9
O001020,2755.38,693.85,497.85,151.2,60.41
O001021,7478.46,1746.16,1139.79,826.12,262.03
O001022,8268.48,1640.87,1308.04,559.76,141.72
O001023,8718.37,1936.33,1838.4,654.7,249.53
O001024,4055.73,764.41,793.57,167.05,119.11
O001025,1519.61,297.86,276.64,140.81,23.15
O001026,517.49,137.25,101.59,41.13,17.73
O001027,14401.45,2993.13,3272.5,1312.98,187.36
O001028,399.18,88.07,91.64,20.33,12.9
O001029,4240.96,983.21,824.92,210.98,44.12
O001030,1465.71,306.64,261.96,111.67,34.17
O001031,3628.99,751.11,569.25,224.89,139.1
O001032,3787.82,715.99,668.02,335.45,48.44
O001033,1959.42,412.09,407.6,109.06,23.01
O001034,6688.5,1233.5,1335.75,354.52,134.3
O001035,10441.65,2638.16,2097.15,663.94,315.08
O001036,7983.73,1418.18,1261.13,391.68,255.25
O001037,569.25,138.98,121.33,41.66,9.89
O001038,824.68,214.02,143.96,43.8,11.13
O001039,1095.53,222.48,173.63,70.92,15.68
O001040,7700.7,1531.37,1507.89,424.15,267.94
O001041,8925.09,2103.65,1897.84,305.18,310.03
O001042,4839.79,1220.91,1000.44,209.54,134.31
O001043,6781.64,1743.59,1342.54,327.87,317.83
O001044,676.02,165.28,140.26,40.4,15.27
O001045,11300.52,3118.69,2739.39,961.17,441.42
O001046,5294.42,1151.37,1239.32,352.03,164.72
O001047,343.11,82.57,74.75,28.27,9.75
O001048,955.52,233.19,227.12,26.24,12.06
O001049,7394.13,2052.09,1635.25,695.13,197.72
O001050,2883.2,725.12,474.59,153.29,64.86
O001051,2251.72,492.99,362.74,89.51,40.95
O001052,4147.16,776.27,716.09,131.3,101.53
O001053,4767.88,1203.52,1044.03,202.03,57.03
O001054,5606.07,1571.18,1238.27,217.07,92.82
O001055,7842.44,1553.87,1738.62,557.21,225.5
O001056,3244.13,659.09,659.09,263.22,69.35
O001057,1387.92,352.69,225.47,88.76,26.63
O001058,3671.6,644.28,745.87,133.9,42.99
O001059,9524.82,2179.07,2114.09,567.56,221.47
O001060,3336.09,673.32,493.7,141.83,52.73
O001061,5132.74,1106.27,928.89,448.93,187.8
O001062,719.83,172.03,171.21,49.18,19.77
O001063,2645.26,606.47,514.57,150.95,101.2
O001064,3935.85,1121.33,631.91,365.78,100.55
O001065,11309.66,2150.17,2281.66,886.18,137.02
O001066,1860.16,406.42,322.53,83.83,67.41
O001067,1436.7,358.45,339.84,106.75,19.17
O001068,11284.78,2392.67,2009.23,621.12,449.93
O001069,5956.67,1098.51,1103.05,302.21,227.41
O001070,4250.69,677.63,589.77,223.58,75.75
O001071,7893.59,1611.39,1601.9,442.01,241.04
O001072,4711.31,1032.63,976.07,245.46,53.16
O001073,616.51,130.18,100.26,44.78,11.8
O001074,3171.94,852.76,710.74,181.61,51.32
O001075,3993.98,927.5,962.79,158.75,99.47
O001076,1482.47,327.53,261.64,123.5,53.53
O001077,354.46,89.95,68.32,32.9,14.4
O001078,1045.39,243.83,213.05,88.35,36.19
O001079,2925.55,770.48,690.74,291.05,115.68
O001080,1722.63,404.4,411.49,164.41,29.1
O001081,3938.71,977.59,843.29,230.25,33.16
O001082,3917.53,941.46,811.19,262.44,71.97
O001083,5267.27,1217.26,986.43,502.6,196.24
O001084,9280.27,2035.06,1741.41,399.73,132.16
O001085,4892.98,888.1,658.44,419.33,118.46
O001086,5175.8,963.18,1192.96,240.95,135.15
O001087,7139.64,1626.37,1379.62,308.22,132.95
O001088,2697.74,671.45,505.19,97.04,27.7
O001089,1610.06,341.11,252.25,115.09,24.19
O001090,10546.57,2175.2,2450.77,451.64,221.97
O001091,2611.78,507.52,505.89,130.77,33.39
O001092,8698.3,2229.01,1619.94,666.66,255.23
O001093,1825.76,433.03,318.94,112.9,46.53
O001094,14767.31,2945.51,2887.15,562.15,219.88
O001095,15401.43,3727.3,2872.45,791.69,552.53
O001096,4371.71,1126.38,975.73,378.8,184.1
O001097,8598.58,1713.88,1504.27,454.68,86.57
O001098,6498.19,1136.51,1297.06,433.42,188.69
O001099,4018.93,973.08,703.19,320.23,79.1
O001100,8969.8,1253.9,1149.01,459.21,235.4
O001101,11064.26,2220.44,2040.67,762.36,312.4
O001102,16454.85,3966.19,3118.97,1439.15,266.6
O001103,2494.72,572.52,427.13,161.59,57.59
O001104,2110.57,492.29,408.04,87.85,48.59
O001105,3903.58,753.86,635.9,255.34,105.75
O001106,5398.73,946.67,809.46,142.14,109.76
O001107,2674.52,565.31,579.67,216.59,109.79
O001108,4457.44,868.57,819.26,136.11,164.98
O001109,14626.74,3444.1,2678.08,698.28,215.53
O001110,2050.0,493.37,497.69,131.87,49.61
O001111,8814.17,2408.86,1451.63,860.85,241.02
O001112,997.3,230.36,250.09,56.54,19.91
O001113,5947.77,1466.97,991.8,481.56,216.4
O001114,975.64,173.02,182.62,33.08,24.42
O001115,7856.78,1705.39,1706.02,625.88,132.97
O001116,2294.91,404.69,415.84,112.99,92.3
O001117,8137.84,1961.88,1773.08,775.96,295.84
O001118,3159.57,784.71,647.29,230.58,32.19
O001119,1348.48,367.16,245.14,92.64,23.82
O001120,1375.48,287.57,289.08,114.27,23.97
O001121,5844.97,1378.48,1087.78,563.87,128.35
O001122,11569.11,2628.44,2540.61,737.92,182.42
O001123,9207.73,2566.44,2156.25,333.8,365.89
O001124,374.84,83.43,55.61,29.33,5.52
O001125,4752.6,829.73,1013.78,161.13,87.04
O001126,4575.66,915.73,911.58,215.34,171.89
O001127,4328.33,983.06,723.0,252.87,59.19
O001128,3698.5,742.99,770.87,158.13,111.96
O001129,2022.19,381.17,430.68,178.84,54.39
O001130,10375.22,2515.99,2551.32,283.75,139.82
O001131,11686.26,2892.75,2372.88,1218.58,155.76
O001132,6313.95,1507.89,1330.61,544.81,239.01
O001133,1811.01,338.31,336.02,157.21,33.49
O001134,9165.54,1741.41,1315.39,560.28,271.69
O001135,3897.7,981.52,751.64,168.65,51.04
O001136,6355.67,1316.49,1423.39,419.69,126.57
O001137,10910.62,2130.59,2259.55,890.36,427.87
O001138,5346.28,1147.96,883.93,314.52,141.78
O001139,4861.51,1080.22,997.35,247.33,67.17
O001140,698.62,146.49,146.06,37.77,25.03
O001141,8921.7,1744.96,1766.13,647.0,134.75
O001142,2455.71,455.28,497.55,142.99,55.3
O001143,13161.15,3398.74,2143.91,402.65,262.66
O001144,11663.54,3006.62,2715.08,936.69,336.96
O001145,12305.59,2851.42,2700.4,476.68,273.79
O001146,5643.64,1262.22,1198.08,159.92,179.95
O001147,3766.15,711.14,554.41,169.06,131.45
O001148,5019.23,1280.13,926.43,523.13,130.77
O001149,1039.41,209.5,259.08,54.46,15.1
O001150,335.87,74.19,82.96,21.44,9.22
O001151,491.44,104.03,103.7,24.87,18.56
O001152,2079.54,541.48,462.47,86.7,43.26
O001153,1359.88,262.4,282.06,150.63,40.53
O001154,10763.41,1953.44,1728.99,684.69,410.81
O001155,9733.87,1931.37,1823.64,572.05,254.51
O001156,3802.06,923.98,560.27,391.83,49.36
O001157,6939.87,1820.94,1343.66,204.46,100.15
O001158,4022.46,743.36,744.25,189.1,122.86
O001159,7875.04,2008.88,1552.45,583.0,132.48
O001160,3813.43,898.46,583.6,339.94,138.91
O001161,2427.75,605.4,525.74,63.68,41.81
O001162,2107.66,450.78,458.62,171.71,24.11
O001163,4318.22,852.59,695.69,140.02,102.3
O001164,4161.36,806.6,691.22,340.62,127.62
O001165,3742.83,972.94,629.92,195.14,68.8
O001166,10625.62,2894.47,2276.78,500.47,368.74
O001167,2273.06,409.18,450.05,162.22,63.4
O001168,2180.79,410.03,374.55,158.67,65.81
O001169,2705.71,506.89,633.02,166.66,58.76
O001170,7556.21,1243.6,1052.73,382.36,67.9
O001171,1477.25,364.45,316.21,118.22,25.8
O001172,2252.31,453.96,430.46,138.31,84.33
O001173,10691.69,2440.78,2283.36,414.39,369.05
O001174,6035.94,1225.08,1400.28,485.72,161.36
O001175,2806.98,682.68,452.39,282.32,120.94
O001176,12126.46,2883.98,2716.49,751.79,531.85
O001177,4293.43,907.55,877.6,265.83,53.35
O001178,10244.75,2253.16,2163.66,399.55,255.82
O001179,4326.27,1113.44,950.53,366.94,70.64
O001180,4370.59,808.27,694.81,170.75,161.78
O001181,2047.66,416.42,372.49,129.83,67.44
O001182,2340.87,540.37,389.03,98.31,28.35
O001183,515.57,121.23,91.29,45.07,19.92
O001184,7366.14,1411.09,1717.79,292.06,138.77
O001185,3342.85,730.78,582.68,95.41,30.34
O001186,1155.67,264.3,266.43,59.64,24.41
O001187,2252.62,415.86,542.73,82.76,38.81
O001188,2584.97,515.54,537.96,85.78,53.78
O001189,13272.59,3017.34,2703.34,873.01,515.37
O001190,357.58,81.61,76.67,23.77,5.61
O001191,11554.77,2225.78,2233.21,854.33,159.39
O001192,9645.47,2451.01,1698.24,446.35,360.57
O001193,1571.36,288.02,283.83,113.12,39.91
O001194,9927.8,2242.65,2153.19,527.53,314.47
O001195,3926.33,782.95,805.15,176.54,68.99
O001196,14552.98,2479.38,2305.79,904.57,312.69
O001197,19372.99,3732.19,2956.88,1014.12,467.19
O001198,3619.87,699.28,595.48,150.17,104.79
O001199,1631.58,419.12,297.8,102.12,31.35
O001200,13080.63,2746.01,3113.7,681.33,356.76
O001201,8732.84,1949.96,1650.28,601.61,214.42
O001202,8167.33,1433.86,1784.47,461.75,230.52
O001203,7368.63,2042.64,1272.03,574.73,160.64
O001204,7121.12,1279.67,891.06,359.24,99.66
O001205,3259.47,586.67,615.18,263.95,67.98
O001206,21559.87,4557.87,3344.17,769.04,537.68
O001207,1814.77,363.09,281.08,135.41,54.35
O001208,2967.96,730.57,735.31,314.87,117.2
O001209,13341.48,2523.98,2082.71,830.22,388.17
O001210,4836.77,918.68,883.42,362.65,112.51
O001211,9102.94,1826.38,2177.85,524.59,215.45
O001212,5433.95,1277.08,976.31,217.1,89.82
O001213,2108.94,524.31,419.05,182.38,22.03
O001214,3877.03,1075.28,668.19,142.39,72.57
O001215,6416.31,1536.17,1099.93,397.29,130.52
O001216,3074.93,534.01,643.97,122.07,63.3
O001217,1337.2,339.23,294.34,98.04,44.38
O001218,5375.9,1309.37,898.9,302.3,73.27
O001219,4498.84,1100.02,960.11,392.78,94.98
O001220,11577.93,2396.63,2643.33,577.95,300.45
O001221,12018.19,3015.46,2183.56,587.04,243.39
O001222,9229.73,2252.86,2206.56,334.6,231.21
O001223,17644.75,3132.53,3222.65,1395.71,570.42
O001224,6133.56,1109.88,971.4,374.65,72.3
O001225,438.11,114.77,100.08,43.77,6.48
O001226,5297.66,1407.42,1186.24,514.27,236.21
O001227,3857.18,825.7,647.81,254.23,106.08
O001228,901.87,229.43,145.68,86.55,11.22
O001229,462.16,118.46,72.58,32.49,7.25
O001230,6814.57,1632.28,1498.72,564.66,198.62
O001231,976.89,211.37,198.61,66.36,31.18
O001232,9357.65,1859.26,1877.61,427.8,321.11
O001233,1912.08,464.12,292.94,160.52,16.46
O001234,5549.89,1367.42,873.54,172.8,59.31
O001235,10633.41,2724.49,2090.56,787.21,222.05
O001236,2355.04,459.35,580.54,90.27,97.1
O001237,3772.83,951.31,930.32,230.1,133.14
O001238,3254.47,687.06,556.95,254.03,51.47
O001239,1789.35,496.63,330.2,116.98,77.93
O001240,3098.08,669.53,705.81,152.23,49.96
O001241,5633.04,1378.14,872.57,271.24,98.44
O001242,7511.44,1856.14,1368.29,500.65,173.61
O001243,8509.19,1803.28,1461.73,282.44,237.63
O001244,474.22,89.67,94.48,48.75,6.04
O001245,227.47,55.75,34.94,16.82,7.84
O001246,3742.28,1007.71,730.28,146.75,90.77
O001247,834.11,201.26,134.54,56.84,17.29
O001248,10441.22,2066.18,1907.88,502.67,377.16
O001249,2150.07,527.54,392.37,190.94,65.87
O001250,914.03,221.32,172.42,90.9,33.13
O001251,6698.17,1715.36,1487.88,462.03,82.84
O001252,9572.53,1999.33,1873.29,659.37,256.96
O001253,5020.42,1174.16,778.29,178.11,118.62
O001254,3238.0,812.28,526.72,137.05,84.47
O001255,4476.77,908.51,831.79,138.68,47.49
O001256,2204.48,541.44,531.68,96.17,21.98
O001257,5416.36,1343.16,849.0,296.59,76.81
O001258,857.66,216.09,214.95,55.31,28.23
O001259,4171.71,1093.31,706.17,151.46,123.04
O001260,8713.69,1843.95,1860.07,462.32,235.53
O001261,2043.43,525.13,373.33,134.66,21.35
O001262,2234.56,502.48,356.46,82.79,32.83
O001263,3460.1,780.7,594.5,237.28,110.72
O001264,5066.61,1176.93,1100.48,355.22,52.93
O001265,4216.57,658.01,713.48,274.26,53.96
O001266,3473.2,899.91,594.02,255.12,124.94
O001267,6298.5,1433.55,1057.03,528.17,194.51
O001268,15166.36,2724.67,2253.62,1206.01,587.77
O001269,1318.03,321.09,250.8,58.67,34.68
O001270,10063.83,2337.19,2283.05,590.53,118.63
O001271,2793.62,509.45,557.43,214.75,45.49
O001272,9322.33,1855.39,1957.91,296.77,252.27
O001273,9351.53,2032.7,1920.38,870.58,294.56
O001274,14041.87,2880.74,2582.32,654.87,534.69
O001275,4179.06,945.48,787.43,223.38,146.94
O001276,3710.94,988.86,708.51,310.03,88.53
O001277,4227.17,954.07,814.5,207.87,80.61
O001278,2375.69,386.84,379.4,113.54,62.42
O001279,635.35,142.73,106.11,33.33,18.45
O001280,5031.25,1026.44,961.05,450.06,148.0
O001281,3326.84,810.02,506.95,93.13,62.05
O001282,6775.86,1521.42,1089.11,271.96,80.08
O001283,5000.47,1254.32,758.43,211.61,59.81
O001284,8719.48,2187.08,1425.52,435.46,177.41
O001285,7841.88,1883.09,1524.08,718.7,96.73
O001286,10973.81,2196.28,1923.2,878.64,418.05
O001287,1363.87,328.44,286.03,63.19,39.39
O001288,782.27,170.24,148.07,65.22,27.06
O001289,6589.49,1694.38,1500.43,247.62,168.19
O001290,11444.67,2250.45,2409.75,1078.89,127.52
O001291,15066.93,3224.78,3251.91,1167.61,475.45
O001292,4524.19,1107.4,717.77,209.9,70.72
O001293,4155.04,773.37,663.94,314.52,107.13
O001294,1254.46,227.58,219.74,58.14,12.01
O001295,4629.95,1019.41,753.51,300.14,92.62
O001296,3717.27,965.48,855.5,328.41,91.25
O001297,1677.47,409.13,311.41,94.03,15.52
O001298,2836.27,631.59,641.26,172.78,96.01
O001299,8684.66,2181.88,1473.25,292.69,245.32
O001300,9585.06,1820.46,2001.54,661.88,124.31
O001301,3884.35,1019.33,755.73,301.96,38.51
O001302,2779.55,709.36,521.45,120.2,65.88
O001303,1485.88,272.71,259.37,66.12,40.21
O001304,2384.09,624.82,441.24,144.8,75.96
O001305,4624.98,1137.91,1031.39,232.04,65.2
O001306,3753.63,791.89,649.53,355.64,90.83
O001307,13435.53,2507.93,2977.22,1043.66,417.67
O001308,6310.36,1428.15,1298.52,530.53,220.66
O001309,12805.33,3554.05,3187.03,980.61,213.98
O001310,7074.56,1541.39,1502.24,494.03,71.53
O001311,4227.16,925.22,973.52,237.63,75.74
O001312,7549.88,1371.48,1501.99,325.86,172.73
O001313,2290.25,487.34,532.55,83.04,46.02
O001314,5380.57,1281.06,1009.79,188.67,197.03
O001315,1042.03,221.38,199.72,43.05,12.4
O001316,5628.01,1152.44,991.64,358.87,173.5
O001317,5654.32,993.65,1285.53,546.34,242.72
O001318,2571.51,626.76,431.52,224.94,38.29
O001319,1516.64,347.32,315.3,93.73,17.7
O001320,10382.79,2749.87,2388.72,724.53,275.88
O001321,5271.51,1102.59,961.8,404.5,201.33
O001322,4519.97,865.65,857.49,221.39,174.04
O001323,1722.14,402.92,383.04,76.0,20.3
O001324,3530.44,643.38,706.09,311.27,74.78
O001325,11336.75,2978.55,2174.12,1033.73,152.43
O001326,1714.8,395.03,378.1,47.88,24.17
O001327,9207.62,2559.01,1826.32,837.83,168.38
O001328,2269.9,494.4,487.36,177.69,42.97
O001329,8435.32,1596.46,1678.96,640.2,143.11
O001330,3885.63,885.54,640.92,367.45,152.45
O001331,11755.47,2773.04,1939.99,358.09,346.77
O001332,2108.86,502.0,457.95,116.38,28.44
O001333,13318.55,2803.18,2848.68,822.23,223.87
O001334,11416.84,2950.26,2410.12,768.23,326.19
O001335,755.96,150.49,137.41,36.8,15.79
O001336,4350.0,846.57,802.48,228.79,74.6
O001337,9977.12,1724.43,1920.68,316.47,263.8
O001338,5549.07,1123.89,1165.39,239.89,71.74
O001339,8131.82,1753.45,1545.54,431.5,171.77
O001340,9141.97,1782.54,1337.75,440.57,160.72
O001341,6310.15,1290.52,1316.4,322.62,252.41
O001342,3992.23,759.24,794.61,449.22,131.62
O001343,3853.77,711.55,759.09,192.14,127.22
O001344,7215.76,1445.84,1107.77,616.83,205.21
O001345,15100.43,2907.41,2984.26,565.04,276.63
O001346,13946.2,3448.34,2425.66,1089.18,384.52
O001347,1237.7,326.18,246.75,80.5,26.56
O001348,3125.45,802.79,552.87,119.9,134.0
O001349,3393.09,685.83,536.74,270.73,43.31
O001350,914.08,172.71,187.51,27.34,24.74
O001351,3319.76,720.77,533.72,118.06,61.73
O001352,13122.03,2485.79,1569.18,834.34,328.21
O001353,10286.23,2680.87,2312.02,933.94,199.94
O001354,3236.45,570.36,567.83,159.95,59.37
O001355,9640.45,1839.25,2146.82,602.33,325.87
O001356,3126.13,795.31,628.73,193.95,95.89
O001357,10077.77,2074.37,2229.39,771.09,197.24
O001358,1383.59,305.48,292.88,38.81,35.49
O001359,5839.27,1413.39,1315.78,325.45,108.51
O001360,5653.18,1257.69,933.86,560.15,222.31
O001361,3652.72,748.39,591.09,334.81,135.76
O001362,2798.61,680.82,499.97,116.17,27.0
O001363,6892.37,1311.89,1024.55,210.39,109.38
O001364,6731.78,1295.14,1501.9,362.59,144.02
O001365,7901.81,1664.93,1285.97,429.07,303.27
O001366,2161.59,541.36,333.54,137.17,37.41
O001367,6528.09,1680.92,1404.63,196.24,117.85
O001368,3692.3,725.65,621.08,180.4,69.92
O001369,12772.54,2792.27,2830.75,528.3,195.07
O001370,6123.45,1384.11,979.89,529.55,117.37
O001371,4387.39,970.27,797.46,274.32,86.08
O001372,445.7,120.25,81.77,37.12,9.61
O001373,1672.08,338.07,365.75,122.99,16.08
O001374,1727.81,483.95,423.19,125.6,47.61
O001375,10995.48,2011.85,2183.0,717.39,365.95
O001376,3252.11,812.04,696.37,357.1,121.79
O001377,977.06,239.07,171.8,39.14,28.56
O001378,998.11,175.67,188.33,33.21,9.44
O001379,1300.25,304.12,257.11,95.37,13.15
O001380,2610.38,711.55,539.01,128.2,83.91
O001381,1390.5,316.3,289.13,66.91,25.09
O001382,3886.68,863.22,627.5,236.72,108.53
O001383,7480.82,1856.58,1194.97,317.23,187.02
O001384,7111.27,1493.32,1710.75,633.62,204.92
O001385,4846.64,1062.06,1016.52,177.67,106.29
O001386,11843.28,2662.93,1905.5,473.71,492.28
O001387,4660.85,945.04,956.53,322.61,57.41
O001388,9214.89,1969.01,1925.43,682.71,364.62
O001389,16111.33,3950.85,3537.42,1271.7,295.24
O001390,1735.26,417.4,382.42,96.23,59.79
O001391,8936.39,1923.96,1589.9,694.93,83.76
O001392,1982.25,534.76,450.76,133.49,82.77
O001393,9080.32,2190.31,1913.51,345.67,149.42
O001394,2271.43,418.17,352.44,133.98,26.9
O001395,2383.79,423.39,460.3,133.83,84.92
O001396,5142.6,1085.34,1204.51,150.07,118.43
O001397,6392.25,1435.52,1283.74,206.19,68.04
O001398,11873.55,3417.75,3023.0,743.25,260.61
O001399,4353.33,958.67,838.35,345.37,150.88
O001400,2780.08,635.47,584.11,187.49,55.71
O001401,3660.08,767.01,788.26,311.66,88.0
O001402,5869.97,997.41,1218.71,421.16,135.75
O001403,16122.98,3511.92,2586.17,621.72,367.73
O001404,2230.01,390.19,427.59,185.22,29.72
O001405,4625.14,1039.49,852.52,199.7,72.64
O001406,4937.92,1221.88,1102.04,363.52,119.19
O001407,4216.64,1018.84,928.21,219.1,139.14
O001408,3899.21,786.23,595.82,287.71,52.13
O001409,2778.04,641.79,602.31,256.58,75.21
O001410,5576.15,1124.75,1146.14,293.21,172.64
O001411,2607.31,585.72,498.15,193.24,85.98
O001412,10234.77,2328.51,2232.14,1066.52,285.53
O001413,4660.38,1049.84,982.63,261.0,68.73
O001414,2668.18,689.8,682.62,242.37,78.35
O001415,5318.47,1022.25,1037.37,144.16,131.42
O001416,3161.91,756.97,582.41,197.84,88.96
O001417,669.83,174.97,121.3,73.53,10.42
O001418,751.99,192.46,130.26,28.18,18.3
O001419,9303.07,1799.89,1989.79,741.1,234.37
O001420,13035.86,2331.0,2323.42,692.5,207.3
O001421,6019.65,1290.72,1313.01,389.29,202.55
O001422,2868.12,558.6,596.99,81.62,91.28
O001423,10514.97,2340.77,1909.04,675.9,275.58
O001424,12123.13,2438.12,2541.3,525.36,432.69
O001425,8126.77,1579.97,1432.34,498.95,100.34
O001426,6479.92,1424.7,1212.15,542.88,222.75
O001427,14810.35,2952.06,3197.92,1089.78,491.23
O001428,9413.85,2196.5,2184.64,966.56,130.36
O001429,2433.67,485.76,369.53,144.04,33.06
O001430,3399.13,805.93,737.57,179.28,33.04
O001431,5732.37,1313.96,1256.92,356.18,163.72
O001432,6681.9,1290.81,1365.17,369.64,208.33
O001433,9136.95,1679.88,1714.86,630.51,100.42
O001434,2269.76,432.76,422.58,189.8,53.75
O001435,4358.63,792.28,710.67,261.19,91.93
O001436,3713.81,992.37,678.67,232.91,93.24
O001437,12055.62,2663.9,2154.41,1202.18,302.09
O001438,4214.7,998.41,651.83,417.6,125.12
O001439,2214.87,537.22,492.4,99.8,59.66
O001440,2584.83,638.8,424.86,70.95,29.08
O001441,2034.05,380.22,430.03,103.1,63.43
O001442,3060.5,651.71,609.95,207.49,50.9
O001443,2952.47,562.52,587.95,115.65,92.55
O001444,4091.0,1080.88,748.37,138.76,115.66
O001445,4689.18,702.09,629.82,352.34,46.11
O001446,2148.35,514.94,326.37,140.16,19.93
O001447,6762.58,1568.8,1617.92,296.3,114.97
O001448,358.57,74.38,71.73,38.11,15.12
O001449,6027.45,1381.72,1418.93,195.96,126.71
O001450,7366.89,1542.16,1788.11,654.98,174.41
O001451,6579.16,1398.2,1426.18,303.43,104.21
O001452,1895.5,447.79,345.39,76.04,75.17
O001453,1111.93,247.59,240.37,108.41,34.38
O001454,4134.31,847.31,656.93,134.24,72.53
O001455,8132.18,1818.4,1738.23,583.76,135.66
O001456,3743.02,712.59,673.48,304.45,99.9
O001457,4560.9,878.25,941.24,173.29,103.43
O001458,12937.38,2991.54,2108.9,719.66,390.6
O001459,4663.39,1055.27,901.48,477.06,188.88
O001460,1810.6,389.47,367.89,74.25,38.63
O001461,10109.32,2097.1,2174.24,517.8,137.72
O001462,9525.7,2317.71,2039.49,516.37,105.43
O001463,9270.91,2007.47,1664.01,1010.59,438.81
O001464,4175.62,974.72,805.27,339.7,155.53
O001465,10959.01,2083.04,1769.71,714.33,201.63
O001466,3781.94,833.48,747.8,112.8,92.61
O001467,2287.75,560.12,424.21,229.18,70.15
O001468,1189.51,303.73,276.94,39.96,31.27
O001469,2634.0,610.33,438.89,209.24,68.36
O001470,764.81,179.96,153.63,38.17,26.5
O001471,4631.66,1024.82,1092.28,253.88,131.61
O001472,11465.95,2124.38,2020.1,984.27,195.47
O001473,3025.37,713.43,634.02,208.82,92.78
O001474,5458.89,1344.65,1191.74,301.49,230.73
O001475,5163.26,1004.06,1026.8,455.53,130.25
O001476,14754.57,2689.15,2323.89,529.28,258.89
O001477,15230.48,3450.94,2309.76,794.27,372.82
O001478,3496.11,829.66,652.34,108.56,53.41
O001479,4008.36,1036.21,688.06,292.46,140.85
O001480,3209.82,806.2,704.15,248.68,100.35
O001481,1914.48,472.5,432.2,100.54,36.95
O001482,1838.29,440.47,404.41,179.28,46.7
O001483,9270.76,2528.39,1609.02,378.34,261.38
O001484,3996.22,901.79,736.29,192.61,126.18
O001485,4623.15,1039.01,785.95,374.83,87.01
O001486,1236.57,255.39,238.26,71.67,29.71
O001487,4454.64,1083.16,848.74,121.21,105.08
O001488,2951.11,763.02,579.01,262.8,113.48
O001489,5187.81,1157.45,1061.61,246.27,212.65
O001490,2288.38,448.53,502.89,115.08,36.31
O001491,8943.22,2119.67,1774.31,621.57,110.19
O001492,4530.35,959.68,1074.92,171.25,96.94
O001493,492.79,123.52,103.15,18.58,14.12
O001494,1871.13,477.38,292.86,73.03,41.14
O001495,4386.78,1114.78,1029.8,372.44,108.98
O001496,6936.82,1256.96,1133.08,468.41,86.3
O001497,5892.76,1346.4,1466.09,530.25,135.86
O001498,7103.22,1463.69,1373.71,316.73,88.48
O001499,5020.61,1131.29,858.06,387.76,152.66
O001500,3970.44,746.45,920.41,265.85,60.27
O001501,4986.61,1056.57,1011.32,316.78,123.18
O001502,4078.3,922.12,616.21,147.66,81.78
O001503,11204.45,2306.94,2350.44,426.29,303.91
O001504,4685.96,856.53,934.41,457.98,74.3
O001505,5822.52,1280.61,1109.39,160.98,155.3
O001506,11967.47,2925.81,2662.03,779.68,209.46
O001507,3987.58,815.11,955.88,148.63,82.84
O001508,2824.77,743.24,556.2,268.7,86.5
O001509,2919.08,521.31,476.87,126.58,76.65
O001510,11525.87,2168.2,1796.12,861.35,199.46
O001511,7834.85,1443.58,1652.02,584.5,253.31
O001512,10609.95,2240.09,2426.32,827.92,282.42
O001513,369.4,67.97,81.89,28.53,9.43
O001514,6054.37,1106.66,1200.9,471.91,93.5
O001515,4217.7,1113.53,681.44,421.67,54.12
O001516,8017.73,1668.78,1312.75,672.26,234.42
O001517,6409.63,1343.08,1412.78,607.09,215.77
O001518,1067.04,208.53,235.82,83.92,25.96
O001519,6577.36,1510.67,1467.03,614.32,267.49
O001520,1046.34,245.67,235.99,49.05,24.73
O001521,2582.98,662.38,382.3,115.45,43.82
O001522,4769.65,1000.52,989.56,479.06,151.59
O001523,1422.29,379.39,304.53,64.01,29.44
O001524,10713.52,2518.78,2062.94,402.19,341.71
O001525,2550.96,651.88,544.31,142.63,48.15
O001526,5431.92,1154.15,939.25,411.18,157.09
O001527,6080.41,1420.28,1334.03,629.81,113.37
O001528,2215.53,407.02,349.93,133.32,43.26
O001529,13760.1,2878.07,2128.9,1162.81,159.48
O001530,7494.26,1602.54,1873.48,498.83,211.16
O001531,1442.73,327.44,311.5,98.93,60.5
O001532,2616.81,538.87,459.56,202.34,64.99
O001533,6778.46,1644.27,1328.08,287.19,136.65
O001534,6061.88,1086.18,1132.38,539.56,97.15
O001535,3275.74,889.78,716.56,123.4,99.6
O001536,4620.1,744.91,651.96,145.29,124.5
O001537,7378.66,1889.26,1102.37,247.97,106.15
O001538,5582.11,1429.02,1236.77,283.59,91.76
O001539,6218.77,1736.51,1387.78,498.93,138.3
O001540,5621.5,1062.46,1355.06,431.61,149.21
O001541,367.22,81.29,62.46,16.12,9.31
O001542,3028.51,601.18,645.52,343.94,136.39
O001543,324.21,66.0,70.46,35.81,15.47
O001544,9900.25,1754.37,1223.38,242.1,78.84
O001545,10806.07,2847.93,2473.54,404.4,422.88
O001546,9874.51,2559.97,2263.68,362.14,177.11
O001547,4621.74,1214.77,950.29,456.73,78.09
O001548,562.09,146.35,114.18,15.91,12.64
O001549,11432.68,2183.2,2152.15,623.2,431.42
O001550,5844.66,1457.92,897.76,190.45,66.76
O001551,2685.86,595.97,570.99,283.63,59.1
O001552,10079.74,2121.99,2479.33,724.21,309.16
O001553,3316.39,671.75,559.72,278.33,50.4
O001554,1326.2,292.58,257.1,50.62,33.67
O001555,7691.5,2212.77,1251.78,270.41,159.28
O001556,9081.34,1749.1,1657.2,218.62,86.49
O001557,939.5,181.69,195.48,90.24,37.71
O001558,5631.38,1309.92,1394.33,502.98,80.84
O001559,1222.54,319.83,230.56,101.29,28.43
O001560,4944.54,1010.35,805.96,233.6,196.88
O001561,671.32,161.04,134.55,37.61,10.88
O001562,7560.99,1601.09,1367.4,695.09,149.98
O001563,4641.61,1130.05,749.86,139.78,149.81
O001564,10389.41,1883.69,2037.48,730.98,331.68
O001565,3649.33,893.62,799.09,106.86,103.89
O001566,6297.34,1286.28,1450.59,409.98,259.69
O001567,12524.82,3373.38,2171.13,553.85,317.99
O001568,4293.73,971.1,1018.17,298.02,73.35
O001569,9001.73,2050.99,1795.27,597.0,148.9
O001570,3653.76,660.26,700.74,239.31,52.66
O001571,484.79,108.28,95.73,24.37,14.01
O001572,10037.56,2080.77,1664.45,360.01,154.0
O001573,13704.36,2048.25,2183.22,375.98,204.04
O001574,18962.1,4691.12,4676.39,1824.59,669.11
O001575,3778.45,852.15,606.32,246.6,119.59
O001576,7136.89,1439.3,1426.21,511.73,106.13
O001577,11692.74,2623.5,2310.79,524.94,149.64
O001578,6113.81,1390.36,1077.72,304.86,122.74
O001579,5689.75,1518.05,1240.15,440.6,123.74
O001580,3248.72,638.81,691.96,220.97,119.84
O001581,9067.62,1735.73,1514.46,860.09,175.95
O001582,7563.29,2056.42,1631.66,277.25,104.38
O001583,2854.31,686.37,640.2,121.01,88.81
O001584,943.85,198.15,236.71,33.46,31.09
O001585,1924.82,346.79,359.71,114.11,65.31
O001586,4929.71,916.07,666.11,287.09,62.71
O001587,21692.23,4104.53,3269.19,1685.02,739.41
O001588,6314.19,1273.34,1062.54,233.87,209.26
O001589,9883.78,2326.23,1897.75,806.96,244.24
O001590,1155.37,242.05,239.29,56.56,22.29
O001591,9103.77,1633.23,1729.25,564.13,226.87
O001592,9600.46,2076.35,1634.79,815.42,183.65
O001593,10974.42,1911.39,1786.42,590.79,328.67
O001594,7430.08,1395.93,1258.59,349.24,110.86
O001595,5289.48,1372.3,1030.2,295.89,197.72
O001596,4130.93,1091.72,733.02,222.07,83.74
O001597,11333.41,2604.92,1930.11,915.88,266.53
O001598,1798.8,450.58,428.57,79.01,18.51
O001599,1373.41,350.01,205.0,113.74,24.71
O001600,985.52,219.32,211.71,75.29,9.6
O001601,3552.51,859.26,611.1,198.51,123.17
O001602,8612.05,1980.18,1631.72,571.09,121.91
O001603,4569.76,1213.38,1051.76,364.86,141.79
O001604,8265.03,2032.1,1529.44,307.21,180.77
O001605,10495.61,2367.8,1945.16,754.84,218.73
O001606,1087.63,237.4,244.39,33.14,27.91
O001607,3680.17,948.04,654.88,145.58,42.99
O001608,2230.52,517.89,518.41,131.64,38.86
O001609,264.06,51.43,63.49,22.63,4.78
O001610,8001.36,2163.53,1242.42,557.73,290.17
O001611,1614.75,289.27,272.31,130.68,14.52
O001612,1547.14,392.68,352.57,90.93,24.33
O001613,3046.27,608.5,516.62,282.5,47.76
O001614,335.72,75.85,70.04,27.69,11.67
O001615,11434.62,2625.46,2331.48,538.89,236.1
O001616,4236.42,770.25,731.63,232.57,103.47
O001617,2792.27,681.06,536.22,285.79,65.59
O001618,2448.04,437.5,431.81,198.4,43.78
O001619,5894.99,1394.11,956.65,337.55,95.97
O001620,1816.94,462.25,385.62,95.6,42.67
O001621,2545.69,601.99,406.03,136.18,54.53
O001622,6135.23,1159.61,1060.76,490.02,149.3
O001623,1831.66,438.2,404.29,93.12,40.75
O001624,3926.96,758.71,591.02,194.26,73.0
O001625,841.14,180.5,125.46,56.3,27.88
O001626,17299.82,4440.58,2689.33,674.81,387.59
O001627,7987.57,1515.05,1540.67,416.04,148.65
O001628,6578.77,1235.22,991.12,230.75,203.48
O001629,16408.93,3031.96,2685.88,1187.01,263.01
O001630,4775.73,1013.69,741.61,351.82,76.46
O001631,11220.45,2414.77,2526.22,413.21,210.44
O001632,5223.31,1421.74,1009.67,221.33,128.0
O001633,5413.51,1323.19,947.6,489.12,134.84
O001634,6521.68,1767.56,1375.08,545.7,288.26
O001635,4939.59,879.41,1112.55,286.73,143.86
O001636,7173.47,1543.57,1581.43,472.84,226.81
O001637,4663.65,932.58,890.43,329.21,122.64
O001638,1395.15,296.02,257.61,71.85,24.38
O001639,13642.92,2521.81,3125.38,971.12,217.65
O001640,3704.33,965.33,854.86,357.41,64.59
O001641,859.48,239.27,158.03,75.65,11.11
O001642,11489.14,2106.52,2339.48,727.21,418.01
O001643,853.21,188.13,142.51,83.12,25.26
O001644,10322.69,1960.13,1982.42,533.72,179.47
O001645,3294.36,584.37,655.84,239.44,101.72
O001646,6807.0,1342.08,1333.1,290.06,98.23
O001647,3350.93,838.23,509.77,128.34,92.49
O001648,8805.79,2150.05,1548.61,390.67,269.98
O001649,2372.9,541.32,501.05,98.35,73.95
O001650,2601.22,676.89,507.31,117.56,42.94
O001651,3735.75,688.57,860.03,186.37,76.33
O001652,7102.36,1326.79,1562.75,593.44,285.24
O001653,5222.48,1470.42,1002.93,535.1,75.29
O001654,6277.3,1399.04,1098.28,192.6,152.51
O001655,601.47,144.97,131.62,46.81,22.89
O001656,2144.75,462.62,399.96,148.91,69.59
O001657,2602.83,478.11,413.22,174.69,37.41
O001658,11597.06,2167.59,1711.45,534.61,396.23
O001659,8525.96,1665.6,1803.55,343.45,298.36
O001660,6546.53,1669.4,1020.4,572.15,123.86
O001661,18768.44,4201.49,3903.84,1813.27,509.56
O001662,3147.16,597.49,547.16,181.11,54.59
O001663,3102.14,597.58,470.39,213.14,61.99
O001664,2666.93,622.96,628.34,78.05,60.25
O001665,8933.3,1828.88,1937.93,434.42,305.3
O001666,7429.24,1245.75,1213.31,180.83,215.84
O001667,8230.5,2077.71,2100.53,775.25,151.41
O001668,441.37,108.72,103.06,22.8,9.46
O001669,15700.31,3211.16,3333.75,537.7,232.24
O001670,5917.97,1348.61,944.87,379.59,221.15
O001671,5217.97,1323.33,1258.71,245.64,66.04
O001672,3408.86,866.14,726.91,151.9,115.28
O001673,1090.26,214.71,228.26,45.84,29.42
O001674,4359.8,1114.59,788.85,330.68,71.61
O001675,1436.45,256.46,227.98,52.5,13.76
O001676,3005.8,774.09,634.93,264.22,29.81
O001677,2638.34,641.19,662.61,223.88,62.32
O001678,7796.24,1586.86,1495.89,558.54,76.51
O001679,6050.77,1514.31,1315.56,553.39,61.64
O001680,11637.35,2301.94,2466.92,505.81,274.71
O001681,9680.95,1897.76,2427.87,935.26,279.2
O001682,1737.86,426.17,311.37,121.75,35.87
O001683,806.19,209.73,151.24,42.03,26.35
O001684,8828.51,2231.75,1653.83,400.4,127.39
O001685,2094.66,549.71,383.07,147.24,76.19
O001686,6982.18,1174.38,1162.27,504.97,148.69
O001687,9939.45,2428.29,1795.09,525.55,225.58
O001688,8418.66,1744.83,1799.74,614.35,121.64
O001689,8618.77,1892.93,1836.71,288.16,135.64
O001690,3063.57,649.12,518.24,289.52,71.95
O001691,10117.92,2189.49,1529.79,555.66,324.26
O001692,2776.43,492.94,640.16,121.24,80.03
O001693,2639.03,548.34,459.65,207.09,81.43
O001694,6017.65,1214.71,951.44,212.71,133.3
O001695,4084.31,768.96,799.0,357.42,159.74
O001696,4987.18,1200.97,895.56,279.1,137.48
O001697,7468.02,1568.18,1429.64,729.24,223.08
O001698,2426.38,592.46,379.11,146.26,85.17
O001699,11633.82,2441.34,2412.57,485.87,285.02
O001700,5640.01,1373.59,1208.13,395.96,143.47
O001701,7647.54,1659.38,1541.27,358.7,253.74
O001702,7876.3,1552.21,1206.65,223.92,208.17
O001703,6882.6,1296.3,1304.79,630.47,198.83
O001704,9485.63,1729.52,1403.1,294.23,369.33
O001705,3164.95,718.52,602.16,246.62,58.66
O001706,9901.12,2642.1,1861.66,727.97,266.14
O001707,7731.52,1501.55,1216.9,651.93,176.94
O001708,10457.18,2332.15,1967.75,376.8,344.23
O001709,936.5,215.43,157.86,78.13,15.95
O001710,1422.9,401.48,324.3,92.75,59.82
O001711,12048.75,2398.97,2699.42,567.48,501.4
O001712,2766.86,543.84,602.59,85.01,68.16
O001713,10086.83,2421.82,1715.61,363.9,138.72
O001714,2449.45,568.38,371.98,140.83,83.4
O001715,4464.99,874.61,1057.0,215.39,150.35
O001716,4774.25,1085.63,966.42,317.2,124.33
O001717,886.64,208.32,177.89,35.88,31.89
O001718,8052.62,1974.58,1608.51,291.0,191.04
O001719,5813.75,1012.84,1074.33,320.7,90.91
O001720,13751.83,3742.2,2997.66,676.47,373.76
O001721,2692.12,654.17,642.14,191.24,88.71
O001722,6275.43,1428.45,1336.56,535.25,183.52
O001723,3371.99,794.85,688.87,287.9,59.53
O001724,1485.58,344.66,286.14,146.91,17.78
O001725,6191.26,1670.24,1000.25,316.35,141.58
O001726,4316.41,953.92,976.69,203.51,160.16
O001727,6738.99,1400.52,1350.34,213.5,131.39
O001728,7689.81,1520.28,1778.83,496.06,343.31
O001729,5301.35,983.32,973.0,315.37,151.15
O001730,12562.84,2791.43,1810.38,743.22,426.45
O001731,5724.87,1425.89,1162.88,196.91,232.37
O001732,5199.0,931.95,779.79,300.03,144.9
O001733,4425.2,861.77,878.25,218.5,83.74
O001734,7075.0,1405.0,1083.48,397.99,151.79
O001735,2142.04,469.38,391.32,176.59,65.22
O001736,1309.77,337.59,295.95,110.39,19.36
O001737,361.09,81.72,75.18,16.76,10.68
O001738,7773.16,1999.74,1737.21,379.47,131.44
O001739,1089.54,241.02,210.16,75.97,32.76
O001740,710.86,169.28,165.31,60.68,12.4
O001741,5813.28,1044.96,1222.49,295.65,106.92
O001742,2367.26,606.38,512.72,174.9,33.12
O001743,4962.53,1278.05,836.89,451.25,67.08
O001744,1742.6,406.75,428.78,92.34,51.76
O001745,529.52,100.6,89.61,48.98,8.01
O001746,2378.78,613.69,369.74,143.01,41.26
O001747,3415.63,676.25,739.2,293.98,108.32
O001748,10105.61,1826.06,1690.6,528.0,165.49
O001749,4043.34,720.65,724.82,334.14,47.9
O001750,4140.99,844.98,628.42,331.51,99.05
O001751,5245.88,1088.44,903.59,208.45,174.09
O001752,6927.57,1303.51,1403.58,378.79,119.84
O001753,2486.43,516.07,451.6,68.02,59.54
O001754,5714.52,1200.63,1292.82,303.44,87.05
O001755,366.66,71.9,62.9,23.67,10.37
O001756,3351.86,719.35,614.66,253.52,47.02
O001757,2717.47,683.97,532.91,200.29,44.48
O001758,4978.48,1326.1,956.03,301.98,55.86
O001759,8439.19,1616.09,1659.87,772.14,281.83
O001760,3771.77,947.6,748.79,209.62,57.11
O001761,9318.78,1789.27,1700.37,814.65,128.75
O001762,7898.62,1665.63,1661.28,348.15,183.47
O001763,4088.45,945.56,733.54,365.71,91.92
O001764,7186.67,1677.04,1339.64,332.75,180.34
O001765,6719.27,1441.27,1024.5,174.95,111.02
O001766,2404.83,660.34,418.65,145.2,79.06
O001767,3486.66,738.85,551.01,146.72,67.63
O001768,3216.65,690.51,528.77,341.66,39.62
O001769,14585.43,3927.94,3066.09,799.94,209.65
O001770,4513.24,761.29,887.56,321.65,37.76
O001771,749.3,194.68,149.73,42.43,26.05
O001772,1262.25,258.34,211.83,34.85,17.48
O001773,6464.89,948.05,982.12,241.42,202.6
O001774,1465.72,323.17,249.62,91.65,42.37
O001775,2178.46,389.69,444.62,168.0,54.85
O001776,3529.16,838.24,716.15,223.3,84.03
O001777,5414.69,1123.75,908.11,253.29,96.54
O001778,3364.33,692.46,752.33,321.28,72.92
O001779,12128.81,3181.62,2562.48,566.42,352.0
O001780,3639.45,863.03,887.3,175.45,130.16
O001781,547.73,128.03,107.18,40.41,5.64
O001782,2420.9,587.36,455.05,81.91,38.02
O001783,949.39,239.74,172.91,66.81,16.26
O001784,2291.13,485.82,482.78,196.2,68.22
O001785,1940.66,469.55,315.7,86.66,27.8
O001786,5099.03,1254.01,1013.98,413.21,71.03
O001787,8362.8,1780.94,1454.37,967.51,210.15
O001788,5218.28,1048.17,820.29,194.54,180.96
O001789,12711.61,3627.89,2551.49,599.91,361.64
O001790,3305.78,649.0,781.26,226.86,97.04
O001791,607.06,117.75,116.21,38.1,19.19
O001792,11163.95,2781.39,1781.39,418.1,179.06
O001793,2654.94,630.45,413.1,65.21,61.95
O001794,7778.45,1821.84,1236.65,450.1,207.83
O001795,3479.69,817.46,640.7,129.82,110.82
O001796,3783.18,780.51,575.55,267.31,58.35
O001797,8826.77,1980.48,1826.62,289.68,213.61
O001798,3893.29,1086.88,972.45,349.93,103.27
O001799,5344.65,1363.27,1290.92,242.04,141.2
O001800,3416.6,741.53,652.07,326.77,60.06
O001801,698.72,184.88,134.22,68.88,8.96
O001802,10111.52,1855.38,2244.74,419.51,231.44
O001803,2046.31,459.0,361.66,201.47,39.59
O001804,15053.9,2817.07,3283.11,1011.2,585.87
O001805,11477.03,2282.56,2092.55,984.7,359.34
O001806,5471.02,975.36,1057.01,458.25,63.68
O001807,2779.58,719.79,525.11,195.96,67.88
O001808,4958.39,1196.07,970.72,249.82,92.33
O001809,5490.16,1202.49,1142.31,324.04,68.99
O001810,1532.57,304.2,344.65,117.47,18.8
O001811,933.17,235.91,194.04,58.7,17.27
O001812,10410.95,2135.46,2222.94,754.98,307.0
O001813,4486.43,1029.14,636.74,169.81,42.3
O001814,5536.22,1071.62,1127.16,179.53,135.75
O001815,3428.74,796.54,756.56,133.52,75.49
O001816,1916.46,439.91,392.27,67.7,35.37
O001817,5924.3,1427.5,1151.15,255.05,115.4
O001818,4344.27,1222.62,1049.63,171.17,74.2
O001819,7736.43,1293.92,1507.58,618.11,135.7
O001820,2414.81,501.79,477.97,134.23,38.28
O001821,1897.59,405.77,314.94,77.98,53.94
O001822,1620.58,320.66,337.21,67.57,31.8
O001823,3111.31,715.05,520.72,119.15,34.85
O001824,485.62,85.91,73.75,23.39,11.72
O001825,4537.77,875.44,860.91,148.71,97.99
O001826,440.06,91.54,84.19,36.59,14.2
O001827,1726.51,331.78,304.96,120.23,66.36
O001828,9747.39,2151.86,1645.92,721.33,184.48
O001829,4046.14,798.06,687.76,129.41,82.95
O001830,2950.91,724.19,643.23,268.03,34.04
O001831,1810.49,409.22,401.08,78.72,19.55
O001832,2303.92,633.25,544.58,122.68,77.2
O001833,7171.41,1597.63,1652.36,352.47,123.57
O001834,4872.65,1083.0,1099.46,204.77,107.43
O001835,2515.93,667.73,445.59,117.33,30.62
O001836,260.88,50.21,38.93,13.04,4.69
O001837,2070.17,415.54,499.21,71.45,26.69
O001838,502.71,138.19,82.0,46.71,19.71
O001839,3086.34,645.78,659.9,205.69,86.76
O001840,1645.15,318.48,330.45,61.51,39.49
O001841,7051.34,1342.44,1082.51,337.19,174.79
O001842,7814.34,1674.86,1597.63,236.72,73.95
O001843,3697.63,797.18,763.03,391.21,97.21
O001844,8338.7,1492.76,1265.91,314.7,271.76
O001845,15411.0,3032.73,3124.43,1005.77,186.97
O001846,2298.38,557.86,393.77,183.42,37.55
O001847,2258.15,567.1,410.66,102.26,47.69
O001848,3382.42,629.67,729.06,98.8,48.87
O001849,18410.25,4253.7,2776.51,1327.99,660.78
O001850,2767.06,639.19,634.01,181.81,39.79
O001851,4988.64,1309.71,1233.82,476.76,221.47
O001852,8074.13,2085.23,1678.02,644.96,102.28
O001853,11516.75,2163.71,1668.62,665.59,196.44
O001854,7627.73,1752.42,1371.88,634.21,272.22
O001855,6769.73,1374.27,1373.0,473.43,158.01
O001856,2727.12,538.6,523.76,103.16,103.12
O001857,5069.36,1159.14,860.26,445.43,102.48
O001858,1439.39,346.31,353.35,139.97,26.15
O001859,5885.17,1036.05,917.78,296.0,76.83
O001860,5750.47,1445.08,823.84,211.51,105.91
O001861,1866.61,482.87,423.7,149.15,35.43
O001862,8507.74,1610.09,1923.82,227.1,202.34
O001863,11973.11,2750.44,2629.35,1072.49,459.94
O001864,9891.09,1966.75,2232.85,903.77,154.15
O001865,5248.8,1332.34,1032.6,213.34,120.98
O001866,11828.9,2902.87,2399.0,1066.67,320.2
O001867,7504.36,1913.03,1381.22,358.79,159.07
O001868,2087.23,598.58,443.32,189.14,39.87
O001869,4509.74,999.96,814.41,404.52,102.49
O001870,4951.77,873.17,852.71,404.6,143.78
O001871,4923.22,1271.66,944.0,385.35,118.75
O001872,470.58,96.01,84.96,49.04,6.7
O001873,11212.01,2180.05,2119.66,733.28,162.62
O001874,1303.93,299.46,280.26,105.81,30.76
O001875,4942.02,981.19,1148.29,450.82,88.69
O001876,3252.49,831.67,675.21,208.81,47.97
O001877,2868.2,698.2,643.08,197.95,66.23
O001878,3106.71,673.96,513.53,252.2,71.4
O001879,6485.18,1712.44,1518.62,396.77,61.54
O001880,2905.07,608.02,404.68,266.59,33.42
O001881,2632.46,530.46,615.11,184.43,42.51
O001882,1780.99,441.66,318.82,161.01,26.32
O001883,1824.28,363.17,299.84,84.9,66.52
O001884,6344.68,1338.42,1172.27,411.99,181.79
O001885,5250.8,910.27,1050.71,324.1,111.58
O001886,3592.25,916.44,658.66,161.51,67.63
O001887,3206.95,641.63,659.07,265.31,80.45
O001888,4035.86,1018.96,879.73,217.39,109.78
O001889,5945.81,1155.96,1046.56,201.19,213.17
O001890,433.73,89.78,88.87,45.82,10.46
O001891,3756.07,865.43,745.54,279.43,32.68
O001892,6444.04,1534.4,1412.54,473.51,201.23
O001893,499.44,108.54,92.75,19.94,16.9
O001894,1508.01,293.1,348.73,134.62,47.49
O001895,6786.49,1504.42,1480.54,453.4,277.56
O001896,5604.37,1498.59,1231.26,422.54,190.05
O001897,7286.7,1777.85,1143.91,329.68,78.93
O001898,3058.28,656.07,691.96,193.55,100.09
O001899,12196.24,2796.85,1945.55,959.7,372.51
O001900,1620.38,347.89,281.82,122.56,45.67
O001901,6469.11,1053.14,864.84,192.28,65.21
O001902,15307.14,3726.04,2951.49,860.93,391.73
O001903,2140.04,495.74,360.83,183.0,79.24
O001904,638.56,118.6,150.87,67.79,8.26
O001905,4892.61,1332.44,931.12,457.09,80.23
O001906,8124.56,1428.11,1330.53,710.52,122.64
O001907,1493.32,404.22,252.47,54.2,29.0
O001908,1697.9,404.01,379.74,99.43,31.95
O001909,633.58,165.01,138.55,52.11,21.72
O001910,6306.03,1109.21,1007.84,223.11,62.41
O001911,5528.52,1266.05,1094.08,476.68,82.65
O001912,6040.65,1313.52,1363.59,373.76,215.61
O001913,1368.32,371.69,318.44,115.71,33.64
O001914,4119.16,1042.11,844.62,239.9,120.06
O001915,2620.76,458.79,398.38,78.75,36.47
O001916,5892.06,1495.64,1076.4,190.75,149.68
O001917,16587.51,3248.56,3634.26,554.65,227.17
O001918,18414.7,3991.18,3880.4,1551.6,300.76
O001919,8672.36,1971.35,1911.32,420.87,80.92
O001920,1451.03,380.28,216.08,56.81,23.64
O001921,4346.68,869.83,713.51,299.68,45.28
O001922,10078.28,2285.7,1919.54,536.0,130.85
O001923,4378.94,940.13,699.05,289.05,60.66
O001924,3865.66,763.76,660.77,319.42,109.11
O001925,1627.77,376.55,248.85,137.92,52.96
O001926,503.31,131.56,97.41,37.46,7.2
O001927,3645.56,690.3,715.04,173.42,86.89
O001928,8769.02,2204.07,1403.42,762.38,178.8
O001929,690.29,147.74,148.7,48.44,16.02
O001930,3875.61,1060.08,881.07,224.43,59.4
O001931,3017.25,775.53,504.66,254.05,37.15
O001932,5030.15,1158.48,849.56,239.61,136.8
O001933,1063.86,274.26,228.6,82.69,46.12
O001934,6581.5,1295.01,1139.56,431.65,55.03
O001935,2852.74,639.27,545.85,215.5,47.55
O001936,2611.8,517.6,451.2,215.76,38.23
O001937,10016.1,2378.37,1609.18,422.98,390.52
O001938,982.23,196.37,168.51,77.12,8.7
O001939,10658.62,2449.86,2315.14,885.8,189.54
O001940,1301.02,314.14,309.75,107.27,34.86
O001941,1111.43,197.05,193.14,26.3,13.03
O001942,5295.0,1342.13,1069.52,353.5,60.61
O001943,10052.9,2156.49,2036.78,504.4,262.02
O001944,2023.08,359.23,254.65,86.0,31.64
O001945,1353.66,342.08,270.33,73.72,47.47
O001946,5437.96,1068.67,1176.14,183.68,71.76
O001947,1206.65,288.21,255.67,52.66,37.52
O001948,1432.99,351.98,295.01,104.12,19.6
O001949,11344.99,2650.0,1949.39,800.83,260.5
O001950,17633.58,3022.39,2276.68,638.04,466.9
O001951,8410.26,2438.37,1527.41,593.18,295.57
O001952,8836.23,2182.4,2060.78,645.22,191.2
O001953,5835.79,1324.3,1338.18,534.76,210.82
O001954,6251.41,1366.83,1091.5,175.79,191.48
O001955,1904.24,410.96,442.79,70.83,79.61
O001956,2567.36,730.09,526.96,110.18,89.65
O001957,6526.06,1345.38,1301.21,550.94,96.27
O001958,7862.9,1542.4,1406.5,387.76,182.33
O001959,6128.77,1365.06,1251.59,451.5,177.06
O001960,4603.48,933.63,1064.35,291.95,83.9
O001961,3262.43,796.64,486.55,141.67,99.77
O001962,8893.51,1916.19,2066.63,282.96,222.1
O001963,10990.88,2087.39,1895.45,907.86,133.17
O001964,8982.07,2346.08,1953.26,469.97,122.68
O001965,9453.73,2036.5,2245.38,881.04,198.03
O001966,8395.63,2309.39,1952.03,536.39,170.9
O001967,7649.38,2003.34,1278.07,654.57,79.83
O001968,1670.49,351.94,266.52,38.78,34.4
O001969,4263.03,1044.35,773.1,130.96,91.09
O001970,1442.25,260.91,226.03,78.46,28.39
O001971,1059.36,212.81,234.49,67.0,22.89
O001972,3954.06,788.44,757.59,115.96,106.49
O001973,6081.56,1483.02,1350.06,392.04,166.77
O001974,1800.71,386.79,430.97,161.85,45.54
O001975,5141.62,1346.45,934.94,233.77,167.4
O001976,9794.67,2239.69,2329.33,523.75,392.2
O001977,6086.03,1436.91,1354.49,339.86,137.03
O001978,3975.43,845.06,702.88,246.08,100.17
O001979,8626.76,1986.9,1796.41,644.97,203.91
O001980,3953.0,1042.87,635.52,366.56,128.43
O001981,3654.64,946.76,727.36,123.74,97.61
O001982,2681.56,588.58,528.16,217.8,64.88
O001983,1495.13,309.39,296.56,73.22,27.55
O001984,3214.25,649.35,476.25,142.98,77.12
O001985,1098.39,278.3,226.71,73.66,23.29
O001986,4443.4,1106.78,916.76,313.89,69.37
O001987,11690.37,2464.46,2649.64,513.38,345.47
O001988,2760.6,675.52,458.53,111.95,35.43
O001989,1770.89,380.39,404.63,81.41,22.38
O001990,4416.84,1046.82,764.04,299.87,138.24
O001991,3849.96,890.94,639.73,133.93,166.87
O001992,1152.4,242.43,280.83,91.52,31.15
O001993,1223.25,288.28,258.5,40.52,26.14
O001994,5137.65,982.69,986.82,323.82,67.99
O001995,1358.25,330.64,281.38,132.24,49.12
O001996,1784.24,388.02,353.35,136.3,53.17
O001997,6363.15,1379.69,1070.46,515.11,187.66
O001998,1142.25,208.47,192.96,65.21,38.37
O001999,1566.11,302.7,311.74,47.1,29.61
O002000,9444.92,2343.87,2168.45,456.19,219.82
O002001,6479.06,1322.04,1505.71,505.76,104.65
O002002,5443.5,1086.2,1062.01,388.1,62.66
O002003,5046.65,1110.85,1137.63,130.57,143.52
O002004,5925.69,1084.56,1018.0,485.91,135.06
O002005,1366.47,360.86,218.59,91.28,42.76
O002006,2442.9,487.45,480.07,179.54,62.13
O002007,2127.39,353.3,391.42,122.18,78.73
O002008,3408.6,677.69,690.68,142.39,97.28
O002009,7236.25,1355.45,1120.31,574.81,131.23
O002010,5790.12,919.48,866.08,214.36,139.12
O002011,6163.47,1223.9,1149.56,217.43,171.69
O002012,5959.0,1156.06,1031.58,202.59,61.31
O002013,5968.58,1244.38,1400.55,290.7,234.1
O002014,2143.75,438.93,520.41,158.9,53.32
O002015,3117.5,811.26,612.88,94.85,30.51
O002016,11439.77,2656.54,2413.87,418.18,426.32
O002017,8317.43,1958.55,1257.76,834.5,230.59
O002018,3700.91,966.43,852.32,159.74,133.4
O002019,5438.31,949.69,896.82,326.72,152.44
O002020,17156.71,3296.75,3734.02,1325.48,431.67
O002021,8115.91,1923.57,1291.25,626.68,281.55
O002022,4313.37,1216.38,690.81,273.0,136.26
O002023,5737.75,1346.77,1081.49,419.5,172.08
O002024,7121.65,1656.77,1604.02,365.31,180.86
O002025,4867.45,1264.17,875.91,332.28,85.1
O002026,3424.19,819.76,690.45,216.34,58.88
O002027,11306.88,1901.73,2428.25,825.61,153.44
O002028,1381.14,371.22,286.95,49.15,29.97
O002029,2392.55,603.27,556.03,79.65,43.26
O002030,9516.31,2632.45,1955.76,894.46,222.48
O002031,6784.27,1344.51,1516.13,445.03,245.4
O002032,1397.04,349.74,269.01,45.83,31.87
O002033,10571.53,1611.24,1385.71,496.84,161.12
O002034,8734.41,1302.02,1124.24,571.78,95.21
O002035,6486.16,1745.32,1018.87,590.73,165.86
O002036,6292.23,1377.21,1262.04,341.83,137.23
O002037,9639.53,1918.73,1694.88,649.47,263.71
O002038,8313.85,2146.49,1706.07,282.8,128.88
O002039,1826.05,414.08,337.21,97.31,47.0
O002040,2533.08,571.2,514.13,256.48,102.53
O002041,2143.63,392.22,349.33,120.07,38.26
O002042,8950.45,1940.38,2240.92,516.96,214.91
O002043,6662.57,1751.58,1339.87,249.94,262.28
O002044,7814.73,1831.97,1763.69,440.14,237.33
O002045,1434.99,362.49,225.89,60.11,35.22
O002046,2685.49,638.58,567.9,201.09,35.59
O002047,1745.84,429.0,381.65,56.75,46.76
O002048,3373.75,599.63,602.74,149.79,106.02
O002049,238.83,52.02,57.56,11.16,5.45
O002050,3708.66,1065.61,889.51,268.14,42.6
O002051,3360.19,817.7,627.09,214.12,81.31
O002052,17471.34,3397.7,3342.82,1481.76,433.97
O002053,6890.03,1253.19,1411.53,671.18,139.51
O002054,16298.96,3103.07,3437.59,1122.7,183.28
O002055,969.14,236.64,215.27,56.22,19.43
O002056,2877.86,585.33,566.64,156.57,45.35
O002057,5446.96,1050.81,1089.02,360.57,196.36
O002058,5933.13,1227.72,1145.7,296.34,80.92
O002059,1742.4,384.05,278.1,93.74,69.41
O002060,5816.89,1144.86,1418.78,365.53,58.63
O002061,6312.34,1579.81,1334.67,260.5,125.28
O002062,6326.31,1369.44,1121.85,281.48,83.01
O002063,3214.82,853.74,501.13,305.91,49.98
O002064,8535.22,1584.71,1744.65,483.53,227.2
O002065,1510.36,322.32,323.15,50.7,41.89
O002066,2049.48,474.44,478.68,88.05,83.87
O002067,5190.2,1060.92,734.82,456.79,195.11
O002068,12137.5,3331.46,2948.26,861.54,464.22
O002069,5751.87,1331.66,1031.71,228.09,179.52
O002070,427.9,106.79,104.8,24.09,10.58
O002071,6401.96,1271.55,1422.81,339.89,167.61
O002072,3354.44,639.36,576.4,125.71,91.0
O002073,4061.8,734.24,630.99,225.01,119.48
O002074,7781.88,1439.24,1746.62,644.51,135.09
O002075,3189.9,699.85,732.52,180.67,106.84
O002076,1254.27,275.84,287.89,126.42,47.62
O002077,1251.67,287.5,244.97,72.51,28.03
O002078,2069.05,492.39,389.62,95.93,31.39
O002079,1474.77,251.47,220.1,91.9,26.87
O002080,7768.48,1494.07,1268.37,715.04,272.34
O002081,2387.42,606.18,517.15,197.15,59.77
O002082,5706.53,1409.62,1078.52,204.33,100.34
O002083,7687.45,1639.97,1302.63,703.67,290.69
O002084,2623.45,563.51,540.89,80.14,72.33
O002085,1273.57,262.38,201.51,38.63,35.13
O002086,981.99,224.41,186.99,39.74,23.76
O002087,3823.94,904.07,660.98,174.64,133.55
O002088,3429.01,826.34,533.55,136.92,81.72
O002089,1105.16,271.74,234.77,37.89,39.71
O002090,434.46,75.52,76.49,25.69,6.46
O002091,2458.98,633.93,556.53,240.69,61.62
O002092,624.7,151.15,118.13,17.34,16.63
O002093,8593.78,1630.25,1342.41,820.67,151.4
O002094,7072.04,1883.29,1362.21,248.76,186.09
O002095,7847.67,1568.8,1885.59,394.96,238.58
O002096,6011.2,1194.72,1174.38,218.66,128.17
O002097,8047.23,1600.43,1671.15,237.39,173.27
O002098,6679.89,1408.4,1472.91,516.53,269.59
O002099,6711.07,1824.99,1411.84,612.39,276.26
O002100,2387.9,607.41,468.66,154.37,50.11
O002101,4816.34,1162.87,1204.13,450.62,171.69
O002102,472.19,97.2,76.02,22.57,5.03
O002103,6099.53,1497.16,1030.58,244.25,134.58
O002104,1840.5,416.89,328.42,89.05,61.64
O002105,1352.71,345.96,284.73,68.1,43.85
O002106,10654.68,1889.71,1632.66,912.57,258.21
O002107,4288.3,835.84,710.48,378.06,153.57
O002108,1290.48,262.88,297.73,88.24,40.6
O002109,3855.34,913.72,946.28,194.64,115.3
O002110,5936.0,1117.78,1268.05,194.86,163.79
O002111,3890.31,960.16,800.76,237.72,106.65
O002112,1454.9,253.06,222.9,86.16,12.24
O002113,741.7,116.52,90.06,29.09,17.95
O002114,1307.46,345.02,278.82,102.13,48.03
O002115,1766.92,417.77,327.81,64.61,23.21
O002116,2594.79,642.48,435.5,173.83,68.75
O002117,768.64,170.5,172.18,22.75,22.02
O002118,3608.87,949.17,713.78,252.68,66.95
O002119,3405.3,875.06,826.15,129.06,113.31
O002120,13926.84,3605.49,3461.11,645.56,369.13
O002121,9060.92,1986.26,2012.31,586.93,300.53
O002122,5833.14,1393.96,1159.67,511.26,55.93
O002123,7440.79,1539.92,1423.46,410.32,264.43
O002124,14853.38,3509.48,3051.83,854.93,189.23
O002125,3578.13,701.48,770.68,216.82,61.55
O002126,11220.71,1955.55,1754.38,748.22,126.4
O002127,2070.52,537.54,354.63,72.11,61.23
O002128,15483.03,4249.28,2521.72,497.99,169.69
O002129,694.31,167.44,141.02,37.04,8.61
O002130,2657.13,541.23,597.78,207.86,81.85
O002131,3957.31,955.26,716.87,213.78,135.67
O002132,5844.03,1181.16,1148.59,516.37,184.24
O002133,10888.55,2976.58,2669.31,539.55,430.73
O002134,3707.63,479.75,549.51,140.56,82.74
O002135,7502.63,1622.49,1739.27,700.81,84.7
O002136,4886.27,857.27,824.83,410.97,164.19
O002137,11635.38,2055.43,1814.03,1140.15,148.51
O002138,17770.58,3619.87,2946.21,818.17,224.28
O002139,3623.02,619.91,671.56,139.72,101.18
O002140,3974.78,988.99,803.76,248.76,130.92
O002141,12436.97,3183.37,2271.07,486.6,272.64
O002142,15138.28,3360.69,3356.1,954.95,503.43
O002143,16691.47,3318.39,2679.16,1404.39,180.76
O002144,10081.01,1975.79,2001.39,714.56,112.53
O002145,10716.06,2291.83,2336.4,879.23,304.89
O002146,3043.11,606.34,687.77,160.02,61.4
O002147,1669.42,418.85,361.02,137.83,49.77
O002148,5272.17,1050.94,1200.21,418.34,78.86
O002149,1185.99,220.21,278.71,78.6,19.46
O002150,5761.36,1587.02,1215.18,402.96,169.43
O002151,1116.73,220.74,240.35,78.55,24.79
O002152,3988.62,733.11,923.39,181.88,43.72
O002153,13658.13,2695.99,2374.09,876.53,476.12
O002154,966.97,218.36,232.65,47.18,31.49
O002155,2492.26,512.34,499.29,125.51,100.35
O002156,3719.82,927.38,810.85,135.66,125.29
O002157,2520.84,617.59,565.55,114.83,53.56
O002158,7559.09,1545.46,1170.42,742.37,176.94
O002159,10771.34,1755.01,1707.9,310.16,212.63
O002160,6289.17,1614.44,1556.46,306.51,183.43
O002161,1958.48,523.98,326.25,163.41,67.2
O002162,3401.47,824.05,650.93,160.18,96.67
O002163,2300.6,416.91,445.63,157.58,21.72
O002164,7154.24,1669.19,1148.29,431.96,279.45
O002165,684.33,139.73,116.88,22.28,6.37
O002166,1091.57,296.38,264.63,86.39,20.41
O002167,4814.81,1182.01,1053.42,351.51,180.99
O002168,3792.89,911.73,710.55,319.77,40.3
O002169,7961.55,1150.9,997.26,209.92,90.98
O002170,6759.61,1794.95,1121.67,284.23,171.59
O002171,2567.42,621.85,491.27,245.68,64.94
O002172,3181.65,654.26,668.26,278.05,80.34
O002173,3838.99,929.78,928.26,156.19,135.07
O002174,7405.83,1664.29,1732.03,557.7,268.91
O002175,12519.14,2516.91,2641.43,1064.08,396.26
O002176,3531.9,767.35,723.19,267.0,60.31
O002177,3420.12,880.45,764.97,308.51,132.06
O002178,5834.01,1538.0,1254.61,539.86,101.04
O002179,2616.34,526.69,505.42,165.59,60.05
O002180,1058.42,257.14,222.15,63.98,9.44
O002181,956.24,207.28,219.83,58.04,22.61
O002182,11280.28,1969.65,1827.96,832.08,213.23
O002183,2199.51,583.16,452.8,71.13,36.95
O002184,7995.7,1953.91,1406.45,758.86,230.36
O002185,4574.35,1008.89,1001.05,283.48,134.6
O002186,8102.54,1607.0,1369.38,557.11,124.72
O002187,2862.75,596.71,715.59,277.46,48.73
O002188,19158.33,3637.97,3985.16,829.18,221.78
O002189,3312.94,658.0,502.31,233.98,87.03
O002190,3039.87,771.36,571.23,101.03,30.7
O002191,7841.03,1506.15,1589.4,262.21,197.1
O002192,2985.12,665.01,657.55,165.54,61.4
O002193,5335.54,1210.42,970.77,315.58,127.94
O002194,9150.13,1834.79,2042.59,612.95,128.78
O002195,5760.05,1133.1,1373.89,243.59,78.86
O002196,8170.92,1811.24,1610.63,376.63,149.46
O002197,2374.88,453.26,421.26,205.31,33.21
O002198,8273.07,1675.23,1289.67,431.24,100.51
O002199,12170.49,2715.01,1939.01,1043.86,427.45
O002200,1073.03,290.65,228.42,85.32,16.4
O002201,8202.13,2059.47,1330.75,500.86,207.96
O002202,339.57,77.52,55.25,17.2,4.84
O002203,2470.16,575.56,566.25,192.64,50.51
O002204,11216.98,3101.9,2306.87,1009.77,129.16
O002205,8336.99,1406.6,1026.34,555.19,167.2
O002206,6620.48,1387.41,946.98,492.16,90.49
O002207,2031.84,488.37,317.16,104.05,18.45
O002208,16251.31,3195.74,2227.71,498.21,328.85
O002209,19505.35,4696.27,4021.12,1598.01,299.02
O002210,8952.34,1872.59,2085.78,495.95,316.33
O002211,6355.79,1487.54,1180.98,382.95,161.85
O002212,1347.43,361.61,306.39,105.82,28.26
O002213,4148.33,1064.91,810.1,350.19,128.67
O002214,662.45,162.97,147.76,57.35,20.9
O002215,4340.59,713.57,777.0,111.23,118.54
O002216,9790.9,2467.4,1918.18,584.08,240.67
O002217,4541.87,893.27,955.48,409.91,84.72
O002218,2764.37,640.12,645.08,123.87,53.37
O002219,3929.43,675.49,769.31,245.47,70.58
O002220,2600.58,668.05,428.61,123.66,67.89
O002221,9623.79,2248.97,2260.45,909.64,163.21
O002222,5877.29,1172.58,1407.08,343.94,139.66
O002223,4352.14,937.09,666.16,221.24,105.48
O002224,12399.22,2844.28,1920.14,639.69,399.08
O002225,2378.94,412.71,344.51,178.22,62.8
O002226,8976.92,2159.68,2238.38,640.85,202.84
O002227,12705.78,2400.47,2257.46,728.78,273.64
O002228,20200.77,3902.3,2932.97,1885.59,330.71
O002229,5733.62,1323.4,1381.79,342.59,118.98
O002230,6137.16,1612.61,1348.7,212.0,172.82
O002231,1263.17,289.63,250.14,65.56,31.51
O002232,777.01,142.65,129.29,34.79,28.13
O002233,6105.31,1304.89,1327.23,533.08,248.73
O002234,14894.86,3572.54,3379.27,610.56,271.7
O002235,4297.04,1088.45,841.46,268.37,95.39
O002236,7560.02,2062.52,1400.24,552.58,114.63
O002237,2746.58,721.3,661.27,174.51,46.12
O002238,4934.05,1057.59,1050.29,325.62,166.27
O002239,4679.08,915.83,997.04,390.84,122.3
O002240,12674.42,2969.18,2413.44,1103.7,330.89
O002241,3859.31,811.78,878.36,170.06,106.66
O002242,1621.7,368.96,334.85,94.94,25.7
O002243,389.54,88.02,83.62,16.46,9.72
O002244,6952.98,1119.72,1164.59,182.64,168.55
O002245,6880.64,1612.43,1124.32,504.4,129.92
O002246,8591.13,1807.93,1658.75,494.81,236.6
O002247,3228.1,673.27,624.41,271.04,70.69
O002248,13837.08,3216.88,2461.04,624.04,198.69
O002249,1063.49,199.47,219.12,46.7,23.53
O002250,7142.02,1742.37,1667.27,603.4,213.3
O002251,947.93,168.08,148.17,36.72,12.97
O002252,1337.32,314.48,221.24,145.52,54.31
O002253,3463.9,591.92,729.74,310.75,133.52
O002254,10735.78,2669.18,1644.8,365.99,140.5
O002255,1548.18,269.11,230.68,129.34,17.98
O002256,6285.72,1487.96,910.59,174.72,144.26
O002257,11792.57,2830.18,1943.29,574.32,217.85
O002258,1090.05,220.82,171.14,78.26,22.58
O002259,2598.59,693.05,559.39,166.56,78.28
O002260,4975.38,1179.08,1128.21,285.51,116.59
O002261,2494.55,556.0,403.88,134.73,77.55
O002262,2968.21,646.77,652.09,97.15,97.09
O002263,749.19,159.72,134.88,34.79,16.55
O002264,5410.24,1200.39,1151.89,345.75,189.75
O002265,15844.25,3043.32,2701.74,463.9,500.76
O002266,1369.12,241.67,259.75,113.9,37.97
O002267,4697.65,943.95,819.53,364.94,149.57
O002268,13122.97,2481.89,3043.09,1135.96,181.18
O002269,4292.12,1043.76,802.95,243.11,61.56
O002270,12017.69,2852.81,1794.75,1060.33,353.85
O002271,2544.92,671.87,529.94,230.13,61.98
O002272,11736.19,2407.62,2158.93,742.63,409.02
O002273,3753.67,711.21,554.32,368.23,86.04
O002274,3400.81,877.19,818.09,330.0,60.96
O002275,5161.05,1296.37,1209.07,586.05,148.69
O002276,7078.71,1237.8,1180.87,408.58,286.46
O002277,3238.17,722.87,813.41,191.51,62.34
O002278,679.15,161.43,125.76,67.3,11.24
O002279,5387.7,1252.21,924.73,417.8,67.61
O002280,6979.91,1938.15,1165.2,199.13,142.49
O002281,13890.54,3785.22,3423.39,786.89,280.9
O002282,7439.9,1474.63,1301.37,305.87,193.03
O002283,1422.28,367.1,301.39,130.97,31.26
O002284,7336.38,1830.06,1613.94,246.74,212.16
O002285,6939.03,1396.32,1617.78,322.81,105.71
O002286,9819.01,2047.62,2283.44,545.2,199.99
O002287,6068.87,1110.19,1292.79,493.96,142.79
O002288,7713.84,1668.32,1527.68,771.7,244.38
O002289,1485.53,272.13,321.88,159.19,39.34
O002290,3891.82,899.53,855.2,117.13,142.73
O002291,11309.84,2433.55,1713.19,831.65,152.62
O002292,6127.34,1147.52,1236.37,243.89,163.0
O002293,1738.79,446.89,286.78,46.48,31.54
O002294,339.93,70.71,73.49,24.53,3.88
O002295,3208.52,733.26,560.67,265.47,43.25
O002296,349.16,70.02,57.88,33.55,6.72
O002297,10732.68,2258.61,2141.91,964.31,358.81
O002298,2387.23,650.07,484.03,112.27,62.14
O002299,3798.19,667.44,776.0,126.08,60.99
O002300,738.51,159.47,108.63,51.4,26.41
O002301,13021.06,2515.89,2451.82,1236.49,388.38
O002302,478.16,115.34,72.75,35.26,10.61
O002303,8719.51,1817.9,2020.19,361.37,169.49
O002304,4062.12,769.96,800.1,390.0,49.74
O002305,2446.74,632.61,525.64,179.04,37.8
O002306,7732.16,1642.67,1508.26,277.33,122.88
O002307,8903.58,1703.69,1347.69,609.91,224.57
O002308,845.54,195.12,161.47,47.35,27.67
O002309,464.64,108.36,80.05,38.83,4.58
O002310,7662.7,1621.97,1544.9,363.56,207.62
O002311,3403.77,789.9,820.12,168.33,41.03
O002312,11557.53,3082.32,1792.34,405.41,323.52
O002313,8872.07,1989.16,2060.92,348.86,250.83
O002314,10394.63,2702.31,2455.49,656.89,282.9
O002315,7370.23,1476.21,1205.46,627.0,147.73
O002316,4514.76,1239.52,989.93,173.54,45.27
O002317,7595.03,2055.38,1825.31,397.07,269.04
O002318,9420.79,2258.95,1703.03,650.04,184.96
O002319,1307.32,268.02,245.22,142.61,56.51
O002320,1992.34,379.75,358.62,94.31,33.53
O002321,8818.4,2147.4,1473.79,826.33,294.9
O002322,4163.5,767.14,550.53,177.77,71.1
O002323,1040.46,249.56,181.82,54.42,18.59
O002324,2501.16,553.96,523.54,124.13,28.09
O002325,1083.68,199.85,180.78,41.78,26.34
O002326,6425.89,1233.76,1279.11,491.98,133.97
O002327,3233.29,806.27,685.45,124.77,105.58
O002328,568.52,140.42,94.73,24.08,13.17
O002329,9477.37,2030.89,2053.3,645.07,290.45
O002330,3269.39,842.6,657.1,94.04,49.5
O002331,11156.56,2641.63,2142.39,1158.1,421.26
O002332,7967.11,1701.76,1683.14,294.44,162.21
O002333,6614.02,1306.97,1046.91,455.17,85.2
O002334,3972.32,1006.5,630.05,240.9,123.05
O002335,5312.72,1435.26,1255.59,173.86,50.49
O002336,12569.57,3106.96,2195.28,337.84,287.75
O002337,4558.37,1236.95,1036.71,332.79,81.73
O002338,2705.3,538.41,400.85,195.35,73.45
O002339,1506.79,372.08,262.42,84.6,33.19
O002340,360.14,90.86,72.49,30.07,9.44
O002341,12208.25,2473.08,2329.41,651.97,266.79
O002342,7641.16,2138.96,1301.65,473.61,65.03
O002343,4217.88,884.51,784.73,290.12,125.28
O002344,1058.23,246.23,235.05,83.12,28.99
O002345,9870.5,2793.09,2465.59,704.8,225.37
O002346,7224.69,1852.27,1709.92,601.63,226.87
O002347,2646.7,585.68,593.63,86.24,80.87
O002348,1065.9,214.33,159.99,77.52,12.65
O002349,1807.63,446.86,409.95,149.51,42.87
O002350,9711.74,1999.52,1565.28,551.4,180.03
O002351,9189.08,1951.71,1659.03,754.62,152.25
O002352,1247.37,272.87,261.68,102.7,36.84
O002353,7288.72,1775.44,1606.65,350.24,179.07
O002354,1293.99,280.82,273.4,70.23,34.42
O002355,17505.57,3687.87,3222.91,1471.57,478.19
O002356,3168.04,750.54,570.31,122.4,78.75
O002357,7647.02,1632.27,1256.3,541.52,138.23
O002358,5227.91,1154.92,860.45,220.56,154.05
O002359,1429.91,322.56,283.3,85.62,24.65
O002360,4446.61,926.75,630.6,192.23,49.16
O002361,4607.5,1098.6,711.55,425.31,132.44
O002362,4076.5,870.31,802.95,207.99,44.48
O002363,3250.26,738.44,560.91,123.33,139.79
O002364,5253.76,1218.77,898.85,167.46,162.81
O002365,1047.41,201.28,223.95,30.4,22.68
O002366,10559.38,1772.96,1276.98,862.17,225.56
O002367,6152.05,1503.95,1222.81,495.2,139.39
O002368,5155.17,1328.85,1191.8,211.6,140.26
O002369,10022.58,1820.23,2268.1,703.49,311.06
O002370,11531.86,2456.46,1939.26,530.25,270.94
O002371,5760.54,1245.07,939.13,161.75,139.95
O002372,5183.59,1402.05,1149.33,484.71,58.04
O002373,5099.37,962.29,987.66,336.41,148.94
O002374,4152.84,966.59,670.23,123.46,111.68
O002375,12815.84,2986.25,2296.44,416.58,139.44
O002376,5497.03,1543.73,1071.41,495.79,173.48
O002377,3858.68,1002.85,645.39,209.64,121.84
O002378,6593.09,1316.19,1098.9,467.12,58.65
O002379,6722.91,1144.44,1302.77,371.95,140.65
O002380,6557.54,1681.51,1371.18,527.82,83.88
O002381,3881.19,755.83,675.85,339.28,109.81
O002382,10122.48,1914.7,1776.58,877.24,362.25
O002383,4461.05,1059.23,885.07,420.85,140.76
O002384,4644.34,788.7,1008.2,275.0,53.3
O002385,6123.03,1633.43,1244.35,548.77,75.13
O002386,3094.65,654.79,612.93,216.92,87.1
O002387,3088.25,624.18,508.48,271.76,58.24
O002388,9178.15,1584.9,1627.33,236.14,103.31
O002389,2793.92,618.41,451.1,170.62,100.87
O002390,977.21,159.5,137.77,75.36,24.35
O002391,5219.61,1246.21,985.2,249.55,196.52
O002392,1718.2,357.48,406.91,88.43,65.32
O002393,6144.2,1242.72,1063.25,367.73,90.05
O002394,8916.33,1514.97,1842.8,364.04,118.86
O002395,3021.86,580.6,749.42,313.37,88.37
O002396,1562.81,346.67,336.05,129.02,24.58
O002397,6752.98,1603.04,1609.28,487.74,231.55
O002398,7990.29,1756.84,1742.04,373.05,141.36
O002399,4335.18,795.33,734.95,335.0,104.29
O002400,2399.28,596.43,437.32,157.87,73.98
O002401,3127.58,617.34,680.36,277.18,58.9
O002402,899.51,163.72,119.2,58.8,13.22
O002403,9546.53,2380.8,1563.27,732.26,132.35
O002404,7163.78,1400.42,1298.73,370.8,246.21
O002405,697.04,153.57,155.86,35.59,21.25
O002406,8601.14,1709.14,1868.1,267.21,157.27
O002407,7238.02,1628.32,1554.35,464.59,208.01
O002408,11775.73,2467.44,2703.83,1122.71,318.07
O002409,7216.21,1719.77,1277.92,460.24,112.88
O002410,8077.51,1460.46,1839.22,323.84,221.1
O002411,5579.7,1057.41,1223.49,298.09,202.26
O002412,8173.2,1496.25,1708.01,289.56,111.68
O002413,747.81,153.98,164.14,43.75,24.01
O002414,1476.23,402.55,232.76,42.85,38.66
O002415,782.46,185.17,142.85,33.15,7.06
O002416,9017.5,1996.35,1621.6,623.52,281.96
O002417,5424.1,1067.35,1062.03,197.96,66.85
O002418,3856.19,892.17,806.34,143.14,131.76
O002419,1595.94,433.95,305.28,52.7,26.23
O002420,1253.95,293.65,308.47,64.43,34.51
O002421,6010.23,1337.39,1031.68,513.52,80.74
O002422,350.95,87.59,52.22,28.91,6.57
O002423,1667.59,357.23,413.67,128.83,22.87
O002424,2653.15,595.77,569.27,235.99,101.43
O002425,2769.34,621.27,432.42,84.74,67.15
O002426,8911.74,2258.2,1578.37,278.29,192.82
O002427,7192.12,1682.71,1023.53,588.24,155.73
O002428,8363.51,1793.85,1728.93,637.72,282.08
O002429,9210.8,1749.2,1569.67,796.85,268.07
O002430,4128.66,813.24,623.87,231.23,51.95
O002431,7838.32,1985.98,1373.86,787.57,274.48
O002432,7571.34,1899.32,1305.94,514.62,96.91
O002433,1819.53,425.03,284.34,84.19,40.54
O002434,10801.62,2780.68,1803.48,637.99,285.07
O002435,4068.96,986.86,722.84,353.93,105.91
O002436,5544.52,1390.21,1183.24,353.65,68.06
O002437,2649.89,597.58,463.66,218.5,97.33
O002438,2765.96,622.57,554.05,163.23,88.97
O002439,814.09,171.33,135.55,47.21,9.51
O002440,11698.03,2693.21,2846.8,1012.64,335.71
O002441,9322.47,2432.18,2157.96,768.66,239.51
O002442,706.76,138.51,170.99,22.72,12.65
O002443,1384.2,251.13,319.64,64.39,13.95
O002444,1881.12,362.66,399.06,105.75,51.2
O002445,14192.94,3309.05,2544.14,1306.79,160.05
O002446,11174.64,2995.93,2223.0,847.97,348.0
O002447,1817.31,350.84,452.87,86.33,37.71
O002448,6937.15,1352.52,1451.36,462.23,265.81
O002449,9189.16,1875.54,2126.2,490.86,207.67
O002450,1891.8,427.75,342.19,82.96,57.52
O002451,7235.41,1992.4,1236.28,563.2,148.24
O002452,2339.69,397.83,312.69,83.73,36.39
O002453,13538.86,3829.23,2153.44,982.27,460.89
O002454,2264.32,408.3,450.37,72.5,39.77
O002455,4783.03,971.23,819.74,189.67,59.67
O002456,8487.73,2318.78,1353.03,687.53,289.54
O002457,3735.87,904.43,768.03,207.29,71.95
O002458,1893.88,472.89,368.83,71.37,38.18
O002459,16647.59,4113.79,3482.06,985.75,453.95
O002460,6095.84,1631.66,1103.76,398.67,70.44
O002461,2636.92,510.05,645.67,203.68,58.75
O002462,6383.33,1439.36,1253.37,347.42,55.49
O002463,6548.88,1283.16,1417.01,312.51,154.96
O002464,1026.27,201.37,246.65,109.0,14.33
O002465,7732.91,1642.92,1611.25,271.2,93.35
O002466,8735.81,2142.07,1576.4,813.6,268.7
O002467,3396.19,743.26,575.32,283.01,133.0
O002468,5120.5,1209.48,1098.77,266.82,117.24
O002469,7536.06,1774.23,1721.28,302.41,152.66
O002470,10777.66,1941.77,2027.51,404.56,264.02
O002471,3874.81,746.38,839.54,167.68,49.34
O002472,3825.9,990.52,597.74,181.57,101.52
O002473,1266.92,240.05,231.69,102.29,45.66
O002474,1188.05,293.51,202.43,81.2,10.71
O002475,1700.35,455.85,285.82,91.28,68.85
O002476,2037.02,367.65,378.91,101.19,34.5
O002477,2992.37,694.02,612.66,112.23,52.89
O002478,4172.95,860.71,659.5,148.25,58.85
O002479,627.56,131.84,113.02,33.0,13.48
O002480,4875.15,1306.54,997.58,351.94,155.98
O002481,5646.65,1292.7,1118.06,357.49,66.96
O002482,1718.91,310.4,391.34,122.33,39.85
O002483,5693.73,1352.28,1036.37,320.8,234.8
O002484,3435.1,767.57,786.02,145.43,112.0
O002485,3300.31,708.5,729.31,311.01,77.62
O002486,9025.74,2035.68,1944.33,637.75,138.62
O002487,7980.2,2254.41,1473.56,683.01,318.67
O002488,10878.86,2646.4,1781.95,1112.09,133.42
O002489,10897.23,2498.67,2420.19,406.83,245.55
O002490,2866.37,611.76,647.07,71.11,76.0
O002491,13106.64,3254.63,2572.81,636.06,272.08
O002492,2473.56,596.41,440.95,182.21,65.83
O002493,2057.9,466.52,438.93,148.23,20.46
O002494,2235.55,436.85,394.35,157.65,55.26
O002495,8738.65,1774.5,1507.93,272.71,202.15
O002496,13760.9,2744.02,2539.17,600.75,439.51
O002497,7858.19,2037.48,1540.59,276.31,298.92
O002498,6781.35,1581.43,1459.37,470.04,197.83
O002499,1629.17,363.52,285.34,67.93,53.58
O002500,2968.35,585.64,441.9,126.85,83.83
O002501,1129.92,295.75,275.49,121.25,12.79
O002502,6313.49,1450.11,926.48,288.54,151.44
O002503,2791.11,506.41,419.89,150.15,92.96
O002504,16502.78,3076.13,2742.13,1417.7,485.57
O002505,17830.38,4315.42,2806.84,1193.62,164.4
O002506,5999.55,1334.44,1345.32,521.12,61.78
O002507,2656.15,622.44,637.97,283.74,126.95
O002508,10400.99,2065.43,1548.48,424.23,281.47
O002509,3335.1,651.71,713.9,185.57,61.97
O002510,2093.16,457.19,483.06,117.07,34.16
O002511,6243.23,1595.03,1231.26,291.59,105.3
O002512,1357.92,270.46,336.13,45.24,30.19
O002513,6187.62,1534.06,989.18,376.01,108.78
O002514,356.36,76.3,74.65,10.72,7.66
O002515,7572.23,2110.69,1600.13,671.13,117.35
O002516,12712.39,1947.28,1487.29,785.11,309.76
O002517,2890.11,532.88,494.12,139.05,31.14
O002518,771.48,167.37,172.96,47.98,17.3
O002519,8604.4,1769.34,2071.33,1000.01,226.03
O002520,4759.85,1070.48,1069.72,184.81,104.33
O002521,5181.3,1195.62,910.47,340.34,150.87
O002522,7738.46,2027.62,1754.26,801.17,199.14
O002523,9422.56,2222.4,1629.04,758.16,114.89
O002524,3875.37,736.7,590.69,350.48,143.76
O002525,3532.45,702.45,808.75,295.73,111.39
O002526,11379.1,2100.26,1776.73,969.85,379.26
O002527,7762.24,1634.36,1622.17,686.75,253.7
O002528,1640.52,322.27,278.61,116.91,49.38
O002529,13543.69,2814.13,3019.78,849.97,399.5
O002530,3201.6,782.56,696.92,167.9,88.81
O002531,493.23,133.01,117.57,27.21,7.91
O002532,2445.96,602.7,411.5,162.59,63.54
O002533,2410.11,610.46,433.98,199.01,23.73
O002534,12019.49,2755.7,2582.58,436.95,365.94
O002535,7014.98,1867.41,1422.93,558.14,300.97
O002536,1090.59,229.1,201.41,85.41,18.14
O002537,2112.99,465.95,492.92,104.38,30.27
O002538,5032.51,1260.19,1072.8,410.21,103.15
O002539,7221.57,1496.07,1330.47,590.14,241.02
O002540,1080.69,278.28,208.67,45.85,17.32
O002541,4387.9,1014.71,820.44,374.76,93.02
O002542,1516.38,213.61,280.55,102.58,33.3
O002543,3792.57,951.68,666.32,229.74,43.25
O002544,7910.51,1977.35,1626.69,524.94,211.52
O002545,4028.99,835.5,799.48,122.63,144.49
O002546,4173.15,1106.54,903.77,190.46,63.09
O002547,782.89,180.96,125.1,21.67,19.29
O002548,3687.21,755.7,817.03,242.48,76.43
O002549,2599.93,585.23,559.12,89.9,39.2
O002550,3751.82,822.87,942.08,352.74,118.83
O002551,1317.33,327.02,261.09,40.98,33.94
O002552,2345.63,469.01,387.08,124.4,72.64
O002553,13497.64,2742.09,2106.06,617.4,385.97
O002554,2052.46,538.79,380.94,168.71,47.03
O002555,3588.48,877.91,655.87,166.88,52.16
O002556,11282.63,2875.85,2632.15,894.4,179.28
O002557,9509.31,1854.76,1903.89,717.17,87.42
O002558,5453.59,1287.46,1105.86,386.15,163.08
O002559,2719.56,628.28,457.74,150.51,41.47
O002560,16124.76,3913.27,3014.81,1285.81,566.17
O002561,4059.47,975.04,812.09,277.72,70.65
O002562,1785.28,372.56,275.62,55.97,20.26
O002563,1292.62,315.2,291.01,44.6,32.54
O002564,7423.13,1406.78,1356.75,547.59,69.41
O002565,12613.92,3572.35,2862.11,833.14,385.23
O002566,2668.4,645.83,452.48,152.91,69.2
O002567,3288.98,926.87,660.56,180.92,120.31
O002568,1986.47,384.69,443.62,107.92,62.41
O002569,6002.76,1369.61,1092.81,517.67,106.45
O002570,9053.47,2299.87,2106.65,740.57,210.24
O002571,1869.07,445.41,420.89,196.11,80.68
O002572,3030.73,556.84,626.22,239.06,99.82
O002573,2834.25,598.89,554.16,75.91,67.28
O002574,8828.64,2351.48,2038.78,619.15,84.47
O002575,7005.41,1716.46,1079.98,305.75,240.79
O002576,2397.09,466.11,510.62,235.3,85.66
O002577,9487.92,2184.76,1669.43,750.93,177.85
O002578,6291.37,1410.9,1429.59,525.47,115.59
O002579,1181.22,308.32,182.3,95.43,26.57
O002580,1450.12,323.73,275.89,106.6,48.62
O002581,5292.94,1344.42,1138.38,268.95,139.77
O002582,6093.61,1077.39,1098.22,650.49,190.39
O002583,6009.54,1241.61,1035.3,319.81,86.94
O002584,13601.64,3045.39,2928.94,500.27,140.83
O002585,2278.13,497.1,407.08,191.37,66.87
O002586,4872.04,1269.48,972.93,168.82,87.51
O002587,4820.48,1200.32,774.68,187.6,111.87
O002588,7202.62,1558.88,1420.39,363.71,105.75
O002589,5450.22,1416.44,871.53,379.64,110.71
O002590,3449.6,909.34,676.69,235.64,77.48
O002591,4924.5,1220.64,981.02,205.73,158.97
O002592,4843.7,1033.59,1145.54,160.75,144.73
O002593,9291.04,1692.88,1624.72,501.75,167.85
O002594,4665.14,986.64,744.95,152.3,135.91
O002595,1261.97,334.86,283.38,43.7,20.94
O002596,1191.93,285.81,272.81,36.23,18.51
O002597,1633.53,325.41,329.67,92.78,28.5
O002598,2810.35,591.41,504.56,147.36,79.51
O002599,1100.27,218.23,166.89,40.88,11.37
O002600,4161.99,837.88,785.93,236.79,116.65
O002601,6367.88,1368.14,953.9,167.89,88.16
O002602,3474.13,643.41,627.52,301.06,41.52
O002603,7706.1,1847.7,1616.0,670.43,91.92
O002604,6009.48,1211.73,1009.35,282.08,185.99
O002605,12758.76,2662.77,2779.44,407.46,230.49
O002606,4592.27,1207.83,925.25,295.28,54.43
O002607,6627.04,1295.37,1323.85,520.15,135.7
O002608,3098.88,586.9,570.18,247.12,38.73
O002609,2600.74,584.78,457.69,182.88,38.89
O002610,3276.77,700.46,628.5,302.97,67.71
O002611,1623.13,313.15,348.0,91.8,30.77
O002612,1865.42,452.68,364.28,175.82,50.11
O002613,14098.85,2900.6,2110.83,1357.65,204.06
O002614,4425.74,890.33,824.91,254.27,141.85
O002615,5893.9,1008.6,1201.53,184.3,50.12
O002616,1415.59,356.87,228.9,77.64,21.69
O002617,2014.69,386.19,359.15,150.25,43.12
O002618,2606.34,641.59,466.6,193.89,46.33
O002619,8833.57,1679.35,1805.88,381.97,142.69
O002620,1565.88,381.53,284.89,56.76,23.61
O002621,8018.71,1867.55,1530.82,257.6,190.41
O002622,5785.85,1278.88,1312.15,231.34,216.9
O002623,2170.63,489.74,424.52,101.79,38.07
O002624,1936.83,347.81,383.65,132.18,33.88
O002625,1170.53,242.23,191.36,40.48,16.74
O002626,4179.28,913.75,795.54,438.65,174.95
O002627,12160.94,2528.17,2465.95,545.08,338.81
O002628,10030.88,1740.68,1863.97,698.04,314.52
O002629,5292.82,1137.01,1011.69,441.02,182.03
O002630,2161.17,439.52,403.67,149.69,71.43
O002631,1419.6,293.79,258.9,50.51,56.83
O002632,2041.12,502.47,494.36,130.76,74.78
O002633,3750.54,661.83,667.92,243.06,70.31
O002634,7446.66,1718.57,1204.17,489.82,90.36
O002635,10626.73,2522.71,2249.57,472.99,384.03
O002636,2489.19,663.63,466.78,102.57,82.94
O002637,3268.85,691.66,586.16,135.9,67.77
O002638,588.67,141.89,145.34,43.96,5.57
O002639,5551.71,1153.57,873.8,426.58,101.58
O002640,14850.38,2984.18,2973.09,581.79,534.51
O002641,2883.73,634.7,432.78,217.89,61.9
O002642,3625.38,904.63,566.61,204.53,100.2
O002643,643.41,126.45,113.95,27.54,21.46
O002644,3083.63,625.17,705.72,164.13,64.34
O002645,3522.92,812.97,706.96,115.89,123.58
O002646,1166.42,250.87,201.38,102.58,33.72
O002647,8473.64,1939.58,1294.44,388.11,191.51
O002648,1639.25,333.74,383.52,112.43,27.79
O002649,7083.42,1603.32,1019.31,321.08,106.13
O002650,3472.09,730.87,846.89,216.03,119.52
O002651,4164.11,846.97,995.4,251.43,143.22
O002652,7958.73,1690.37,1206.79,281.46,210.03
O002653,5538.3,1588.89,1257.25,306.75,84.95
O002654,5142.17,1039.22,1011.26,384.7,135.31
O002655,13314.34,2550.87,3158.66,605.04,226.74
O002656,936.46,227.4,217.58,88.71,33.92
O002657,2153.82,421.98,438.43,58.86,29.97
O002658,8224.55,1734.83,1703.72,485.65,177.93
O002659,7762.17,1771.92,1724.29,523.86,155.57
O002660,8930.79,2264.54,2125.88,359.06,304.62
O002661,1091.67,208.79,224.9,64.89,10.6
O002662,6652.04,1684.24,1343.92,348.93,265.57
O002663,5871.25,1232.7,1106.06,550.45,149.94
O002664,1403.45,278.58,229.32,41.44,33.13
O002665,4872.06,1056.73,1080.11,240.9,83.82
O002666,20807.76,5209.44,3149.76,1274.29,587.36
O002667,6755.94,1766.26,1384.95,446.95,241.66
O002668,8880.13,1765.43,1895.56,524.31,122.75
O002669,7183.12,1771.49,1687.32,267.06,191.19
O002670,4747.36,1169.57,971.72,516.9,60.64
O002671,12907.19,2545.93,2558.34,1114.95,463.86
O002672,1039.22,265.71,184.01,28.88,33.83
O002673,9908.84,1898.17,1900.85,634.86,138.26
O002674,1935.91,398.37,357.13,93.12,48.64
O002675,6922.84,1732.72,1572.35,383.82,254.52
O002676,4755.61,881.7,1069.43,212.8,57.96
O002677,1927.04,453.11,287.16,131.09,54.87
O002678,8831.89,1897.09,1767.6,662.11,243.53
O002679,4984.49,1112.77,937.31,409.74,82.69
O002680,1496.61,394.85,268.53,94.93,18.16
O002681,12126.05,3141.02,2549.27,539.99,469.42
O002682,3643.97,818.7,727.37,395.5,48.04
O002683,1430.38,293.92,217.15,104.31,30.27
O002684,12024.02,2324.44,2519.31,847.25,220.73
O002685,1060.49,279.24,236.16,69.96,34.26
O002686,14600.54,2539.12,2828.49,1232.41,478.62
O002687,14701.32,2641.82,3337.33,919.99,211.27
O002688,5389.43,1343.71,836.84,499.89,199.67
O002689,3013.14,678.67,611.56,86.15,49.69
O002690,7632.73,1929.37,1415.92,634.22,260.66
O002691,8963.88,2070.51,1835.77,565.23,170.04
O002692,6754.96,1308.06,1128.81,591.92,117.07
O002693,2504.45,628.07,417.03,85.01,69.77
O002694,5755.62,795.2,828.57,245.85,107.28
O002695,4550.93,1024.69,1035.9,406.77,158.01
O002696,3686.05,834.91,727.24,290.92,112.76
O002697,5438.43,1083.85,1025.11,303.68,233.1
O002698,3123.04,632.11,743.67,99.0,48.9
O002699,993.21,232.94,179.01,51.43,12.68
O002700,7946.22,1694.62,1770.71,481.99,190.14
O002701,641.86,120.38,103.39,48.49,10.35
O002702,9732.21,1778.95,2110.66,876.11,187.37
O002703,5257.14,1149.05,1204.63,142.88,137.8
O002704,1677.46,349.92,277.02,70.66,51.38
O002705,9429.23,2314.83,1781.84,459.23,238.01
O002706,2086.77,461.83,433.11,158.6,68.09
O002707,1076.44,284.93,211.18,65.99,24.76
O002708,899.23,184.75,144.11,69.05,16.07
O002709,3182.58,846.2,647.16,132.21,122.13
O002710,7553.67,1792.0,1528.01,346.23,99.96
O002711,2000.31,392.62,363.6,211.13,46.67
O002712,1852.15,401.04,367.07,65.48,29.18
O002713,1481.67,381.69,226.48,79.19,13.94
O002714,5463.92,1294.66,1187.56,218.32,82.48
O002715,8824.5,2379.84,1605.63,439.98,168.67
O002716,1300.11,344.55,238.44,123.17,37.69
O002717,1777.87,321.65,400.37,94.78,60.61
O002718,5123.95,1115.89,880.4,479.48,89.38
O002719,789.21,142.83,136.18,27.21,6.9
O002720,13140.17,2547.23,3237.74,987.9,119.89
O002721,7194.48,1794.32,1387.83,721.06,205.51
O002722,7340.26,1668.86,1481.09,284.76,130.93
O002723,3709.12,921.3,756.91,274.91,53.47
O002724,9911.42,1954.04,2043.55,770.74,284.3
O002725,7244.22,1808.0,1483.71,309.98,102.62
O002726,3140.97,848.77,589.49,121.21,105.75
O002727,3781.63,927.07,845.73,384.78,149.72
O002728,5516.42,1254.86,973.96,382.55,175.05
O002729,10058.76,1612.15,1411.28,517.36,87.29
O002730,992.66,200.4,175.17,79.47,20.96
O002731,2132.0,570.97,489.6,170.19,51.88
O002732,10023.08,2364.67,2229.64,340.11,107.06
O002733,6872.28,1894.53,1469.68,457.02,193.88
O002734,12867.69,3217.04,2631.93,1073.2,253.0
O002735,15366.85,3990.07,3391.8,1263.39,193.93
O002736,636.43,130.38,137.58,36.7,20.8
O002737,351.63,70.2,55.94,26.82,7.13
O002738,7093.34,1592.95,1101.73,246.09,154.27
O002739,5324.7,1301.87,1119.32,517.32,189.02
O002740,349.56,78.3,73.31,14.46,15.23
O002741,13480.62,3503.06,3170.94,898.48,166.45
O002742,3200.41,736.43,696.24,91.1,65.48
O002743,1948.79,491.05,305.02,158.12,25.02
O002744,788.61,153.03,176.49,45.96,12.83
O002745,2504.25,518.22,544.23,196.01,69.03
O002746,2570.51,609.79,580.07,212.91,41.81
O002747,8677.27,1729.15,1982.63,441.15,147.01
O002748,3110.14,770.44,514.65,289.01,56.25
O002749,1786.88,337.72,315.71,103.96,36.95
O002750,15360.48,2905.61,2800.97,1231.59,337.68
O002751,5724.86,1219.7,1175.41,295.98,167.33
O002752,12032.27,2049.67,1843.04,467.09,257.08
O002753,675.32,160.84,168.51,19.71,13.4
O002754,3257.7,604.98,489.78,217.33,30.18
O002755,3175.53,469.63,497.84,205.8,43.42
O002756,3124.06,839.28,697.5,150.49,108.01
O002757,5005.29,1303.11,894.71,392.21,101.34
O002758,1111.51,196.53,173.07,97.68,37.74
O002759,5828.87,1396.04,1101.74,190.2,66.76
O002760,855.58,212.92,159.72,35.27,33.65
O002761,659.95,167.5,160.41,32.99,13.08
O002762,5974.5,1327.47,1157.73,433.23,242.32
O002763,3064.38,811.57,558.36,190.2,42.94
O002764,2316.67,586.53,369.25,97.26,41.81
O002765,13534.47,3558.42,3160.75,1082.94,336.67
O002766,5281.95,1069.06,1097.06,261.61,167.46
O002767,1827.89,444.5,310.09,82.17,52.44
O002768,3255.31,762.31,548.62,299.11,92.72
O002769,1599.9,413.82,297.63,112.74,35.67
O002770,4238.67,763.98,796.64,290.33,104.34
O002771,6807.8,1339.53,1478.41,394.87,209.06
O002772,8548.69,1795.06,1980.82,289.17,365.94
O002773,12167.76,3314.45,2493.42,970.99,174.92
O002774,8478.98,1670.85,1699.04,528.11,241.06
O002775,6342.14,1326.89,1021.45,329.36,218.63
O002776,11251.22,2794.88,1786.92,556.95,327.37
O002777,2263.18,508.68,474.75,85.11,33.78
O002778,6505.81,1439.21,953.27,438.67,163.11
O002779,10996.98,2887.37,2300.18,464.66,280.7
O002780,1406.66,362.68,299.17,82.16,21.76
O002781,2073.64,502.05,324.92,69.76,63.68
O002782,2180.61,411.48,441.29,82.8,29.79
O002783,7033.43,1630.19,1598.32,506.66,147.86
O002784,12518.53,1795.33,2152.34,860.47,178.43
O002785,8468.42,1837.78,1230.05,586.25,129.93
O002786,4098.01,993.45,874.95,250.42,65.42
O002787,465.91,108.68,104.61,33.71,15.49
O002788,6304.44,1750.61,1205.9,560.99,283.17
O002789,2708.87,611.53,549.52,221.28,80.49
O002790,6036.94,1414.16,964.83,366.78,110.95
O002791,366.08,88.17,60.14,9.82,6.89
O002792,1021.37,227.42,244.1,86.0,21.44
O002793,2641.02,650.43,577.34,182.86,46.92
O002794,2062.9,450.23,422.05,152.82,63.91
O002795,5158.09,1308.59,1244.89,395.91,157.34
O002796,6494.56,1281.54,919.64,544.14,135.72
O002797,2192.11,529.54,388.64,136.82,52.8
O002798,13659.65,2703.29,2821.5,562.98,298.75
O002799,7442.98,1892.95,1775.3,485.86,153.81
O002800,1612.05,271.65,264.9,76.26,31.87
O002801,4801.73,1014.44,862.14,304.52,101.18
O002802,6134.83,1353.25,995.72,561.6,156.53
O002803,1402.79,287.07,326.38,104.73,33.31
O002804,1194.52,271.05,253.72,93.73,27.31
O002805,6567.41,1242.8,1120.75,504.31,98.93
O002806,8512.28,2063.08,1509.61,707.73,252.67
O002807,11503.95,3012.21,2452.32,650.64,401.96
O002808,1003.35,187.6,155.07,43.39,15.7
O002809,9270.97,2477.69,1789.79,778.17,262.15
O002810,363.52,88.88,74.44,17.47,4.49
O002811,3808.77,936.44,594.4,167.5,59.88
O002812,1117.72,207.16,172.25,46.57,34.76
O002813,645.01,130.68,98.43,37.04,8.5
O002814,9847.25,2722.29,2393.38,997.1,245.64
O002815,16590.49,3164.2,2110.2,622.68,233.96
O002816,361.74,66.83,55.11,34.91,13.36
O002817,13472.65,2583.67,2525.84,917.12,482.3
O002818,2980.89,706.34,512.3,180.43,47.28
O002819,6304.42,1212.15,1120.24,363.99,223.75
O002820,3931.16,697.52,587.74,241.91,80.53
O002821,5711.47,1477.86,950.07,618.67,67.57
O002822,2615.75,574.13,540.47,137.09,97.47
O002823,3701.08,690.33,861.63,316.09,93.96
O002824,5306.75,963.92,879.56,264.97,194.95
O002825,2457.34,440.95,449.61,69.45,38.96
O002826,3765.23,788.75,576.91,119.78,83.3
O002827,6185.36,1294.13,1290.68,257.91,85.04
O002828,12480.95,2488.46,2232.83,1086.43,256.28
O002829,2431.77,691.01,395.32,221.29,57.05
O002830,2241.25,513.53,418.35,206.78,93.12
O002831,1804.2,482.2,309.16,60.7,65.91
O002832,6742.81,1301.89,1352.71,266.76,131.82
O002833,3193.94,805.69,468.87,123.58,35.4
O002834,6876.43,1930.07,1705.32,585.91,208.15
O002835,7201.62,1261.97,1095.05,332.27,222.63
O002836,3222.69,725.54,549.44,276.7,134.47
O002837,2703.22,650.61,496.46,191.53,54.33
O002838,4473.0,993.19,721.44,379.61,162.28
O002839,2788.49,556.58,584.14,181.31,51.66
O002840,5739.07,1219.4,1039.51,388.9,102.47
O002841,2990.52,628.37,663.99,251.03,92.91
O002842,19790.06,4676.48,3943.58,1748.86,483.09
O002843,4687.38,1219.88,1139.73,232.3,144.35
O002844,9667.86,2636.69,2105.81,615.11,294.1
O002845,3383.78,634.12,562.96,92.79,37.7
O002846,1423.49,275.81,200.23,60.67,24.79
O002847,4895.69,864.04,793.03,434.3,68.7
O002848,3996.0,813.52,802.5,150.76,79.72
O002849,741.98,192.0,149.87,26.35,27.06
O002850,4137.37,1164.65,745.53,254.41,48.25
O002851,4401.87,975.42,811.24,120.14,134.48
O002852,7940.99,1791.51,1523.35,494.51,90.04
O002853,2920.82,561.34,570.8,175.46,70.45
O002854,5361.6,1043.35,1097.75,314.77,53.78
O002855,9617.64,2476.0,1729.23,546.62,211.41
O002856,2491.3,632.29,403.45,176.19,61.3
O002857,3137.53,846.1,485.37,105.72,87.76
O002858,3211.04,811.73,744.88,142.51,46.96
O002859,3312.25,689.07,605.68,345.47,125.92
O002860,2539.66,706.17,428.86,186.15,35.69
O002861,3283.94,868.33,671.4,215.88,68.31
O002862,7821.43,2051.43,1862.28,274.37,177.4
O002863,6778.94,1568.11,1351.2,519.55,258.13
O002864,5397.69,1256.32,1162.53,326.63,98.73
O002865,11464.45,2671.31,2269.65,517.89,293.98
O002866,4740.77,915.49,771.51,275.66,51.07
O002867,706.83,189.32,131.56,65.32,26.88
O002868,3915.06,912.07,739.04,260.57,71.12
O002869,4400.13,882.08,765.36,475.64,74.47
O002870,2455.16,464.8,562.1,118.44,47.59
O002871,7463.1,1909.56,1278.0,604.98,203.86
O002872,5027.08,970.33,1147.09,262.33,212.23
O002873,1417.87,351.64,317.03,123.14,31.55
O002874,4393.9,1032.03,811.1,321.27,120.05
O002875,8706.82,2117.22,1390.44,341.05,277.98
O002876,2604.23,716.99,562.33,78.81,47.21
O002877,2361.36,601.24,423.43,111.62,81.13
O002878,14120.92,3442.87,2929.29,517.3,192.13
O002879,2586.71,503.24,505.73,183.6,77.72
O002880,2407.82,509.58,384.69,95.3,45.47
O002881,7865.02,1459.0,1377.8,649.56,249.04
O002882,7622.76,1398.41,1074.34,376.1,103.69
O002883,1009.57,260.19,211.38,33.84,11.55
O002884,17652.04,3704.85,3857.84,1355.06,661.46
O002885,6669.58,1366.25,1372.3,360.34,97.21
O002886,1870.76,311.27,230.87,60.84,35.86
O002887,9963.2,2124.29,1684.06,417.62,284.24
O002888,9768.98,1994.89,1843.93,627.78,92.81
O002889,11650.12,2912.76,2508.92,379.44,192.73
O002890,1827.32,361.97,395.38,53.06,26.0
O002891,6351.69,1720.07,1448.24,657.84,166.19
O002892,2125.03,518.08,375.22,179.17,63.92
O002893,396.01,94.94,80.91,33.96,7.99
O002894,11143.31,2118.67,2297.29,882.94,327.26
O002895,8248.28,1694.16,1552.43,227.2,106.27
O002896,10022.64,2251.35,1637.78,471.09,203.51
O002897,4647.83,1052.24,700.05,371.14,79.76
O002898,1607.99,298.12,374.11,48.56,43.96
O002899,930.3,172.72,140.22,48.96,30.12
O002900,344.51,89.57,76.91,16.22,4.11
O002901,944.91,183.29,141.68,57.1,12.12
O002902,8201.01,1511.35,1960.43,420.5,274.06
O002903,19849.88,4246.0,4668.07,1056.11,456.98
O002904,519.83,146.83,87.03,38.18,11.89
O002905,1713.12,328.6,427.18,141.95,52.99
O002906,8284.92,1676.27,1757.08,576.94,252.7
O002907,2941.48,802.89,466.01,104.81,110.49
O002908,2136.48,435.49,454.64,125.06,21.56
O002909,671.41,131.89,104.78,31.45,16.69
O002910,1552.46,429.71,331.85,74.87,45.37
O002911,1828.11,409.34,292.71,73.66,69.9
O002912,6907.64,1301.14,1487.59,243.9,238.07
O002913,3308.63,732.45,702.15,185.2,99.03
O002914,1533.62,272.65,351.51,147.9,63.25
O002915,4124.16,861.11,668.89,144.48,48.66
O002916,3595.54,857.01,789.74,210.01,106.91
O002917,1024.36,253.36,249.48,95.82,14.42
O002918,6394.12,1591.75,1269.15,598.66,72.18
O002919,6997.47,1436.36,1574.5,504.06,106.99
O002920,8576.55,2001.58,2112.77,504.15,133.57
O002921,5223.71,1081.17,1044.87,313.07,153.29
O002922,3043.49,564.83,638.58,248.04,54.54
O002923,6026.39,1616.11,1356.02,259.17,134.85
O002924,5616.67,845.2,927.67,291.52,136.33
O002925,3224.57,748.1,554.19,238.56,85.76
O002926,478.66,112.96,94.05,17.0,15.48
O002927,3908.15,1058.43,738.59,152.36,138.45
O002928,7051.02,1685.15,1062.08,661.26,201.46
O002929,1859.51,378.25,302.88,54.9,35.73
O002930,2510.76,483.84,522.25,171.59,27.62
O002931,4265.02,1062.51,1010.95,347.86,173.91
O002932,6232.17,1454.27,928.93,197.78,173.46
O002933,1098.04,240.54,213.54,71.3,12.84
O002934,5144.06,1113.82,1019.77,270.12,127.98
O002935,6160.05,1345.79,1167.04,469.09,129.03
O002936,10024.76,2813.6,2037.36,381.21,304.87
O002937,10880.61,2352.21,2176.19,449.01,224.44
O002938,3607.16,812.14,758.46,180.93,82.48
O002939,6815.69,1414.33,1104.51,296.82,99.72
O002940,8081.68,1979.62,1675.71,573.21,146.89
O002941,2525.27,571.14,375.68,266.15,35.28
O002942,8539.25,1920.99,1913.81,901.09,366.42
O002943,18003.94,4274.95,2800.75,1195.73,688.42
O002944,9050.42,1688.54,1523.5,553.31,157.76
O002945,1503.04,319.15,271.63,55.66,55.82
O002946,7332.46,1674.45,1450.9,433.01,260.15
O002947,2853.44,481.59,419.22,192.52,42.57
O002948,11947.66,2688.75,2051.24,710.57,369.62
O002949,3738.0,1019.86,591.19,365.82,55.8
O002950,1230.84,217.01,223.2,93.24,15.23
O002951,8184.54,1702.48,1600.3,506.54,260.22
O002952,5776.52,1141.54,1133.78,510.49,197.59
O002953,746.3,191.35,163.75,30.88,9.43
O002954,3165.41,650.63,668.82,207.88,81.91
O002955,2259.9,592.49,445.72,136.7,86.5
O002956,894.55,198.23,194.01,72.82,10.97
O002957,10518.38,2655.69,1901.57,528.8,320.34
O002958,721.96,160.22,172.27,56.06,10.1
O002959,3153.84,761.38,622.54,279.29,120.34
O002960,5581.11,1216.17,1051.02,180.14,94.79
O002961,2509.03,545.17,493.17,83.47,34.32
O002962,4759.96,928.21,974.41,230.59,164.47
O002963,2250.09,626.76,375.54,155.42,36.94
O002964,382.26,67.29,85.49,10.81,5.59
O002965,4254.42,1055.68,1002.71,247.06,134.81
O002966,1620.96,360.99,331.01,44.93,31.98
O002967,5291.09,1124.39,1154.36,422.53,171.7
O002968,387.4,82.4,62.29,34.7,6.0
O002969,6343.81,1318.55,989.06,357.83,95.93
O002970,1015.52,274.13,218.52,68.69,20.39
O002971,677.29,168.56,152.33,21.26,20.95
O002972,8789.51,1967.68,1651.57,656.78,237.5
O002973,3071.9,812.97,615.34,98.47,73.26
O002974,2454.15,453.58,398.53,250.94,91.09
O002975,262.2,64.09,50.82,18.0,6.38
O002976,2696.7,599.6,464.1,161.45,93.56
O002977,5067.09,1014.35,913.79,119.58,122.72
O002978,4863.22,945.41,702.35,227.62,64.73
O002979,3397.41,820.03,527.56,132.1,35.54
O002980,928.8,225.37,172.0,61.5,25.41
O002981,1135.4,312.19,233.33,40.2,24.16
O002982,367.97,76.37,76.8,33.85,12.23
O002983,2299.13,506.45,387.3,134.54,40.87
O002984,6448.44,1576.75,988.41,499.57,177.32
O002985,12857.98,2648.55,2568.48,795.94,145.15
O002986,5172.32,1054.26,975.15,298.07,197.22
O002987,3610.11,930.64,619.21,367.75,109.09
O002988,3880.6,927.77,823.99,156.29,121.03
O002989,10180.0,2643.82,2274.34,824.19,331.8
O002990,7003.07,1744.7,1466.26,627.16,99.94
O002991,7677.11,1476.29,1461.39,411.82,143.69
O002992,10234.11,2693.24,2297.45,644.21,289.37
O002993,586.26,117.38,108.58,33.74,19.08
O002994,4607.71,1260.14,831.88,177.88,74.42
O002995,8905.64,2136.76,1760.77,547.1,260.84
O002996,4498.5,1088.62,917.58,351.31,100.68
O002997,4635.26,1026.38,893.75,307.29,167.1
O002998,3293.84,626.79,613.84,228.44,118.89
O002999,5114.65,1213.41,1307.42,530.51,107.4
O003000,5319.61,1331.65,1304.3,270.48,195.18
O003001,4594.45,1101.45,1007.99,239.55,90.93
O003002,3681.84,939.03,585.4,291.69,119.19
O003003,4387.21,1143.57,883.69,311.32,117.1
O003004,6479.01,1199.25,1438.23,202.16,179.16
O003005,7316.42,1422.25,1099.72,236.24,107.95
O003006,12594.82,3047.18,1846.54,605.32,441.86
O003007,348.22,97.25,62.44,27.83,7.67
O003008,1311.6,280.09,290.85,84.95,44.58
O003009,5529.25,1268.17,1128.5,311.67,84.34
O003010,6022.04,1460.63,1427.36,468.9,81.63
O003011,16066.54,3096.03,2684.23,808.37,271.78
O003012,1770.17,369.42,325.79,75.93,35.89
O003013,2459.16,479.04,393.81,71.31,51.32
O003014,6802.56,1193.41,1280.33,540.38,198.67
O003015,16313.21,3964.05,2384.15,848.3,462.4
O003016,10413.96,2450.17,1610.27,498.13,330.86
O003017,4603.32,1054.58,942.12,194.51,186.4
O003018,9690.62,2031.85,1888.02,771.76,158.94
O003019,1237.27,237.63,303.35,81.24,18.85
O003020,2363.69,441.61,372.74,152.65,60.05
O003021,1518.75,357.01,313.82,94.91,46.12
O003022,6732.41,1516.05,1279.26,390.32,126.27
O003023,1024.64,245.38,215.81,46.84,34.37
O003024,11400.34,2924.6,2264.31,457.47,414.61
O003025,4973.91,1040.9,804.38,193.45,145.05
O003026,2444.96,617.31,539.79,105.77,77.03
O003027,1120.75,228.85,209.37,84.47,24.58
O003028,1495.6,256.67,193.21,122.14,31.73
O003029,3254.32,740.17,536.48,310.14,41.16
O003030,6097.91,1332.11,1067.06,566.88,191.58
O003031,8866.4,1845.77,1994.37,494.22,236.76
O003032,2234.26,391.47,333.65,222.27,87.35
O003033,6411.87,1370.82,1198.95,271.75,130.1
O003034,3127.34,576.13,599.83,187.35,88.32
O003035,3291.06,841.33,598.06,202.75,93.79
O003036,3764.8,844.43,830.08,227.88,144.1
O003037,5438.61,1031.22,1031.39,381.44,133.79
O003038,6116.0,1424.27,895.11,193.17,150.42
O003039,1771.21,427.15,405.86,119.78,38.23
O003040,861.26,161.8,180.39,55.65,17.96
O003041,4470.38,1158.19,901.37,173.36,190.7
O003042,10567.94,2352.22,1914.22,933.69,319.42
O003043,7260.32,1716.06,1259.59,335.01,139.52
O003044,5358.79,1356.66,894.66,440.55,134.11
O003045,4609.2,966.17,915.54,210.39,92.19
O003046,1580.71,358.92,330.03,101.67,43.83
O003047,10037.85,2817.81,2015.6,865.84,327.16
O003048,852.53,226.48,142.43,42.52,9.88
O003049,2814.39,717.85,442.28,239.9,75.37
O003050,4462.69,940.0,722.91,453.02,150.37
O003051,11326.26,2153.11,2071.41,454.66,355.77
O003052,8282.76,1794.18,1833.21,273.93,151.32
O003053,10119.91,1816.85,1791.85,655.35,196.6
O003054,5190.51,1215.9,948.74,168.33,63.8
O003055,8920.01,1730.22,2033.95,799.92,185.25
O003056,3298.94,713.14,513.98,197.81,82.34
O003057,6927.99,1531.01,1106.06,293.23,112.81
O003058,5378.79,1039.05,801.72,236.52,157.86
O003059,5186.93,1138.96,1007.19,402.64,118.91
O003060,3284.05,691.04,580.85,251.61,41.83
O003061,14581.01,3517.99,2727.44,1203.52,328.9
O003062,374.76,92.87,77.25,39.02,6.51
O003063,3008.36,602.89,621.14,154.17,51.28
O003064,6539.56,1211.24,1329.27,407.41,100.79
O003065,4476.4,864.42,1043.9,379.13,123.99
O003066,1557.92,276.16,271.91,69.47,35.22
O003067,2263.54,545.39,493.82,89.17,31.68
O003068,14372.03,3818.15,2762.66,685.98,499.62
O003069,9324.59,2140.78,2126.9,679.33,257.72
O003070,4654.93,958.13,988.13,154.99,176.65
O003071,896.1,198.36,158.01,82.1,26.31
O003072,3237.84,755.27,598.02,201.08,66.59
O003073,1097.37,230.57,173.73,32.05,14.96
O003074,3431.63,922.47,726.97,346.46,72.05
O003075,1698.63,419.88,346.52,95.35,38.83
O003076,3303.2,807.98,682.07,317.45,125.78
O003077,4287.03,790.76,651.7,137.12,43.48
O003078,1451.4,271.96,303.59,59.57,34.96
O003079,4606.29,1239.9,1072.8,275.35,180.1
O003080,3454.66,913.4,718.18,194.32,45.88
O003081,826.1,185.86,147.6,30.74,16.41
O003082,328.8,91.07,66.54,21.21,14.76
O003083,2755.74,585.37,486.0,215.2,82.77
O003084,1827.56,468.18,433.06,141.85,70.03
O003085,10161.5,2063.53,2225.42,452.77,133.46
O003086,434.47,114.61,70.19,25.33,6.99
O003087,1439.67,310.93,232.52,127.29,50.14
O003088,1505.96,305.87,302.8,150.03,18.17
O003089,4345.79,921.3,926.75,374.95,80.31
O003090,2344.44,641.98,531.21,243.29,88.98
O003091,12570.43,2424.07,2623.2,705.33,293.83
O003092,1812.84,482.06,284.9,72.57,47.09
O003093,8791.65,2172.88,1657.14,246.17,158.6
O003094,3189.24,671.98,643.31,162.52,35.77
O003095,3985.68,1000.18,937.37,379.35,113.13
O003096,6672.55,1660.61,991.65,688.09,184.72
O003097,4927.05,1142.69,751.86,159.19,78.93
O003098,2520.96,570.8,531.31,154.46,29.82
O003099,1219.86,247.36,256.81,35.85,34.95
O003100,7333.24,1849.75,1607.48,759.52,159.06
O003101,3917.86,1067.34,744.55,219.67,116.7
O003102,4975.37,1080.49,965.24,264.02,125.62
O003103,1106.22,279.68,260.58,35.26,33.01
O003104,7253.01,1639.37,1625.02,316.23,206.53
O003105,9430.72,1912.65,1952.09,625.63,149.27
O003106,9882.06,2524.11,2212.67,640.02,238.67
O003107,10677.63,2439.39,2548.62,955.11,317.14
O003108,10979.57,2648.13,1658.43,488.07,117.58
O003109,7733.44,1478.26,970.35,619.39,183.0
O003110,2822.81,567.85,620.38,246.68,100.75
O003111,5228.27,1002.31,847.81,529.39,77.35
O003112,2024.5,446.91,368.34,130.07,82.02
O003113,15160.92,3690.67,2670.81,469.35,499.98
O003114,3432.83,816.56,626.9,234.63,68.33
O003115,1151.82,289.06,202.23,36.43,31.2
O003116,3085.75,840.61,494.36,107.14,86.58
O003117,4164.75,887.37,698.07,167.95,65.44
O003118,6534.51,1739.46,1056.71,336.87,186.7
O003119,6687.72,1861.51,1534.83,268.41,281.5
O003120,14227.91,3385.74,3253.57,1329.57,322.85
O003121,4032.57,848.43,914.27,397.51,50.88
O003122,7725.27,2105.34,1531.33,370.62,117.54
O003123,5132.44,1397.78,1243.62,291.92,213.49
O003124,2911.94,767.28,504.99,283.41,66.49
O003125,9624.28,2649.75,1698.18,972.68,129.69
O003126,11893.43,3298.89,2589.28,701.66,146.89
O003127,1768.25,374.86,336.74,134.32,52.91
O003128,1482.24,329.76,249.15,66.13,30.29
O003129,3208.99,708.37,747.82,263.35,84.2
O003130,9306.06,1997.99,1895.47,891.73,331.58
O003131,4556.87,1197.55,1046.48,207.83,81.64
O003132,3780.46,830.65,807.7,157.74,40.12
O003133,6250.61,1445.79,1290.98,541.27,189.28
O003134,5608.5,972.84,840.94,178.19,129.79
O003135,1502.9,374.21,250.9,51.0,32.62
O003136,3629.9,937.02,829.4,163.0,146.58
O003137,1515.17,336.48,236.74,127.05,18.32
O003138,616.68,119.69,125.52,44.77,21.87
O003139,3981.43,1020.16,836.36,210.49,109.36
O003140,10794.52,2496.12,2177.82,804.77,127.01
O003141,7189.88,1331.26,1051.27,507.11,209.84
O003142,13265.27,3211.02,2810.01,445.96,415.14
O003143,1810.91,473.66,335.18,108.4,62.79
O003144,7104.27,1692.49,1111.61,213.69,180.41
O003145,427.05,112.76,78.15,21.92,9.62
O003146,2124.11,413.19,475.16,123.28,64.06
O003147,8393.57,2075.67,1286.5,691.22,206.84
O003148,5154.63,982.15,1120.12,207.68,83.59
O003149,1594.26,303.39,352.08,70.55,20.87
O003150,13998.38,3219.32,2795.5,686.74,306.34
O003151,1868.28,366.49,220.25,131.61,25.11
O003152,832.23,173.45,172.52,55.47,15.55
O003153,3245.95,601.47,756.84,279.7,68.73
O003154,2306.79,459.69,476.35,135.09,48.64
O003155,8583.95,2441.14,2061.36,818.62,183.25
O003156,2530.94,602.13,588.02,228.93,43.35
O003157,12198.89,2928.74,2035.42,734.99,196.23
O003158,9354.92,2329.98,2069.96,653.73,173.53
O003159,8452.8,2117.27,1694.63,465.48,297.09
O003160,2937.91,722.22,643.9,179.79,111.77
O003161,6865.13,1240.02,1400.84,376.14,109.09
O003162,3094.74,532.18,676.54,110.65,57.3
O003163,10259.36,2540.5,1750.97,1016.71,333.37
O003164,5569.59,1007.04,1024.52,458.54,86.29
O003165,2403.0,564.73,590.1,156.57,54.11
O003166,13614.23,3502.06,2045.9,537.59,184.52
O003167,819.5,144.2,118.76,48.22,13.97
O003168,4749.34,860.11,819.99,177.62,97.98
O003169,3398.8,828.19,641.5,325.59,121.59
O003170,3439.14,728.87,759.04,317.46,68.78
O003171,2006.1,537.1,349.37,148.69,20.8
O003172,4291.1,1014.95,961.81,209.63,172.63
O003173,4633.9,1113.11,867.64,391.6,161.66
O003174,3224.53,676.99,790.21,167.75,68.99
O003175,1537.24,433.78,375.09,41.03,36.1
O003176,891.11,183.75,159.02,40.73,7.83
O003177,3131.65,660.38,590.75,155.37,108.74
O003178,6583.91,1441.99,1452.37,242.81,214.06
O003179,1332.79,263.97,212.85,55.84,39.02
O003180,5478.29,1244.27,826.49,538.11,106.49
O003181,5523.88,1364.83,876.19,361.83,52.46
O003182,3068.34,795.54,532.21,172.03,49.18
O003183,3122.57,587.77,685.21,96.59,95.52
O003184,4611.67,974.37,1021.37,204.56,85.27
O003185,10646.37,2400.62,2674.63,460.57,389.79
O003186,4700.39,829.71,1074.92,483.07,186.11
O003187,4925.78,979.19,907.55,331.6,97.06
O003188,3363.59,816.7,548.07,176.68,117.29
O003189,2225.18,485.71,352.38,141.92,56.29
O003190,861.82,164.28,184.03,41.21,8.5
O003191,8302.49,1823.56,1296.78,746.07,145.05
O003192,4172.7,1127.52,719.1,377.07,140.44
O003193,7186.79,1347.58,1158.7,303.12,295.53
O003194,3512.69,648.66,709.52,149.41,57.18
O003195,7938.33,2068.2,1248.46,501.61,104.12
O003196,4963.0,1034.58,747.5,258.45,112.56
O003197,17147.54,4412.93,3251.58,1420.24,471.44
O003198,1289.43,278.74,202.72,104.57,39.99
O003199,5121.06,896.89,967.28,267.72,125.2
O003200,12981.77,2747.01,2551.89,547.26,191.16
O003201,341.14,63.85,61.12,16.26,9.16
O003202,1441.4,359.04,281.62,88.79,24.11
O003203,6601.12,1174.31,1487.66,376.57,92.65
O003204,9296.66,1715.16,1560.12,467.35,232.76
O003205,3081.82,781.76,733.55,228.0,61.53
O003206,11241.96,2150.66,2559.26,882.91,289.82
O003207,3087.98,648.87,729.66,222.32,135.95
O003208,7055.97,1646.82,1131.81,331.13,126.27
O003209,415.4,80.99,82.3,33.19,11.82
O003210,1500.91,287.34,243.98,81.84,48.94
O003211,2941.26,538.08,485.47,228.52,78.05
O003212,2529.01,568.92,629.45,235.49,65.29
O003213,660.29,128.78,139.6,20.62,10.18
O003214,6451.02,1487.96,1569.81,585.0,177.87
O003215,3402.98,665.25,642.98,302.51,92.42
O003216,11269.08,2946.98,2028.08,450.56,297.71
O003217,2812.28,707.11,620.44,127.11,103.17
O003218,5866.82,1057.16,1210.29,340.22,202.14
O003219,2237.45,412.55,446.51,156.51,34.11
O003220,4482.9,868.24,760.91,129.21,84.49
O003221,4730.2,753.52,827.59,370.9,138.12
O003222,2237.22,459.91,402.94,179.69,65.67
O003223,656.0,155.84,107.83,79.7,16.56
O003224,9792.61,2276.18,1705.59,339.88,151.96
O003225,2971.22,734.03,686.35,93.51,34.97
O003226,7747.49,1683.2,1852.52,333.22,200.76
O003227,6739.46,1415.03,1390.2,406.07,124.9
O003228,359.6,71.41,72.34,37.64,12.37
O003229,9722.43,2421.7,2182.27,463.94,273.7
O003230,13494.36,3439.72,2394.48,1118.92,318.72
O003231,2481.74,549.73,457.73,103.28,30.94
O003232,10706.15,2421.71,1997.98,313.09,276.66
O003233,10659.29,2228.69,1801.71,738.59,142.92
O003234,1781.95,406.0,303.77,106.94,35.42
O003235,1465.07,347.97,331.11,82.08,33.39
O003236,986.24,198.69,184.01,60.12,28.05
O003237,2462.06,654.75,623.74,78.8,77.5
O003238,10822.11,2215.13,2378.92,367.76,265.6
O003239,14015.26,3463.76,2886.58,1307.09,439.13
O003240,7458.36,1665.6,1838.0,620.45,213.76
O003241,4258.22,906.48,851.21,303.61,49.96
O003242,4155.63,778.76,735.31,109.82,92.16
O003243,7187.4,1474.04,1737.72,411.31,153.83
O003244,839.55,159.98,155.72,35.89,16.05
O003245,3992.64,744.41,772.12,116.84,69.83
O003246,12704.74,2369.66,2525.43,688.18,529.34
O003247,16595.84,3271.33,2579.17,470.09,182.07
O003248,6501.66,1618.78,1033.87,315.8,112.02
O003249,5194.99,993.99,1193.14,405.4,193.46
O003250,4430.52,1062.0,984.52,361.38,48.21
O003251,8868.29,2164.42,1320.52,551.78,157.6
O003252,3446.71,788.05,552.2,101.5,58.8
O003253,6288.04,1295.06,1392.74,578.94,169.41
O003254,10662.85,2028.26,1866.04,944.7,247.66
O003255,1807.47,363.33,374.5,175.69,48.82
O003256,3931.42,1060.13,649.17,226.19,64.0
O003257,9666.14,2224.8,1814.82,553.02,187.23
O003258,6657.36,1704.78,1358.83,526.86,80.42
O003259,4261.85,1044.03,857.24,208.51,78.27
O003260,15006.42,2713.64,2768.94,972.01,280.79
O003261,5122.19,900.37,1108.61,412.93,119.78
O003262,385.43,87.71,84.32,22.47,8.4
O003263,1054.03,194.07,241.96,86.71,32.23
O003264,7149.27,1801.93,1101.55,530.35,176.28
O003265,16533.93,4434.62,3748.51,1248.46,340.44
O003266,11897.48,2632.15,1992.06,634.5,168.78
O003267,10863.39,2646.19,1656.95,929.75,117.92
O003268,3167.87,728.19,687.0,238.57,64.53
O003269,4286.2,1105.41,893.71,226.64,72.46
O003270,4512.31,983.24,910.42,266.41,115.42
O003271,2264.05,604.42,447.65,158.53,30.41
O003272,1419.63,326.09,281.87,134.83,48.13
O003273,1653.77,289.14,278.66,71.98,40.88
O003274,5911.28,1481.67,1094.18,292.87,120.52
O003275,10007.71,2067.78,1772.0,360.53,364.65
O003276,6692.0,1230.59,1239.11,647.32,175.65
O003277,7438.29,1577.31,1632.9,312.54,132.44
O003278,3237.47,840.85,701.54,186.38,34.03
O003279,8477.9,1616.77,1532.71,354.5,159.56
O003280,1746.65,320.23,293.78,74.2,29.03
O003281,4452.04,913.79,1062.38,305.7,69.07
O003282,6781.01,1332.94,1148.88,280.27,77.11
O003283,2180.15,527.68,389.52,142.78,39.55
O003284,3407.96,770.21,714.46,98.45,88.76
O003285,4568.24,1129.12,698.57,116.21,47.24
O003286,371.88,86.62,78.37,26.99,10.52
O003287,2183.5,573.1,503.28,134.71,46.61
O003288,5744.97,1006.6,1255.22,381.38,144.74
O003289,5213.63,1204.87,880.12,508.87,209.79
O003290,19080.29,4359.68,3780.29,1149.44,688.81
O003291,7078.27,1389.1,1710.85,341.01,246.57
O003292,530.24,147.06,122.1,47.29,19.32
O003293,5439.8,1263.8,1202.2,489.6,97.98
O003294,10458.47,1958.9,2233.97,691.78,267.33
O003295,4082.46,783.77,750.33,248.36,101.1
O003296,6544.95,1331.08,1173.3,562.85,196.26
O003297,7581.31,2055.58,1941.93,740.05,271.03
O003298,5401.88,1081.23,1101.59,356.84,83.65
O003299,8675.96,1932.88,1861.02,432.32,228.25
O003300,603.44,117.05,134.26,33.3,6.87
O003301,3539.1,793.93,653.64,306.94,110.73
O003302,16329.17,3580.78,2907.11,669.18,375.93
O003303,1367.7,288.02,313.33,83.85,39.37
O003304,4354.14,887.33,920.55,200.08,121.04
O003305,3612.81,705.85,682.88,191.58,49.51
O003306,1099.93,234.77,189.14,69.2,34.56
O003307,3482.25,855.71,720.99,346.41,99.9
O003308,996.23,225.3,215.78,32.82,36.11
O003309,12004.06,2333.39,1917.52,992.3,301.75
O003310,7765.07,2111.31,1381.85,472.79,137.17
O003311,1868.64,433.9,376.09,53.42,41.47
O003312,1036.64,218.72,182.54,79.32,9.46
O003313,3014.08,634.38,618.05,114.2,44.69
O003314,4214.64,1110.33,984.17,218.24,60.14
O003315,7605.18,1626.23,1631.85,496.13,187.59
O003316,4731.56,732.59,807.5,278.48,150.11
O003317,4571.98,1244.94,936.69,419.22,135.27
O003318,5580.0,1088.91,825.53,526.87,208.74
O003319,14978.23,3399.77,3402.41,622.68,418.94
O003320,1062.46,218.37,214.6,88.53,32.38
O003321,1190.89,203.67,203.98,40.15,10.85
O003322,4768.8,743.37,691.11,156.18,96.75
O003323,2595.15,636.93,553.84,123.88,67.63
O003324,2545.95,484.49,555.07,154.6,26.14
O003325,8431.05,1978.66,1639.86,393.81,214.75
O003326,514.81,139.22,116.59,39.55,7.32
O003327,5166.05,1129.41,1024.8,149.33,129.22
O003328,4406.88,1032.87,675.62,237.97,149.85
O003329,7110.52,1775.57,1506.1,623.14,70.91
O003330,1767.82,418.41,428.08,139.47,42.6
O003331,3234.7,764.42,646.24,258.96,68.66
O003332,1263.35,242.99,199.21,70.92,23.83
O003333,11415.93,2186.9,1376.26,638.49,353.68
O003334,1519.0,337.21,278.86,53.28,19.49
O003335,6251.51,1642.03,1141.9,644.11,229.29
O003336,10985.66,2604.56,1641.3,781.7,428.24
O003337,4815.97,1061.06,795.76,325.08,62.74
O003338,6824.86,1667.55,1122.61,472.54,67.32
O003339,10626.73,2289.6,2473.01,1051.13,195.07
O003340,2232.48,605.93,492.76,86.51,56.34
O003341,6831.91,1199.49,1014.52,326.35,196.32
O003342,14053.94,3723.52,3195.64,897.26,174.63
O003343,4802.45,998.15,849.32,404.18,145.62
O003344,14621.38,3187.89,2323.0,1433.72,533.75
O003345,3398.22,862.34,760.89,189.04,116.87
O003346,2226.98,577.51,376.84,159.61,41.1
O003347,4901.64,1001.54,1094.85,224.69,138.92
O003348,5759.37,1136.27,911.31,217.93,60.71
O003349,1387.48,333.79,222.53,89.9,18.07
O003350,4045.75,956.84,739.32,286.71,145.3
O003351,12088.29,2936.55,2958.78,600.72,297.91
O003352,3098.57,776.76,686.73,264.42,90.79
O003353,13225.68,2325.79,2997.86,570.12,170.82
O003354,5598.65,1331.44,1143.8,201.97,185.17
O003355,6924.78,1667.01,1613.82,270.63,155.95
O003356,7926.82,1664.62,1177.38,287.26,213.26
O003357,4085.55,808.1,758.48,157.47,38.3
O003358,7114.03,1937.43,1128.09,702.25,272.02
O003359,3827.21,749.72,863.88,220.63,53.0
O003360,2659.56,528.36,491.71,153.12,49.17
O003361,4632.75,936.97,643.01,177.41,103.89
O003362,3248.13,827.26,751.96,262.85,57.3
O003363,2107.88,475.13,398.2,85.76,42.85
O003364,5551.2,1107.22,1287.93,560.37,199.77
O003365,8317.19,1791.98,1801.65,546.37,210.95
O003366,619.76,153.96,151.03,26.97,15.11
O003367,6666.75,1601.45,1047.14,646.06,79.55
O003368,736.82,127.01,114.02,65.55,27.28
O003369,1636.12,289.18,299.76,43.63,18.11
O003370,4828.04,937.69,1163.21,190.63,141.73
O003371,1073.01,207.38,251.37,49.96,34.17
O003372,7205.47,1783.55,1463.32,340.1,96.97
O003373,16804.21,3514.85,3719.88,1429.52,318.34
O003374,8779.05,1895.59,1892.59,340.4,285.01
O003375,14734.98,2791.1,2911.51,1137.82,382.05
O003376,7274.85,1286.4,1265.12,547.18,128.68
O003377,17618.23,4257.76,3721.54,552.35,413.72
O003378,4468.92,1078.41,912.06,328.7,128.82
O003379,4744.33,990.69,898.29,189.79,123.26
O003380,1714.32,335.12,385.68,88.28,19.59
O003381,10773.78,2560.17,2021.13,997.94,276.73
O003382,2945.73,522.09,580.08,279.11,57.0
O003383,2326.46,541.25,579.0,151.79,59.86
O003384,1346.81,239.88,248.41,49.25,27.07
O003385,1575.65,357.64,358.44,56.33,29.35
O003386,3792.22,719.21,590.9,215.32,77.29
O003387,10454.38,2145.78,2208.12,950.29,151.95
O003388,3609.79,713.35,551.67,351.79,72.39
O003389,2529.13,538.79,432.84,143.79,54.38
O003390,5720.54,1514.61,1042.05,175.91,84.07
O003391,11628.12,2611.59,2639.35,940.6,189.38
O003392,16809.75,4022.38,3721.06,720.9,486.17
O003393,3135.7,597.99,511.02,244.86,37.69
O003394,2582.57,532.81,640.83,138.14,90.56
O003395,4148.72,955.49,802.08,223.45,78.86
O003396,8967.29,1519.19,1300.44,468.62,144.75
O003397,10361.7,2820.38,2297.25,959.94,221.11
O003398,3651.23,941.67,841.74,212.03,114.16
O003399,7224.66,1494.47,1142.67,379.63,227.59
O003400,3363.34,813.55,733.69,135.91,83.56
O003401,5130.17,1348.61,1125.22,387.77,70.59
O003402,9271.66,2006.2,1445.2,372.79,111.69
O003403,6845.44,1660.14,1548.42,511.82,281.59
O003404,3094.53,728.58,534.57,288.66,120.02
O003405,1503.48,315.15,265.98,127.31,43.02
O003406,1465.68,263.0,266.12,97.82,46.69
O003407,5449.91,1149.14,1281.56,208.79,152.79
O003408,1048.73,202.8,194.82,72.91,19.01
O003409,5436.87,1394.06,1330.67,530.97,222.24
O003410,7162.35,1686.44,1593.29,513.41,186.16
O003411,359.83,90.83,73.59,31.9,6.31
O003412,9061.52,1870.65,1397.12,702.46,169.04
O003413,8043.99,1705.73,1286.42,260.66,199.23
O003414,17539.77,3646.65,3414.6,1380.14,329.63
O003415,1771.15,364.41,358.05,68.75,59.79
O003416,2005.87,480.4,374.5,141.23,44.78
O003417,4411.52,915.32,752.24,358.94,70.54
O003418,5983.29,1279.3,895.18,230.85,204.24
O003419,5152.45,992.65,1077.22,447.04,101.62
O003420,11351.08,2311.8,1760.7,708.54,397.79
O003421,7457.72,1616.34,1365.96,486.77,153.16
O003422,8501.61,1545.2,1852.57,336.15,231.46
O003423,7231.21,1492.69,1341.63,298.55,204.33
O003424,15697.43,4364.15,2727.03,745.55,225.59
O003425,1201.99,315.67,208.75,65.47,21.54
O003426,901.97,212.97,184.28,56.19,36.18
O003427,14132.17,2827.58,3603.5,1200.25,497.34
O003428,4261.21,909.48,862.89,165.42,148.43
O003429,7170.8,1887.22,1470.69,272.22,163.03
O003430,2590.74,681.96,538.65,164.64,115.08
O003431,7997.47,1984.3,1268.49,674.29,319.34
O003432,3033.35,595.17,667.83,235.33,79.9
O003433,3818.21,772.88,808.24,269.75,127.12
O003434,6331.9,1285.65,1221.63,337.69,200.59
O003435,2206.69,541.09,490.99,93.35,81.43
O003436,2745.95,619.39,607.33,122.2,56.94
O003437,2030.31,476.01,421.14,135.08,22.02
O003438,10532.24,2453.62,1881.67,923.29,333.95
O003439,4589.61,863.28,780.29,325.23,164.67
O003440,7309.64,1882.94,1702.69,264.52,297.13
O003441,3569.75,952.41,708.54,142.68,120.5
O003442,14851.17,3986.29,2544.33,1151.86,333.16
O003443,11751.35,2147.85,2040.39,765.58,402.61
O003444,4102.64,907.17,805.58,181.18,131.15
O003445,1761.76,454.4,369.7,80.26,42.38
O003446,23111.69,3902.19,2854.01,556.87,564.97
O003447,4467.01,983.63,790.37,319.69,109.06
O003448,2941.81,610.57,439.85,195.05,77.94
O003449,12021.46,3037.53,2184.73,666.87,301.71
O003450,6684.13,1683.21,1489.99,311.16,168.19
O003451,3435.79,755.72,542.01,134.17,71.29
O003452,5150.01,1072.65,892.91,441.13,100.81
O003453,2006.35,412.85,430.28,73.91,26.1
O003454,6463.85,1369.43,850.18,210.91,228.18
O003455,5031.29,1371.0,1155.77,261.78,187.32
O003456,7903.0,1076.24,1230.74,385.24,154.86
O003457,3243.59,813.94,651.14,144.77,90.96
O003458,3506.91,875.12,779.85,221.47,63.15
O003459,8691.25,1828.19,1506.42,457.28,198.2
O003460,8878.67,2317.74,1541.78,449.33,240.67
O003461,1806.18,319.02,315.37,70.96,52.29
O003462,1582.84,306.96,237.72,69.23,23.87
O003463,12457.08,2594.56,2492.22,663.88,339.63
O003464,1379.5,356.0,331.06,73.07,14.4
O003465,13700.85,2683.15,2567.71,1062.47,361.43
O003466,2222.79,572.82,372.22,109.02,71.81
O003467,3022.69,759.43,749.46,243.21,40.81
O003468,19064.71,4122.99,4524.7,1861.89,263.76
O003469,2234.98,413.77,374.66,109.21,37.12
O003470,12639.41,2505.14,2670.16,1292.44,457.03
O003471,1416.59,352.03,285.72,110.51,18.96
O003472,4718.31,1148.3,1005.15,477.48,57.58
O003473,6173.98,1401.53,1118.5,295.78,87.46
O003474,7854.51,1954.22,1175.32,344.09,141.99
O003475,1751.05,437.1,272.19,142.29,27.63
O003476,5622.42,1363.58,1230.68,216.89,142.78
O003477,3654.92,895.87,654.38,363.49,126.96
O003478,7410.84,1855.16,1422.9,343.18,200.9
O003479,803.02,175.11,154.59,62.18,16.59
O003480,2493.54,448.99,458.15,85.09,44.72
O003481,8714.95,1824.25,1541.02,501.28,134.29
O003482,3856.54,733.09,687.72,96.7,40.85
O003483,7153.04,1715.91,1516.59,333.51,80.81
O003484,1501.28,372.08,356.27,138.12,27.71
O003485,3149.66,608.83,707.42,183.94,91.14
O003486,5214.7,948.19,592.37,130.33,143.34
O003487,539.79,100.94,118.81,41.08,17.93
O003488,3073.01,641.48,512.57,310.2,49.92
O003489,5006.42,816.99,908.42,393.22,146.29
O003490,8057.15,1390.27,1702.75,497.1,196.17
O003491,5609.41,1081.58,1054.91,227.56,131.99
O003492,4598.64,929.36,1105.72,398.63,164.22
O003493,6068.6,1466.42,1324.3,471.31,123.25
O003494,6666.58,1407.87,1577.66,544.56,163.76
O003495,11044.74,2410.79,2548.4,759.1,265.83
O003496,1279.94,307.36,310.44,111.56,13.08
O003497,1042.23,218.04,203.79,72.13,15.93
O003498,10824.22,2302.41,2473.2,293.47,145.0
O003499,10995.85,2580.9,2153.5,938.05,214.9
O003500,494.95,130.62,98.97,25.09,14.46
O003501,7254.77,1472.14,1253.96,413.16,87.0
O003502,6053.37,1110.07,946.06,348.62,146.9
O003503,10158.3,2086.84,2231.74,640.08,217.72
O003504,3728.82,716.01,806.42,236.21,129.07
O003505,15191.03,4180.37,3352.4,1115.24,344.88
O003506,4258.72,872.63,773.11,339.24,74.27
O003507,2408.34,617.78,399.62,173.38,56.91
O003508,1952.99,387.6,426.53,145.93,41.39
O003509,6641.88,1358.48,1464.16,404.1,87.56
O003510,3035.6,750.53,449.43,210.24,88.99
O003511,793.94,148.22,134.98,61.18,8.03
O003512,5966.62,1334.69,1210.35,349.57,248.44
O003513,1339.3,329.09,268.59,60.55,19.49
O003514,12725.8,2732.69,2422.82,1044.16,153.13
O003515,532.36,100.03,111.21,17.06,14.96
O003516,1555.11,323.53,274.66,58.47,53.69
O003517,9932.73,2331.66,1795.08,885.86,244.91
O003518,10480.62,2641.85,2632.65,786.54,257.87
O003519,4032.32,779.53,706.04,305.95,145.13
O003520,9364.1,2217.65,1422.59,637.74,208.04
O003521,4525.66,1047.53,681.89,177.58,131.75
O003522,2661.62,637.81,506.35,297.05,122.26
O003523,5880.24,1424.54,1303.47,342.69,167.47
O003524,6239.71,1537.2,984.18,477.69,232.96
O003525,1214.56,236.44,237.17,79.24,32.99
O003526,12264.03,2426.69,2838.17,1006.03,216.63
O003527,7716.56,1242.49,1047.34,556.45,222.77
O003528,4392.19,928.07,1093.34,396.91,100.82
O003529,5765.9,1224.83,1363.72,312.81,150.37
O003530,7173.6,1372.09,1192.63,437.69,235.49
O003531,2905.24,632.6,447.02,194.64,43.96
O003532,1188.49,293.66,297.43,99.28,37.23
O003533,723.18,181.48,151.56,53.73,15.23
O003534,4090.57,958.62,1009.42,287.51,63.07
O003535,10746.12,2320.99,2445.8,417.59,317.35
O003536,5029.08,1308.22,978.5,519.98,61.37
O003537,3673.6,817.79,796.9,188.34,49.3
O003538,8271.29,1876.21,1601.66,290.16,301.91
O003539,4409.53,881.87,916.96,212.58,102.42
O003540,12825.85,3388.73,3130.2,556.99,144.46
O003541,2431.0,588.49,418.23,213.16,54.66
O003542,4576.68,990.11,1036.22,163.83,160.9
O003543,3576.83,829.83,651.66,125.17,123.48
O003544,934.92,166.4,168.24,31.4,21.5
O003545,10268.84,2352.04,1750.53,415.05,352.94
O003546,4951.65,920.88,1019.23,256.56,191.26
O003547,1372.68,316.13,249.27,106.78,36.09
O003548,12527.85,2643.5,1797.17,533.37,473.13
O003549,4438.79,1056.48,1036.87,151.98,144.01
O003550,9898.02,2086.2,1731.31,791.29,191.41
O003551,3143.59,631.07,546.33,291.65,71.63
O003552,3437.05,816.51,725.82,167.89,60.81
O003553,4587.38,984.48,885.87,166.31,193.06
O003554,7710.06,1610.59,1733.33,351.77,113.62
O003555,11298.01,2199.9,2046.34,591.62,301.48
O003556,3375.79,754.73,696.45,138.38,42.09
O003557,12798.61,2857.3,1873.81,1077.78,341.17
O003558,7803.07,2188.55,1497.84,696.16,92.18
O003559,3440.74,862.6,548.19,108.78,117.29
O003560,5960.24,1639.19,1175.18,524.12,129.56
O003561,7141.45,1474.83,1480.07,328.42,104.89
O003562,3613.49,710.27,680.92,332.11,65.84
O003563,727.91,195.23,154.95,78.26,30.96
O003564,7102.71,2010.59,1168.82,638.75,177.9
O003565,9860.08,2383.98,2236.91,729.36,226.83
O003566,5765.91,1528.77,983.82,416.08,132.98
O003567,2787.78,663.65,619.46,229.99,43.04
O003568,7247.19,1801.44,1509.01,622.61,208.93
O003569,2582.99,639.65,599.61,252.87,71.48
O003570,5111.36,1186.11,853.93,223.89,178.35
O003571,14805.39,3099.29,3190.31,1296.81,417.94
O003572,2384.81,446.62,387.58,152.7,71.41
O003573,5256.69,940.86,1096.81,451.32,94.97
O003574,6304.23,1522.86,1033.5,336.38,59.94
O003575,3989.9,890.08,662.62,169.36,155.19
O003576,2949.07,762.32,703.41,95.84,38.83
O003577,2298.74,466.83,432.05,210.77,33.67
O003578,1209.12,313.01,183.41,39.45,30.74
O003579,1121.27,208.64,187.68,42.89,24.25
O003580,3791.56,870.39,809.58,351.7,123.68
O003581,4967.41,945.71,744.43,313.41,111.25
O003582,6024.7,1135.07,1162.81,249.17,139.35
O003583,2941.96,805.3,473.52,334.19,125.25
O003584,7195.95,1852.16,1068.42,562.86,266.58
O003585,14227.93,3487.74,2780.43,934.44,577.2
O003586,2324.83,433.31,539.0,92.63,79.3
O003587,9000.94,2167.36,1765.16,690.11,260.71
O003588,1832.31,375.42,322.14,138.85,49.23
O003589,6020.91,1412.36,1299.93,548.28,87.59
O003590,1775.3,367.44,357.86,58.62,56.18
O003591,7946.22,1717.18,1851.75,235.78,209.1
O003592,698.2,153.92,139.9,60.43,11.79
O003593,8354.15,1706.85,1416.43,358.66,227.4
O003594,12120.12,2990.0,2178.39,616.62,336.53
O003595,2882.89,558.37,486.67,166.09,57.55
O003596,14808.08,3222.22,2287.88,626.02,557.43
O003597,1304.76,249.7,292.09,97.15,34.93
O003598,14259.72,3790.85,2280.57,930.19,381.09
O003599,11032.48,2565.88,2605.74,722.22,415.81
O003600,1248.49,302.72,270.44,90.67,37.63
O003601,5454.19,1210.45,1059.88,211.35,170.01
O003602,1638.45,382.79,289.27,119.05,59.38
O003603,11053.91,2002.04,1707.8,570.38,143.29
O003604,11747.49,3141.62,2232.26,855.85,453.9
O003605,2180.8,438.49,398.8,116.12,64.86
O003606,2241.16,565.17,529.07,131.37,34.51
O003607,5711.56,1183.07,1102.79,467.83,139.81
O003608,9447.34,1909.13,1570.55,771.9,118.21
O003609,2124.93,591.84,378.13,99.45,64.16
O003610,9969.87,2508.93,2029.73,835.33,206.72
O003611,4831.01,926.26,939.99,476.36,109.11
O003612,5639.4,1100.17,1398.73,509.91,229.53
O003613,10817.37,2203.78,1683.73,1014.84,263.59
O003614,5853.74,1372.52,944.14,351.28,198.18
O003615,2980.59,606.11,618.04,202.18,42.86
O003616,11084.92,3156.7,1807.74,330.69,216.12
O003617,18219.22,4380.45,4358.82,1200.7,626.0
O003618,686.75,126.9,124.9,43.99,11.71
O003619,18456.27,4316.87,3331.44,596.67,170.75
O003620,5124.09,974.41,1145.8,280.78,157.64
O003621,3063.71,785.1,717.47,269.82,74.69
O003622,5636.7,1276.45,1125.44,644.6,178.79
O003623,4315.21,1052.93,845.85,245.44,59.27
O003624,2159.31,563.33,520.68,142.09,63.92
O003625,3322.62,750.65,574.6,239.25,71.2
O003626,5950.99,1078.03,1211.37,293.37,142.76
O003627,1547.38,343.8,265.93,134.7,34.36
O003628,4523.26,1041.39,905.82,247.15,123.94
O003629,1929.17,398.97,380.05,56.63,19.37
O003630,2725.69,564.84,451.19,160.01,30.67
O003631,6376.36,1613.01,1045.88,466.73,257.27
O003632,5853.41,1412.42,1010.99,467.55,166.58
O003633,3016.48,752.68,668.31,128.94,38.1
O003634,3355.17,748.82,582.55,221.84,33.77
O003635,6493.97,1468.38,1160.4,490.91,235.01
O003636,11595.46,2691.79,1696.59,678.62,355.63
O003637,3771.14,735.44,830.3,320.56,60.39
O003638,4641.94,1016.56,751.95,380.67,158.21
O003639,8179.46,1985.35,1677.22,379.65,194.9
O003640,6037.16,1446.54,899.73,360.52,126.68
O003641,4125.32,890.59,717.91,288.42,87.88
O003642,1898.25,509.87,313.94,65.5,29.99
O003643,11282.74,2699.97,2437.73,717.52,188.43
O003644,7801.26,1842.2,1650.01,461.73,149.6
O003645,8111.39,1570.14,1373.44,567.95,140.84
O003646,3179.72,768.4,674.83,187.13,41.54
O003647,9566.56,2219.3,1701.27,496.25,128.56
O003648,1880.94,421.91,284.42,98.19,64.53
O003649,2478.67,519.76,516.52,99.88,58.09
O003650,5193.36,1294.97,1070.12,261.32,151.69
O003651,11925.31,2497.59,1684.54,1156.48,188.78
O003652,4410.71,965.35,856.15,356.87,89.99
O003653,2614.51,661.73,586.9,251.8,63.58
O003654,1260.99,307.29,215.16,35.98,38.48
O003655,2551.56,585.4,540.07,138.55,27.52
O003656,7861.38,1604.02,1932.76,590.92,170.17
O003657,1961.69,397.61,465.96,199.51,22.69
O003658,5567.44,1118.39,883.36,212.8,189.87
O003659,17735.97,4519.7,3020.38,1389.52,242.83
O003660,3522.26,716.82,831.79,311.68,61.52
O003661,2849.89,717.67,506.98,268.03,106.2
O003662,1096.0,256.3,225.91,51.12,22.28
O003663,4622.7,1280.39,1046.47,161.93,128.99
O003664,1769.9,456.92,326.3,134.01,26.72
O003665,8516.03,1734.18,1384.66,525.69,208.98
O003666,1013.57,225.97,184.76,75.44,28.0
O003667,3875.13,865.21,898.73,319.77,137.23
O003668,8449.3,2192.04,1557.44,331.82,309.19
O003669,760.79,159.48,138.98,28.0,6.58
O003670,9289.61,1828.39,1777.31,761.03,115.77
O003671,4084.61,1130.43,939.45,137.26,50.43
O003672,2185.27,451.41,455.31,119.42,79.94
O003673,14802.31,2636.45,2572.75,919.13,188.66
O003674,837.32,130.25,137.24,54.95,9.46
O003675,4724.27,1222.41,1042.55,390.27,158.43
O003676,5040.37,1132.99,887.25,370.43,82.01
O003677,5810.84,852.9,801.25,208.86,178.73
O003678,10346.86,1859.92,2028.9,456.39,169.69
O003679,2765.58,513.15,430.89,155.32,70.24
O003680,2173.43,490.47,404.61,104.2,49.49
O003681,4995.21,977.35,1030.3,209.35,116.69
O003682,10584.5,2273.71,2242.0,344.78,103.5
O003683,10681.02,2195.43,1887.51,988.22,274.79
O003684,5976.26,1421.59,1287.97,179.54,211.93
O003685,2294.55,406.37,443.89,62.64,23.82
O003686,5634.61,1178.41,960.14,288.82,109.28
O003687,3522.47,934.11,725.33,216.85,81.32
O003688,1113.19,254.93,169.55,55.67,17.14
O003689,1441.69,290.72,208.77,68.22,22.79
O003690,761.55,149.59,114.42,29.13,14.67
O003691,2500.15,649.32,443.67,72.14,74.87
O003692,2235.19,472.84,370.26,151.06,18.45
O003693,3590.51,866.54,668.76,146.65,32.59
O003694,8985.38,2068.24,1501.63,254.52,236.9
O003695,6377.66,1441.35,931.97,388.09,88.59
O003696,2795.08,549.51,565.93,84.47,32.57
O003697,14391.89,3569.14,2344.86,773.44,372.9
O003698,1649.72,371.84,249.3,103.83,55.79
O003699,13677.33,3001.36,3091.16,443.09,288.9
O003700,3641.01,670.57,826.67,209.3,78.34
O003701,2081.72,445.61,437.09,120.62,31.74
O003702,4970.88,877.52,1064.36,228.13,115.24
O003703,3301.06,773.65,741.16,321.39,62.11
O003704,13422.51,2940.57,3178.56,1103.55,279.15
O003705,6373.08,1286.26,1387.03,477.73,208.69
O003706,5602.11,1326.8,1049.6,453.08,127.63
O003707,5879.69,1028.54,861.97,419.3,198.43
O003708,3017.12,722.42,659.91,140.45,33.63
O003709,5239.26,1295.03,929.22,199.47,162.26
O003710,2348.87,409.68,361.97,200.71,22.63
O003711,8894.07,2097.92,1523.76,467.77,208.26
O003712,3813.8,991.55,766.45,183.46,71.87
O003713,4895.17,964.65,1122.42,194.75,124.72
O003714,2285.95,461.28,391.94,184.18,72.66
O003715,1387.71,302.46,307.99,127.13,32.71
O003716,2366.44,441.12,461.12,90.06,34.42
O003717,4622.83,1034.02,941.88,380.72,101.2
O003718,7652.32,1655.36,1513.37,378.07,263.08
O003719,1781.14,448.24,286.05,109.41,25.86
O003720,5860.58,1312.45,1403.82,356.29,102.83
O003721,4595.37,801.61,808.39,271.4,103.57
O003722,3204.32,624.57,565.9,293.42,120.87
O003723,2039.57,496.96,358.54,124.47,75.33
O003724,6847.26,1747.03,1407.27,458.04,68.17
O003725,8611.73,1801.01,1294.09,305.87,292.54
O003726,6027.59,1136.73,972.65,267.61,156.76
O003727,12599.9,2915.6,2517.62,692.44,364.74
O003728,2061.7,393.58,311.58,99.91,18.04
O003729,4363.32,827.8,819.02,135.67,94.82
O003730,1012.59,269.63,255.34,52.99,18.26
O003731,7301.49,1726.51,1222.82,583.16,107.91
O003732,8209.84,2003.75,1414.41,607.79,115.77
O003733,14930.18,3153.57,2850.49,601.67,201.21
O003734,10201.85,2020.98,1839.2,616.02,163.68
O003735,965.37,243.38,173.76,96.08,37.2
O003736,10757.98,2203.68,2173.96,705.02,213.52
O003737,17321.11,3879.73,3761.3,622.08,542.56
O003738,5782.94,1345.55,904.83,194.72,133.2
O003739,12688.31,2998.92,2371.64,484.05,380.08
O003740,4026.86,1011.19,785.09,268.69,116.31
O003741,4400.24,971.36,711.21,245.07,119.66
O003742,2334.62,518.06,496.81,142.46,21.86
O003743,2326.9,485.36,525.69,233.64,55.96
O003744,3662.54,708.36,720.16,100.8,41.03
O003745,3115.46,765.7,581.93,126.37,55.29
O003746,1102.86,206.95,183.6,89.49,40.08
O003747,6343.27,1695.72,1398.14,263.97,186.88
O003748,1912.1,354.72,359.17,166.49,31.56
O003749,5767.29,1101.43,1024.96,242.73,134.9
O003750,2741.31,618.14,503.67,215.7,81.3
O003751,4179.83,1176.67,960.68,255.53,85.03
O003752,5223.52,1455.53,822.86,328.19,105.49
O003753,13644.06,2743.99,2518.79,956.01,133.28
O003754,6129.39,1300.46,1066.1,192.74,181.6
O003755,7051.91,1788.46,1274.66,265.42,192.27
O003756,4931.08,1102.43,814.72,357.91,58.71
O003757,9143.2,2457.22,1959.65,464.31,296.03
O003758,2652.93,649.92,445.26,70.09,55.78
O003759,11905.02,2235.02,2113.51,546.63,118.57
O003760,1391.31,251.08,286.17,72.91,24.63
O003761,4108.23,917.21,812.41,327.23,79.58
O003762,1988.52,400.47,441.21,149.59,35.97
O003763,1469.65,320.54,268.48,44.67,51.4
O003764,1934.69,415.91,342.32,86.09,28.15
O003765,8454.61,1593.52,1936.28,344.34,263.36
O003766,8289.78,1701.61,1700.44,727.69,276.95
O003767,5917.13,1286.02,1399.14,458.63,178.5
O003768,3849.65,996.91,723.08,200.21,64.19
O003769,14570.17,3347.26,2328.33,904.55,463.87
O003770,8988.17,1565.45,1467.05,530.9,124.21
O003771,6897.98,1606.76,1472.49,640.1,292.42
O003772,2598.61,496.6,539.82,153.85,53.54
O003773,4045.96,919.25,798.91,103.16,120.33
O003774,1099.35,216.84,184.75,33.35,11.39
O003775,6328.04,1208.51,1431.82,504.04,115.95
O003776,2753.1,584.24,441.59,96.83,70.86
O003777,2695.78,660.58,560.78,164.08,79.13
O003778,3632.85,707.68,763.08,347.67,38.98
O003779,3650.23,769.07,599.42,155.17,72.93
O003780,2955.89,710.49,648.99,118.67,33.47
O003781,1706.82,472.99,296.06,126.84,30.46
O003782,5024.35,812.0,925.68,171.6,67.71
O003783,1886.43,407.59,431.02,96.45,25.51
O003784,14444.31,3153.27,3157.02,1473.43,541.61
O003785,1782.34,359.68,418.92,87.92,51.05
O003786,7346.26,1580.18,1316.01,454.8,91.07
O003787,4879.74,1012.25,801.49,337.38,126.54
O003788,7504.18,1858.24,1220.54,653.12,162.33
O003789,2586.07,647.63,436.91,178.27,60.38
O003790,7417.7,1717.23,1551.09,332.87,206.6
O003791,13344.82,2890.24,2405.91,725.73,140.34
O003792,1494.3,289.82,354.01,128.16,50.27
O003793,3831.78,727.71,707.11,306.61,107.48
O003794,1618.68,385.15,262.67,99.55,46.26
O003795,1787.41,401.34,306.81,89.62,48.08
O003796,339.28,81.9,60.41,24.46,4.13
O003797,4146.74,722.66,667.15,200.83,108.25
O003798,572.98,103.36,84.96,44.12,16.11
O003799,6733.41,1537.83,1389.1,321.93,157.77
O003800,10984.46,2043.53,1965.79,845.33,268.36
O003801,6220.33,1243.51,921.44,166.74,199.24
O003802,6285.77,1167.29,957.64,161.27,87.36
O003803,4959.57,1020.66,1122.13,419.01,63.16
O003804,1080.12,236.83,169.02,94.14,14.48
O003805,15853.6,3205.79,3886.66,1164.87,329.92
O003806,4845.32,917.41,1075.47,387.83,131.86
O003807,5483.8,1244.1,1201.3,481.45,87.14
O003808,3013.76,579.88,529.83,170.53,34.28
O003809,1528.41,390.12,352.88,42.4,14.14
O003810,875.79,237.85,176.86,101.25,37.53
O003811,4109.44,740.2,744.87,330.23,48.0
O003812,7587.14,1575.36,1380.64,747.77,223.77
O003813,11525.48,1976.05,1623.05,748.56,342.84
O003814,1459.4,311.61,229.24,52.98,27.11
O003815,7828.69,1529.66,1358.43,248.46,178.19
O003816,1183.51,257.71,187.86,90.03,42.62
O003817,10527.57,2324.22,1511.29,551.79,388.39
O003818,2813.64,568.15,647.62,218.94,82.49
O003819,2803.47,657.27,463.54,177.36,88.26
O003820,6849.84,1393.2,1175.9,259.98,78.1
O003821,5341.56,1283.46,827.93,466.16,169.17
O003822,5100.0,1052.43,905.9,334.43,80.69
O003823,3381.49,633.44,806.46,326.23,95.41
O003824,534.29,102.93,105.08,22.59,8.55
O003825,7594.2,1802.65,1268.23,256.25,148.79
O003826,6820.86,1235.12,1375.2,665.15,110.83
O003827,6268.8,899.48,1023.21,479.19,131.02
O003828,2603.38,442.86,487.09,136.11,57.82
O003829,1054.95,238.16,175.73,89.84,12.25
O003830,4920.96,1176.29,1048.19,213.84,115.3
O003831,7918.29,1661.84,1640.07,717.3,182.73
O003832,1156.89,223.32,241.31,75.57,29.25
O003833,4915.47,928.63,846.2,132.47,117.56
O003834,6792.28,1131.7,951.85,423.46,68.26
O003835,2950.63,507.75,432.08,101.54,59.69
O003836,3670.87,948.02,810.46,351.67,109.02
O003837,1554.7,378.58,264.4,93.77,33.46
O003838,5626.11,1057.42,996.3,242.3,154.99
O003839,8766.95,1647.93,1286.33,781.02,240.06
O003840,3813.94,692.3,796.78,297.49,49.77
O003841,1202.31,260.3,213.58,96.23,20.45
O003842,4322.97,1045.16,764.8,329.1,55.99
O003843,10509.79,2193.44,1356.58,493.25,291.76
O003844,3566.05,893.64,531.11,326.88,141.98
O003845,2654.31,655.61,516.31,75.04,50.4
O003846,6073.39,1554.2,1217.8,578.89,87.81
O003847,2211.63,614.85,528.69,123.37,76.01
O003848,8678.43,1958.68,2005.46,702.23,147.8
O003849,2248.02,473.97,506.6,139.74,83.71
O003850,4357.36,823.89,913.84,305.73,82.3
O003851,5283.48,1435.54,1038.75,380.8,115.19
O003852,1723.06,439.93,395.66,57.85,30.33
O003853,4708.93,975.71,1032.05,158.09,141.06
O003854,2881.3,445.88,391.69,87.09,35.76
O003855,711.51,174.47,141.58,26.79,16.65
O003856,7012.12,1389.63,1399.96,309.07,98.99
O003857,4178.86,913.15,927.86,237.95,47.57
O003858,9471.92,2053.43,1661.79,690.58,117.28
O003859,11532.65,2270.53,2069.69,1052.01,363.46
O003860,3147.19,775.96,595.01,229.54,112.99
O003861,4347.16,806.7,855.64,131.65,84.97
O003862,6911.76,1642.34,1349.35,278.17,259.9
O003863,13042.97,2646.9,3007.49,1274.36,198.62
O003864,2225.27,498.6,362.15,96.59,56.09
O003865,5399.63,1408.34,876.56,566.55,212.29
O003866,11071.96,2166.23,2280.21,642.91,307.22
O003867,10941.09,2858.54,1720.9,944.3,419.85
O003868,2707.76,520.16,463.13,147.16,44.31
O003869,3692.55,728.64,869.24,140.17,147.91
O003870,10075.04,2510.01,1630.91,951.55,110.49
O003871,735.95,145.34,125.22,48.52,25.48
O003872,612.83,155.69,138.39,50.53,7.82
O003873,2600.1,522.54,498.88,179.27,66.53
O003874,2095.96,510.66,390.48,114.16,27.02
O003875,4336.16,1017.08,928.73,401.4,141.92
O003876,11532.85,2403.78,2775.9,1094.59,429.41
O003877,8158.34,1603.82,1778.46,305.26,156.44
O003878,7011.27,1645.14,1368.81,396.76,169.76
O003879,10372.98,2116.78,2192.8,994.92,284.1
O003880,3643.24,809.14,550.73,214.88,37.11
O003881,6700.63,1469.53,1050.81,381.64,207.54
O003882,3708.46,1014.6,893.38,292.2,118.34
O003883,10371.95,2261.75,2467.47,560.45,130.02
O003884,5402.97,1383.12,1045.94,219.41,171.79
O003885,553.82,127.56,90.45,23.04,7.3
O003886,5817.48,1442.9,1247.07,286.31,210.77
O003887,2962.4,595.91,709.2,161.24,106.94
O003888,3359.11,679.58,738.78,150.53,38.18
O003889,1082.05,226.95,240.42,87.08,28.36
O003890,2041.41,464.36,446.87,67.04,38.42
O003891,3318.07,682.11,649.59,93.33,84.61
O003892,11391.24,3104.18,1923.64,999.81,226.38
O003893,1337.61,334.75,197.2,68.66,52.63
O003894,2233.39,550.48,367.48,146.8,23.1
O003895,12506.52,2520.86,2313.35,433.58,300.26
O003896,13909.33,3042.52,2960.16,604.65,505.68
O003897,8549.2,1905.46,1326.86,636.72,85.96
O003898,17017.18,3358.25,2600.36,602.77,564.73
O003899,8655.22,1666.45,1958.55,313.8,252.3
O003900,15883.64,3921.57,2847.02,814.66,402.74
O003901,2969.08,447.55,525.38,209.89,63.67
O003902,4381.93,1105.18,966.0,373.86,140.71
O003903,13325.85,2587.56,2031.97,1079.86,167.94
O003904,12579.47,3021.43,2312.11,591.95,279.5
O003905,10154.59,2421.82,1529.13,867.07,293.69
O003906,4425.82,984.3,926.49,202.08,68.58
O003907,5567.37,1198.39,709.09,289.17,84.08
O003908,1561.02,380.52,309.64,87.61,27.25
O003909,5120.43,950.57,1056.62,165.11,158.82
O003910,9479.15,2146.15,1909.65,736.15,212.61
O003911,1577.37,326.77,256.28,63.09,14.59
O003912,5853.48,1373.63,936.64,178.0,146.11
O003913,5723.84,1441.75,1074.85,501.76,71.39
O003914,2895.54,776.32,444.1,150.34,46.63
O003915,7351.19,1493.05,1661.96,640.21,237.56
O003916,1029.38,279.86,224.8,58.11,13.56
O003917,3028.37,721.98,473.4,168.36,97.39
O003918,3563.33,754.1,841.92,142.75,141.96
O003919,8662.24,1780.36,1303.31,255.67,173.55
O003920,1334.11,288.35,278.82,88.87,31.4
O003921,3956.46,903.64,854.92,153.08,102.41
O003922,6566.68,1694.92,1261.86,354.1,153.89
O003923,5006.69,1038.95,1000.16,436.34,74.34
O003924,10899.62,2875.81,2021.97,1081.17,200.62
O003925,2260.32,427.88,542.88,184.67,69.07
O003926,4977.8,1395.0,1219.52,316.08,159.09
O003927,7753.47,1558.62,1151.12,672.87,180.14
O003928,6496.3,1383.45,919.89,376.98,184.58
O003929,4725.56,1099.08,829.84,442.08,228.18
O003930,9936.6,2354.25,1802.44,705.0,267.25
O003931,7794.76,1919.84,1565.46,830.23,293.47
O003932,2182.0,519.05,531.97,249.76,55.65
O003933,1124.04,234.74,174.34,94.21,38.9
O003934,699.98,126.43,155.52,46.12,8.91
O003935,2001.16,404.43,442.17,121.51,32.98
O003936,847.0,211.1,128.89,32.6,19.62
O003937,11840.52,2414.82,2241.03,1062.89,428.42
O003938,790.09,181.48,160.72,43.07,17.75
O003939,9037.88,2167.11,1399.24,355.98,302.64
O003940,640.44,133.39,122.81,34.6,8.75
O003941,14769.71,3651.18,2613.55,1132.34,195.43
O003942,7400.37,2035.6,1726.25,595.65,84.94
O003943,4462.47,1169.36,753.15,332.89,105.45
O003944,11345.74,1969.26,1551.62,406.06,242.98
O003945,3378.4,772.52,654.85,248.06,48.12
O003946,11565.41,2479.14,2519.91,946.52,170.98
O003947,4787.25,1297.86,999.18,143.95,174.43
O003948,887.51,183.61,174.22,63.64,9.67
O003949,9279.58,1968.44,2127.56,728.75,189.78
O003950,12924.46,2704.96,2528.2,1147.51,300.97
O003951,3472.08,796.14,517.99,253.37,43.86
O003952,14323.7,3335.96,3266.59,636.05,515.87
O003953,1476.84,259.51,316.95,68.46,17.68
O003954,751.65,150.71,144.25,43.36,10.35
O003955,10771.48,1924.98,1759.07,1043.54,419.09
O003956,6704.04,1305.61,1256.98,592.09,78.44
O003957,6549.34,1798.2,1292.95,267.97,105.99
O003958,437.7,77.99,57.3,34.3,13.1
O003959,2681.88,532.58,522.01,111.38,43.78
O003960,1501.85,336.35,273.16,48.61,50.62
O003961,2023.3,501.45,333.16,148.31,24.37
O003962,1827.08,371.64,273.72,107.79,22.0
O003963,10872.16,1914.66,1673.18,482.5,113.6
O003964,5335.33,1160.09,894.75,429.93,56.84
O003965,20030.6,4804.73,3008.3,629.08,227.75
O003966,7496.58,1768.84,1515.12,541.41,121.52
O003967,2029.55,302.21,344.45,79.56,25.0
O003968,840.51,202.83,154.63,72.03,29.36
O003969,7563.93,1532.25,1582.59,690.05,204.36
O003970,4006.36,787.52,867.47,148.56,81.44
O003971,20177.81,4798.04,3546.04,2018.33,790.84
O003972,9491.1,1720.25,1419.7,562.35,285.73
O003973,4736.1,1187.06,986.22,373.92,106.7
O003974,2846.93,535.15,466.18,218.22,46.53
O003975,5897.86,1007.71,1065.01,268.26,202.81
O003976,1274.79,237.79,205.73,92.84,41.3
O003977,2683.71,672.06,405.85,177.07,73.36
O003978,4383.76,1143.41,1074.66,477.88,89.29
O003979,5118.07,1176.57,859.04,517.48,79.39
O003980,6852.47,1101.41,1053.88,191.54,92.89
O003981,10662.4,2583.8,1578.44,376.85,295.5
O003982,19894.64,3806.82,3227.69,685.34,274.97
O003983,608.39,152.28,151.15,30.3,24.36
O003984,3888.08,1012.51,848.87,280.29,91.17
O003985,1120.41,225.4,179.84,90.54,30.89
O003986,616.49,168.57,118.52,34.98,19.73
O003987,3736.27,840.67,636.42,342.94,135.87
O003988,9996.77,2260.16,1655.34,877.16,358.59
O003989,7125.32,1474.82,1230.9,362.42,116.67
O003990,10218.82,2431.91,1740.33,377.49,92.16
O003991,2360.82,622.52,531.37,163.06,68.94
O003992,2417.8,503.83,446.22,97.99,79.64
O003993,439.87,114.38,76.87,23.73,19.99
O003994,4171.02,991.79,686.38,133.63,106.69
O003995,7475.55,1440.09,1667.31,523.17,125.7
O003996,4062.48,1041.12,907.31,146.16,74.04
O003997,3625.42,777.71,662.48,322.32,106.56
O003998,2783.52,443.55,324.7,69.25,54.04
O003999,17002.06,3270.61,4057.14,1296.27,238.0
O004000,7478.43,1775.03,1259.9,257.43,205.15
O004001,7185.13,1879.99,1129.22,423.99,100.45
O004002,1635.55,428.0,296.91,47.93,25.28
O004003,7371.62,1725.01,1184.33,556.86,164.99
O004004,1406.07,340.78,280.59,117.02,27.22
O004005,4440.26,1058.88,881.63,203.27,165.27
O004006,2048.9,529.63,342.9,178.53,62.28
O004007,746.38,138.58,131.38,28.64,10.97
O004008,2859.43,781.0,617.54,130.85,97.18
O004009,4760.66,1196.51,1067.64,415.0,86.94
O004010,3972.52,770.07,774.47,307.63,52.65
O004011,3847.11,805.18,647.81,110.63,129.77
O004012,3953.59,1077.57,848.9,266.59,126.48
O004013,5260.2,1108.87,849.29,370.45,140.89
O004014,2201.43,528.85,428.37,182.34,56.53
O004015,2022.4,428.31,434.46,104.5,42.06
O004016,5821.48,1276.65,1382.82,255.96,76.53
O004017,12464.56,2741.32,2075.81,710.63,303.59
O004018,4065.1,1013.04,740.11,257.39,116.6
O004019,8742.03,1678.65,1501.86,612.82,312.84
O004020,3571.42,792.09,812.45,187.16,108.71
O004021,9432.76,2345.04,2140.46,621.28,152.38
O004022,12042.9,3095.89,2715.01,555.86,118.6
O004023,1872.77,321.24,227.54,114.62,24.77
O004024,8898.33,2423.76,2038.46,566.44,286.09
O004025,12161.71,3410.55,2813.47,1085.93,186.05
O004026,3027.41,755.29,529.0,261.32,69.42
O004027,5653.27,1075.73,1381.32,501.54,72.18
O004028,10783.06,2367.74,1944.54,907.04,300.79
O004029,11811.56,2846.8,2397.87,819.25,374.18
O004030,5225.07,996.74,1054.16,339.98,203.1
O004031,2900.72,528.73,500.83,226.34,93.38
O004032,8127.13,1447.62,1189.57,502.65,316.2
O004033,2214.1,551.19,430.38,197.01,42.82
O004034,10747.81,3021.97,1952.09,979.85,360.14
O004035,1719.88,356.37,323.91,137.5,18.52
O004036,2414.22,584.3,402.99,107.17,60.64
O004037,17251.0,4227.16,4206.64,531.02,649.42
O004038,5200.45,1253.15,1184.32,372.86,68.68
O004039,6125.01,1616.67,1098.79,497.0,162.57
O004040,728.41,187.28,161.14,57.58,16.21
O004041,4877.69,1145.74,1131.11,393.09,218.66
O004042,3026.3,875.94,688.89,282.86,64.23
O004043,2345.7,453.95,393.95,91.18,33.7
O004044,6323.99,1297.19,1074.23,544.96,179.39
O004045,4277.11,801.35,930.23,228.86,50.7
O004046,2948.36,603.24,520.69,179.33,88.97
O004047,12330.93,2377.27,2388.86,442.72,404.43
O004048,3057.0,681.17,497.56,107.04,42.55
O004049,10069.08,2176.85,1659.58,1036.2,408.6
O004050,10875.07,1974.12,2365.47,367.71,141.33
O004051,2437.2,544.89,452.81,88.23,28.37
O004052,1109.74,222.9,177.82,56.56,9.8
O004053,2480.74,492.15,495.73,171.05,80.33
O004054,12442.51,2860.23,3051.91,1005.12,487.79
O004055,555.93,122.18,90.35,42.13,15.71
O004056,2401.23,572.53,483.92,144.64,49.0
O004057,1376.96,379.13,335.01,82.85,20.88
O004058,5201.74,1002.96,871.74,352.3,99.91
O004059,7964.95,1995.59,1941.0,385.72,207.88
O004060,4251.21,861.91,593.58,172.48,56.85
O004061,2522.16,531.95,547.94,115.59,79.63
O004062,1784.89,427.96,380.48,126.36,25.03
O004063,7643.12,1588.9,1586.58,235.23,170.23
O004064,7394.06,1649.03,1660.54,507.15,158.57
O004065,667.95,161.13,112.97,36.53,20.94
O004066,6706.65,1243.31,1303.43,547.75,139.83
O004067,4935.86,1211.93,771.68,254.79,81.86
O004068,7985.8,1625.66,1792.7,766.85,170.56
O004069,3412.01,890.72,722.32,280.15,102.25
O004070,3844.04,694.79,595.91,198.1,90.92
O004071,4938.12,1208.72,1055.52,191.38,133.91
O004072,12534.97,3348.58,2149.09,536.56,474.46
O004073,1105.32,270.52,174.94,81.54,26.9
O004074,15050.14,3403.74,3204.68,859.95,203.51
O004075,5985.14,1464.35,969.97,247.08,167.11
O004076,5799.4,1167.08,1374.75,220.3,108.51
O004077,8789.3,1970.02,1613.46,812.33,257.51
O004078,1469.33,316.88,291.6,43.8,51.17
O004079,19360.5,4878.49,4420.58,1581.41,269.26
O004080,2109.93,391.56,464.44,146.02,33.64
O004081,1549.78,313.31,239.39,101.08,27.69
O004082,5542.85,1098.32,1041.46,493.95,111.78
O004083,6610.59,1307.82,1575.49,520.07,100.51
O004084,1737.69,465.22,351.75,97.46,41.62
O004085,4104.2,1039.63,873.25,340.54,123.55
O004086,7695.61,1565.28,1886.11,276.46,292.78
O004087,7072.4,1453.92,1216.79,285.02,74.95
O004088,9209.58,1649.86,2077.58,435.76,290.33
O004089,14077.4,3422.3,2719.95,513.36,474.56
O004090,2610.11,440.84,424.69,216.18,98.57
O004091,3310.42,643.58,520.69,134.99,36.36
O004092,10927.93,2439.15,2145.73,487.88,292.02
O004093,3572.07,773.0,702.7,137.24,123.38
O004094,3975.15,1026.47,797.57,272.54,125.83
O004095,6294.23,1257.23,1205.67,328.91,127.27
O004096,13093.59,2285.61,2999.68,555.05,229.56
O004097,5542.39,938.57,1243.93,151.22,63.32
O004098,1664.12,378.1,338.78,51.55,16.86
O004099,4034.51,876.61,1005.36,220.84,126.9
O004100,6240.02,1209.7,1301.25,451.93,190.76
O004101,3691.52,753.18,583.15,247.77,59.44
O004102,3309.25,734.33,711.9,226.34,107.71
O004103,4295.98,993.46,669.2,273.84,98.18
O004104,11684.87,2750.79,2312.64,407.3,444.74
O004105,1405.27,380.12,291.0,109.67,30.1
O004106,2645.66,547.9,558.81,115.46,76.29
O004107,9308.77,2378.09,1712.55,496.59,344.52
O004108,7925.47,1824.77,1756.41,260.87,115.22
O004109,1414.6,245.24,212.2,92.78,21.34
O004110,853.07,165.82,153.59,25.37,28.74
O004111,3466.56,909.56,701.03,170.93,58.75
O004112,15506.08,4000.62,2495.92,590.01,334.88
O004113,738.51,188.58,143.51,25.89,28.34
O004114,1472.39,358.65,313.71,50.41,15.01
O004115,1617.91,456.43,379.88,62.09,45.01
O004116,1952.69,259.75,272.11,99.9,19.53
O004117,4280.83,751.39,944.08,124.46,145.41
O004118,3658.88,906.75,824.58,205.07,85.4
O004119,4232.38,977.5,741.33,376.2,121.45
O004120,1314.25,321.6,256.03,107.05,23.57
O004121,11549.24,2219.65,2875.78,645.12,194.38
O004122,8415.57,1729.18,1433.34,526.32,88.11
O004123,3055.28,652.34,600.91,134.86,69.73
O004124,1774.61,402.76,322.76,97.0,35.1
O004125,10003.59,2309.73,1827.6,452.51,290.89
O004126,2106.96,385.51,306.18,106.94,49.34
O004127,6148.35,1607.28,1224.55,262.67,214.15
O004128,8934.15,1799.17,1620.38,307.47,282.92
O004129,615.46,154.78,137.75,22.66,12.42
O004130,4172.87,1069.87,630.55,222.56,155.58
O004131,6396.25,1274.05,1337.21,351.14,164.05
O004132,9603.38,2068.99,1791.44,418.52,285.81
O004133,8161.22,1576.4,1401.8,727.5,177.01
O004134,7072.41,1519.37,1174.87,308.87,195.48
O004135,11198.18,2468.44,1830.6,491.17,130.68
O004136,3899.88,936.89,781.7,207.02,166.79
O004137,12868.07,3263.45,2196.68,579.84,331.67
O004138,1006.91,196.46,176.15,49.54,28.05
O004139,3725.45,750.44,618.6,318.27,54.08
O004140,2262.97,578.64,374.84,64.16,70.03
O004141,3500.69,738.68,698.03,158.95,136.96
O004142,3539.76,833.99,753.55,220.37,90.05
O004143,7245.08,1739.95,1194.55,416.94,60.83
O004144,7031.26,1381.16,1517.85,309.26,220.79
O004145,8206.58,2211.93,1596.73,669.74,217.64
O004146,11000.8,2522.26,2201.91,457.84,237.18
O004147,8605.89,1606.55,1891.34,398.7,187.91
O004148,5754.47,1171.17,923.14,340.95,79.13
O004149,2604.46,468.23,604.33,238.1,46.67
O004150,3844.46,751.4,918.21,283.32,112.82
O004151,12617.85,3105.58,2661.97,1053.21,454.59
O004152,9382.74,1884.49,2100.43,682.98,181.01
O004153,10903.59,2646.72,1997.27,974.73,160.22
O004154,4875.81,947.17,748.86,448.18,85.51
O004155,12734.46,2490.99,2821.06,470.65,125.51
O004156,1117.58,203.48,245.31,101.5,14.42
O004157,14642.56,2741.24,2639.51,688.65,352.98
O004158,3961.09,718.63,661.01,232.64,49.55
O004159,1575.64,328.82,357.9,116.3,32.79
O004160,6087.75,1498.52,1302.36,235.99,109.77
O004161,3352.7,722.25,598.01,241.64,30.29
O004162,2033.78,402.45,337.4,112.8,75.06
O004163,11115.47,2339.2,1865.73,877.27,119.7
O004164,7810.45,1746.5,1575.01,721.47,317.32
O004165,2819.88,503.12,378.94,136.42,83.54
O004166,2565.56,561.23,523.76,166.49,53.19
O004167,2697.13,601.04,542.26,209.57,83.39
O004168,2674.11,657.31,597.16,116.82,102.51
O004169,1144.66,301.31,196.78,87.1,15.36
O004170,1037.48,202.82,183.32,94.75,12.67
O004171,1205.02,292.96,192.75,44.14,16.77
O004172,20631.47,5261.42,4507.87,1950.45,539.74
O004173,2807.3,542.12,491.14,157.24,31.11
O004174,1692.05,292.41,346.11,76.35,13.3
O004175,860.57,186.66,209.35,57.77,19.92
O004176,11338.07,2570.92,1830.45,1043.63,186.43
O004177,642.07,153.06,115.28,39.65,17.58
O004178,2263.81,553.36,510.74,135.17,36.56
O004179,3313.76,899.1,620.47,107.64,35.79
O004180,2113.22,422.78,429.58,109.7,71.16
O004181,1661.22,348.14,359.67,79.9,37.99
O004182,1870.59,362.08,322.24,105.85,72.3
O004183,713.83,143.18,174.34,60.32,18.66
O004184,2133.99,580.05,361.02,158.13,65.25
O004185,4213.53,1115.11,657.82,341.58,104.17
O004186,2819.84,741.93,558.73,212.72,36.22
O004187,967.28,228.62,218.16,76.69,13.18
O004188,3569.07,935.46,741.38,182.51,38.77
O004189,3706.98,904.8,829.55,210.56,40.1
O004190,4805.77,1232.85,912.78,382.74,83.1
O004191,12253.74,2890.88,2727.03,820.33,188.76
O004192,1175.85,265.26,181.7,32.13,20.29
O004193,1098.34,246.95,206.92,29.77,22.69
O004194,614.16,142.27,154.08,52.57,11.09
O004195,750.0,165.74,119.01,66.6,15.26
O004196,10090.68,2390.46,1677.74,460.37,159.43
O004197,3720.22,745.69,879.05,277.91,128.3
O004198,8659.06,1992.49,1407.43,508.51,108.48
O004199,6063.98,1512.57,1316.48,270.58,135.89
O004200,2105.47,547.49,535.08,192.38,83.09
